"ARRIVAL_TM","AUTOMOBILE_COUNT","BELTED_DEATH_COUNT","BELTED_SUSP_SERIOUS_INJ_COUNT","BICYCLE_COUNT","BICYCLE_DEATH_COUNT","BICYCLE_SUSP_SERIOUS_INJ_COUNT","BUS_COUNT","CHLDPAS_DEATH_COUNT","CHLDPAS_SUSP_SERIOUS_INJ_COUNT","COLLISION_TYPE","COMM_VEH_COUNT","CONS_ZONE_SPD_LIM","COUNTY","CRASH_MONTH","CRASH_YEAR","CRN","DAY_OF_WEEK","DEC_LAT","DEC_LONG","DISPATCH_TM","DISTRICT","DRIVER_COUNT_16YR","DRIVER_COUNT_17YR","DRIVER_COUNT_18YR","DRIVER_COUNT_19YR","DRIVER_COUNT_20YR","DRIVER_COUNT_50_64YR","DRIVER_COUNT_65_74YR","DRIVER_COUNT_75PLUS","EST_HRS_CLOSED","FATAL_COUNT","HEAVY_TRUCK_COUNT","HORSE_BUGGY_COUNT","HOUR_OF_DAY","ILLUMINATION","INJURY_COUNT","INTERSECT_TYPE","LANE_CLOSED","LATITUDE","LN_CLOSE_DIR","LOCATION_TYPE","LONGITUDE","MAX_SEVERITY_LEVEL","MCYCLE_DEATH_COUNT","MCYCLE_SUSP_SERIOUS_INJ_COUNT","MOTORCYCLE_COUNT","MUNICIPALITY","NONMOTR_COUNT","NONMOTR_DEATH_COUNT","NONMOTR_SUSP_SERIOUS_INJ_COUNT","NTFY_HIWY_MAINT","PED_COUNT","PED_DEATH_COUNT","PED_SUSP_SERIOUS_INJ_COUNT","PERSON_COUNT","POLICE_AGCY","POSSIBLE_INJ_COUNT","RDWY_SURF_TYPE_CD","RELATION_TO_ROAD","ROAD_CONDITION","SCH_BUS_IND","SCH_ZONE_IND","SMALL_TRUCK_COUNT","SPEC_JURIS_CD","SUSP_MINOR_INJ_COUNT","SUSP_SERIOUS_INJ_COUNT","SUV_COUNT","TCD_FUNC_CD","TCD_TYPE","TFC_DETOUR_IND","TIME_OF_DAY","TOT_INJ_COUNT","TOTAL_UNITS","UNB_DEATH_COUNT","UNB_SUSP_SERIOUS_INJ_COUNT","UNBELTED_OCC_COUNT","UNK_INJ_DEG_COUNT","UNK_INJ_PER_COUNT","URBAN_RURAL","VAN_COUNT","VEHICLE_COUNT","WORK_ZONE_IND","WORK_ZONE_LOC","WORK_ZONE_TYPE","WORKERS_PRES","WZ_CLOSE_DETOUR","WZ_FLAGGER","WZ_LAW_OFFCR_IND","WZ_LN_CLOSURE","WZ_MOVING","WZ_OTHER","WZ_SHLDER_MDN","ROADWAY_CLEARED","WEATHER1","WEATHER2","WZ_WORKERS_INJ_KILLED","SECONDARY_CRASH","INTERSECTION_RELATED"
"2047","1","0","0","0","0","0","0","0","0","7","0","","36","01","2019","2019004781","7","39.9661","-76.4461","2029","08","0","0","0","0","0","0","0","0","","0","0","0","20","2","0","00","0","39 57:57.840","","00","76 26:45.790","0","0","0","0","36223","0","0","0","N","0","0","0","1","36223","0","","2","07","N","N","0","","0","0","0","0","0","","2029","0","1","0","0","0","0","0","1","0","1","N","","","","","","","","","","","","10","  ","","",""
"2050","1","0","0","0","0","0","0","0","0","7","0","","36","01","2019","2019004782","7","40.0312","-76.3593","2046","08","0","0","0","0","0","0","0","0","","0","0","0","20","3","0","02","0","40 01:52.219","","00","76 21:33.336","0","0","0","0","36223","0","0","0","N","0","0","0","1","36223","0","","4","07","N","N","0","","0","0","0","0","0","","2045","0","1","0","0","0","0","0","1","0","1","N","","","","","","","","","","","","10","  ","","",""
"1748","2","0","0","0","0","0","0","0","0","8","0","","36","01","2019","2019004789","7","40.0635","-76.4326","1744","08","0","1","0","0","0","0","0","0","4","1","0","0","17","2","2","00","2","40 03:48.447","6","00","76 25:57.528","1","0","0","0","36239","3","1","0","N","3","1","0","5","36239","0","2","1","01","N","N","0","0","1","0","0","0","0","Y","1744","2","5","0","0","0","1","0","3","0","2","N","","","","","","","","","","","","03","  ","","",""
"2057","2","0","0","0","0","0","0","0","0","1","0","","36","01","2019","2019004802","7","40.0599","-76.4124","2053","08","0","0","0","0","0","1","0","0","3","0","0","0","20","2","3","00","2","40 03:35.793","6","00","76 24:44.813","3","0","0","0","36239","0","0","0","N","0","0","0","4","36239","0","","1","07","N","N","0","","3","0","0","0","0","Y","2049","3","2","0","0","0","0","0","3","0","2","N","","","","","","","","","","","","10","  ","","",""
"0430","1","0","0","0","0","0","0","0","0","7","0","","36","01","2019","2019004841","7","40.032","-76.4738","0423","08","0","0","0","0","0","0","0","0","2","0","0","0","04","3","0","00","1","40 01:55.114","4","00","76 28:25.763","0","0","0","0","36239","0","0","0","N","0","0","0","1","36239","0","","4","01","N","N","0","","0","0","0","0","0","N","0421","0","1","0","0","0","0","0","3","0","1","N","","","","","","","","","","","","03","  ","","",""
"2243","1","0","0","0","0","0","0","0","0","7","0","","36","01","2019","2019004951","7","40.1563","-76.2072","2242","08","0","0","0","1","0","0","0","0","","0","0","0","22","2","0","02","0","40 09:22.730","","00","76 12:26.060","0","0","0","0","36402","0","0","0","N","0","0","0","1","36402","0","","4","07","N","N","0","","0","0","0","0","0","","2240","0","1","0","0","0","0","0","2","0","1","N","","","","","","","","","","","","10","  ","","",""
"0025","1","0","0","0","0","0","0","0","0","7","0","","36","01","2019","2019004958","7","40.0669","-76.3072","0023","08","0","0","0","0","0","0","0","0","3","0","0","0","00","3","2","00","2","40 03:57.954","2","00","76 18:25.395","8","0","0","0","36101","0","0","0","N","0","0","0","2","36101","0","","4","01","N","N","0","","0","0","0","0","0","N","0020","2","1","0","0","2","2","0","3","0","1","N","","","","","","","","","","","","03","  ","","",""
"2045","0","0","0","0","0","0","0","0","0","7","0","","36","01","2019","2019004959","7","40.0084","-76.3106","2033","08","0","0","0","0","0","0","0","0","","0","0","0","20","2","0","02","0","40 00:30.151","","00","76 18:38.037","0","0","0","0","36220","0","0","0","N","0","0","0","2","36101","0","","4","07","N","N","0","","0","0","1","3","3","","2025","0","1","0","0","0","0","0","3","0","1","N","","","","","","","","","","","","10","  ","","",""
"0107","1","0","0","0","0","0","0","0","0","7","0","","36","01","2019","2019004960","1","40.0696","-76.2977","0102","08","0","0","0","0","0","0","0","0","","0","0","0","00","3","0","00","0","40 04:10.650","","00","76 17:51.650","0","0","0","0","36101","0","0","0","N","0","0","0","2","36101","0","","5","07","N","N","0","","0","0","0","0","0","","0059","0","1","0","0","0","0","0","3","0","1","N","","","","","","","","","","","","10","  ","","",""
"0228","1","0","0","0","0","0","0","0","0","7","0","","36","01","2019","2019004961","1","40.0673","-76.2881","0217","08","0","0","0","0","0","0","0","0","2","0","0","0","02","2","0","00","2","40 04:02.291","4","01","76 17:17.173","0","0","0","0","36101","0","0","0","N","0","0","0","2","36101","0","","2","07","N","N","0","","0","0","0","0","0","N","0214","0","1","0","0","0","0","0","3","0","1","N","","","","","","","","","","","","10","  ","","",""
"0316","1","0","0","0","0","0","0","0","0","7","0","","36","01","2019","2019004962","1","40.0573","-76.2799","0310","08","0","0","0","0","0","0","0","0","2","0","0","0","03","3","0","02","1","40 03:26.215","3","00","76 16:47.517","0","0","0","0","36101","0","0","0","N","0","0","0","1","36101","0","","4","07","N","N","0","","0","0","0","0","0","N","0307","0","1","0","0","0","0","0","3","0","1","N","","","","","","","","","","","","10","  ","","",""
"1810","2","0","0","0","0","0","0","0","0","1","0","","36","01","2019","2019004963","1","40.06","-76.3061","1803","08","0","0","0","0","0","0","0","0","","0","0","0","18","3","1","00","0","40 03:36.131","","00","76 18:21.946","3","0","0","0","36101","0","0","0","N","0","0","0","2","36101","0","","1","09","N","N","0","","1","0","0","0","0","","1801","1","2","0","0","0","0","0","3","0","2","N","","","","","","","","","","","","03","  ","","",""
"0720","1","0","0","0","0","0","0","0","0","4","0","","36","01","2019","2019004964","1","40.0585","-76.4037","0656","08","0","0","0","0","0","0","0","0","1","0","0","0","06","1","1","01","1","40 03:30.579","1","00","76 24:13.346","3","0","0","0","36214","0","0","0","N","0","0","0","2","36214","0","","1","07","N","N","0","","1","0","1","3","2","N","0650","1","2","0","0","0","0","0","3","0","2","N","","","","","","","","","","","","10","  ","","",""
"0818","1","0","0","0","0","0","0","0","0","7","0","","36","01","2019","2019004965","1","40.0444","-76.3634","0808","08","0","0","0","0","0","0","0","0","1","0","0","0","08","1","0","01","1","40 02:39.964","3","00","76 21:48.087","0","0","0","0","36214","0","0","0","N","0","0","0","1","36214","0","","2","07","N","N","0","","0","0","0","3","2","N","0805","0","1","0","0","0","0","0","3","0","1","N","","","","","","","","","","","","03","  ","","",""
"0051","0","0","0","0","0","0","0","0","0","0","0","","36","01","2019","2019004980","1","40.1505","-76.3821","0040","08","0","0","0","0","0","0","0","0","3","0","0","0","00","3","0","00","2","40 09:01.927","5","00","76 22:55.666","0","0","0","0","36227","0","0","0","N","0","0","0","3","36506","0","","1","07","N","N","1","","0","0","0","0","0","Y","0040","0","1","0","0","0","0","0","1","0","1","N","","","","","","","","","","","","10","  ","","",""
"0726","1","0","0","0","0","0","0","0","0","4","0","","36","01","2019","2019004996","5","40.027","-76.5002","0726","08","0","0","0","0","0","0","0","0","1","0","0","0","07","5","1","02","1","40 01:37.346","1","00","76 30:00.721","4","0","0","0","36404","0","0","0","N","0","0","0","2","36404","1","","1","01","N","N","0","","0","0","1","0","0","N","0722","1","2","0","0","1","0","0","3","0","2","N","","","","","","","","","","","","03","  ","","",""
"0850","3","0","0","0","0","0","0","0","0","1","0","","36","01","2019","2019005001","2","40.0266","-76.32","0843","08","0","0","0","0","0","1","0","0","2","0","0","0","08","1","0","00","1","40 01:35.779","2","00","76 19:12.166","0","0","0","0","36301","0","0","0","N","0","0","0","3","36301","0","","1","01","N","N","0","","0","0","0","0","0","N","0843","0","3","0","0","0","0","0","3","0","3","N","","","","","","","","","","","","98","  ","","",""
"1840","1","0","0","0","0","0","0","0","0","4","0","","36","01","2019","2019005018","5","40.0543","-76.3595","1839","08","0","0","1","0","0","0","0","0","2","0","0","0","18","3","0","00","2","40 03:15.335","5","00","76 21:34.343","9","0","0","0","36214","0","0","0","N","0","0","0","4","36214","0","","1","01","N","N","0","","0","0","0","0","0","Y","1835","0","2","0","0","0","0","1","3","1","2","N","","","","","","","","","","","","03","  ","","",""
"0723","2","0","0","0","0","0","0","0","0","1","0","","36","01","2019","2019005031","4","40.1345","-76.5634","0713","08","0","0","0","0","0","1","0","0","","0","0","0","07","1","0","01","0","40 08:04.079","","00","76 33:48.169","0","0","0","0","36225","0","0","0","N","0","0","0","4","36505","0","","1","01","N","N","0","","0","0","0","3","2","","0708","0","2","0","0","0","0","0","2","0","2","N","","","","","","","","","","","","03","  ","","",""
"1102","1","0","0","0","0","0","0","0","0","8","0","","36","01","2019","2019005062","2","40.0441","-76.3089","1059","08","0","0","0","0","0","0","0","0","","0","0","0","10","1","1","01","0","40 02:38.755","","00","76 18:32.002","8","0","0","0","36301","1","0","0","N","1","0","0","2","36301","0","","1","01","N","N","0","","0","0","0","3","2","","1059","1","2","0","0","0","1","0","3","0","1","N","","","","","","","","","","","","03","  ","","",""
"0807","1","0","0","0","0","0","0","0","0","7","0","","36","01","2019","2019005240","2","40.0627","-76.2807","0751","08","0","0","0","0","0","1","0","0","2","0","0","0","07","1","0","00","1","40 03:45.571","3","00","76 16:50.641","0","0","0","0","36101","0","0","0","N","0","0","0","1","36101","0","","5","01","N","N","0","","0","0","0","0","0","N","0749","0","1","0","0","0","0","0","3","0","1","N","","","","","","","","","","","","03","  ","","",""
"1402","0","0","0","0","0","0","0","0","0","0","0","","36","01","2019","2019005241","2","40.0699","-76.3176","1356","08","0","0","0","0","0","0","0","0","1","0","0","0","13","1","0","00","1","40 04:11.611","3","00","76 19:03.366","0","0","0","0","36101","0","0","0","N","0","0","0","1","36101","0","","1","01","N","N","0","","0","0","0","0","0","N","1355","0","1","0","0","0","0","0","3","1","1","N","","","","","","","","","","","","03","  ","","",""
"1818","1","0","0","0","0","0","1","0","0","4","1","","36","01","2019","2019005243","3","40.0306","-76.2343","1814","08","0","0","0","0","0","0","0","1","2","0","0","0","18","2","0","05","1","40 01:50.123","3","00","76 14:03.641","0","0","0","0","36215","0","0","0","N","0","0","0","14","36215","0","","1","01","N","N","0","","0","0","0","3","2","N","1814","0","2","0","0","0","0","0","1","0","2","N","","","","","","","","","","","","03","  ","","",""
"0109","1","0","0","0","0","0","0","0","0","7","0","","36","01","2019","2019005244","7","40.074","-76.2041","0106","08","1","0","0","0","0","0","0","0","","0","0","0","00","6","0","02","0","40 04:26.574","","00","76 12:14.922","0","0","0","0","36234","0","0","0","N","0","0","0","1","36215","0","","5","09","N","N","0","","0","0","0","0","0","","0030","0","1","0","0","0","0","0","1","0","1","N","","","","","","","","","","","","07","  ","","",""
"1530","0","0","1","0","0","0","0","0","0","2","0","","36","01","2019","2019005245","2","40.0699","-76.2273","1530","08","0","0","0","0","0","1","0","0","2","0","0","0","15","1","2","00","2","40 04:11.670","5","03","76 13:38.194","2","0","0","0","36215","0","0","0","N","0","0","0","2","36215","0","","1","02","N","N","1","","1","1","1","0","0","Y","1530","2","2","0","0","0","0","0","1","0","2","N","","","","","","","","","","","","03","  ","","",""
"0844","0","0","0","0","0","0","0","0","0","0","1","","36","01","2019","2019005246","6","40.0484","-76.2558","0840","08","0","0","0","0","0","0","0","0","4","0","1","0","08","1","1","00","2","40 02:54.196","5","02","76 15:20.771","3","0","0","0","36215","0","0","0","N","0","0","0","1","36215","0","","1","01","N","N","0","","1","0","0","0","0","Y","0839","1","1","0","0","0","0","0","1","0","1","N","","","","","","","","","","","","03","  ","","",""
"1621","1","0","0","0","0","0","0","0","0","7","0","","36","01","2019","2019005247","6","40.0643","-76.2568","1613","08","0","0","0","0","0","0","0","0","1","0","0","0","16","1","0","02","2","40 03:51.390","6","00","76 15:24.548","9","0","0","0","36215","0","0","0","N","0","0","0","1","36215","0","","4","01","N","N","0","","0","0","0","0","0","Y","1610","0","1","0","0","0","0","1","1","0","1","N","","","","","","","","","","","","03","  ","","",""
"0616","2","0","0","0","0","0","0","0","0","4","0","","36","01","2019","2019005248","1","40.0885","-76.1826","0603","08","0","0","0","0","0","0","0","0","1","0","0","0","05","3","0","01","1","40 05:18.444","4","00","76 10:57.383","0","0","0","0","36234","0","0","0","N","0","0","0","2","36215","0","","1","07","N","N","0","","0","0","0","0","0","N","0559","0","2","0","0","0","0","0","1","0","2","N","","","","","","","","","","","","10","  ","","",""
"1439","2","0","0","0","0","0","0","0","0","1","0","","36","01","2019","2019005249","1","40.0262","-76.2507","1433","08","0","0","0","0","0","0","0","0","2","0","0","0","14","1","0","01","1","40 01:34.388","3","00","76 15:02.386","0","0","0","0","36215","0","0","0","N","0","0","0","3","36215","0","","1","01","N","N","0","","0","0","0","0","0","N","1432","0","2","0","0","0","0","0","1","0","2","N","","","","","","","","","","","","03","  ","","",""
"2220","1","0","0","0","0","0","0","0","0","5","0","","36","01","2019","2019005250","3","40.1628","-76.3968","2219","08","0","0","0","0","0","0","0","0","2","0","0","0","22","3","0","00","1","40 09:45.938","4","00","76 23:48.449","0","0","0","0","36410","0","0","0","N","0","0","0","1","36410","0","","4","01","N","N","0","","0","0","1","0","0","Y","2218","0","3","0","0","0","0","0","2","1","3","N","","","","","","","","","","","","03","  ","","",""
"1804","1","0","0","0","0","0","0","0","0","7","0","","36","01","2019","2019005251","6","40.1623","-76.3872","1800","08","0","0","0","0","1","0","0","0","","0","0","0","17","3","0","02","0","40 09:44.283","","00","76 23:13.876","0","0","0","0","36410","0","0","0","N","0","0","0","1","36410","0","","5","01","N","N","0","","0","0","0","0","0","","1757","0","1","0","0","0","0","0","2","0","1","N","","","","","","","","","","","","03","  ","","",""
"0441","0","0","0","0","0","0","0","0","0","7","0","","36","01","2019","2019005252","7","40.1279","-76.4762","0439","08","0","0","0","0","0","1","0","0","","0","0","0","04","2","0","00","0","40 07:40.370","","00","76 28:34.226","0","0","0","0","36230","0","0","0","N","0","0","0","1","36410","0","","3","01","N","N","1","","0","0","0","0","0","","0436","0","1","0","0","0","0","0","1","0","1","N","","","","","","","","","","","","03","  ","","",""
"2300","1","0","0","0","0","0","0","0","0","7","0","","36","01","2019","2019005253","7","40.2176","-76.4363","2249","08","0","0","1","0","0","0","0","0","","0","0","0","22","2","0","00","0","40 13:03.220","","00","76 26:10.510","0","0","0","0","36230","0","0","0","N","0","0","0","1","36410","0","","5","07","N","N","0","","0","0","0","0","0","","2249","0","1","0","0","0","0","0","1","0","1","N","","","","","","","","","","","","10","  ","","",""
"0127","1","0","0","0","0","0","0","0","0","7","0","","36","01","2019","2019005254","1","40.1669","-76.3985","0124","08","0","0","0","1","0","0","0","0","2","0","0","0","01","3","0","00","1","40 10:00.902","1","00","76 23:54.489","0","0","0","0","36410","0","0","0","N","0","0","0","1","36410","0","","5","07","N","N","0","","0","0","0","0","0","N","0122","0","1","0","0","0","0","0","2","0","1","N","","","","","","","","","","","","10","  ","","",""
"1042","0","0","0","0","0","0","0","0","0","7","0","","36","01","2019","2019005255","1","40.2203","-76.4404","1033","08","0","0","0","0","0","0","0","0","","0","0","0","10","1","0","00","0","40 13:12.958","","00","76 26:25.539","0","0","0","0","36230","0","0","0","N","0","0","0","1","36410","0","","5","06","N","N","0","","0","0","1","0","0","","1030","0","1","0","0","0","0","0","1","0","1","N","","","","","","","","","","","","03","  ","","",""
"1739","2","0","0","0","0","0","0","0","0","1","0","","36","01","2019","2019005290","5","40.0448","-76.4555","1731","08","0","0","0","0","0","1","0","0","2","0","0","0","17","2","1","00","2","40 02:41.107","5","00","76 27:19.678","8","0","0","0","36239","0","0","0","N","0","0","0","3","36239","0","","1","01","","","0","","0","0","0","0","0","Y","1730","1","2","0","0","0","1","0","3","0","2","N","","","","","","","","","","","","03","  ","","",""
"1851","2","0","0","0","0","0","0","0","0","4","0","","36","01","2019","2019005322","3","40.1398","-76.5894","1843","08","0","0","0","0","0","1","0","0","2","0","0","0","18","2","1","01","1","40 08:23.253","2","00","76 35:21.980","3","0","0","0","36237","0","0","0","N","0","0","0","3","36505","0","","1","09","N","N","0","","1","0","0","3","2","N","1841","1","2","0","0","0","0","0","1","0","2","N","","","","","","","","","","","","05","  ","","",""
"1438","2","0","0","0","0","0","0","0","0","4","0","","36","01","2019","2019005423","5","40.049","-76.3057","1435","08","0","0","0","0","0","0","0","0","2","0","0","0","14","1","0","01","1","40 02:56.518","6","00","76 18:20.618","0","0","0","0","36301","0","0","0","N","0","0","0","2","36301","0","","1","01","N","N","0","","0","0","0","3","3","Y","1434","0","2","0","0","0","0","0","3","0","2","N","","","","","","","","","","","","03","  ","","",""
"0655","0","0","0","0","0","0","0","0","0","5","1","","36","01","2019","2019005454","7","40.0612","-76.2766","0652","08","0","0","0","0","0","1","0","0","2","0","1","0","06","3","2","00","1","40 03:40.145","4","00","76 16:35.580","3","0","0","0","36101","0","0","0","N","0","0","0","4","36101","0","","1","09","N","N","0","","2","0","1","0","0","N","0652","2","2","0","0","0","0","0","3","0","2","N","","","","","","","","","","","","07","  ","","",""
"0544","2","0","0","0","0","0","0","0","0","4","0","","36","01","2019","2019005455","5","40.0606","-76.2768","0522","08","0","0","0","1","0","0","1","0","2","0","0","0","05","3","3","01","1","40 03:38.263","6","02","76 16:36.564","3","0","0","0","36101","0","0","0","N","0","0","0","3","36101","0","","1","01","N","N","0","","3","0","0","3","2","Y","0519","3","2","0","0","0","0","0","3","0","2","N","","","","","","","","","","","","03","  ","","",""
"1614","1","0","0","0","0","0","0","0","0","5","0","","36","01","2019","2019005456","1","40.1029","-76.4217","1609","08","0","0","0","0","0","1","0","0","2","0","0","0","16","1","0","00","1","40 06:10.276","4","00","76 25:18.066","0","0","0","0","36214","0","0","0","N","0","0","0","4","36214","0","","1","01","N","N","0","","0","0","1","0","0","N","1605","0","2","0","0","1","0","0","3","0","2","N","","","","","","","","","","","","03","  ","","",""
"1353","1","0","0","0","0","0","0","0","0","1","0","65","36","01","2019","2019005457","4","40.0915","-76.3863","1344","08","0","0","0","0","0","1","0","0","1","0","0","0","13","1","2","00","1","40 05:29.309","3","00","76 23:10.518","3","0","0","0","36214","0","0","0","N","0","0","0","4","36214","0","","1","01","N","N","1","","2","0","0","3","8","Y","1344","2","2","0","0","0","0","0","3","0","2","Y","2","2","U","","","U","Y","","","","","03","  ","","",""
"1518","1","0","0","0","0","0","0","0","0","1","0","","36","01","2019","2019005458","4","40.0438","-76.3718","1517","08","0","0","0","0","0","0","0","0","","0","0","0","15","1","1","01","0","40 02:37.788","","00","76 22:18.426","4","0","0","0","36214","0","0","0","N","0","0","0","1","36214","1","","1","01","N","N","0","","0","0","1","0","0","","1514","1","2","0","0","0","0","0","3","0","2","N","","","","","","","","","","","","03","  ","","",""
"0757","0","0","0","0","0","0","0","0","0","1","0","","36","01","2019","2019005459","5","40.0973","-76.4031","0749","08","0","0","0","0","0","1","0","0","1","0","0","0","07","1","0","00","1","40 05:50.132","3","00","76 24:11.228","0","0","0","0","36214","0","0","0","N","0","0","0","4","36214","0","","1","01","N","N","0","","0","0","3","0","0","N","0747","0","3","0","0","0","0","0","3","0","3","N","","","","","","","","","","","","03","  ","","",""
"0841","1","0","0","0","0","0","0","0","0","1","0","","36","01","2019","2019005460","5","40.1079","-76.4345","0834","08","0","0","0","0","0","1","0","0","","0","0","0","08","1","0","00","0","40 06:28.508","","00","76 26:04.283","0","0","0","0","36214","0","0","0","N","0","0","0","2","36214","0","","1","01","N","N","1","","0","0","0","0","0","","0830","0","2","0","0","1","0","0","3","0","2","N","","","","","","","","","","","","03","  ","","",""
"0842","1","0","0","0","0","0","0","0","0","1","0","","36","01","2019","2019005461","5","40.1086","-76.4362","0838","08","0","0","0","0","0","1","0","0","","0","0","0","08","1","0","00","0","40 06:30.973","","00","76 26:10.374","0","0","0","0","36214","0","0","0","N","0","0","0","3","36214","0","","1","01","N","N","0","","0","0","0","0","0","","0834","0","2","0","0","0","0","0","3","1","2","N","","","","","","","","","","","","03","  ","","",""
"2152","1","0","0","0","0","0","0","0","0","1","0","","36","01","2019","2019005467","7","40.051","-76.3534","2148","08","0","0","0","0","0","0","0","0","1","0","0","0","21","3","2","01","1","40 03:03.625","4","00","76 21:12.345","3","0","0","0","36214","0","0","0","N","0","0","0","5","36214","1","","1","01","N","N","0","","1","0","1","3","2","N","2145","2","2","0","0","0","0","0","3","0","2","N","","","","","","","","","","","","03","  ","","",""
"0725","1","0","0","0","0","0","0","0","0","1","0","","36","01","2019","2019005483","3","40.0922","-76.4225","0713","08","0","0","1","0","0","1","0","0","2","0","0","0","07","1","1","01","1","40 05:32.064","5","00","76 25:20.888","3","0","0","0","36239","0","0","0","N","0","0","0","2","36239","0","","1","01","N","N","1","","1","0","0","0","0","Y","0713","1","2","0","0","0","0","0","3","0","2","N","","","","","","","","","","","","03","  ","","",""
"1416","1","0","0","0","0","0","0","0","0","1","0","","36","01","2019","2019005636","1","40.1378","-76.562","1411","08","0","0","0","0","0","0","0","0","","0","0","0","14","1","1","01","0","40 08:15.923","","00","76 33:43.088","4","0","0","0","36225","0","0","0","N","0","0","0","2","36505","1","","1","01","N","N","1","","0","0","0","3","2","N","1410","1","2","0","0","0","0","0","2","0","2","N","","","","","","","","","","","","03","  ","","",""
"1416","0","0","0","0","0","0","0","0","0","7","0","","36","01","2019","2019005639","3","39.9786","-76.2346","1408","08","0","0","0","0","0","1","0","0","2","0","0","0","14","1","1","00","2","39 58:43.032","6","00","76 14:04.685","3","0","0","0","36240","0","0","0","N","0","0","0","2","36240","0","","4","01","N","N","0","","1","0","1","0","0","Y","1408","1","1","0","0","0","0","0","1","0","1","N","","","","","","","","","","","","03","  ","","",""
"1637","2","0","0","0","0","0","0","0","0","1","0","","36","01","2019","2019005667","2","40.0706","-76.3179","1635","08","0","0","0","0","1","0","0","0","","0","0","0","16","1","0","00","0","40 04:14.028","","00","76 19:04.320","0","0","0","0","36101","0","0","0","N","0","0","0","2","36101","0","","1","01","N","N","0","","0","0","0","0","0","","1632","0","2","0","0","0","0","0","3","0","2","N","","","","","","","","","","","","03","  ","","",""
"0903","1","0","0","0","0","0","0","0","0","1","0","","36","01","2019","2019005668","3","40.1152","-76.2432","0857","08","0","0","0","0","0","2","0","0","","0","0","0","08","1","0","00","0","40 06:54.653","","00","76 14:35.503","0","0","0","0","36101","0","0","0","N","0","0","0","4","36101","0","","1","01","N","N","0","","0","0","1","0","0","","0835","0","2","0","0","0","0","0","3","0","2","N","","","","","","","","","","","","03","  ","","",""
"1723","0","0","0","0","0","0","0","0","0","3","0","","36","01","2019","2019005669","5","40.0897","-76.2452","1716","08","0","0","1","0","0","0","0","0","1","0","0","0","17","1","0","00","1","40 05:22.790","1","07","76 14:42.690","0","0","0","0","36234","0","0","0","N","0","0","0","2","36215","0","","1","01","N","N","1","","0","0","1","0","0","N","1715","0","2","0","0","0","0","0","1","0","2","N","","","","","","","","","","","","03","  ","","",""
"1149","3","0","0","0","0","0","0","0","0","4","0","","36","01","2019","2019005682","6","40.1931","-76.1746","1147","08","0","0","0","0","0","1","0","0","","0","0","0","11","1","0","00","0","40 11:35.329","","00","76 10:28.478","0","0","0","0","36218","0","0","0","N","0","0","0","5","36408","0","","1","01","N","N","1","","0","0","0","0","0","","1145","0","4","0","0","1","0","0","1","0","4","N","","","","","","","","","","","","03","  ","","",""
"0012","0","0","0","0","0","0","0","0","0","1","0","","36","01","2019","2019005799","4","40.1422","-76.2882","0009","08","0","0","0","0","0","1","0","0","2","0","0","0","00","2","0","00","2","40 08:31.874","6","00","76 17:17.584","0","0","0","0","36235","1","0","0","N","0","0","0","2","36506","0","","6","01","N","N","0","","0","0","2","0","0","Y","0009","0","2","0","0","0","0","0","1","0","2","N","","","","","","","","","","","","03","  ","","",""
"1037","2","0","0","0","0","0","0","0","0","4","0","","36","01","2019","2019005856","3","40.1315","-76.3059","1032","08","0","0","0","0","0","0","0","1","1","0","0","0","10","1","1","01","2","40 07:53.326","7","07","76 18:21.227","3","0","0","0","36235","0","0","0","N","0","0","0","2","36506","0","","1","01","N","N","0","","1","0","0","3","3","Y","1029","1","2","0","0","0","0","0","1","0","2","N","","","","","","","","","","","","03","  ","","",""
"0745","1","0","0","0","0","0","0","0","0","7","0","","36","01","2019","2019006025","5","40.1116","-76.4107","0745","08","0","0","0","0","0","0","0","0","","0","0","0","06","2","0","00","0","40 06:41.600","","00","76 24:38.440","0","0","0","0","36214","0","0","0","N","0","0","0","1","36214","0","","5","01","N","N","0","","0","0","0","0","0","","0645","0","1","0","0","0","0","0","3","0","1","N","","","","","","","","","","","","03","  ","","",""
"1808","0","0","0","0","0","0","0","0","0","2","0","","36","01","2019","2019006047","3","40.0667","-76.6039","1804","08","0","0","0","0","0","1","0","0","4","1","0","0","18","2","1","00","2","40 04:00.093","5","00","76 36:13.867","1","0","0","0","36211","0","0","0","N","0","0","0","2","36504","0","2","1","01","N","N","1","0","0","1","1","0","0","Y","1802","1","2","0","0","0","0","0","1","0","2","N","","","","","","","","","","","","03","  ","","",""
"1754","1","0","0","0","0","0","0","0","0","4","0","","36","01","2019","2019006070","4","40.1803","-76.195","1753","08","0","0","0","0","0","0","1","0","2","0","0","0","17","3","0","01","1","40 10:49.119","4","00","76 11:42.137","9","0","0","0","36408","0","0","0","N","0","0","0","2","36408","0","","1","01","N","N","0","","0","0","0","3","2","Y","1750","0","2","0","0","0","0","1","2","0","2","N","","","","","","","","","","","","03","  ","","",""
"2127","0","0","0","0","0","0","0","0","0","6","0","","36","01","2019","2019006135","4","40.1312","-76.5638","2122","08","0","0","0","0","0","0","0","0","1","0","0","0","21","3","0","01","1","40 07:52.429","3","00","76 33:49.559","0","0","0","0","36225","0","0","0","N","0","0","0","7","36505","0","","1","01","N","N","0","","0","0","2","3","2","N","2121","0","2","0","0","0","0","0","2","0","2","N","","","","","","","","","","","","03","  ","","",""