"ARRIVAL_TM","AUTOMOBILE_COUNT","BELTED_DEATH_COUNT","BELTED_SUSP_SERIOUS_INJ_COUNT","BICYCLE_COUNT","BICYCLE_DEATH_COUNT","BICYCLE_SUSP_SERIOUS_INJ_COUNT","BUS_COUNT","CHLDPAS_DEATH_COUNT","CHLDPAS_SUSP_SERIOUS_INJ_COUNT","COLLISION_TYPE","COMM_VEH_COUNT","CONS_ZONE_SPD_LIM","COUNTY","CRASH_MONTH","CRASH_YEAR","CRN","DAY_OF_WEEK","DEC_LAT","DEC_LONG","DISPATCH_TM","DISTRICT","DRIVER_COUNT_16YR","DRIVER_COUNT_17YR","DRIVER_COUNT_18YR","DRIVER_COUNT_19YR","DRIVER_COUNT_20YR","DRIVER_COUNT_50_64YR","DRIVER_COUNT_65_74YR","DRIVER_COUNT_75PLUS","EST_HRS_CLOSED","FATAL_COUNT","HEAVY_TRUCK_COUNT","HORSE_BUGGY_COUNT","HOUR_OF_DAY","ILLUMINATION","INJURY_COUNT","INTERSECT_TYPE","LANE_CLOSED","LATITUDE","LN_CLOSE_DIR","LOCATION_TYPE","LONGITUDE","MAX_SEVERITY_LEVEL","MCYCLE_DEATH_COUNT","MCYCLE_SUSP_SERIOUS_INJ_COUNT","MOTORCYCLE_COUNT","MUNICIPALITY","NONMOTR_COUNT","NONMOTR_DEATH_COUNT","NONMOTR_SUSP_SERIOUS_INJ_COUNT","NTFY_HIWY_MAINT","PED_COUNT","PED_DEATH_COUNT","PED_SUSP_SERIOUS_INJ_COUNT","PERSON_COUNT","POLICE_AGCY","POSSIBLE_INJ_COUNT","RDWY_SURF_TYPE_CD","RELATION_TO_ROAD","ROAD_CONDITION","SCH_BUS_IND","SCH_ZONE_IND","SMALL_TRUCK_COUNT","SPEC_JURIS_CD","SUSP_MINOR_INJ_COUNT","SUSP_SERIOUS_INJ_COUNT","SUV_COUNT","TCD_FUNC_CD","TCD_TYPE","TFC_DETOUR_IND","TIME_OF_DAY","TOT_INJ_COUNT","TOTAL_UNITS","UNB_DEATH_COUNT","UNB_SUSP_SERIOUS_INJ_COUNT","UNBELTED_OCC_COUNT","UNK_INJ_DEG_COUNT","UNK_INJ_PER_COUNT","URBAN_RURAL","VAN_COUNT","VEHICLE_COUNT","WORK_ZONE_IND","WORK_ZONE_LOC","WORK_ZONE_TYPE","WORKERS_PRES","WZ_CLOSE_DETOUR","WZ_FLAGGER","WZ_LAW_OFFCR_IND","WZ_LN_CLOSURE","WZ_MOVING","WZ_OTHER","WZ_SHLDER_MDN","ROADWAY_CLEARED","WEATHER1","WEATHER2","WZ_WORKERS_INJ_KILLED","SECONDARY_CRASH","INTERSECTION_RELATED"
"2055","0","0","0","0","0","0","0","0","0","9","0","","36","01","2019","2019006186","3","39.9455","-76.2606","2046","08","0","0","0","0","0","0","0","0","","0","0","0","20","2","0","00","0","39 56:43.840","","00","76 15:38.321","0","0","0","0","36228","0","0","0","N","0","0","0","1","36503","0","","1","01","N","N","0","","0","0","1","0","0","","2046","0","1","0","0","0","0","0","1","0","1","N","","","","","","","","","","","","03","  ","","",""
"1907","0","0","0","0","0","0","0","0","0","4","0","","36","01","2019","2019006197","4","40.0882","-76.3926","1904","08","0","0","0","0","0","0","0","1","2","0","0","0","19","2","3","02","2","40 05:17.697","6","00","76 23:33.362","3","0","0","0","36214","0","0","0","N","0","0","0","3","36214","1","","1","01","N","N","0","","2","0","1","0","0","Y","1903","3","2","0","0","1","0","0","3","1","2","N","","","","","","","","","","","","03","  ","","",""
"2123","2","0","0","0","0","0","0","0","0","4","0","","36","01","2019","2019006198","4","40.0614","-76.3596","2118","08","0","0","1","0","0","0","1","0","2","0","0","0","21","3","2","01","1","40 03:41.086","2","00","76 21:34.594","3","0","0","0","36214","0","0","0","N","0","0","0","2","36214","0","","1","01","N","N","0","","2","0","0","3","2","Y","2115","2","2","0","0","1","0","0","3","0","2","N","","","","","","","","","","","","03","  ","","",""
"0718","1","0","0","0","0","0","0","0","0","7","0","","36","01","2019","2019006199","1","40.0392","-76.3892","0710","08","0","0","0","0","0","0","0","0","1","0","0","0","07","5","2","00","1","40 02:21.040","2","00","76 23:21.070","3","0","0","0","36223","0","0","0","N","0","0","0","3","36223","0","","4","07","N","N","0","","2","0","0","0","0","Y","0706","2","1","0","0","0","0","0","1","0","1","N","","","","","","","","","","","","10","  ","","",""
"1109","2","0","0","0","0","0","0","0","0","1","0","","36","01","2019","2019006219","3","40.0458","-76.3077","1103","08","0","0","0","0","0","1","0","1","","0","0","0","10","1","1","00","0","40 02:44.807","","00","76 18:27.820","4","0","0","0","36301","0","0","0","N","0","0","0","2","36301","1","","1","01","N","N","0","","0","0","0","0","0","","1057","1","2","0","0","0","0","0","3","0","2","N","","","","","","","","","","","","03","  ","","",""
"1112","0","0","0","0","0","0","0","0","0","4","1","","36","01","2019","2019006253","6","40.0394","-76.2933","1110","08","0","0","0","0","0","1","0","0","2","0","1","0","11","1","1","01","2","40 02:21.963","5","00","76 17:35.707","4","0","0","0","36301","0","0","0","N","0","0","0","3","36301","1","","1","01","N","N","0","","0","0","0","0","0","Y","1109","1","2","0","0","0","0","0","3","1","2","N","","","","","","","","","","","","03","  ","","",""
"0939","0","0","0","0","0","0","0","0","0","4","0","","36","01","2019","2019006279","3","39.8956","-76.1743","0935","08","0","0","0","0","0","0","0","0","1","0","0","0","09","1","1","00","1","39 53:44.319","1","07","76 10:27.478","3","0","0","0","36229","0","0","0","N","0","0","0","2","36416","0","","1","01","N","N","1","","1","0","1","0","0","N","0934","1","2","0","0","1","0","0","1","0","2","N","","","","","","","","","","","","03","  ","","",""
"1508","2","0","0","0","0","0","0","0","0","4","0","","36","01","2019","2019006413","4","40.0634","-76.3141","1500","08","0","0","0","0","0","1","0","0","","0","0","0","14","1","0","00","0","40 03:48.314","","00","76 18:50.734","0","0","0","0","36101","0","0","0","N","0","0","0","2","36101","0","","1","01","N","N","0","","0","0","0","0","0","","1425","0","2","0","0","0","0","0","3","0","2","N","","","","","","","","","","","","03","  ","","",""
"0738","2","0","0","0","0","0","0","0","0","1","0","","36","01","2019","2019006414","5","40.049","-76.3938","0730","08","0","0","0","0","0","0","0","0","","0","0","0","07","1","0","00","0","40 02:56.400","","00","76 23:37.680","0","0","0","0","36214","0","0","0","N","0","0","0","2","36214","0","","1","01","N","N","0","","0","0","0","0","0","","0725","0","2","0","0","0","0","0","3","0","2","N","","","","","","","","","","","","03","  ","","",""
"1155","3","0","0","0","0","0","0","0","0","1","0","","36","01","2019","2019006415","4","40.0395","-76.2071","1152","08","0","0","1","1","0","0","0","0","","0","0","0","11","1","0","00","0","40 02:22.242","","00","76 12:25.614","0","0","0","0","36215","0","0","0","N","0","0","0","3","36215","0","","1","01","N","N","0","","0","0","0","0","0","","1152","0","3","0","0","0","0","0","1","0","3","N","","","","","","","","","","","","03","  ","","",""
"2216","2","0","0","0","0","0","0","0","0","4","0","","36","01","2019","2019006416","2","40.0506","-76.2558","2214","08","0","0","0","1","0","0","0","0","1","0","0","0","22","3","0","01","1","40 03:02.335","2","00","76 15:20.941","0","0","0","0","36215","0","0","0","N","0","0","0","2","36215","0","","7","01","N","N","0","","0","0","0","3","2","N","2210","0","2","0","0","0","0","0","1","0","2","N","","","","","","","","","","","","03","  ","","",""
"0020","0","0","0","0","0","0","0","0","0","1","1","","36","01","2019","2019006417","3","40.0248","-76.2048","0020","08","0","0","0","0","0","1","0","0","2","0","1","0","00","3","1","03","1","40 01:29.358","3","00","76 12:17.190","3","0","0","0","36215","0","0","0","N","0","0","0","2","36215","0","","1","01","N","N","0","","1","0","1","3","2","N","0018","1","2","0","0","0","0","0","1","0","2","N","","","","","","","","","","","","03","  ","","",""
"0318","0","0","0","0","0","0","0","0","0","7","0","","36","01","2019","2019006418","1","40.0228","-76.3671","0318","08","0","0","0","0","0","0","0","0","","0","0","0","03","3","0","01","0","40 01:21.946","","00","76 22:01.509","0","0","0","0","36223","0","0","0","N","0","0","0","1","36223","0","","4","07","N","N","1","","0","0","0","0","0","","0318","0","1","0","0","0","0","0","1","0","1","N","","","","","","","","","","","","10","  ","","",""
"0452","0","0","0","0","0","0","0","0","0","7","0","","36","01","2019","2019006419","1","40.0386","-76.3568","0447","08","0","0","0","0","0","0","0","0","","0","0","0","04","3","1","00","0","40 02:18.908","","00","76 21:24.447","4","0","0","0","36223","0","0","0","N","0","0","0","2","36223","1","","2","07","N","N","1","","0","0","0","0","0","","0446","1","1","0","0","0","0","0","1","0","1","N","","","","","","","","","","","","10","  ","","",""
"2228","1","0","0","0","0","0","0","0","0","5","0","","36","01","2019","2019006442","4","40.0349","-76.5031","2226","08","0","0","0","0","0","0","0","0","1","0","0","0","22","3","1","00","1","40 02:05.775","3","00","76 30:11.296","3","0","0","0","36404","0","0","0","N","0","0","0","2","36404","0","","6","01","N","N","0","","1","0","1","0","0","Y","2224","1","3","0","0","2","0","1","3","1","3","N","","","","","","","","","","","","03","  ","","",""
"1913","1","0","0","0","0","0","0","0","0","1","0","","36","01","2019","2019006488","3","40.156","-76.1936","1909","08","0","0","0","0","0","0","1","0","1","0","0","0","19","3","0","00","2","40 09:21.611","6","00","76 11:37.033","0","0","0","0","36402","0","0","0","N","0","0","0","1","36402","0","","4","01","N","N","0","","0","0","1","0","0","Y","1908","0","2","0","0","0","0","0","2","0","2","N","","","","","","","","","","","","03","  ","","",""
"0043","0","0","0","0","0","0","0","0","0","7","0","","36","01","2019","2019006539","6","40.0753","-76.6428","0040","08","0","0","0","0","0","0","0","0","1","0","0","0","00","2","0","00","2","40 04:30.971","5","00","76 38:34.047","0","0","0","0","36207","0","0","0","N","0","0","0","1","36504","0","","5","07","N","N","1","","0","0","0","0","0","N","0038","0","1","0","0","0","0","0","1","0","1","N","","","","","","","","","","","","10","  ","","",""
"2009","2","0","0","0","0","0","0","0","0","4","0","","36","01","2019","2019006580","7","40.033","-76.3177","2009","08","0","0","0","0","0","0","0","1","","0","0","0","20","3","0","02","0","40 01:58.641","","00","76 19:03.670","0","0","0","0","36301","0","0","0","N","0","0","0","3","36301","0","","1","07","N","N","0","","0","0","0","0","0","","2009","0","2","0","0","0","0","0","3","0","2","N","","","","","","","","","","","","10","  ","","",""
"0841","2","0","0","0","0","0","0","0","0","1","0","","36","01","2019","2019006588","3","40.0371","-76.3239","0836","08","0","0","0","0","0","1","0","0","","0","0","0","08","1","2","00","0","40 02:13.380","","00","76 19:25.936","3","0","0","0","36301","1","0","0","N","0","0","0","2","36301","0","","6","01","N","N","0","","2","0","0","0","0","","0836","2","2","0","0","0","0","0","3","0","2","N","","","","","","","","","","","","03","  ","","",""
"1455","0","0","0","0","0","0","0","0","0","7","0","","36","01","2019","2019006596","4","40.0447","-76.3609","1444","08","1","0","0","0","0","0","0","0","","0","0","0","14","1","0","00","0","40 02:40.980","","07","76 21:39.090","0","0","0","0","36214","0","0","0","N","0","0","0","2","36214","0","","4","01","N","N","0","","0","0","1","0","0","","1439","0","2","0","0","0","0","0","3","0","1","N","","","","","","","","","","","","03","  ","","",""
"1519","1","0","0","0","0","0","0","0","0","4","0","","36","01","2019","2019006633","2","40.267","-76.1154","1518","08","0","0","0","0","1","1","0","0","","0","0","0","15","1","0","02","0","40 16:01.375","","00","76 06:55.374","0","0","0","0","36236","0","0","0","N","0","0","0","2","36408","0","","1","01","N","N","0","","0","0","1","3","3","","1518","0","2","0","0","0","0","0","1","0","2","N","","","","","","","","","","","","03","  ","","",""
"0933","1","0","0","0","0","0","0","0","0","4","0","","36","01","2019","2019006649","6","40.1575","-76.2047","0933","08","0","0","1","0","0","0","0","0","2","0","0","0","09","1","1","01","2","40 09:27.092","5","00","76 12:17.018","4","0","0","0","36402","0","0","0","N","0","0","0","4","36402","1","","1","09","N","","1","","0","0","0","3","2","Y","0930","1","2","0","0","0","0","0","2","0","2","N","","","","","","","","","","","","03","  ","","",""
"0751","0","0","0","0","0","0","0","0","0","4","0","","36","01","2019","2019006667","6","40.1412","-76.5733","0745","08","0","0","0","0","0","0","0","0","2","0","0","0","07","1","0","02","1","40 08:28.265","5","00","76 34:23.880","0","0","0","0","36225","0","0","0","N","0","0","0","2","36505","0","","1","07","N","N","1","","0","0","0","3","3","N","0745","0","2","0","0","0","0","0","2","1","2","N","","","","","","","","","","","","10","  ","","",""
"0733","2","0","0","0","0","0","0","0","0","1","0","","36","01","2019","2019006683","3","40.099","-76.4124","0724","08","1","0","0","0","0","1","0","0","1","0","0","0","07","1","0","00","1","40 05:56.553","3","00","76 24:44.588","0","0","0","0","36214","0","0","0","N","0","0","0","2","36214","0","","1","01","N","N","0","","0","0","0","0","0","N","0720","0","2","0","0","0","0","0","3","0","2","N","","","","","","","","","","","","03","  ","","",""
"1208","2","0","0","0","0","0","0","0","0","4","0","","36","01","2019","2019006776","3","40.0382","-76.3414","1202","08","0","0","0","0","0","0","0","1","2","0","0","0","11","1","1","01","1","40 02:17.361","6","00","76 20:28.994","3","0","0","0","36220","0","0","0","N","0","0","0","2","36101","0","","1","01","N","N","0","","1","0","0","3","2","N","1149","1","2","0","0","0","0","0","3","0","2","N","","","","","","","","","","","","03","  ","","",""
"1733","1","0","0","0","0","0","0","0","0","1","0","","36","01","2019","2019006777","5","40.0661","-76.3071","1733","08","0","0","0","0","0","1","1","0","2","0","0","0","17","3","2","00","2","40 03:58.013","1","00","76 18:25.404","3","0","0","0","36101","0","0","0","N","0","0","0","7","36101","0","","1","01","N","N","0","","2","0","3","0","0","N","1730","2","4","0","0","0","0","0","3","0","4","N","","","","","","","","","","","","03","  ","","",""
"1936","1","0","0","0","0","0","0","0","0","2","0","","36","01","2019","2019006778","5","40.0583","-76.3333","1931","08","0","0","0","0","0","0","0","1","2","0","0","0","19","3","1","00","2","40 03:29.952","4","00","76 19:59.771","3","0","0","0","36101","0","0","0","N","0","0","0","2","36101","0","","1","09","N","N","0","","1","0","1","0","0","N","1930","1","2","0","0","1","0","0","3","0","2","N","","","","","","","","","","","","10","  ","","",""
"1944","1","0","0","0","0","0","0","0","0","7","0","","36","01","2019","2019006779","5","40.0796","-76.3843","1937","08","0","0","0","0","0","0","0","0","2","0","0","0","19","2","0","00","2","40 04:46.660","7","00","76 23:03.330","0","0","0","0","36214","0","0","0","N","0","0","0","1","36214","0","","4","07","N","N","0","","0","0","0","0","0","Y","1935","0","1","0","0","0","0","0","3","0","1","N","","","","","","","","","","","","10","  ","","",""
"1929","1","0","0","0","0","0","0","0","0","7","0","","36","01","2019","2019006780","5","40.1516","-76.4267","1921","08","0","0","0","0","0","0","0","0","","0","0","0","19","2","0","00","0","40 09:05.640","","00","76 25:36.270","0","0","0","0","36230","0","0","0","N","0","0","0","1","36410","0","","5","07","N","N","0","","0","0","0","0","0","","1920","0","1","0","0","0","0","0","1","0","1","N","","","","","","","","","","","","10","  ","","",""
"0735","0","0","0","0","0","0","0","0","0","6","0","","36","01","2019","2019006781","6","40.1023","-76.4519","0733","08","0","0","0","0","0","0","0","0","","0","0","0","07","1","0","00","0","40 06:08.300","","00","76 27:06.730","0","0","0","0","36230","0","0","0","N","0","0","0","2","36410","0","","1","06","N","N","1","","0","0","1","0","0","","0730","0","2","0","0","0","0","0","1","0","2","N","","","","","","","","","","","","03","  ","","",""
"1906","1","0","0","0","0","0","0","0","0","0","0","","36","01","2019","2019006852","6","40.1591","-76.1857","1901","08","0","0","0","0","0","0","0","0","","0","0","0","19","3","0","03","0","40 09:32.594","","00","76 11:08.344","0","0","0","0","36218","0","0","0","N","0","0","0","1","36408","0","","5","02","N","N","0","","0","0","0","3","3","","1901","0","1","0","0","0","0","0","1","0","1","N","","","","","","","","","","","","03","  ","","",""
"1825","1","0","0","0","0","0","0","0","0","7","0","","36","01","2019","2019006918","6","40.1097","-76.0351","1820","08","1","0","0","0","0","0","0","0","1","0","0","0","18","2","1","02","1","40 06:35.024","6","00","76 02:06.197","3","0","0","0","36213","0","0","0","N","0","0","0","2","36213","0","","5","01","N","N","0","","1","0","0","3","3","N","1816","1","1","0","0","1","0","0","1","0","1","N","","","","","","","","","","","","03","  ","","",""
"1140","0","0","0","0","0","0","0","0","0","7","0","","36","01","2019","2019006937","4","40.0633","-76.2786","1137","08","0","0","0","0","0","0","1","0","2","0","0","0","11","1","1","00","1","40 03:47.770","6","00","76 16:42.880","3","0","0","0","36101","0","0","0","N","0","0","0","1","36101","0","","5","01","N","N","0","","1","0","1","0","0","Y","1136","1","1","0","0","0","0","0","3","0","1","N","","","","","","","","","","","","03","  ","","",""
"1702","1","0","0","0","0","0","0","0","0","4","0","","36","01","2019","2019006938","2","40.1137","-76.2489","1655","08","0","0","0","0","0","1","0","0","2","0","0","0","16","4","0","02","1","40 06:49.394","3","00","76 14:56.107","0","0","0","0","36101","0","0","0","N","0","0","0","2","36101","0","","1","01","N","N","1","","0","0","0","3","3","N","1654","0","2","0","0","0","0","0","3","0","2","N","","","","","","","","","","","","03","  ","","",""
"1148","1","0","0","0","0","0","0","0","0","7","0","","36","01","2019","2019006939","6","40.0768","-76.3375","1139","08","0","0","0","0","0","1","0","0","","0","0","0","11","1","0","01","0","40 04:36.354","","07","76 20:15.318","0","0","0","0","36101","0","0","0","N","0","0","0","1","36101","0","","5","09","N","N","0","","0","0","0","0","0","","1136","0","1","0","0","0","0","0","3","0","1","N","","","","","","","","","","","","03","  ","","",""
"1554","1","0","0","0","0","0","0","0","0","4","0","","36","01","2019","2019006947","2","40.0566","-76.2828","1554","08","0","0","0","0","0","1","0","0","2","0","0","0","15","1","0","02","2","40 03:23.671","3","07","76 16:58.034","0","0","0","0","36101","0","0","0","N","0","0","0","4","36301","0","","1","01","N","N","2","","0","0","0","3","2","N","1537","0","3","0","0","1","0","0","3","0","3","N","","","","","","","","","","","","03","  ","","",""
"0810","2","0","0","0","0","0","0","0","0","1","0","","36","01","2019","2019006952","3","40.1673","-76.1652","0808","08","0","0","0","1","0","0","0","0","1","0","0","0","08","1","0","00","2","40 10:02.267","3","00","76 09:54.509","0","0","0","0","36218","0","0","0","N","0","0","0","2","36408","0","","1","01","N","N","0","","0","0","0","0","0","N","0805","0","2","0","0","0","0","0","1","0","2","N","","","","","","","","","","","","98","  ","","",""
"0739","0","0","0","0","0","0","0","0","0","4","0","","36","01","2019","2019006982","6","40.176","-76.1873","0738","08","0","0","0","0","0","0","0","0","1","0","0","0","07","1","0","02","2","40 10:33.679","7","00","76 11:14.298","0","0","0","0","36408","0","0","0","N","0","0","0","2","36408","0","","1","07","N","N","0","","0","0","2","0","0","Y","0738","0","2","0","0","0","0","0","2","0","2","N","","","","","","","","","","","","03","  ","","",""
"1818","1","0","0","0","0","0","0","0","0","4","0","","36","01","2019","2019007087","7","40.0619","-76.4988","1810","08","0","0","0","0","0","1","0","0","2","0","0","0","18","2","3","01","2","40 03:42.752","7","00","76 29:55.590","8","0","0","0","36239","0","0","0","N","0","0","0","3","36239","0","","1","07","N","N","1","","0","0","0","0","0","N","1810","3","2","0","0","0","3","0","3","0","2","N","","","","","","","","","","","","10","  ","","",""
"1835","1","0","0","0","0","0","0","0","0","8","0","","36","01","2019","2019007097","7","40.0299","-76.2948","1831","08","0","0","0","0","0","1","0","0","","0","0","0","18","3","1","01","0","40 01:47.729","","00","76 17:41.305","4","0","0","0","36301","1","0","0","N","1","0","0","2","36301","1","","1","01","N","N","0","","0","0","0","3","2","","1818","1","2","0","0","0","0","0","3","0","1","N","","","","","","","","","","","","03","  ","","",""
"2250","1","0","0","0","0","0","0","0","0","7","0","","36","01","2019","2019007118","7","40.0476","-76.293","2245","08","0","0","0","0","0","0","0","0","","0","0","0","22","3","0","00","0","40 02:51.296","","00","76 17:34.700","9","0","0","0","36301","0","0","0","N","0","0","0","1","36301","0","","5","09","N","N","0","","0","0","0","0","0","","2245","0","1","0","0","0","0","1","3","0","1","N","","","","","","","","","","","","07","  ","","",""
"2304","0","0","0","0","0","0","0","0","0","7","0","","36","01","2019","2019007132","7","40.2142","-76.0963","2302","08","0","0","0","0","0","0","0","0","2","0","0","0","23","2","0","00","1","40 12:51.060","2","00","76 05:46.684","0","0","0","0","36210","0","0","0","Y","0","0","0","1","36210","0","","3","09","N","N","0","","0","0","1","0","0","N","2301","0","1","0","0","0","0","0","1","0","1","N","","","","","","","","","","","","07","  ","","",""
"0630","0","0","0","0","0","0","0","0","0","1","0","","36","01","2019","2019007192","4","39.9965","-76.2056","0624","08","0","0","0","0","0","0","1","0","1","0","0","0","06","2","0","00","2","39 59:47.568","5","00","76 12:20.193","0","0","0","0","36240","0","0","0","N","0","0","0","2","36240","0","","1","01","N","N","0","","0","0","0","0","0","Y","0622","0","2","0","0","0","0","0","1","1","2","N","","","","","","","","","","","","03","  ","","",""
"0130","0","0","0","0","0","0","0","0","0","7","0","","36","01","2019","2019007200","1","40.0917","-76.0177","0124","08","0","0","0","0","0","0","0","0","","0","0","0","01","2","0","00","0","40 05:30.268","","00","76 01:03.578","0","0","0","0","36213","0","0","0","N","0","0","0","1","36213","0","","5","09","N","N","1","","0","0","0","0","0","","0120","0","1","0","0","0","0","0","1","0","1","N","","","","","","","","","","","","07","05","","",""
"1857","1","0","0","0","0","0","0","0","0","5","0","","36","01","2019","2019007213","6","40.0318","-76.3246","1850","08","0","0","0","0","0","0","0","0","2","0","0","0","18","3","0","00","2","40 01:54.380","2","00","76 19:28.500","0","0","0","0","36220","0","0","0","N","0","0","0","1","36101","0","","6","01","N","N","0","","0","0","2","0","0","Y","1848","0","3","0","0","0","0","0","3","0","3","N","","","","","","","","","","","","03","  ","","",""
"0040","1","0","0","0","0","0","0","0","0","1","0","","36","01","2019","2019007214","7","40.0698","-76.3168","0037","08","0","0","0","0","0","0","0","1","2","0","0","0","00","3","0","01","1","40 04:11.321","1","00","76 19:00.454","0","0","0","0","36101","0","0","0","N","0","0","0","3","36101","0","","1","01","N","N","0","","0","0","1","3","2","N","0000","0","2","0","0","0","0","0","3","0","2","N","","","","","","","","","","","","03","  ","","",""
"0429","0","0","0","0","0","0","0","0","0","9","0","","36","01","2019","2019007215","5","39.9942","-76.4599","0417","08","0","0","0","0","0","0","0","0","1","0","0","0","04","2","0","00","1","39 59:39.134","4","00","76 27:35.339","0","0","0","0","36223","0","0","0","N","0","0","0","1","36223","0","","1","01","N","N","0","","0","0","1","0","0","N","0415","0","1","0","0","0","0","0","1","0","1","N","","","","","","","","","","","","03","  ","","",""
"1147","0","0","0","0","0","0","0","0","0","1","1","","36","01","2019","2019007216","2","40.0284","-76.3612","1135","08","0","0","0","0","0","0","0","0","","0","1","0","11","1","0","00","0","40 01:42.330","","00","76 21:40.174","0","0","0","0","36223","0","0","0","N","0","0","0","5","36223","0","","1","01","N","N","0","","0","0","1","0","0","","1131","0","2","0","0","0","0","0","1","0","2","N","","","","","","","","","","","","03","  ","","",""
"1618","1","0","0","0","0","0","0","0","0","4","0","","36","01","2019","2019007238","2","40.0601","-76.4081","1610","08","0","0","0","0","0","1","0","0","","0","0","0","16","1","0","00","0","40 03:36.215","","07","76 24:29.114","0","0","0","0","36239","0","0","0","N","0","0","0","2","36239","0","","1","01","N","N","0","","0","0","1","0","0","","1610","0","2","0","0","0","0","0","3","0","2","N","","","","","","","","","","","","03","  ","","",""
"1335","1","0","0","0","0","0","0","0","0","1","0","","36","01","2019","2019007241","7","40.0279","-76.3038","1328","08","0","0","0","1","0","0","0","0","2","0","0","0","13","1","0","00","1","40 01:40.516","4","00","76 18:13.779","0","0","0","0","36301","0","0","0","N","0","0","0","1","36301","0","","6","01","N","N","0","","0","0","2","3","3","N","1328","0","3","0","0","0","0","0","3","0","3","N","","","","","","","","","","","","03","  ","","",""
"1416","1","0","0","0","0","0","0","0","0","4","0","","36","01","2019","2019007245","7","40.1539","-76.5997","1414","08","0","0","0","0","0","0","0","0","2","0","0","0","14","1","1","01","1","40 09:14.162","5","00","76 35:58.842","3","0","0","0","36407","0","0","0","N","0","0","0","2","36407","0","","1","01","N","N","0","","1","0","0","3","3","Y","1412","1","2","0","0","0","0","0","2","1","2","N","","","","","","","","","","","","03","  ","","",""
"0842","2","0","0","0","0","0","0","0","0","5","0","","36","01","2019","2019007270","1","40.041","-76.3075","0842","08","0","0","0","0","0","0","1","0","","0","0","0","08","1","1","00","0","40 02:27.661","","00","76 18:27.045","8","0","0","0","36301","0","0","0","N","0","0","0","1","36301","0","","1","09","N","N","0","","0","0","0","0","0","","0842","1","2","0","0","0","1","0","3","0","2","N","","","","","","","","","","","","03","  ","","",""
"1250","1","0","0","0","0","0","0","0","0","4","0","","36","01","2019","2019007273","7","40.1568","-76.3815","1247","08","0","0","1","0","0","0","1","0","1","0","0","0","12","1","0","01","2","40 09:24.452","2","00","76 22:53.324","0","0","0","0","36227","0","0","0","N","0","0","0","2","36506","0","","1","01","N","N","0","","0","0","1","0","0","N","1247","0","2","0","0","0","0","0","1","0","2","N","","","","","","","","","","","","03","  ","","",""
"1558","1","0","0","0","0","0","0","0","0","1","0","","36","01","2019","2019007331","6","40.0702","-76.3553","1553","08","0","0","0","0","0","0","0","0","","0","0","0","15","1","0","02","0","40 04:12.719","","00","76 21:19.027","0","0","0","0","36214","0","0","0","N","0","0","0","2","36214","0","","1","01","N","N","0","","0","0","1","0","0","","1545","0","2","0","0","0","0","0","3","0","2","N","","","","","","","","","","","","03","  ","","",""
"1146","0","0","1","0","0","0","0","0","0","7","0","","36","01","2019","2019007357","5","40.0768","-76.5378","1142","08","0","0","0","0","0","1","0","0","2","0","0","0","11","1","1","00","1","40 04:36.484","3","00","76 32:16.218","2","0","0","0","36211","0","0","0","N","0","0","0","1","36504","0","","5","01","N","N","0","","0","1","1","0","0","N","1140","1","1","0","0","0","0","0","1","0","1","N","","","","","","","","","","","","03","  ","","",""
"1700","1","0","0","0","0","0","0","0","0","0","0","","36","01","2019","2019007394","1","40.1953","-76.1469","1658","08","0","0","1","0","0","0","0","0","3","1","0","0","16","1","0","00","2","40 11:43.200","5","00","76 08:48.900","1","0","0","0","36218","0","0","0","N","0","0","0","1","36408","0","2","5","02","N","N","0","0","0","0","0","0","0","Y","1651","0","1","1","0","1","0","0","1","0","1","N","","","","","","","","","","","","98","  ","","",""
"1852","0","0","0","0","0","0","0","0","0","7","0","","36","01","2019","2019007439","1","40.2655","-76.1113","1852","08","0","1","0","0","0","0","0","0","1","0","0","0","18","3","0","00","1","40 15:55.801","3","00","76 06:41.587","0","0","0","0","36236","0","0","0","N","0","0","0","2","36408","0","","4","02","N","N","0","","0","0","1","0","0","N","1850","0","1","0","0","0","0","0","1","0","1","N","","","","","","","","","","","","03","  ","","",""
"1535","0","0","0","0","0","0","0","0","0","0","0","","36","01","2019","2019007451","2","40.0378","-76.4054","1531","08","0","0","0","0","0","0","0","0","2","0","0","0","15","1","0","00","2","40 02:15.931","6","00","76 24:19.463","0","0","0","0","36223","0","0","0","N","0","0","0","1","36223","0","","4","01","N","N","0","","0","0","1","0","0","Y","1529","0","1","0","0","0","0","0","1","0","1","N","","","","","","","","","","","","03","  ","","",""
"1727","2","0","0","0","0","0","0","0","0","4","1","","36","01","2019","2019007457","7","40.0315","-76.3608","1724","08","0","0","0","0","0","2","0","0","3","0","1","0","17","3","2","02","2","40 01:53.274","7","00","76 21:38.852","4","0","0","0","36223","0","0","0","N","0","0","0","3","36223","1","","1","09","N","N","0","","0","0","0","3","3","Y","1723","2","3","0","0","0","1","0","1","0","3","N","","","","","","","","","","","","10","  ","","",""