"ARRIVAL_TM","AUTOMOBILE_COUNT","BELTED_DEATH_COUNT","BELTED_SUSP_SERIOUS_INJ_COUNT","BICYCLE_COUNT","BICYCLE_DEATH_COUNT","BICYCLE_SUSP_SERIOUS_INJ_COUNT","BUS_COUNT","CHLDPAS_DEATH_COUNT","CHLDPAS_SUSP_SERIOUS_INJ_COUNT","COLLISION_TYPE","COMM_VEH_COUNT","CONS_ZONE_SPD_LIM","COUNTY","CRASH_MONTH","CRASH_YEAR","CRN","DAY_OF_WEEK","DEC_LAT","DEC_LONG","DISPATCH_TM","DISTRICT","DRIVER_COUNT_16YR","DRIVER_COUNT_17YR","DRIVER_COUNT_18YR","DRIVER_COUNT_19YR","DRIVER_COUNT_20YR","DRIVER_COUNT_50_64YR","DRIVER_COUNT_65_74YR","DRIVER_COUNT_75PLUS","EST_HRS_CLOSED","FATAL_COUNT","HEAVY_TRUCK_COUNT","HORSE_BUGGY_COUNT","HOUR_OF_DAY","ILLUMINATION","INJURY_COUNT","INTERSECT_TYPE","LANE_CLOSED","LATITUDE","LN_CLOSE_DIR","LOCATION_TYPE","LONGITUDE","MAX_SEVERITY_LEVEL","MCYCLE_DEATH_COUNT","MCYCLE_SUSP_SERIOUS_INJ_COUNT","MOTORCYCLE_COUNT","MUNICIPALITY","NONMOTR_COUNT","NONMOTR_DEATH_COUNT","NONMOTR_SUSP_SERIOUS_INJ_COUNT","NTFY_HIWY_MAINT","PED_COUNT","PED_DEATH_COUNT","PED_SUSP_SERIOUS_INJ_COUNT","PERSON_COUNT","POLICE_AGCY","POSSIBLE_INJ_COUNT","RDWY_SURF_TYPE_CD","RELATION_TO_ROAD","ROAD_CONDITION","SCH_BUS_IND","SCH_ZONE_IND","SMALL_TRUCK_COUNT","SPEC_JURIS_CD","SUSP_MINOR_INJ_COUNT","SUSP_SERIOUS_INJ_COUNT","SUV_COUNT","TCD_FUNC_CD","TCD_TYPE","TFC_DETOUR_IND","TIME_OF_DAY","TOT_INJ_COUNT","TOTAL_UNITS","UNB_DEATH_COUNT","UNB_SUSP_SERIOUS_INJ_COUNT","UNBELTED_OCC_COUNT","UNK_INJ_DEG_COUNT","UNK_INJ_PER_COUNT","URBAN_RURAL","VAN_COUNT","VEHICLE_COUNT","WORK_ZONE_IND","WORK_ZONE_LOC","WORK_ZONE_TYPE","WORKERS_PRES","WZ_CLOSE_DETOUR","WZ_FLAGGER","WZ_LAW_OFFCR_IND","WZ_LN_CLOSURE","WZ_MOVING","WZ_OTHER","WZ_SHLDER_MDN","ROADWAY_CLEARED","WEATHER1","WEATHER2","WZ_WORKERS_INJ_KILLED","SECONDARY_CRASH","INTERSECTION_RELATED"
"1659","1","0","0","0","0","0","0","0","0","7","0","","36","01","2019","2019007535","7","40.1204","-76.5638","1653","08","0","0","0","0","0","0","0","0","3","0","0","0","16","1","0","00","1","40 07:13.555","2","00","76 33:49.612","0","0","0","0","36211","0","0","0","Y","0","0","0","1","36504","0","","4","02","Y","Y","0","","0","0","0","0","0","Y","1652","0","1","0","0","0","0","0","1","0","1","Y","","","","","","","","","","","","10","  ","","",""
"1321","0","0","0","0","0","0","0","0","0","7","0","","36","01","2019","2019007541","2","39.9601","-75.9941","1321","08","0","0","0","0","0","0","0","0","","0","0","0","13","1","0","00","0","39 57:36.484","","00","75 59:38.690","0","0","0","0","36403","0","0","0","N","0","0","0","1","36403","0","","5","01","N","N","0","","0","0","1","0","0","","1321","0","1","0","0","0","0","0","1","0","1","N","","","","","","","","","","","","03","  ","","",""
"1336","1","0","0","0","0","0","0","0","0","7","0","","36","01","2019","2019007549","2","40.2311","-76.0755","1332","08","0","0","0","0","0","0","0","1","","0","0","0","13","1","0","00","0","40 13:51.978","","00","76 04:31.692","0","0","0","0","36210","0","0","0","N","0","0","0","2","36210","0","","4","01","N","N","0","","0","0","0","0","0","","1329","0","1","0","0","0","0","0","1","0","1","N","","","","","","","","","","","","03","  ","","",""
"0458","0","0","0","0","0","0","0","0","0","7","0","","36","01","2019","2019007567","6","40.0903","-76.4215","0452","08","0","0","0","0","0","1","0","0","2","0","0","0","04","2","0","00","2","40 05:25.030","1","00","76 25:17.300","0","0","0","0","36214","0","0","0","N","0","0","0","1","36214","0","","5","07","N","N","0","","0","0","1","0","0","N","0448","0","1","0","0","0","0","0","3","0","1","N","","","","","","","","","","","","10","  ","","",""
"0552","0","0","0","0","0","0","0","0","0","4","0","","36","01","2019","2019007568","4","40.0507","-76.2558","0545","08","0","0","0","0","0","1","0","0","2","0","0","0","05","3","0","01","2","40 03:02.347","2","02","76 15:20.935","0","0","0","0","36215","0","0","0","N","0","0","0","2","36215","0","","1","01","N","N","0","","0","0","2","3","2","Y","0543","0","2","0","0","0","0","0","1","0","2","N","","","","","","","","","","","","03","  ","","",""
"0735","1","0","0","0","0","0","0","0","0","7","0","","36","01","2019","2019007570","6","40.0763","-76.2321","0727","08","0","0","0","0","0","0","0","0","","0","0","0","07","1","0","00","0","40 04:34.590","","00","76 13:55.600","0","0","0","0","36234","0","0","0","N","0","0","0","1","36215","0","","5","06","N","N","0","","0","0","0","0","0","","0727","0","1","0","0","0","0","0","1","0","1","N","","","","","","","","","","","","03","  ","","",""
"0742","1","0","0","0","0","0","0","0","0","4","0","","36","01","2019","2019007583","4","40.0403","-76.245","0738","08","0","0","0","0","0","1","0","0","2","0","0","0","07","1","2","02","1","40 02:25.231","4","02","76 14:41.992","3","0","0","0","36215","0","0","0","N","0","0","0","2","36215","0","","1","01","N","N","0","","2","0","1","0","0","Y","0737","2","2","0","0","0","0","0","1","0","2","N","","","","","","","","","","","","03","  ","","",""
"0506","0","0","0","0","0","0","0","0","0","7","0","","36","01","2019","2019007637","6","40.2306","-76.0972","0505","08","0","0","0","0","0","1","0","0","","0","0","0","05","3","0","02","0","40 13:50.073","","00","76 05:50.028","0","0","0","0","36210","0","0","0","N","0","0","0","1","36210","0","","5","07","N","N","0","","0","0","1","3","3","","0505","0","1","0","0","0","0","0","1","0","1","N","","","","","","","","","","","","10","  ","","",""
"1538","0","0","0","0","0","0","0","0","0","4","0","","36","01","2019","2019007658","5","40.0669","-76.3531","1531","08","0","0","0","0","0","1","0","1","1","0","0","0","15","1","1","00","2","40 04:00.749","3","07","76 21:11.300","3","0","0","0","36214","0","0","0","N","0","0","0","3","36214","0","","1","01","N","N","1","","1","0","2","3","2","Y","1528","1","3","0","0","0","0","0","3","0","3","N","","","","","","","","","","","","03","  ","","",""
"0243","0","0","0","0","0","0","0","0","0","7","0","","36","01","2019","2019007659","1","40.0922","-76.1377","0235","08","0","0","0","0","0","0","0","0","1","0","0","0","02","2","0","00","2","40 05:31.843","3","00","76 08:15.612","0","0","0","0","36234","0","0","0","N","0","0","0","1","36215","0","","4","07","N","N","0","","0","0","0","0","0","N","0215","0","1","0","0","0","0","0","1","1","1","N","","","","","","","","","","","","10","  ","","",""
"1952","1","0","0","0","0","0","0","0","0","7","0","","36","01","2019","2019007665","5","40.1061","-76.2932","1936","08","0","0","0","0","0","0","0","0","2","0","0","0","19","2","0","00","1","40 06:21.820","3","00","76 17:35.880","0","0","0","0","36101","0","0","0","N","0","0","0","1","36101","0","","5","07","N","N","0","","0","0","0","0","0","N","1932","0","1","0","0","0","0","0","3","0","1","N","","","","","","","","","","","","10","  ","","",""
"0810","2","0","0","0","0","0","0","0","0","1","0","","36","01","2019","2019007667","2","40.0385","-76.3003","0806","08","0","0","0","0","0","1","0","0","1","0","0","0","07","1","0","01","1","40 02:18.751","3","00","76 18:01.082","0","0","0","0","36301","0","0","0","N","0","0","0","3","36301","0","","1","01","N","N","0","","0","0","0","0","0","N","0758","0","2","0","0","0","0","0","3","0","2","N","","","","","","","","","","","","03","  ","","",""
"1750","2","0","0","0","0","0","0","0","0","4","0","","36","01","2019","2019007672","2","40.1083","-76.4179","1744","08","1","0","0","0","0","0","1","0","2","0","0","0","17","2","3","00","2","40 06:29.890","5","07","76 25:04.560","4","0","0","0","36214","0","0","0","N","0","0","0","4","36214","3","","1","01","N","N","0","","0","0","0","0","0","Y","1742","3","2","0","0","0","0","0","3","0","2","N","","","","","","","","","","","","03","  ","","",""
"0945","1","0","0","0","0","0","0","0","0","7","0","","36","01","2019","2019007752","3","40.1706","-76.2055","0940","08","0","0","0","0","0","0","0","0","3","0","0","0","09","1","1","00","2","40 10:14.264","7","00","76 12:19.767","8","0","0","0","36218","0","0","0","N","0","0","0","1","36408","0","","5","01","N","N","0","","0","0","0","0","0","Y","0938","1","1","0","0","0","1","0","1","0","1","N","","","","","","","","","","","","03","  ","","",""
"1647","2","0","0","0","0","0","0","0","0","4","0","","36","01","2019","2019007787","5","40.1559","-76.3435","1635","08","0","0","0","0","0","0","1","0","","0","0","0","16","1","0","01","0","40 09:21.372","","00","76 20:36.769","0","0","0","0","36227","0","0","0","N","0","0","0","3","36506","0","","1","01","N","N","1","","0","0","0","0","0","","1628","0","3","0","0","0","0","0","1","0","3","N","","","","","","","","","","","","03","  ","","",""
"0727","0","0","0","0","0","0","0","0","0","4","0","","36","01","2019","2019007873","5","40.0342","-76.0013","0716","08","0","0","0","0","0","0","0","0","1","0","0","0","07","1","1","01","1","40 02:02.942","3","00","76 00:04.667","3","0","0","0","36232","0","0","0","N","0","0","0","2","68J01","0","","1","01","N","N","1","","1","0","1","9","3","Y","0702","1","2","0","0","0","0","0","1","0","2","N","","","","","","","","","","","","03","  ","","",""
"0035","1","0","0","0","0","0","0","0","0","9","0","","36","01","2019","2019007875","6","40.2271","-76.0564","0016","08","0","0","0","0","0","1","0","0","1","0","0","0","00","2","1","00","1","40 13:37.483","2","00","76 03:23.024","3","0","0","0","36202","0","0","0","N","0","0","0","1","68J01","0","","1","01","N","N","0","","1","0","0","0","0","N","0008","1","1","0","0","0","0","0","1","0","1","N","","","","","","","","","","","","03","  ","","",""
"0746","0","0","0","0","0","0","0","0","0","7","0","","36","01","2019","2019007877","6","40.15","-75.9815","0713","08","0","0","0","0","0","0","0","0","","0","0","0","07","5","1","03","0","40 09:00.122","","00","75 58:53.245","3","0","0","0","36203","0","0","0","N","0","0","0","1","68J01","0","","5","01","N","N","1","","1","0","0","0","0","","0706","1","1","0","0","0","0","0","1","0","1","N","","","","","","","","","","","","03","  ","","",""
"1302","0","0","0","0","0","0","0","0","0","9","0","","36","01","2019","2019007880","6","39.8857","-76.1927","1249","08","0","0","0","0","0","1","0","0","","0","0","0","12","1","1","00","0","39 53:08.635","","00","76 11:33.777","3","0","0","0","36212","0","0","0","N","0","0","0","1","68J01","0","","1","01","N","N","0","","1","0","1","0","0","","1246","1","1","0","0","0","0","0","1","0","1","N","","","","","","","","","","","","03","  ","","",""
"1243","2","0","0","0","0","0","0","0","0","4","0","","36","01","2019","2019007885","7","39.9945","-76.0291","1231","08","0","0","0","0","1","0","0","0","1","0","0","0","12","1","0","01","1","39 59:40.359","4","00","76 01:44.728","0","0","0","0","36232","0","0","0","N","0","0","0","2","68J01","0","","1","09","N","N","0","","0","0","0","3","2","N","1229","0","2","0","0","0","0","0","1","0","2","N","","","","","","","","","","","","07","  ","","",""
"2026","0","0","0","0","0","0","0","0","0","7","0","","36","01","2019","2019007888","7","39.9841","-75.988","2015","08","0","1","0","0","0","0","0","0","2","0","0","0","20","2","0","00","2","39 59:02.870","5","00","75 59:16.920","0","0","0","0","36231","0","0","0","N","0","0","0","1","68J01","0","","4","09","N","N","1","","0","0","0","0","0","N","2013","0","1","0","0","1","0","0","1","0","1","N","","","","","","","","","","","","07","  ","","",""
"2148","0","0","0","0","0","0","0","0","0","7","0","","36","01","2019","2019007889","7","39.9872","-76.0221","2138","08","0","0","0","0","0","0","0","0","2","0","0","0","21","2","0","00","1","39 59:14.005","4","00","76 01:19.615","0","0","0","0","36232","0","0","0","N","0","0","0","1","68J01","0","","4","09","N","N","0","","0","0","1","0","0","N","2135","0","1","0","0","1","0","0","1","0","1","N","","","","","","","","","","","","03","  ","","",""
"0612","0","0","0","0","0","0","0","0","0","7","0","","36","01","2019","2019007891","1","40.0499","-76.1216","0602","08","0","0","0","0","0","0","1","0","2","0","0","0","05","2","1","00","2","40 02:59.574","5","00","76 07:17.789","3","0","0","0","36221","0","0","0","N","0","0","0","1","68J01","0","","4","02","N","N","0","","1","0","0","0","0","Y","0558","1","1","0","0","0","0","0","1","1","1","N","","","","","","","","","","","","03","  ","","",""
"0727","0","0","0","0","0","0","0","0","0","7","0","","36","01","2019","2019007892","1","39.8324","-76.2636","0657","08","0","0","0","0","0","0","0","0","3","0","0","0","06","2","0","00","2","39 49:56.600","5","00","76 15:49.050","0","0","0","0","36208","0","0","0","Y","0","0","0","1","68J01","0","","4","02","N","N","0","","0","0","1","0","0","Y","0649","0","1","0","0","0","0","0","1","0","1","N","","","","","","","","","","","","98","  ","","",""
"1324","1","0","0","0","0","0","0","0","0","7","0","","36","01","2019","2019007898","1","39.8902","-76.238","1314","08","0","0","0","0","0","0","1","0","1","0","0","0","13","1","1","01","1","39 53:24.827","6","00","76 14:16.772","3","0","0","0","36229","0","0","0","N","0","0","0","1","68J01","0","","4","01","N","N","0","","1","0","0","3","2","Y","1312","1","1","0","0","0","0","0","1","0","1","N","","","","","","","","","","","","03","  ","","",""
"1617","1","0","0","0","0","0","0","0","0","1","0","","36","01","2019","2019007900","1","40.1023","-76.4203","1617","08","0","0","0","0","0","0","0","0","1","0","0","0","16","1","0","00","2","40 06:08.231","4","00","76 25:13.016","0","0","0","0","36214","0","0","0","N","0","0","0","4","68J01","0","","1","01","N","N","0","","0","0","1","0","0","N","1616","0","2","0","0","0","0","0","3","0","2","N","","","","","","","","","","","","03","  ","","",""
"1325","0","0","0","0","0","0","0","0","0","7","0","","36","01","2019","2019007912","3","39.8821","-76.1344","1309","08","0","0","0","0","0","0","0","1","2","0","0","0","13","1","1","00","2","39 52:55.611","5","00","76 08:03.683","3","0","0","0","36205","0","0","0","N","0","0","0","1","68J01","0","","4","01","N","N","0","","1","0","1","0","0","N","1306","1","1","0","0","0","0","0","1","0","1","N","","","","","","","","","","","","03","  ","","",""
"2010","0","0","0","0","0","0","0","0","0","4","0","","36","01","2019","2019007961","3","39.9855","-76.0178","2005","08","0","0","0","0","0","1","1","0","2","0","0","0","20","3","0","01","1","39 59:07.866","5","00","76 01:04.009","0","0","0","0","36232","0","0","0","N","0","0","0","3","68J01","0","","1","01","N","N","0","","0","0","1","3","2","N","2003","0","2","0","0","0","0","0","1","1","2","N","","","","","","","","","","","","03","  ","","",""
"1914","0","0","0","0","0","0","0","0","0","7","0","","36","01","2019","2019007980","4","39.9578","-76.0521","1858","08","0","0","1","0","0","0","0","0","2","0","0","0","18","2","1","00","2","39 57:28.010","5","00","76 03:07.690","3","0","0","0","36231","0","0","0","N","0","0","0","1","68J01","0","","4","02","N","N","1","","1","0","0","0","0","N","1855","1","1","0","0","1","0","0","1","0","1","N","","","","","","","","","","","","03","  ","","",""
"0304","0","0","0","0","0","0","0","0","0","7","0","","36","01","2019","2019007981","5","40.0846","-75.9881","0248","08","0","0","0","0","0","0","0","0","1","0","0","0","02","2","0","00","2","40 05:04.730","5","00","75 59:17.120","9","0","0","0","36232","0","0","0","N","0","0","0","1","68J01","0","","4","01","N","N","0","","0","0","1","0","0","N","0246","0","1","0","0","0","0","1","1","0","1","N","","","","","","","","","","","","03","  ","","",""
"0649","1","0","0","0","0","0","0","0","0","7","0","","36","01","2019","2019008003","6","40.0324","-76.1329","0639","08","0","0","0","0","0","0","0","0","1","0","0","0","06","2","0","00","1","40 01:56.490","2","00","76 07:58.290","0","0","0","0","36221","0","0","0","N","0","0","0","1","68J01","0","","4","07","N","N","0","","0","0","0","0","0","N","0615","0","1","0","0","0","0","0","1","0","1","N","","","","","","","","","","","","10","  ","","",""
"1420","0","0","0","0","0","0","0","0","0","4","1","","36","01","2019","2019008134","3","40.203","-76.1574","1415","08","0","0","0","0","0","1","0","0","1","0","1","0","14","1","0","01","1","40 12:10.779","1","00","76 09:26.525","0","0","0","0","36218","0","0","0","N","0","0","0","2","36408","0","","1","01","N","N","0","","0","0","1","3","2","N","1412","0","2","0","0","0","0","0","1","0","2","N","","","","","","","","","","","","03","  ","","",""
"0400","0","0","0","0","0","0","0","0","0","8","0","","36","01","2019","2019008148","2","40.1364","-76.3022","0357","08","0","0","0","0","0","0","0","0","3","1","0","0","03","2","0","00","2","40 08:10.900","6","00","76 18:07.900","1","0","0","0","36235","1","1","0","N","1","1","0","2","36506","0","2","1","01","N","N","0","0","0","0","1","0","0","Y","0357","0","2","0","0","0","0","0","1","0","1","N","","","","","","","","","","","","03","  ","","",""
"1545","1","0","0","0","0","0","0","0","0","1","0","","36","01","2019","2019008156","3","40.1718","-76.1708","1543","08","0","0","0","0","0","1","0","1","2","0","0","0","15","1","1","00","2","40 10:18.588","4","00","76 10:14.884","8","0","0","0","36408","0","0","0","N","0","0","0","6","36408","0","","1","01","N","N","1","","0","0","1","0","0","Y","1543","1","4","0","0","0","1","0","2","1","4","N","","","","","","","","","","","","03","  ","","",""
"0927","2","0","0","0","0","0","0","0","0","4","0","","36","01","2019","2019008188","5","40.0584","-76.2937","1922","08","0","0","0","0","0","0","0","1","1","0","0","0","09","1","1","02","2","40 03:30.355","7","00","76 17:37.150","3","0","0","0","36101","0","0","0","N","0","0","0","2","36101","0","","1","01","N","N","0","","1","0","0","3","3","N","0919","1","2","0","0","0","0","0","3","0","2","N","","","","","","","","","","","","03","  ","","",""
"0754","1","0","0","0","0","0","0","0","0","1","0","","36","01","2019","2019008202","3","40.1791","-76.6006","0738","08","0","0","0","0","0","0","0","0","","0","0","0","07","1","1","06","0","40 10:46.324","","02","76 36:01.450","4","0","0","0","36225","0","0","0","N","0","0","0","2","36505","1","","1","01","N","N","0","","0","0","1","3","4","","0738","1","2","0","0","0","0","0","2","0","2","Y","","","","","","","","","","","","03","  ","","",""
"1750","1","0","0","0","0","0","0","0","0","1","0","","36","01","2019","2019008361","7","40.2385","-76.2635","1734","08","0","0","0","0","0","0","1","0","","0","0","0","17","2","0","00","0","40 14:18.502","","00","76 15:48.655","0","0","0","0","36204","0","0","0","N","0","0","0","3","68T06","0","","1","09","N","N","0","","0","0","1","0","0","","1730","0","2","0","0","0","0","0","1","0","2","N","","","","","","","","","","","","10","  ","","",""
"1950","1","0","0","0","0","0","0","0","0","7","0","","36","01","2019","2019008362","7","40.227","-76.3864","1950","08","0","0","0","0","0","0","0","0","","0","0","0","19","2","0","00","0","40 13:37.080","","00","76 23:11.047","0","0","0","0","36227","0","0","0","N","0","0","0","2","68T06","0","","2","07","N","N","0","","0","0","0","0","0","","1920","0","1","0","0","0","0","0","1","0","1","N","","","","","","","","","","","","10","  ","","",""
"2048","1","0","0","0","0","0","0","0","0","7","0","","36","01","2019","2019008419","3","40.0141","-76.3005","2036","08","0","0","0","0","0","0","0","0","2","0","0","0","20","3","0","00","2","40 00:50.790","2","00","76 18:01.831","0","0","0","0","36240","0","0","0","Y","0","0","0","1","36240","0","","2","01","N","N","0","","0","0","0","0","0","N","2035","0","1","0","0","0","0","0","1","0","1","N","","","","","","","","","","","","03","  ","","",""
"0847","1","0","0","0","0","0","0","0","0","8","0","","36","01","2019","2019008425","5","40.0423","-76.2835","0843","08","0","0","0","0","0","0","1","0","","0","0","0","08","1","1","00","0","40 02:32.150","","00","76 17:00.680","4","0","0","0","36220","1","0","0","N","1","0","0","2","36101","1","","1","01","Y","Y","0","","0","0","0","3","8","","0840","1","2","0","0","0","0","0","3","0","1","N","","","","","","","","","","","","03","  ","","",""
"1313","0","0","0","0","0","0","0","0","0","4","0","","36","01","2019","2019008426","5","40.0371","-76.3587","1308","08","0","0","0","0","0","1","1","0","","0","0","0","13","1","0","01","0","40 02:13.660","","00","76 21:31.341","0","0","0","0","36223","0","0","0","N","0","0","0","2","36223","0","","1","01","N","N","0","","0","0","1","3","3","","1307","0","2","0","0","1","0","0","1","1","2","N","","","","","","","","","","","","03","  ","","",""
"1407","0","0","3","0","0","0","0","0","0","1","0","","36","01","2019","2019008427","7","40.1718","-76.4004","1405","08","0","0","0","0","0","2","1","0","2","0","0","0","14","1","3","00","2","40 10:18.682","5","00","76 24:01.408","2","0","0","0","36230","0","0","0","N","0","0","0","7","36410","0","","1","01","N","N","2","","0","3","1","0","0","Y","1405","3","4","0","0","0","0","0","1","1","4","N","","","","","","","","","","","","03","  ","","",""
"1614","1","0","0","0","0","0","0","0","0","2","0","","36","01","2019","2019008447","5","40.1374","-76.3501","1610","08","0","0","0","0","0","0","0","0","2","0","0","0","16","1","2","00","2","40 08:14.550","6","00","76 21:00.531","4","0","0","0","36227","0","0","0","N","0","0","0","2","36506","2","","1","01","N","N","0","","0","0","1","0","0","Y","1610","2","2","0","0","0","0","0","1","0","2","N","","","","","","","","","","","","03","  ","","",""
"1929","1","0","0","0","0","0","0","0","0","7","0","","36","01","2019","2019008489","7","40.25","-76.0854","1923","08","0","0","0","0","0","0","0","0","1","0","0","0","19","2","0","00","1","40 14:59.959","4","00","76 05:07.550","0","0","0","0","36210","0","0","0","N","0","0","0","1","36210","0","","4","07","N","N","0","","0","0","0","0","0","N","1919","0","1","0","0","0","0","0","1","0","1","N","","","","","","","","","","","","10","  ","","",""
"0908","1","0","0","0","0","0","0","0","0","1","0","","36","01","2019","2019008493","3","40.1373","-76.294","0856","08","0","1","0","0","0","0","0","0","","0","0","0","08","1","0","00","0","40 08:14.370","","00","76 17:38.386","0","0","0","0","36235","1","0","0","N","0","0","0","2","36506","0","","4","01","N","N","1","","0","0","0","0","0","","0856","0","2","0","0","0","0","0","1","0","2","N","","","","","","","","","","","","03","  ","","",""
"1729","2","0","0","0","0","0","0","0","0","7","0","","36","01","2019","2019008529","3","40.1432","-76.5962","1726","08","0","0","0","0","0","0","0","0","","0","0","0","17","3","0","02","0","40 08:35.370","","00","76 35:46.214","0","0","0","0","36407","0","0","0","N","0","0","0","3","36407","0","","5","01","N","N","0","","0","0","0","3","2","","1712","0","2","0","0","0","0","0","2","0","2","N","","","","","","","","","","","","03","  ","","",""
"1543","1","0","0","0","0","0","0","0","0","7","0","","36","01","2019","2019008568","7","39.9942","-75.9854","1509","08","0","1","0","0","0","0","0","0","","0","0","0","14","1","0","00","0","39 59:39.180","","00","75 59:07.340","0","0","0","0","36232","0","0","0","N","0","0","0","2","68J01","0","","4","01","N","N","0","","0","0","0","0","0","","1438","0","1","0","0","0","0","0","1","0","1","N","","","","","","","","","","","","03","  ","","",""
"2239","0","0","0","0","0","0","0","0","0","7","0","","36","01","2019","2019008576","4","39.9621","-76.3362","2201","08","0","0","0","0","0","0","0","0","","0","0","0","22","2","1","02","0","39 57:43.567","","00","76 20:10.165","3","0","0","0","36206","0","0","0","N","0","0","0","1","68J01","0","","4","01","N","N","0","","1","0","1","0","0","","2201","1","1","0","0","0","0","0","1","0","1","N","","","","","","","","","","","","03","  ","","",""
"0520","2","0","0","0","0","0","0","0","0","9","0","","36","01","2019","2019008579","6","40.0328","-76.0924","0508","08","0","0","0","0","0","1","0","0","1","0","0","0","05","2","2","00","2","40 01:57.979","5","00","76 05:32.777","3","0","0","0","36221","0","0","0","N","0","0","0","2","68J01","0","","1","01","N","N","0","","2","0","0","0","0","Y","0506","2","2","0","0","0","0","0","1","0","2","N","","","","","","","","","","","","03","  ","","",""
"0958","1","0","0","0","0","0","0","0","0","4","0","","36","01","2019","2019008580","6","40.0392","-76.0644","0921","08","0","0","0","0","0","0","0","0","2","0","0","0","09","1","2","01","1","40 02:21.008","3","00","76 03:51.801","4","0","0","0","36221","0","0","0","N","0","0","0","3","68J01","2","","1","01","N","N","1","","0","0","0","3","3","N","0915","2","2","0","0","0","0","0","1","0","2","N","","","","","","","","","","","","03","  ","","",""
"0116","0","0","0","0","0","0","0","0","0","7","0","","36","01","2019","2019008590","1","40.0368","-76.2867","0116","08","0","0","0","0","0","0","0","0","","0","0","0","01","3","1","00","0","40 02:12.300","","00","76 17:12.230","3","0","0","0","36301","0","0","0","N","0","0","0","2","68J01","0","","2","02","N","N","0","","1","0","1","0","0","","0116","1","1","0","0","1","0","0","3","0","1","N","","","","","","","","","","","","10","  ","","",""
"0752","1","0","0","0","0","0","0","0","0","9","0","","36","01","2019","2019008602","2","40.2264","-76.3031","0721","08","0","0","0","0","0","1","0","0","","0","0","0","07","5","0","00","0","40 13:34.925","","00","76 18:11.043","0","0","0","0","36217","0","0","0","N","0","0","0","1","68J01","0","","1","01","N","N","0","","0","0","0","0","0","","0719","0","1","0","0","0","0","0","1","0","1","N","","","","","","","","","","","","03","  ","","",""
"0836","1","0","0","0","0","0","0","0","0","2","0","","36","01","2019","2019008604","2","40.1565","-75.9936","0803","08","0","0","0","0","0","0","0","0","1","0","0","0","07","1","0","00","1","40 09:23.510","6","00","75 59:36.910","0","0","0","0","36203","0","0","0","N","0","0","0","2","68J01","0","","1","01","N","N","1","","0","0","0","0","0","N","0758","0","2","0","0","0","0","0","1","0","2","N","","","","","","","","","","","","03","  ","","",""
"0834","0","0","0","0","0","0","0","0","0","4","0","","36","01","2019","2019008612","3","39.9615","-76.1028","0815","08","0","0","0","0","0","0","2","0","1","0","0","0","08","1","0","01","1","39 57:41.266","7","00","76 06:10.058","0","0","0","0","36226","0","0","0","N","0","0","0","7","68J01","0","","1","01","N","N","0","","0","0","1","3","3","Y","0812","0","2","0","0","1","0","0","1","1","2","N","","","","","","","","","","","","03","  ","","",""
"1328","0","0","0","0","0","0","0","0","0","0","1","","36","01","2019","2019008614","3","39.7675","-76.0676","1320","08","0","0","0","0","0","1","0","0","3","0","1","0","13","1","0","00","1","39 46:03.180","3","00","76 04:03.316","0","0","0","0","36222","0","0","0","Y","0","0","0","1","68J01","0","","2","01","N","N","0","","0","0","0","0","0","N","1318","0","1","0","0","0","0","0","1","0","1","N","","","","","","","","","","","","03","  ","","",""
"1509","1","0","0","0","0","0","0","0","0","1","0","","36","01","2019","2019008615","3","39.851","-76.2208","1446","08","0","0","1","0","0","2","0","0","2","0","0","0","14","1","1","01","1","39 51:03.737","3","00","76 13:14.888","3","0","0","0","36212","0","0","0","N","0","0","0","3","68J01","0","","1","01","N","N","1","","1","0","1","0","0","N","1438","1","3","0","0","0","0","0","1","0","3","N","","","","","","","","","","","","03","  ","","",""
"1630","0","0","0","0","0","0","0","0","0","7","0","","36","01","2019","2019008616","3","39.8166","-76.1256","1620","08","0","0","0","0","0","0","2","0","6","0","0","0","16","1","2","00","2","39 48:59.705","5","00","76 07:32.132","3","0","0","0","36222","0","0","0","N","0","0","0","9","68J01","0","","4","01","N","N","0","","2","0","0","0","0","Y","1618","2","2","0","0","2","0","0","1","2","2","N","","","","","","","","","","","","03","  ","","",""
"0937","0","0","0","0","0","0","0","0","0","7","0","","36","01","2019","2019008716","6","40.0074","-76.3409","0931","08","0","0","0","0","0","0","0","0","","0","0","0","09","1","1","00","0","40 00:26.807","","00","76 20:27.288","4","0","0","0","36220","0","0","0","N","0","0","0","1","36101","1","","5","02","N","N","0","","0","0","1","0","0","","0929","1","1","0","0","0","0","0","3","0","1","N","","","","","","","","","","","","10","  ","","",""
"1546","2","0","0","0","0","0","0","0","0","4","0","","36","01","2019","2019008717","6","40.0584","-76.2937","1544","08","0","0","0","0","0","0","0","0","1","0","0","0","15","1","0","02","1","40 03:30.355","4","00","76 17:37.150","0","0","0","0","36101","0","0","0","N","0","0","0","2","36101","0","","1","09","N","N","0","","0","0","0","3","3","N","1542","0","2","0","0","0","0","0","3","0","2","N","","","","","","","","","","","","03","  ","","",""
"1240","1","0","0","0","0","0","0","0","0","1","0","","36","01","2019","2019008718","7","40.07","-76.3015","1240","08","0","0","0","0","0","1","0","1","1","0","0","0","12","1","0","00","1","40 04:12.082","1","00","76 18:05.332","0","0","0","0","36101","0","0","0","N","0","0","0","2","36101","0","","1","01","N","N","0","","0","0","1","0","0","N","1240","0","2","0","0","0","0","0","3","0","2","N","","","","","","","","","","","","03","  ","","",""