"ARRIVAL_TM","AUTOMOBILE_COUNT","BELTED_DEATH_COUNT","BELTED_SUSP_SERIOUS_INJ_COUNT","BICYCLE_COUNT","BICYCLE_DEATH_COUNT","BICYCLE_SUSP_SERIOUS_INJ_COUNT","BUS_COUNT","CHLDPAS_DEATH_COUNT","CHLDPAS_SUSP_SERIOUS_INJ_COUNT","COLLISION_TYPE","COMM_VEH_COUNT","CONS_ZONE_SPD_LIM","COUNTY","CRASH_MONTH","CRASH_YEAR","CRN","DAY_OF_WEEK","DEC_LAT","DEC_LONG","DISPATCH_TM","DISTRICT","DRIVER_COUNT_16YR","DRIVER_COUNT_17YR","DRIVER_COUNT_18YR","DRIVER_COUNT_19YR","DRIVER_COUNT_20YR","DRIVER_COUNT_50_64YR","DRIVER_COUNT_65_74YR","DRIVER_COUNT_75PLUS","EST_HRS_CLOSED","FATAL_COUNT","HEAVY_TRUCK_COUNT","HORSE_BUGGY_COUNT","HOUR_OF_DAY","ILLUMINATION","INJURY_COUNT","INTERSECT_TYPE","LANE_CLOSED","LATITUDE","LN_CLOSE_DIR","LOCATION_TYPE","LONGITUDE","MAX_SEVERITY_LEVEL","MCYCLE_DEATH_COUNT","MCYCLE_SUSP_SERIOUS_INJ_COUNT","MOTORCYCLE_COUNT","MUNICIPALITY","NONMOTR_COUNT","NONMOTR_DEATH_COUNT","NONMOTR_SUSP_SERIOUS_INJ_COUNT","NTFY_HIWY_MAINT","PED_COUNT","PED_DEATH_COUNT","PED_SUSP_SERIOUS_INJ_COUNT","PERSON_COUNT","POLICE_AGCY","POSSIBLE_INJ_COUNT","RDWY_SURF_TYPE_CD","RELATION_TO_ROAD","ROAD_CONDITION","SCH_BUS_IND","SCH_ZONE_IND","SMALL_TRUCK_COUNT","SPEC_JURIS_CD","SUSP_MINOR_INJ_COUNT","SUSP_SERIOUS_INJ_COUNT","SUV_COUNT","TCD_FUNC_CD","TCD_TYPE","TFC_DETOUR_IND","TIME_OF_DAY","TOT_INJ_COUNT","TOTAL_UNITS","UNB_DEATH_COUNT","UNB_SUSP_SERIOUS_INJ_COUNT","UNBELTED_OCC_COUNT","UNK_INJ_DEG_COUNT","UNK_INJ_PER_COUNT","URBAN_RURAL","VAN_COUNT","VEHICLE_COUNT","WORK_ZONE_IND","WORK_ZONE_LOC","WORK_ZONE_TYPE","WORKERS_PRES","WZ_CLOSE_DETOUR","WZ_FLAGGER","WZ_LAW_OFFCR_IND","WZ_LN_CLOSURE","WZ_MOVING","WZ_OTHER","WZ_SHLDER_MDN","ROADWAY_CLEARED","WEATHER1","WEATHER2","WZ_WORKERS_INJ_KILLED","SECONDARY_CRASH","INTERSECTION_RELATED"
"2038","2","0","0","0","0","0","0","0","0","4","0","","36","01","2019","2019008719","3","40.0651","-76.3069","2035","08","0","0","0","0","0","0","0","1","2","0","0","0","20","3","2","00","2","40 03:54.436","1","00","76 18:24.865","3","0","0","0","36101","0","0","0","N","0","0","0","3","36101","1","","1","01","N","N","0","","1","0","0","0","0","N","2033","2","2","0","0","0","0","0","3","0","2","N","","","","","","","","","","","","03","  ","","",""
"1743","0","0","0","0","0","0","0","0","0","4","0","","36","01","2019","2019008720","5","40.1118","-76.4494","1740","08","0","0","0","0","0","1","0","0","2","0","0","0","17","3","0","01","1","40 06:42.333","7","00","76 27:05.926","0","0","0","0","36230","0","0","0","N","0","0","0","2","36410","0","","1","01","N","N","1","","0","0","1","3","2","N","1739","0","2","0","0","0","0","0","1","0","2","N","","","","","","","","","","","","03","  ","","",""
"0112","4","0","0","0","0","0","0","0","0","1","0","","36","01","2019","2019008772","1","40.0407","-76.2875","0106","08","0","0","0","0","0","0","0","0","3","0","0","0","00","3","0","00","1","40 02:26.575","1","00","76 17:14.927","9","0","0","0","36301","0","0","0","N","0","0","0","1","36301","0","","2","09","N","N","0","","0","0","0","0","0","N","0042","0","5","0","0","0","0","1","3","1","5","N","","","","","","","","","","","","07","  ","","",""
"1249","0","0","0","0","0","0","0","0","0","4","0","","36","01","2019","2019008789","3","39.8997","-76.3253","1235","08","0","0","0","0","0","0","1","1","","0","0","0","12","1","0","00","0","39 53:59.060","","00","76 19:30.940","9","0","0","0","36224","0","0","0","N","0","0","0","2","68J01","0","","1","01","N","N","1","","0","0","1","0","0","","1233","0","2","0","0","0","0","1","1","0","2","N","","","","","","","","","","","","03","  ","","",""
"0943","0","0","0","0","0","0","0","0","0","7","0","","36","01","2019","2019008793","4","39.9787","-76.3438","0931","08","0","0","0","0","0","0","0","0","1","0","0","0","09","1","2","00","2","39 58:43.270","6","00","76 20:37.797","3","0","0","0","36228","0","0","0","N","0","0","0","2","68J01","0","","5","01","N","N","0","","2","0","1","0","0","Y","0928","2","1","0","0","1","0","0","1","0","1","N","","","","","","","","","","","","03","  ","","",""
"1649","0","0","0","0","0","0","0","0","0","7","0","","36","01","2019","2019008794","4","39.8268","-76.311","1639","08","0","0","0","0","0","0","0","1","2","0","0","0","16","1","0","00","1","39 49:36.544","6","00","76 18:39.514","0","0","0","0","36224","0","0","0","N","0","0","0","1","68J01","0","","4","01","N","N","1","","0","0","0","0","0","N","1637","0","1","0","0","0","0","0","1","0","1","N","","","","","","","","","","","","03","  ","","",""
"1731","0","0","0","0","0","0","0","0","0","5","0","","36","01","2019","2019008851","6","40.0586","-76.3336","1646","08","0","0","0","0","0","0","0","0","1","0","0","0","16","4","0","00","1","40 03:30.931","2","07","76 20:00.993","0","0","0","0","36101","0","0","0","N","0","0","0","2","36101","0","","1","01","N","N","1","","0","0","1","0","0","N","1639","0","2","0","0","0","0","0","3","0","2","N","","","","","","","","","","","","03","  ","","",""
"1254","0","0","0","0","0","0","0","0","0","1","1","","36","01","2019","2019008852","4","40.1139","-76.3056","1239","08","0","0","0","0","0","2","0","0","2","0","1","0","12","1","0","00","1","40 06:50.193","2","00","76 18:20.168","0","0","0","0","36101","0","0","0","N","0","0","0","2","36101","0","","1","01","N","N","0","","0","0","1","3","2","N","1214","0","2","0","0","0","0","0","3","0","2","N","","","","","","","","","","","","03","  ","","",""
"1149","2","0","0","0","0","0","0","0","0","4","0","","36","01","2019","2019008964","5","40.049","-76.3057","1146","08","0","0","0","0","0","0","0","0","2","0","0","0","11","1","2","01","2","40 02:56.518","7","00","76 18:20.618","8","0","0","0","36301","0","0","0","N","0","0","0","3","36301","0","","1","09","N","N","0","","0","0","0","3","3","Y","1146","2","2","0","0","0","2","0","3","0","2","N","","","","","","","","","","","","07","  ","","",""
"1258","1","0","0","0","0","0","0","0","0","4","0","","36","01","2019","2019008981","4","40.1036","-75.9778","1252","08","0","0","0","0","0","0","0","0","2","0","0","0","12","1","1","00","2","40 06:12.840","2","07","75 58:40.230","3","0","0","0","36203","0","0","0","N","0","0","0","2","68J01","0","","1","01","N","N","0","","1","0","0","0","0","N","1248","1","2","0","0","0","0","0","1","1","2","N","","","","","","","","","","","","03","  ","","",""
"0215","0","0","0","0","0","0","0","0","0","7","0","","36","01","2019","2019008983","5","39.9114","-76.1702","0203","08","0","0","0","1","0","0","0","0","","0","0","0","02","2","0","00","0","39 54:41.167","","00","76 10:12.866","0","0","0","0","36216","0","0","0","N","0","0","0","1","68J01","0","","4","01","N","N","0","","0","0","0","0","0","","0201","0","1","0","0","0","0","0","1","1","1","N","","","","","","","","","","","","03","  ","","",""
"1723","0","0","0","0","0","0","0","0","0","4","0","","36","01","2019","2019008984","5","40.0392","-76.0644","1717","08","0","0","0","0","0","1","1","0","1","0","0","0","17","2","0","01","1","40 02:21.008","6","00","76 03:51.801","0","0","0","0","36221","0","0","0","N","0","0","0","2","68J01","0","","1","01","N","N","0","","0","0","2","3","3","N","1715","0","2","0","0","0","0","0","1","0","2","N","","","","","","","","","","","","03","  ","","",""
"1115","0","0","0","0","0","0","0","0","0","1","0","","36","01","2019","2019008985","6","40.2361","-76.0458","1105","08","0","0","0","0","0","0","1","0","2","0","0","0","11","1","2","00","2","40 14:09.812","2","00","76 02:44.877","3","0","0","0","36202","0","0","0","N","0","0","0","2","68J01","0","","1","01","N","N","0","","2","0","1","0","0","Y","1103","2","2","0","0","0","0","0","1","1","2","N","","","","","","","","","","","","03","  ","","",""
"1155","1","0","0","0","0","0","0","0","0","4","0","","36","01","2019","2019009061","5","40.0519","-76.2994","1146","08","0","0","0","0","0","0","0","0","2","0","0","0","11","1","1","01","2","40 03:06.958","5","00","76 17:58.001","4","0","0","0","36301","0","0","0","N","0","0","0","7","36301","1","","1","09","N","N","0","","0","0","2","3","2","Y","1144","1","3","0","0","0","0","0","3","0","3","N","","","","","","","","","","","","07","  ","","",""
"0330","0","0","0","0","0","0","0","0","0","7","0","","36","01","2019","2019009093","1","40.0431","-76.3287","0326","08","0","0","0","0","0","0","0","0","2","0","0","0","03","3","0","00","1","40 02:35.030","2","00","76 19:43.170","0","0","0","0","36220","0","0","0","N","0","0","0","1","36101","0","","4","09","N","N","0","","0","0","1","0","0","N","0323","0","1","0","0","0","0","0","3","0","1","N","","","","","","","","","","","","03","  ","","",""
"0545","1","0","0","0","0","0","0","0","0","4","0","","36","01","2019","2019009134","5","40.0394","-76.2933","0541","08","0","0","0","0","0","0","0","0","2","0","0","0","05","3","2","01","1","40 02:21.961","3","00","76 17:35.719","3","0","0","0","36301","0","0","0","N","0","0","0","3","36301","1","","1","09","N","N","0","","1","0","2","3","3","N","0541","2","3","0","0","0","0","0","3","0","3","N","","","","","","","","","","","","07","  ","","",""
"0235","1","0","0","0","0","0","0","0","0","7","0","","36","01","2019","2019009147","5","40.0377","-76.3078","0233","08","0","0","0","0","0","0","0","0","","0","0","0","02","3","0","10","0","40 02:15.851","","00","76 18:28.000","0","0","0","0","36301","0","0","0","N","0","0","0","1","36301","0","","5","09","N","N","0","","0","0","0","3","2","","0233","0","1","0","0","0","0","0","3","0","1","N","","","","","","","","","","","","07","  ","","",""
"0238","2","0","0","0","0","0","0","0","0","4","0","","36","01","2019","2019009236","5","40.042","-76.2974","0232","08","0","0","0","0","0","0","0","0","","0","0","0","02","3","0","00","0","40 02:31.300","","00","76 17:50.700","0","0","0","0","36301","0","0","0","N","0","0","0","2","36301","0","","1","09","N","N","0","","0","0","0","0","0","","0230","0","2","0","0","0","0","0","3","0","2","N","","","","","","","","","","","","07","  ","","",""
"0016","0","0","0","0","0","0","0","0","0","0","1","","36","01","2019","2019009247","5","40.0841","-76.2721","0010","08","0","0","0","0","0","0","0","0","","0","1","0","00","2","0","00","0","40 05:02.797","","00","76 16:19.608","0","0","0","0","36101","0","0","0","N","0","0","0","2","36101","0","","1","09","N","N","0","","0","0","1","0","0","","0004","0","2","0","0","2","0","0","3","0","2","N","","","","","","","","","","","","07","  ","","",""
"1723","1","0","0","0","0","0","0","0","0","7","0","","36","01","2019","2019009248","5","40.1003","-76.3542","1720","08","0","0","0","0","0","0","0","0","3","0","0","0","17","3","2","00","2","40 06:01.192","5","00","76 21:14.994","3","0","0","0","36406","0","0","0","N","0","0","0","2","36101","0","","4","01","N","N","0","","1","0","0","0","0","Y","1720","2","1","0","0","0","1","0","3","0","1","N","","","","","","","","","","","","03","  ","","",""
"1055","1","0","0","0","0","0","0","0","0","4","0","","36","01","2019","2019009320","2","40.1777","-76.142","1055","08","0","1","0","0","0","0","1","0","1","0","0","0","10","1","0","01","1","40 10:39.874","1","00","76 08:31.236","0","0","0","0","36218","0","0","0","N","0","0","0","2","36408","0","","1","01","N","N","0","","0","0","1","3","3","N","1055","0","2","0","0","0","0","0","1","0","2","N","","","","","","","","","","","","03","  ","","",""
"1616","1","0","0","0","0","0","0","0","0","7","0","","36","01","2019","2019009368","3","39.9037","-76.2419","1605","08","1","0","0","0","0","0","0","0","","0","0","0","16","1","1","02","0","39 54:13.186","","00","76 14:30.682","3","0","0","0","36229","0","0","0","N","0","0","0","1","68J01","0","","4","01","N","N","0","","1","0","0","3","3","","1601","1","2","0","0","0","0","0","1","0","1","N","","","","","","","","","","","","03","  ","","",""
"1530","0","0","0","0","0","0","0","0","0","2","0","","36","01","2019","2019009370","5","39.7752","-76.0753","1500","08","0","0","0","0","1","0","0","0","2","0","0","0","14","1","1","00","2","39 46:30.543","5","00","76 04:31.055","3","0","0","0","36222","0","0","0","N","0","0","0","2","68J01","0","","1","01","N","N","0","","1","0","2","0","0","Y","1456","1","2","0","0","0","0","0","1","0","2","N","","","","","","","","","","","","03","  ","","",""
"0650","2","0","0","0","0","0","0","0","0","4","0","","36","01","2019","2019009460","2","40.0768","-76.3375","0643","08","0","0","0","0","0","1","0","0","1","0","0","0","06","3","2","02","2","40 04:36.354","1","00","76 20:15.318","3","0","0","0","36101","0","0","0","N","0","0","0","3","36101","1","","1","01","N","N","0","","1","0","0","3","2","N","0641","2","2","0","0","0","0","0","3","0","2","N","","","","","","","","","","","","03","  ","","",""
"1537","1","0","0","0","0","0","0","0","0","4","0","","36","01","2019","2019009461","3","40.06","-76.2775","1527","08","0","0","0","0","0","1","1","0","","0","0","0","15","1","1","01","0","40 03:36.113","","02","76 16:38.939","4","0","0","0","36101","0","0","0","N","0","0","0","2","36101","1","","1","01","N","N","0","","0","0","1","3","2","","1522","1","2","0","0","0","0","0","3","0","2","N","","","","","","","","","","","","03","  ","","",""
"2310","1","0","0","0","0","0","0","0","0","4","0","","36","01","2019","2019009462","5","40.0691","-76.3569","2310","08","0","0","0","0","0","1","0","0","","0","0","0","23","3","0","01","0","40 04:08.816","","00","76 21:24.786","0","0","0","0","36214","0","0","0","N","0","0","0","3","36214","0","","1","01","N","N","0","","0","0","1","3","2","","2308","0","2","0","0","0","0","0","3","0","2","N","","","","","","","","","","","","03","  ","","",""
"2225","0","0","1","0","0","0","0","0","0","7","0","","36","01","2019","2019009463","5","40.0869","-76.4199","2218","08","0","0","0","0","0","0","0","0","2","0","0","0","22","2","1","00","2","40 05:12.950","5","00","76 25:11.690","2","0","0","0","36214","0","0","0","N","0","0","0","1","36214","0","","4","01","N","N","0","","0","1","1","0","0","Y","2200","1","1","0","0","0","0","0","3","0","1","N","","","","","","","","","","","","03","  ","","",""
"0359","1","0","0","0","0","0","0","0","0","7","0","","36","01","2019","2019009470","4","40.2046","-76.1308","0353","08","0","0","0","0","0","0","0","0","","0","0","0","03","3","1","00","0","40 12:16.499","","00","76 07:50.802","3","0","0","0","36210","0","0","0","N","0","0","0","1","36210","0","","5","01","N","N","0","","1","0","0","0","0","","0300","1","1","0","0","0","0","0","1","0","1","N","","","","","","","","","","","","03","  ","","",""
"1734","1","0","0","0","0","0","0","0","0","4","0","","36","01","2019","2019009475","6","40.2438","-76.1313","1731","08","0","0","0","1","0","0","0","0","","0","0","0","17","2","0","03","0","40 14:37.753","","00","76 07:52.619","0","0","0","0","36210","0","0","0","N","0","0","0","2","36210","0","","1","01","N","N","0","","0","0","1","3","3","","1727","0","2","0","0","0","0","0","1","0","2","N","","","","","","","","","","","","03","  ","","",""
"1716","2","0","0","0","0","0","0","0","0","4","0","","36","01","2019","2019009595","6","40.1033","-76.0871","1712","08","0","0","0","0","0","2","0","0","","0","0","0","17","3","0","01","0","40 06:11.878","","00","76 05:13.467","0","0","0","0","36415","0","0","0","N","0","0","0","2","36415","0","","1","01","N","N","0","","0","0","0","3","2","","1712","0","2","0","0","0","0","0","1","0","2","N","","","","","","","","","","","","03","  ","","",""
"1527","0","0","0","0","0","0","0","0","0","1","0","","36","01","2019","2019009596","6","40.0955","-76.1095","1525","08","0","0","0","0","0","0","0","0","","0","0","0","15","1","0","00","0","40 05:43.721","","00","76 06:34.345","0","0","0","0","36209","0","0","0","N","0","0","0","2","36415","0","","1","01","N","N","0","","0","0","1","0","0","","1524","0","2","0","0","0","0","0","1","1","2","N","","","","","","","","","","","","03","  ","","",""
"0045","0","0","0","0","0","0","0","0","0","7","0","","36","01","2019","2019009597","1","40.1271","-76.0733","0045","08","0","0","0","0","0","0","0","0","","0","0","0","00","2","1","02","0","40 07:37.575","","00","76 04:24.021","8","0","0","0","36209","0","0","0","N","0","0","0","1","36415","0","","4","02","N","N","0","","0","0","0","3","8","","0045","1","1","0","0","1","1","0","1","1","1","N","","","","","","","","","","","","10","  ","","",""
"0910","3","0","0","0","0","0","0","0","0","4","0","","36","01","2019","2019009598","2","40.0592","-76.069","0904","08","0","0","0","0","0","1","0","0","","0","0","0","09","1","0","02","0","40 03:33.201","","00","76 04:08.417","0","0","0","0","36209","0","0","0","N","0","0","0","3","36415","0","","1","01","N","N","0","","0","0","0","3","3","","0900","0","3","0","0","0","0","0","1","0","3","N","","","","","","","","","","","","03","  ","","",""
"1020","1","0","0","0","0","0","0","0","0","6","1","","36","01","2019","2019009599","4","40.1058","-76.0749","1016","08","0","0","0","0","0","0","1","0","","0","1","0","10","1","0","00","0","40 06:20.741","","00","76 04:29.665","0","0","0","0","36415","0","0","0","N","0","0","0","2","36415","0","","1","01","N","N","0","","0","0","0","0","0","","1015","0","2","0","0","0","0","0","1","0","2","N","","","","","","","","","","","","03","  ","","",""
"1743","1","0","0","0","0","0","0","0","0","7","0","","36","01","2019","2019009600","4","40.1066","-76.0676","1741","08","0","0","0","0","0","0","0","0","1","0","0","0","17","3","0","01","2","40 06:23.763","3","00","76 04:03.457","0","0","0","0","36209","0","0","0","N","0","0","0","1","36415","0","","5","01","N","N","0","","0","0","0","0","0","N","1741","0","1","0","0","0","0","0","1","0","1","N","","","","","","","","","","","","03","  ","","",""
"1833","0","0","0","1","0","0","0","0","0","4","0","","36","01","2019","2019009601","4","40.1057","-76.0884","1830","08","0","0","0","0","0","1","0","0","","0","0","0","18","2","1","02","0","40 06:20.654","","00","76 05:18.100","8","0","0","0","36415","1","0","0","N","0","0","0","2","36415","0","","1","01","N","N","0","","0","0","1","0","0","","1829","1","2","0","0","0","1","0","1","0","1","N","","","","","","","","","","","","03","  ","","",""
"0722","1","0","0","0","0","0","0","0","0","7","0","","36","01","2019","2019009602","6","40.1495","-76.0748","0717","08","0","1","0","0","0","0","0","0","","0","0","0","07","1","0","00","0","40 08:58.370","","00","76 04:29.270","0","0","0","0","36209","0","0","0","N","0","0","0","1","36415","0","","5","06","N","N","0","","0","0","0","9","9","","0717","0","1","0","0","0","0","0","1","0","1","N","","","","","","","","","","","","99","  ","","",""
"1600","2","0","0","0","0","0","0","0","0","4","0","","36","01","2019","2019009603","6","40.1028","-76.0775","1557","08","0","0","0","1","0","0","1","0","","0","0","0","15","1","0","01","0","40 06:09.921","","00","76 04:39.151","0","0","0","0","36415","0","0","0","N","0","0","0","4","36415","0","","1","01","N","N","0","","0","0","0","3","3","","1557","0","2","0","0","0","0","0","1","0","2","N","","","","","","","","","","","","03","  ","","",""
"1810","1","0","0","0","0","0","0","0","0","7","0","","36","01","2019","2019009604","6","40.1242","-76.0859","1804","08","0","0","0","0","0","0","0","0","1","0","0","0","18","2","0","00","2","40 07:27.290","5","00","76 05:09.200","0","0","0","0","36209","0","0","0","N","0","0","0","1","36415","0","","5","01","N","N","0","","0","0","0","0","0","N","1804","0","1","0","0","0","0","0","1","0","1","N","","","","","","","","","","","","03","  ","","",""
"1155","1","0","0","0","0","0","0","0","0","4","0","","36","01","2019","2019009629","6","40.0289","-76.2908","1148","08","0","1","0","1","0","0","0","0","","0","0","0","11","1","0","01","0","40 01:43.900","","00","76 17:26.900","0","0","0","0","36301","0","0","0","N","0","0","0","2","36301","0","","1","01","N","N","0","","0","0","1","3","3","","1148","0","2","0","0","0","0","0","3","0","2","N","","","","","","","","","","","","03","  ","","",""
"1138","1","0","0","0","0","0","0","0","0","0","0","","36","01","2019","2019009636","6","40.0373","-76.5153","1128","08","0","0","0","0","0","1","0","0","2","0","0","0","11","1","0","00","1","40 02:14.212","4","03","76 30:55.141","0","0","0","0","36239","0","0","0","Y","0","0","0","2","36239","0","","1","01","N","N","1","","0","0","0","0","0","N","1125","0","2","0","0","0","0","0","3","0","2","N","","","","","","","","","","","","03","  ","","",""
"0704","0","0","0","0","0","0","0","0","0","9","0","","36","01","2019","2019009646","6","40.2821","-76.109","0701","08","0","0","0","0","0","1","0","0","","0","0","0","07","1","0","00","0","40 16:55.650","","00","76 06:32.341","0","0","0","0","36236","0","0","0","N","0","0","0","1","36408","0","","1","01","N","N","0","","0","0","1","0","0","","0701","0","1","0","0","0","0","0","1","0","1","N","","","","","","","","","","","","03","  ","","",""
"1619","1","0","0","0","0","0","0","0","0","1","0","","36","01","2019","2019009647","6","40.1694","-76.1978","1615","08","0","0","0","0","0","1","1","0","1","0","0","0","16","1","0","01","1","40 10:09.748","3","00","76 11:51.952","0","0","0","0","36408","0","0","0","N","0","0","0","2","36408","0","","1","01","N","N","0","","0","0","1","3","2","Y","1611","0","2","0","0","0","0","0","2","0","2","N","","","","","","","","","","","","03","  ","","",""
"0750","1","0","0","0","0","0","0","0","0","5","0","","36","01","2019","2019009663","3","40.0432","-76.4852","0746","08","0","0","0","0","0","1","0","0","2","0","0","0","07","1","0","00","1","40 02:35.418","3","00","76 29:06.730","0","0","0","0","36404","0","0","0","N","0","0","0","2","36404","0","","1","01","N","N","0","","0","0","1","0","0","N","0745","0","2","0","0","0","0","0","3","0","2","N","","","","","","","","","","","","03","  ","","",""
"0020","0","0","0","0","0","0","0","0","0","7","0","","36","01","2019","2019009739","1","40.0532","-76.273","0015","08","0","0","0","0","0","0","0","0","","0","0","0","00","2","0","00","0","40 03:11.601","","03","76 16:22.630","0","0","0","0","36301","0","0","0","N","0","0","0","1","36301","0","","3","07","N","N","1","","0","0","0","0","0","N","0010","0","1","0","0","0","0","0","3","0","1","N","","","","","","","","","","","","10","  ","","",""
"0818","0","0","0","0","0","0","0","0","0","0","1","","36","01","2019","2019009753","6","40.0525","-76.3938","0812","08","0","0","0","0","0","1","0","0","3","0","1","0","08","1","1","00","2","40 03:08.822","3","02","76 23:37.764","3","0","0","0","36214","0","0","0","N","0","0","0","1","36214","0","","2","01","N","N","0","","1","0","0","0","0","Y","0808","1","1","0","0","0","0","0","3","0","1","N","","","","","","","","","","","","03","  ","","",""
"1644","0","0","0","0","0","0","0","0","0","7","0","","36","01","2019","2019009850","3","40.0446","-76.3273","1640","08","0","0","0","0","0","1","0","0","2","0","0","0","16","1","0","02","1","40 02:40.579","2","00","76 19:38.450","0","0","0","0","36220","0","0","0","N","0","0","0","1","36101","0","","5","01","N","N","0","","0","0","1","0","0","N","1637","0","1","0","0","0","0","0","3","0","1","N","","","","","","","","","","","","03","  ","","",""
"1531","0","0","0","0","0","0","0","0","0","1","0","","36","01","2019","2019009851","6","40.0679","-76.3014","1516","08","0","0","0","0","0","0","1","0","","0","0","0","15","1","0","00","0","40 04:04.577","","00","76 18:04.967","0","0","0","0","36101","0","0","0","N","0","0","0","4","36101","0","","1","01","N","N","0","","0","0","2","0","0","","1510","0","2","0","0","0","0","0","3","0","2","N","","","","","","","","","","","","03","  ","","",""
"1200","0","0","0","0","0","0","0","0","0","1","1","","36","01","2019","2019009852","7","40.0696","-76.3314","1155","08","0","0","0","0","0","0","0","0","2","0","1","0","11","1","0","00","1","40 04:10.444","2","00","76 19:53.041","0","0","0","0","36101","0","0","0","N","0","0","0","2","36101","0","","1","01","N","N","0","","0","0","1","3","2","N","1154","0","2","0","0","0","0","0","3","0","2","N","","","","","","","","","","","","03","  ","","",""
"1310","2","0","0","0","0","0","0","0","0","1","0","","36","01","2019","2019009853","7","40.068","-76.2941","1307","08","0","0","0","0","0","2","1","0","","0","0","0","13","1","0","00","0","40 04:04.624","","02","76 17:38.797","0","0","0","0","36101","0","0","0","N","0","0","0","6","36101","0","","1","01","N","N","0","","0","0","1","0","0","","1306","0","4","0","0","0","0","0","3","1","4","N","","","","","","","","","","","","03","  ","","",""
"1804","1","0","0","0","0","0","0","0","0","7","0","","36","01","2019","2019009854","4","40.0343","-76.4125","1758","08","0","0","0","0","0","1","0","0","2","0","0","0","17","2","0","00","2","40 02:03.560","5","00","76 24:45.120","0","0","0","0","36223","0","0","0","N","0","0","0","1","36223","0","","4","01","N","N","0","","0","0","0","0","0","Y","1758","0","1","0","0","0","0","0","1","0","1","N","","","","","","","","","","","","03","  ","","",""
"1258","2","0","0","0","0","0","0","0","0","4","0","","36","01","2019","2019009868","7","40.0358","-76.2943","1256","08","0","0","0","0","0","0","0","0","2","0","0","0","12","1","1","00","2","40 02:09.000","5","00","76 17:39.600","8","0","0","0","36301","0","0","0","N","0","0","0","1","36301","0","","1","01","N","N","1","","0","0","0","0","0","Y","1256","1","3","0","0","0","1","0","3","0","3","N","","","","","","","","","","","","03","  ","","",""
"1320","2","0","0","0","0","0","0","0","0","4","0","","36","01","2019","2019009893","5","40.0393","-76.3081","1316","08","0","0","0","0","0","0","1","0","1","0","0","0","13","1","0","00","2","40 02:21.379","4","00","76 18:29.153","0","0","0","0","36301","0","0","0","N","0","0","0","2","36301","0","","1","09","N","N","0","","0","0","0","0","0","Y","1316","0","2","0","0","0","0","0","3","0","2","N","","","","","","","","","","","","07","  ","","",""
"1520","1","0","0","0","0","0","0","0","0","4","0","","36","01","2019","2019009985","1","40.0907","-76.5924","1513","08","0","0","0","0","0","1","0","0","","0","0","0","15","1","0","01","0","40 05:26.665","","00","76 35:32.496","0","0","0","0","36211","0","0","0","N","0","0","0","2","36504","0","","1","01","","","0","","0","0","1","3","3","","1513","0","2","0","0","0","0","0","1","0","2","N","","","","","","","","","","","","03","  ","","",""
"1810","1","0","0","0","0","0","0","0","0","1","0","","36","01","2019","2019010028","1","40.0064","-76.2964","1810","08","0","0","0","0","0","0","0","0","2","0","0","0","18","3","0","00","2","40 00:22.903","5","00","76 17:47.219","0","0","0","0","36240","0","0","0","N","0","0","0","7","36240","0","","1","01","N","N","0","","0","0","1","0","0","Y","1810","0","2","0","0","0","0","0","1","0","2","N","","","","","","","","","","","","03","  ","","",""
"2011","2","0","0","0","0","0","0","0","0","4","0","","36","01","2019","2019010045","1","39.9858","-76.2836","2005","08","0","0","1","0","0","0","0","0","","0","0","0","20","3","0","01","0","39 59:08.888","","00","76 17:01.092","0","0","0","0","36240","0","0","0","N","0","0","0","6","36240","0","","1","01","N","N","0","","0","0","0","3","2","","2004","0","2","0","0","0","0","0","1","0","2","N","","","","","","","","","","","","03","  ","","",""
"0116","3","0","0","0","0","0","0","0","0","5","0","","36","01","2019","2019010104","2","40.0385","-76.3158","0113","08","0","0","0","0","0","0","0","0","1","0","0","0","01","3","0","00","2","40 02:18.500","4","00","76 18:57.000","9","0","0","0","36301","0","0","0","N","0","0","0","1","36301","0","","6","01","N","N","0","","0","0","0","0","0","Y","0113","0","3","0","0","0","0","1","3","0","3","N","","","","","","","","","","","","03","  ","","",""
"1005","2","0","0","0","0","0","0","0","0","1","0","","36","01","2019","2019010128","7","40.0643","-76.3414","0956","08","0","0","0","0","0","1","1","1","2","0","0","0","09","1","0","00","1","40 03:51.629","4","00","76 20:28.920","0","0","0","0","36101","0","0","0","N","0","0","0","3","36101","0","","1","01","N","N","0","","0","0","1","0","0","N","0955","0","3","0","0","0","0","0","3","0","3","N","","","","","","","","","","","","03","  ","","",""
"1211","1","0","0","0","0","0","0","0","0","4","0","","36","01","2019","2019010129","7","40.0537","-76.3253","1202","08","0","0","0","0","0","1","1","0","","0","0","0","11","1","1","02","0","40 03:13.400","","00","76 19:31.003","8","0","0","0","36101","0","0","0","N","0","0","0","2","36101","0","","1","01","N","N","0","","0","0","1","0","0","","1158","1","2","0","0","0","1","0","3","0","2","N","","","","","","","","","","","","03","  ","","",""