"ARRIVAL_TM","AUTOMOBILE_COUNT","BELTED_DEATH_COUNT","BELTED_SUSP_SERIOUS_INJ_COUNT","BICYCLE_COUNT","BICYCLE_DEATH_COUNT","BICYCLE_SUSP_SERIOUS_INJ_COUNT","BUS_COUNT","CHLDPAS_DEATH_COUNT","CHLDPAS_SUSP_SERIOUS_INJ_COUNT","COLLISION_TYPE","COMM_VEH_COUNT","CONS_ZONE_SPD_LIM","COUNTY","CRASH_MONTH","CRASH_YEAR","CRN","DAY_OF_WEEK","DEC_LAT","DEC_LONG","DISPATCH_TM","DISTRICT","DRIVER_COUNT_16YR","DRIVER_COUNT_17YR","DRIVER_COUNT_18YR","DRIVER_COUNT_19YR","DRIVER_COUNT_20YR","DRIVER_COUNT_50_64YR","DRIVER_COUNT_65_74YR","DRIVER_COUNT_75PLUS","EST_HRS_CLOSED","FATAL_COUNT","HEAVY_TRUCK_COUNT","HORSE_BUGGY_COUNT","HOUR_OF_DAY","ILLUMINATION","INJURY_COUNT","INTERSECT_TYPE","LANE_CLOSED","LATITUDE","LN_CLOSE_DIR","LOCATION_TYPE","LONGITUDE","MAX_SEVERITY_LEVEL","MCYCLE_DEATH_COUNT","MCYCLE_SUSP_SERIOUS_INJ_COUNT","MOTORCYCLE_COUNT","MUNICIPALITY","NONMOTR_COUNT","NONMOTR_DEATH_COUNT","NONMOTR_SUSP_SERIOUS_INJ_COUNT","NTFY_HIWY_MAINT","PED_COUNT","PED_DEATH_COUNT","PED_SUSP_SERIOUS_INJ_COUNT","PERSON_COUNT","POLICE_AGCY","POSSIBLE_INJ_COUNT","RDWY_SURF_TYPE_CD","RELATION_TO_ROAD","ROAD_CONDITION","SCH_BUS_IND","SCH_ZONE_IND","SMALL_TRUCK_COUNT","SPEC_JURIS_CD","SUSP_MINOR_INJ_COUNT","SUSP_SERIOUS_INJ_COUNT","SUV_COUNT","TCD_FUNC_CD","TCD_TYPE","TFC_DETOUR_IND","TIME_OF_DAY","TOT_INJ_COUNT","TOTAL_UNITS","UNB_DEATH_COUNT","UNB_SUSP_SERIOUS_INJ_COUNT","UNBELTED_OCC_COUNT","UNK_INJ_DEG_COUNT","UNK_INJ_PER_COUNT","URBAN_RURAL","VAN_COUNT","VEHICLE_COUNT","WORK_ZONE_IND","WORK_ZONE_LOC","WORK_ZONE_TYPE","WORKERS_PRES","WZ_CLOSE_DETOUR","WZ_FLAGGER","WZ_LAW_OFFCR_IND","WZ_LN_CLOSURE","WZ_MOVING","WZ_OTHER","WZ_SHLDER_MDN","ROADWAY_CLEARED","WEATHER1","WEATHER2","WZ_WORKERS_INJ_KILLED","SECONDARY_CRASH","INTERSECTION_RELATED"
"2326","1","0","0","0","0","0","0","0","0","7","0","","36","01","2019","2019010131","5","40.0392","-76.3886","2325","08","0","0","0","0","1","0","0","0","","0","0","0","23","3","1","00","0","40 02:21.080","","00","76 23:19.030","8","0","0","0","36223","0","0","0","N","0","0","0","1","36223","0","","4","07","N","N","0","","0","0","0","0","0","","2320","1","1","0","0","0","1","0","1","0","1","N","","","","","","","","","","","","10","  ","","",""
"0713","2","0","0","0","0","0","0","0","0","4","0","","36","01","2019","2019010194","2","40.1866","-76.2828","0713","08","0","0","0","1","0","0","0","0","","0","0","0","07","1","0","03","0","40 11:11.706","","00","76 16:58.157","0","0","0","0","36235","0","0","0","N","0","0","0","2","36506","0","","1","01","N","N","0","","0","0","0","0","0","","0713","0","2","0","0","0","0","0","1","0","2","N","","","","","","","","","","","","03","  ","","",""
"0636","0","0","0","0","0","0","0","0","0","1","0","","36","01","2019","2019010231","2","40.2168","-76.1194","0630","08","0","0","0","0","0","0","0","0","","0","0","0","06","5","0","01","0","40 13:00.428","","00","76 07:09.824","0","0","0","0","36210","0","0","0","N","0","0","0","2","36210","0","","1","01","N","N","0","","0","0","2","0","0","","0629","0","2","0","0","0","0","0","1","0","2","N","","","","","","","","","","","","03","  ","","",""
"1548","2","0","0","0","0","0","0","0","0","4","0","","36","01","2019","2019010297","7","40.2215","-76.3033","1522","08","0","0","0","0","0","1","0","0","2","0","0","0","14","1","0","00","1","40 13:17.555","5","07","76 18:11.911","0","0","0","0","36217","0","0","0","N","0","0","0","3","68J01","0","","1","09","N","N","0","","0","0","0","0","0","N","1458","0","2","0","0","0","0","0","1","0","2","N","","","","","","","","","","","","03","  ","","",""
"1514","0","0","0","0","0","0","0","0","0","2","0","","36","01","2019","2019010387","2","40.1641","-76.1539","1510","08","1","0","0","0","0","0","0","0","2","0","0","0","15","1","0","00","1","40 09:51.131","6","00","76 09:15.503","0","0","0","0","36218","0","0","0","N","0","0","0","2","36408","0","","1","01","N","N","0","","0","0","2","3","2","N","1510","0","2","0","0","0","0","0","1","0","2","N","","","","","","","","","","","","03","  ","","",""
"0856","0","0","0","0","0","0","0","0","0","1","0","","36","01","2019","2019010413","6","40.1068","-76.3055","0856","08","0","0","0","0","0","1","0","0","1","0","0","0","08","1","1","00","1","40 06:24.617","1","00","76 18:19.697","3","0","0","0","36101","0","0","0","N","0","0","0","4","36101","0","","1","01","N","N","0","","1","0","2","0","0","N","0853","1","2","0","0","0","0","0","3","0","2","N","","","","","","","","","","","","03","  ","","",""
"2047","1","0","0","0","0","0","0","0","0","7","0","","36","01","2019","2019010414","7","40.0197","-76.2378","2038","08","0","1","0","0","0","0","0","0","2","0","0","0","20","3","0","00","1","40 01:11.097","1","00","76 14:16.172","0","0","0","0","36215","0","0","0","N","0","0","0","1","36215","0","","2","07","N","N","0","","0","0","0","0","0","N","2037","0","1","0","0","0","0","0","1","0","1","N","","","","","","","","","","","","10","  ","","",""
"1659","2","0","0","0","0","0","0","0","0","1","0","","36","01","2019","2019010415","4","40.0786","-76.2547","1648","08","0","0","1","0","0","0","0","0","2","0","0","0","16","1","1","00","1","40 04:42.990","4","00","76 15:16.804","3","0","0","0","36215","0","0","0","N","0","0","0","2","36215","0","","1","01","N","N","0","","1","0","0","0","0","N","1645","1","2","0","0","0","0","0","1","0","2","N","","","","","","","","","","","","03","  ","","",""
"1040","1","0","0","0","0","0","0","0","0","1","0","","36","01","2019","2019010416","5","40.0306","-76.2343","1037","08","0","0","0","0","0","0","0","0","1","0","0","0","10","1","1","05","1","40 01:50.123","3","00","76 14:03.641","3","0","0","0","36215","0","0","0","N","0","0","0","2","36215","0","","1","01","N","N","0","","1","0","1","3","2","N","1035","1","2","0","0","0","0","0","1","0","2","N","","","","","","","","","","","","03","  ","","",""
"1812","1","0","0","0","0","0","0","0","0","4","0","","36","01","2019","2019010417","7","40.02","-76.2382","1809","08","0","0","0","1","0","0","0","0","2","0","0","0","18","3","0","01","1","40 01:11.798","5","00","76 14:17.283","0","0","0","0","36215","0","0","0","N","0","0","0","3","36215","0","","1","01","N","N","1","","0","0","0","3","2","N","1804","0","2","0","0","0","0","0","1","0","2","N","","","","","","","","","","","","03","  ","","",""
"1546","0","0","0","0","0","0","0","0","0","1","0","","36","01","2019","2019010453","2","40.1399","-76.3827","1541","08","0","0","0","0","0","1","0","0","1","0","0","0","15","1","0","01","1","40 08:23.771","1","00","76 22:57.704","9","0","0","0","36227","0","0","0","N","0","0","0","3","36506","0","","1","01","N","N","1","","0","0","1","3","2","N","1541","0","2","0","0","0","0","1","1","0","2","N","","","","","","","","","","","","03","  ","","",""
"2109","1","0","0","0","0","0","0","0","0","7","0","","36","01","2019","2019010454","7","40.1421","-76.4083","2101","08","0","0","0","0","0","0","0","0","","0","0","0","21","2","0","02","0","40 08:31.725","","00","76 24:29.930","0","0","0","0","36227","0","0","0","N","0","0","0","1","36506","0","","5","01","N","N","0","","0","0","0","0","0","","2101","0","1","0","0","0","0","0","1","0","1","N","","","","","","","","","","","","03","  ","","",""
"2221","1","0","0","0","0","0","0","0","0","7","0","","36","01","2019","2019010492","2","40.1888","-76.1849","2219","08","0","0","1","0","0","0","0","0","2","0","0","0","22","3","1","00","2","40 11:19.636","6","00","76 11:05.498","3","0","0","0","36408","0","0","0","N","0","0","0","1","36408","0","","2","01","N","N","0","","1","0","0","0","0","Y","2218","1","1","0","0","0","0","0","2","0","1","N","","","","","","","","","","","","03","  ","","",""
"1404","0","0","0","0","0","0","0","0","0","7","0","","36","01","2019","2019010677","1","40.1449","-76.281","1401","08","0","0","0","0","0","0","0","0","2","0","0","0","14","1","1","00","1","40 08:41.676","6","00","76 16:51.557","8","0","0","0","36235","0","0","0","N","0","0","0","1","36506","0","","5","01","N","N","0","","0","0","1","0","0","N","1401","1","1","0","0","0","1","0","1","0","1","N","","","","","","","","","","","","03","  ","","",""
"1246","0","0","0","0","0","0","0","0","0","7","0","","36","01","2019","2019010733","3","40.2431","-76.1027","1239","08","0","0","0","0","0","0","0","0","","0","0","0","12","1","1","00","0","40 14:35.014","","00","76 06:09.757","3","0","0","0","36210","0","0","0","N","0","0","0","3","36210","0","","5","07","N","N","1","","1","0","0","0","0","","1239","1","1","0","0","0","0","0","1","0","1","N","","","","","","","","","","","","10","  ","","",""
"0249","1","0","0","0","0","0","0","0","0","7","0","","36","01","2019","2019010892","1","40.0569","-76.2676","0245","08","0","0","0","0","0","0","0","0","","0","0","0","02","3","0","00","0","40 03:24.765","","02","76 16:03.290","9","0","0","0","36215","0","0","0","N","0","0","0","1","36215","0","","4","07","N","N","0","","0","0","0","0","0","","0237","0","1","0","0","0","0","1","1","0","1","N","","","","","","","","","","","","10","  ","","",""
"0935","1","0","0","0","0","0","0","0","0","2","0","","36","01","2019","2019010893","1","40.0291","-76.2469","0931","08","0","0","0","0","0","0","0","0","1","0","0","0","09","1","0","00","2","40 01:44.860","6","00","76 14:48.670","0","0","0","0","36215","0","0","0","N","0","0","0","2","36215","0","","1","06","N","N","0","","0","0","1","0","0","Y","0929","0","2","0","0","1","0","0","1","0","2","N","","","","","","","","","","","","10","  ","","",""
"1036","1","0","0","0","0","0","0","0","0","7","0","","36","01","2019","2019010894","1","40.0331","-76.2452","1036","08","0","0","0","0","0","0","0","0","2","0","0","0","10","1","0","10","2","40 01:59.084","1","00","76 14:42.829","0","0","0","0","36215","0","0","0","N","0","0","0","3","36215","0","","2","06","N","N","0","","0","0","0","0","0","Y","1031","0","1","0","0","1","0","0","1","0","1","N","","","","","","","","","","","","03","  ","","",""
"0920","1","0","0","0","0","0","0","0","0","7","0","","36","01","2019","2019010896","6","40.0824","-76.1905","0920","08","0","0","0","0","0","0","0","0","","0","0","0","22","2","0","00","0","40 04:56.502","","00","76 11:25.803","0","0","0","0","36234","0","0","0","N","0","0","0","1","36215","0","","4","01","N","N","0","","0","0","0","0","0","","2200","0","1","0","0","0","0","0","1","0","1","N","","","","","","","","","","","","03","  ","","",""
"1618","0","0","0","0","0","0","0","0","0","7","0","","36","01","2019","2019010962","3","40.0955","-76.0401","1609","08","0","0","0","1","0","0","0","0","4","0","0","0","16","1","0","00","2","40 05:43.815","4","00","76 02:24.311","0","0","0","0","36213","0","0","0","N","0","0","0","1","36213","0","","5","07","N","N","0","","0","0","1","0","0","N","1605","0","1","0","0","0","0","0","1","0","1","N","","","","","","","","","","","","10","  ","","",""
"1544","2","0","0","0","0","0","0","0","0","1","0","","36","01","2019","2019011077","5","40.0407","-76.3797","1533","08","0","0","0","0","0","0","1","0","","0","0","0","15","1","0","00","0","40 02:26.591","","00","76 22:46.922","0","0","0","0","36214","0","0","0","N","0","0","0","2","36214","0","","1","01","N","N","0","","0","0","0","3","2","","1525","0","2","0","0","0","0","0","3","0","2","N","","","","","","","","","","","","03","  ","","",""
"0442","0","0","0","0","0","0","0","0","0","7","0","","36","01","2019","2019011084","2","40.0563","-76.3326","0438","08","0","0","0","0","0","0","0","0","2","0","0","0","04","2","0","00","2","40 03:22.500","3","00","76 19:57.450","0","0","0","0","36101","0","0","0","N","0","0","0","1","36101","0","","2","01","N","N","0","","0","0","1","0","0","N","0438","0","1","0","0","0","0","0","3","0","1","N","","","","","","","","","","","","03","  ","","",""
"0759","1","0","0","1","0","0","0","0","0","4","0","","36","01","2019","2019011085","2","40.0547","-76.2968","0756","08","0","0","0","0","0","0","0","0","","0","0","0","07","1","1","01","0","40 03:17.096","","00","76 17:48.451","4","0","0","0","36101","1","0","0","N","0","0","0","2","36101","1","","1","01","N","N","0","","0","0","0","3","3","","0750","1","2","0","0","1","0","0","3","0","1","N","","","","","","","","","","","","03","  ","","",""
"1517","0","0","0","0","0","0","0","0","0","4","0","","36","01","2019","2019011087","3","40.0741","-76.2771","1515","08","0","0","0","0","0","0","1","0","2","0","0","0","15","1","2","02","1","40 04:26.644","4","00","76 16:37.523","3","0","0","0","36101","0","0","0","N","0","0","0","3","36101","1","","1","07","N","N","0","","1","0","2","3","3","N","1514","2","2","0","0","0","0","0","3","0","2","N","","","","","","","","","","","","10","  ","","",""
"1849","1","0","0","0","0","0","0","0","0","4","0","","36","01","2019","2019011088","3","40.0666","-76.3073","1837","08","0","0","0","0","0","1","0","0","2","0","0","0","18","3","1","00","1","40 03:59.801","1","00","76 18:26.124","3","0","0","0","36101","0","0","0","N","0","0","0","2","36101","0","","1","06","N","N","0","","1","0","1","0","0","N","1834","1","2","0","0","0","0","0","3","0","2","N","","","","","","","","","","","","10","  ","","",""
"1030","1","0","0","0","0","0","0","0","0","7","0","","36","01","2019","2019011204","4","40.2339","-76.1336","1021","08","0","0","1","0","0","0","0","0","","0","0","0","10","1","0","00","0","40 14:01.900","","00","76 08:01.000","0","0","0","0","36405","0","0","0","N","0","0","0","1","36210","0","","5","06","N","N","0","","0","0","0","0","0","","1015","0","1","0","0","1","0","0","1","0","1","N","","","","","","","","","","","","03","  ","","",""
"0913","1","0","0","0","0","0","0","0","0","7","0","","36","01","2019","2019011231","4","40.2756","-76.0998","0907","08","0","0","0","0","0","0","0","0","1","0","0","0","08","1","0","00","1","40 16:32.209","1","00","76 05:59.132","0","0","0","0","36210","0","0","0","N","0","0","0","1","36210","0","","4","07","N","N","0","","0","0","0","0","0","N","0859","0","1","0","0","0","0","0","1","0","1","N","","","","","","","","","","","","03","  ","","",""
"1850","2","0","0","0","0","0","0","0","0","4","0","","36","01","2019","2019011357","1","40.0489","-76.3097","1847","08","0","0","0","0","0","0","0","0","2","0","0","0","18","3","1","00","1","40 02:56.123","2","00","76 18:35.010","3","0","0","0","36301","0","0","0","N","0","0","0","3","36301","0","","1","01","N","N","0","","1","0","0","3","8","N","1845","1","2","0","0","0","0","0","3","0","2","N","","","","","","","","","","","","03","  ","","",""
"1520","1","0","0","0","0","0","0","0","0","7","0","","36","01","2019","2019011378","4","40.0162","-76.281","1510","08","0","1","0","0","0","0","0","0","","0","0","0","15","1","0","00","0","40 00:58.394","","00","76 16:51.646","0","0","0","0","36240","0","0","0","N","0","0","0","1","36240","0","","4","02","N","N","0","","0","0","0","0","0","N","1510","0","1","0","0","0","0","0","1","0","1","N","","","","","","","","","","","","03","  ","","",""
"1605","1","0","0","0","0","0","0","0","0","4","0","","36","01","2019","2019011415","6","40.1055","-76.4301","1559","08","0","0","0","0","0","1","0","1","","0","0","0","15","1","0","00","0","40 06:19.769","","00","76 25:48.506","0","0","0","0","36214","0","0","0","N","0","0","0","2","36214","0","","1","01","N","N","0","","0","0","1","0","0","","1555","0","2","0","0","0","0","0","3","0","2","N","","","","","","","","","","","","03","  ","","",""
"2125","1","0","0","0","0","0","0","0","0","7","0","","36","01","2019","2019011478","7","40.1115","-76.6531","2104","08","0","1","0","0","0","0","0","0","2","0","0","0","21","2","0","00","2","40 06:41.314","6","00","76 39:11.038","0","0","0","0","36207","0","0","0","N","0","0","0","1","36504","0","","4","07","N","N","0","","0","0","0","0","0","Y","2104","0","1","0","0","0","0","0","1","0","1","N","","","","","","","","","","","","10","  ","","",""
"1844","2","0","0","0","0","0","0","0","0","4","0","","36","01","2019","2019011480","4","40.0377","-76.3085","1844","08","0","0","0","0","0","1","0","0","2","0","0","0","18","3","0","01","1","40 02:15.572","3","00","76 18:30.512","0","0","0","0","36301","0","0","0","N","0","0","0","2","36301","0","","1","01","N","N","0","","0","0","0","3","2","N","1841","0","2","0","0","0","0","0","3","0","2","N","","","","","","","","","","","","03","  ","","",""
"1315","1","0","0","0","0","0","0","0","0","7","0","","36","01","2019","2019011591","4","40.1139","-76.3864","1312","08","0","0","0","0","1","0","0","0","","0","0","0","13","1","0","00","0","40 06:50.040","","00","76 23:11.070","0","0","0","0","36214","0","0","0","N","0","0","0","1","36214","0","","4","07","N","N","0","","0","0","0","0","0","","1310","0","1","0","0","0","0","0","3","0","1","N","","","","","","","","","","","","10","  ","","",""
"1446","1","0","0","0","0","0","0","0","0","7","0","","36","01","2019","2019011592","4","40.0533","-76.3884","1444","08","0","0","0","0","0","0","1","0","","0","0","0","14","1","0","00","0","40 03:11.736","","00","76 23:18.283","0","0","0","0","36214","0","0","0","N","0","0","0","1","36214","0","","5","02","N","N","0","","0","0","0","0","0","","1430","0","1","0","0","0","0","0","3","0","1","N","","","","","","","","","","","","98","  ","","",""
"1433","3","0","0","0","0","0","0","0","0","1","0","","36","01","2019","2019011596","4","40.1866","-76.2119","1431","08","0","0","0","0","0","2","0","0","2","0","0","0","14","1","2","00","2","40 11:11.906","6","00","76 12:42.967","3","0","0","0","36218","0","0","0","N","0","0","0","5","36408","0","","1","07","N","N","0","","2","0","0","0","0","Y","1431","2","3","0","0","0","0","0","1","0","3","N","","","","","","","","","","","","10","  ","","",""
"1519","0","0","0","0","0","0","0","0","0","7","0","","36","01","2019","2019011597","4","40.2184","-76.1505","1506","08","0","0","0","0","0","0","0","0","","0","0","0","15","1","0","00","0","40 13:06.064","","00","76 09:01.853","0","0","0","0","36210","0","0","0","N","0","0","0","1","36210","0","","5","07","N","N","0","","0","0","1","0","0","","1500","0","1","0","0","0","0","0","1","0","1","N","","","","","","","","","","","","03","  ","","",""
"1103","1","0","0","0","0","0","0","0","0","4","0","","36","01","2019","2019011674","5","40.1436","-76.3048","1059","08","0","0","0","0","0","0","0","1","","0","0","0","10","1","1","01","0","40 08:36.966","","00","76 18:17.243","4","0","0","0","36409","0","0","0","N","0","0","0","2","36409","1","","1","06","N","N","0","","0","0","1","3","2","","1058","1","2","0","0","0","0","0","3","0","2","N","","","","","","","","","","","","03","  ","","",""
"1055","1","0","0","0","0","0","0","0","0","5","1","","36","01","2019","2019011679","5","40.0426","-76.435","1046","08","0","0","0","0","0","0","1","0","1","0","1","0","10","1","0","00","2","40 02:33.229","3","00","76 26:05.862","0","0","0","0","36239","0","0","0","Y","0","0","0","2","36239","0","","1","01","N","N","0","","0","0","0","0","0","Y","1046","0","2","0","0","0","0","0","3","0","2","N","","","","","","","","","","","","03","  ","","",""
"0156","1","0","0","0","0","0","0","0","0","7","0","","36","01","2019","2019011848","7","40.0639","-76.2884","0153","08","0","0","0","0","0","0","0","0","","0","0","0","01","2","0","00","0","40 03:50.150","","00","76 17:18.150","9","0","0","0","36101","0","0","0","N","0","0","0","2","36101","0","","4","01","N","N","0","","0","0","0","0","0","","0151","0","1","0","0","2","0","1","3","0","1","N","","","","","","","","","","","","03","  ","","",""
"1844","3","0","0","0","0","0","0","0","0","1","0","","36","01","2019","2019011849","4","40.0193","-76.3211","1834","08","0","0","0","0","3","0","0","0","2","0","0","0","18","2","1","00","1","40 01:09.310","3","00","76 19:15.894","3","0","0","0","36220","0","0","0","N","0","0","0","5","36101","0","","1","06","N","N","0","","1","0","0","0","0","N","1832","1","3","0","0","0","0","0","3","0","3","N","","","","","","","","","","","","03","  ","","",""
"0740","2","0","0","0","0","0","0","0","0","1","0","","36","01","2019","2019011850","5","40.073","-76.3511","0736","08","0","0","0","0","0","0","1","0","2","0","0","0","07","5","0","02","2","40 04:22.949","1","00","76 21:03.964","0","0","0","0","36214","0","0","0","N","0","0","0","2","36214","0","","1","01","N","N","0","","0","0","0","3","3","Y","0732","0","2","0","0","0","0","0","3","0","2","N","","","","","","","","","","","","03","  ","","",""
"2349","1","0","0","0","0","0","0","0","0","7","0","","36","01","2019","2019011851","7","40.0155","-76.2118","2341","08","0","0","0","0","0","0","0","0","1","0","0","0","23","2","0","00","1","40 00:55.830","3","00","76 12:42.380","0","0","0","0","36215","0","0","0","N","0","0","0","1","36215","0","","5","09","N","N","0","","0","0","0","0","0","N","2339","0","1","0","0","0","0","0","1","0","1","N","","","","","","","","","","","","07","  ","","",""
"0459","1","0","0","0","0","0","0","0","0","7","0","","36","01","2019","2019011884","5","40.1451","-76.4994","0452","08","0","0","0","0","0","0","0","0","2","0","0","0","04","2","0","03","2","40 08:42.497","7","00","76 29:57.836","0","0","0","0","36225","0","0","0","N","0","0","0","1","36505","0","","2","07","N","N","0","","0","0","0","3","3","N","0452","0","1","0","0","0","0","0","2","0","1","N","","","","","","","","","","","","10","  ","","",""
"1818","0","0","0","0","0","0","0","0","0","4","0","","36","01","2019","2019011898","5","40.0927","-76.1523","1807","08","0","1","0","0","0","0","0","0","1","0","0","0","18","3","1","02","1","40 05:33.712","2","00","76 09:08.452","3","0","0","0","36238","0","0","0","N","0","0","0","5","36238","0","","1","01","N","N","2","","1","0","0","3","3","N","1805","1","2","0","0","0","0","0","3","0","2","N","","","","","","","","","","","","03","  ","","",""
"0021","1","0","0","0","0","0","0","0","0","7","0","","36","01","2019","2019011993","5","40.1088","-76.6561","0014","08","0","0","0","0","1","0","0","0","1","0","0","0","00","2","0","02","1","40 06:31.694","3","00","76 39:22.071","0","0","0","0","36207","0","0","0","N","0","0","0","1","36504","0","","4","07","N","N","0","","0","0","0","0","0","N","0014","0","1","0","0","0","0","0","1","0","1","N","","","","","","","","","","","","03","  ","","",""
"1055","0","0","0","0","0","0","0","0","0","4","0","","36","01","2019","2019011994","1","40.0348","-76.5033","1055","08","0","0","1","0","0","1","0","0","2","0","0","0","10","1","0","01","2","40 02:05.391","1","00","76 30:11.867","0","0","0","0","36404","0","0","0","N","0","0","0","2","36404","0","","1","01","N","N","0","","0","0","2","3","3","Y","1050","0","2","0","0","0","0","0","3","0","2","N","","","","","","","","","","","","03","  ","","",""
"2145","1","0","0","0","0","0","0","0","0","7","0","","36","01","2019","2019011995","6","40.0385","-76.3013","2139","08","0","0","0","0","0","0","0","0","","0","0","0","21","3","1","00","0","40 02:18.506","","00","76 18:04.797","4","0","0","0","36301","0","0","0","N","0","0","0","1","36301","1","","5","01","N","N","0","","0","0","0","0","0","","2139","1","1","0","0","0","0","0","3","0","1","N","","","","","","","","","","","","03","  ","","",""
"0214","1","0","1","0","0","0","0","0","0","7","0","","36","01","2019","2019012015","5","40.0387","-76.3335","0211","08","0","0","0","1","0","0","0","0","2","0","0","0","02","3","2","02","2","40 02:19.280","6","00","76 20:00.633","2","0","0","0","36220","0","0","0","N","0","0","0","2","36101","1","","5","01","N","N","0","","0","1","0","0","0","Y","0209","2","1","0","0","0","0","0","3","0","1","N","","","","","","","","","","","","03","  ","","",""
"0749","1","0","0","0","0","0","0","0","0","1","0","","36","01","2019","2019012016","5","40.0898","-76.3947","0747","08","0","0","0","1","0","0","0","0","","0","0","0","07","1","0","01","0","40 05:23.129","","00","76 23:40.899","0","0","0","0","36214","0","0","0","N","0","0","0","2","36214","0","","1","02","N","N","0","","0","0","1","0","0","","0745","0","2","0","0","0","0","0","3","0","2","N","","","","","","","","","","","","03","  ","","",""
"1620","1","0","0","0","0","0","0","0","0","1","1","","36","01","2019","2019012061","2","40.1508","-76.6055","1618","08","0","0","0","0","0","1","1","0","2","0","1","0","16","1","0","02","1","40 09:02.994","1","00","76 36:19.950","0","0","0","0","36407","0","0","0","N","0","0","0","2","36407","0","","1","01","N","N","0","","0","0","0","0","0","N","1618","0","2","0","0","0","0","0","2","0","2","N","","","","","","","","","","","","03","  ","","",""
"1536","1","0","0","0","0","0","0","0","0","7","0","","36","01","2019","2019012076","3","40.2201","-76.1497","1511","08","0","0","0","0","0","1","0","0","2","0","0","0","15","1","0","00","1","40 13:12.263","1","00","76 08:58.890","0","0","0","0","36236","0","0","0","N","0","0","0","1","36408","0","","2","07","N","N","0","","0","0","0","0","0","N","1504","0","1","0","0","0","0","0","1","0","1","N","","","","","","","","","","","","10","  ","","",""
"1553","1","0","0","0","0","0","0","0","0","7","0","","36","01","2019","2019012083","3","40.2382","-76.1616","1552","08","0","0","0","0","0","1","0","0","","0","0","0","15","1","0","00","0","40 14:17.687","","00","76 09:41.701","0","0","0","0","36236","0","0","0","N","0","0","0","1","36408","0","","4","07","N","N","0","","0","0","0","0","0","","1553","0","1","0","0","0","0","0","1","0","1","N","","","","","","","","","","","","10","  ","","",""
"1520","0","0","0","0","0","0","0","0","0","1","0","","36","01","2019","2019012087","3","40.2057","-76.3703","1516","08","0","0","0","0","0","0","1","0","","0","0","0","15","1","0","00","0","40 12:20.499","","00","76 22:13.121","0","0","0","0","36227","0","0","0","N","0","0","0","2","36506","0","","1","07","N","N","2","","0","0","0","0","0","","1516","0","2","0","0","0","0","0","1","0","2","N","","","","","","","","","","","","10","  ","","",""
"1222","0","0","0","0","0","0","0","0","0","7","0","","36","01","2019","2019012089","3","40.1456","-76.3628","1222","08","0","0","0","0","0","0","0","0","","0","0","0","12","1","0","00","0","40 08:44.060","","00","76 21:45.948","0","0","0","0","36227","0","0","0","N","0","0","0","1","36506","0","","4","07","N","N","0","","0","0","1","0","0","","1222","0","1","0","0","0","0","0","1","0","1","N","","","","","","","","","","","","10","  ","","",""
"1330","1","0","0","0","0","0","0","0","0","4","0","","36","01","2019","2019012093","4","40.1332","-76.2821","1323","08","0","0","0","0","0","0","0","0","2","0","0","0","13","1","0","03","2","40 07:59.458","5","00","76 16:55.549","0","0","0","0","36235","0","0","0","N","0","0","0","2","36506","0","","1","07","N","N","0","","0","0","1","0","0","Y","1323","0","2","0","0","0","0","0","1","0","2","N","","","","","","","","","","","","10","  ","","",""
"1425","2","0","0","0","0","0","0","0","0","4","0","","36","01","2019","2019012096","4","40.036","-76.3082","1425","08","0","0","0","1","0","0","0","0","9","0","0","0","13","1","0","01","1","40 02:09.771","1","00","76 18:29.474","0","0","0","0","36301","0","0","0","N","0","0","0","2","36301","0","","1","01","N","N","0","","0","0","0","3","3","N","1330","0","2","0","0","0","0","0","3","0","2","N","","","","","","","","","","","","03","  ","","",""
"1525","2","0","0","0","0","0","0","0","0","7","0","","36","01","2019","2019012135","3","40.1535","-76.3743","1512","08","0","0","0","0","0","1","1","0","1","0","0","0","15","1","0","00","1","40 09:12.431","1","00","76 22:27.558","0","0","0","0","36227","0","0","0","N","0","0","0","3","36506","0","","4","07","N","N","0","","0","0","0","0","0","Y","1511","0","2","0","0","0","0","0","1","0","2","N","","","","","","","","","","","","10","  ","","",""
"1029","1","0","0","0","0","0","0","0","0","7","0","","36","02","2019","2019012137","6","40.0459","-76.4196","1017","08","0","0","0","0","0","0","0","0","2","0","0","0","10","1","0","07","1","40 02:45.857","1","02","76 25:04.294","0","0","0","0","36239","0","0","0","Y","0","0","0","1","36239","0","","5","07","N","N","0","","0","0","0","3","2","N","1011","0","1","0","0","0","0","0","3","0","1","N","","","","","","","","","","","","10","  ","","",""
"1004","2","0","0","0","0","0","0","0","0","6","0","","36","02","2019","2019012142","6","40.0468","-76.5145","0953","08","0","0","0","0","1","0","0","0","","0","0","0","09","1","0","00","0","40 02:48.526","","00","76 30:52.028","0","0","0","0","36239","0","0","0","N","0","0","0","2","36239","0","","1","07","N","N","0","","0","0","0","0","0","","0949","0","2","0","0","0","0","0","3","0","2","N","","","","","","","","","","","","10","  ","","",""
"1559","1","0","0","0","0","0","0","0","0","7","0","","36","01","2019","2019012227","4","40.2283","-76.1322","1525","08","0","0","0","0","0","1","0","0","","0","0","0","15","1","0","00","0","40 13:41.897","","00","76 07:55.799","0","0","0","0","36405","0","0","0","N","0","0","0","1","36210","0","","5","02","N","N","0","","0","0","0","0","0","","1523","0","2","0","0","0","0","0","1","0","1","N","","","","","","","","","","","","03","  ","","",""