"ARRIVAL_TM","AUTOMOBILE_COUNT","BELTED_DEATH_COUNT","BELTED_SUSP_SERIOUS_INJ_COUNT","BICYCLE_COUNT","BICYCLE_DEATH_COUNT","BICYCLE_SUSP_SERIOUS_INJ_COUNT","BUS_COUNT","CHLDPAS_DEATH_COUNT","CHLDPAS_SUSP_SERIOUS_INJ_COUNT","COLLISION_TYPE","COMM_VEH_COUNT","CONS_ZONE_SPD_LIM","COUNTY","CRASH_MONTH","CRASH_YEAR","CRN","DAY_OF_WEEK","DEC_LAT","DEC_LONG","DISPATCH_TM","DISTRICT","DRIVER_COUNT_16YR","DRIVER_COUNT_17YR","DRIVER_COUNT_18YR","DRIVER_COUNT_19YR","DRIVER_COUNT_20YR","DRIVER_COUNT_50_64YR","DRIVER_COUNT_65_74YR","DRIVER_COUNT_75PLUS","EST_HRS_CLOSED","FATAL_COUNT","HEAVY_TRUCK_COUNT","HORSE_BUGGY_COUNT","HOUR_OF_DAY","ILLUMINATION","INJURY_COUNT","INTERSECT_TYPE","LANE_CLOSED","LATITUDE","LN_CLOSE_DIR","LOCATION_TYPE","LONGITUDE","MAX_SEVERITY_LEVEL","MCYCLE_DEATH_COUNT","MCYCLE_SUSP_SERIOUS_INJ_COUNT","MOTORCYCLE_COUNT","MUNICIPALITY","NONMOTR_COUNT","NONMOTR_DEATH_COUNT","NONMOTR_SUSP_SERIOUS_INJ_COUNT","NTFY_HIWY_MAINT","PED_COUNT","PED_DEATH_COUNT","PED_SUSP_SERIOUS_INJ_COUNT","PERSON_COUNT","POLICE_AGCY","POSSIBLE_INJ_COUNT","RDWY_SURF_TYPE_CD","RELATION_TO_ROAD","ROAD_CONDITION","SCH_BUS_IND","SCH_ZONE_IND","SMALL_TRUCK_COUNT","SPEC_JURIS_CD","SUSP_MINOR_INJ_COUNT","SUSP_SERIOUS_INJ_COUNT","SUV_COUNT","TCD_FUNC_CD","TCD_TYPE","TFC_DETOUR_IND","TIME_OF_DAY","TOT_INJ_COUNT","TOTAL_UNITS","UNB_DEATH_COUNT","UNB_SUSP_SERIOUS_INJ_COUNT","UNBELTED_OCC_COUNT","UNK_INJ_DEG_COUNT","UNK_INJ_PER_COUNT","URBAN_RURAL","VAN_COUNT","VEHICLE_COUNT","WORK_ZONE_IND","WORK_ZONE_LOC","WORK_ZONE_TYPE","WORKERS_PRES","WZ_CLOSE_DETOUR","WZ_FLAGGER","WZ_LAW_OFFCR_IND","WZ_LN_CLOSURE","WZ_MOVING","WZ_OTHER","WZ_SHLDER_MDN","ROADWAY_CLEARED","WEATHER1","WEATHER2","WZ_WORKERS_INJ_KILLED","SECONDARY_CRASH","INTERSECTION_RELATED"
"0955","0","0","0","0","0","0","0","0","0","4","0","","36","01","2019","2019012234","2","40.1713","-76.1238","0947","08","0","0","0","0","0","0","0","0","2","0","0","0","09","1","1","03","2","40 10:16.682","5","00","76 07:25.649","3","0","0","0","36218","0","0","0","N","0","0","0","5","36408","0","","1","01","N","N","2","","1","0","0","3","3","Y","0945","1","2","0","0","0","0","2","1","0","2","N","","","","","","","","","","","","03","  ","","",""
"1310","1","0","0","0","0","0","0","0","0","7","0","","36","02","2019","2019012253","6","40.1319","-76.5362","1303","08","0","0","0","1","0","0","0","0","","0","0","0","13","1","0","00","0","40 07:54.702","","00","76 32:10.402","0","0","0","0","36225","0","0","0","Y","0","0","0","1","36505","0","","5","07","N","N","0","","0","0","0","0","0","N","1300","0","1","0","0","0","0","0","2","0","1","N","","","","","","","","","","","","10","  ","","",""
"0404","0","0","0","0","0","0","0","0","0","7","0","","36","01","2019","2019012282","5","40.0234","-76.3061","0404","08","0","0","0","0","0","0","0","0","","0","0","0","04","3","0","03","0","40 01:24.322","","00","76 18:21.797","0","0","0","0","36301","0","0","0","N","0","0","0","1","36101","0","","2","09","N","N","0","","0","0","1","0","0","","0403","0","1","0","0","0","0","0","3","0","1","N","","","","","","","","","","","","07","  ","","",""
"1155","2","0","0","0","0","0","0","0","0","4","0","","36","01","2019","2019012283","3","40.1064","-76.3226","1148","08","0","0","0","0","0","0","1","0","1","0","0","0","11","1","0","00","1","40 06:22.972","6","00","76 19:21.280","0","0","0","0","36101","0","0","0","N","0","0","0","3","36101","0","","1","06","N","N","0","","0","0","1","0","0","N","1146","0","3","0","0","0","0","0","3","0","3","N","","","","","","","","","","","","10","  ","","",""
"1241","1","0","0","0","0","0","0","0","0","7","0","","36","01","2019","2019012284","3","40.0401","-76.3752","1236","08","0","1","0","0","0","0","0","0","","0","0","0","12","1","0","02","0","40 02:24.215","","00","76 22:30.574","0","0","0","0","36214","0","0","0","N","0","0","0","1","36214","0","","5","07","N","N","0","","0","0","0","0","0","","1234","0","1","0","0","0","0","0","3","0","1","N","","","","","","","","","","","","10","  ","","",""
"1614","0","0","0","0","0","0","0","0","0","7","0","","36","01","2019","2019012285","3","40.0763","-76.375","1614","08","0","0","0","0","0","0","0","0","2","0","0","0","16","1","1","02","1","40 04:34.554","2","00","76 22:30.041","4","0","0","0","36214","0","0","0","N","0","0","0","3","36214","1","","2","07","N","N","0","","0","0","0","0","0","N","1609","1","1","0","0","0","0","0","3","1","1","N","","","","","","","","","","","","10","  ","","",""
"1217","0","0","0","0","0","0","0","0","0","7","0","","36","01","2019","2019012286","3","39.9941","-76.4603","1203","08","0","0","1","0","0","0","0","0","","0","0","0","12","1","0","00","0","39 59:38.622","","00","76 27:37.143","0","0","0","0","36223","0","0","0","N","0","0","0","1","36223","0","","4","07","N","N","0","","0","0","1","0","0","","1203","0","1","0","0","0","0","0","1","0","1","N","","","","","","","","","","","","10","  ","","",""
"1556","1","0","0","0","0","0","0","0","0","2","0","","36","01","2019","2019012287","3","39.9926","-76.376","1538","08","0","0","0","0","0","0","0","0","1","0","0","0","15","1","1","00","1","39 59:33.281","3","00","76 22:33.314","3","0","0","0","36223","0","0","0","N","0","0","0","2","36223","0","","1","07","N","N","1","","1","0","0","0","0","N","1535","1","2","0","0","0","0","0","1","0","2","N","","","","","","","","","","","","10","  ","","",""
"1157","0","0","0","0","0","0","0","0","0","7","0","","36","02","2019","2019012304","6","40.1687","-76.6057","1146","08","0","0","0","0","0","0","0","0","","0","0","0","11","1","1","02","0","40 10:07.177","","00","76 36:20.687","8","0","0","0","36225","0","0","0","N","0","0","0","1","36505","0","","2","07","N","N","0","","0","0","1","3","2","N","1140","1","1","0","0","0","1","0","2","0","1","N","","","","","","","","","","","","10","  ","","",""
"1733","2","0","0","0","0","0","0","0","0","2","0","","36","01","2019","2019012328","3","40.218","-76.1512","1729","08","0","0","0","0","0","1","0","0","1","0","0","0","17","2","0","00","2","40 13:04.654","7","00","76 09:04.437","0","0","0","0","36210","0","0","0","N","0","0","0","2","36210","0","","1","07","N","N","0","","0","0","0","0","0","Y","1715","0","2","0","0","0","0","0","1","0","2","N","","","","","","","","","","","","10","  ","","",""
"1539","1","0","0","0","0","0","0","0","0","7","0","","36","01","2019","2019012338","3","40.2201","-76.1304","1535","08","0","0","0","0","0","0","0","0","","0","0","0","15","1","0","00","0","40 13:12.181","","00","76 07:49.462","0","0","0","0","36210","0","0","0","N","0","0","0","3","36210","0","","4","07","N","N","0","","0","0","1","0","0","","1533","0","2","0","0","0","0","0","1","0","2","N","","","","","","","","","","","","10","  ","","",""
"1804","1","0","0","0","0","0","0","0","0","4","0","","36","01","2019","2019012361","2","40.0691","-76.3569","1759","08","0","0","0","0","0","1","0","0","2","0","0","0","17","3","0","01","1","40 04:08.816","3","00","76 21:24.786","0","0","0","0","36214","0","0","0","N","0","0","0","4","36214","0","","1","01","N","N","1","","0","0","0","3","2","N","1759","0","2","0","0","0","0","0","3","0","2","N","","","","","","","","","","","","03","  ","","",""
"1644","2","0","0","0","0","0","0","0","0","2","0","","36","01","2019","2019012481","3","40.2526","-76.0858","1638","08","0","0","1","0","0","0","0","0","2","0","0","0","16","1","0","00","1","40 15:09.253","4","00","76 05:08.900","0","0","0","0","36210","0","0","0","N","0","0","0","2","36210","0","","1","07","N","N","0","","0","0","0","0","0","Y","1638","0","2","0","0","0","0","0","1","0","2","N","","","","","","","","","","","","10","  ","","",""
"0921","1","0","0","0","0","0","0","0","0","7","0","","36","02","2019","2019012488","6","40.0371","-76.2848","0921","08","0","0","0","0","0","1","0","0","","0","0","0","09","1","0","00","0","40 02:13.540","","00","76 17:05.360","0","0","0","0","36220","0","0","0","N","0","0","0","1","36101","0","","5","07","N","N","0","","0","0","0","0","0","","0921","0","1","0","0","0","0","0","3","0","1","N","","","","","","","","","","","","10","  ","","",""
"0931","0","0","0","0","0","0","0","0","0","0","0","","36","02","2019","2019012489","6","40.1161","-76.2357","0925","08","0","0","0","0","0","0","0","0","2","0","0","0","09","1","0","00","1","40 06:57.808","2","00","76 14:08.640","0","0","0","0","36101","0","0","0","N","0","0","0","1","36101","0","","1","07","N","N","1","","0","0","0","0","0","N","0922","0","1","0","0","0","0","0","3","0","1","N","","","","","","","","","","","","10","  ","","",""
"1057","0","0","0","0","0","0","0","0","0","7","0","","36","02","2019","2019012490","6","40.016","-76.3061","1041","08","0","0","0","0","0","1","0","0","2","0","0","0","10","1","0","02","2","40 00:57.640","2","00","76 18:21.983","0","0","0","0","36220","0","0","0","N","0","0","0","1","36101","0","","4","06","N","N","0","","0","0","1","0","0","N","1039","0","1","0","0","0","0","0","3","0","1","N","","","","","","","","","","","","10","  ","","",""
"1111","1","0","0","0","0","0","0","0","0","4","0","","36","02","2019","2019012491","6","40.0955","-76.2924","1103","08","0","0","0","0","0","0","0","0","2","0","0","0","11","1","2","02","1","40 05:43.940","3","00","76 17:32.673","3","0","0","0","36101","0","0","0","N","0","0","0","3","36101","0","","1","07","N","N","0","","2","0","1","3","3","N","1102","2","2","0","0","0","0","0","3","0","2","N","","","","","","","","","","","","10","  ","","",""
"1304","0","0","0","0","0","0","0","0","0","1","0","","36","02","2019","2019012492","6","40.0695","-76.3076","1301","08","0","0","0","0","0","1","0","0","","0","0","0","12","1","2","01","0","40 04:10.226","","00","76 18:28.241","3","0","0","0","36101","0","0","0","N","0","0","0","3","36101","0","","1","07","N","N","0","","2","0","2","0","0","","1259","2","2","0","0","0","0","0","3","0","2","N","","","","","","","","","","","","10","  ","","",""
"1331","0","0","0","0","0","0","0","0","0","7","0","","36","02","2019","2019012493","6","40.0134","-76.333","1328","08","0","0","0","0","0","0","0","0","1","0","0","0","13","1","0","01","1","40 00:48.250","4","00","76 19:58.915","0","0","0","0","36220","0","0","0","N","0","0","0","1","36101","0","","5","07","N","N","1","","0","0","0","0","0","N","1325","0","1","0","0","0","0","0","3","0","1","N","","","","","","","","","","","","10","  ","","",""
"1527","1","0","0","0","0","0","0","0","0","7","0","","36","01","2019","2019012500","3","40.0592","-76.4624","1518","08","0","0","0","0","0","0","1","0","","0","0","0","15","1","0","00","0","40 03:33.153","","00","76 27:44.781","0","0","0","0","36239","0","0","0","N","0","0","0","1","36239","0","","2","07","N","","0","","0","0","0","0","0","","1518","0","1","0","0","0","0","0","3","0","1","N","","","","","","","","","","","","03","  ","","",""
"1724","1","0","0","0","0","0","0","0","0","7","0","","36","01","2019","2019012510","3","40.1833","-76.1021","1702","08","0","0","0","0","0","1","0","0","","0","0","0","16","1","0","02","0","40 10:59.843","","00","76 06:07.513","0","0","0","0","36210","0","0","0","N","0","0","0","2","36210","0","","4","07","N","N","0","","0","0","0","0","0","","1658","0","1","0","0","0","0","0","1","0","1","N","","","","","","","","","","","","10","  ","","",""
"1700","1","0","0","0","0","0","0","0","0","7","0","","36","02","2019","2019012514","6","40.0075","-76.346","1654","08","0","0","0","1","0","0","0","0","2","0","0","0","16","1","0","00","1","40 00:27.054","4","00","76 20:45.737","0","0","0","0","36412","0","0","0","N","0","0","0","1","36412","0","","5","02","N","N","0","","0","0","0","0","0","Y","1654","0","1","0","0","0","0","0","3","0","1","N","","","","","","","","","","","","10","  ","","",""
"1024","1","0","0","0","0","0","0","0","0","7","0","","36","02","2019","2019012524","6","40.1596","-76.6094","1018","08","0","0","0","0","0","0","0","0","","0","0","0","10","1","0","01","0","40 09:34.505","","00","76 36:33.761","0","0","0","0","36407","0","0","0","N","0","0","0","1","36407","0","","5","06","N","N","0","","0","0","0","0","0","","1015","0","1","0","0","0","0","0","2","0","1","N","","","","","","","","","","","","10","  ","","",""
"1034","0","0","0","0","0","0","0","0","0","4","0","","36","01","2019","2019012539","5","40.1845","-76.1729","1031","08","0","0","0","1","0","0","0","1","1","0","0","0","10","1","1","01","1","40 11:04.182","4","00","76 10:22.547","3","0","0","0","36408","0","0","0","N","0","0","0","2","36408","0","","1","09","N","N","0","","1","0","2","3","3","Y","1031","1","2","0","0","0","0","0","2","0","2","N","","","","","","","","","","","","07","  ","","",""
"1406","0","0","0","0","0","0","0","0","0","4","0","","36","02","2019","2019012565","6","40.1454","-76.3627","1358","08","0","0","0","0","0","1","0","0","","0","0","0","13","1","0","00","0","40 08:43.598","","00","76 21:45.587","0","0","0","0","36227","2","0","0","N","0","0","0","3","36506","0","","5","06","N","N","0","","0","0","2","0","0","","1358","0","3","0","0","0","0","0","1","1","3","N","","","","","","","","","","","","10","  ","","",""
"1309","0","0","0","0","0","0","0","0","0","7","0","","36","01","2019","2019012571","1","40.1067","-76.538","1304","08","0","0","0","0","0","0","0","0","","0","0","0","13","1","1","00","0","40 06:24.232","","00","76 32:16.729","3","0","0","0","36211","0","0","0","N","0","0","0","1","36504","0","","5","01","N","N","0","","1","0","1","0","0","","1303","1","1","0","0","0","0","0","1","0","1","N","","","","","","","","","","","","03","  ","","",""
"1247","0","0","0","0","0","0","0","0","0","7","0","","36","02","2019","2019012573","6","40.2186","-76.0843","1242","08","0","0","0","0","0","0","0","0","","0","0","0","12","1","2","00","0","40 13:07.099","","00","76 05:03.507","4","0","0","0","36210","0","0","0","Y","0","0","0","2","36210","2","","4","02","N","N","1","","0","0","0","0","0","","1239","2","1","0","0","0","0","0","1","0","1","N","","","","","","","","","","","","10","  ","","",""
"1630","0","0","0","0","0","0","0","0","0","7","0","","36","01","2019","2019012582","3","40.104","-76.5497","1616","08","0","0","0","1","0","0","0","0","3","0","0","0","16","3","0","02","2","40 06:14.410","6","00","76 32:58.960","0","0","0","0","36211","0","0","0","N","0","0","0","1","36504","0","","5","02","N","N","1","","0","0","0","0","0","Y","1610","0","1","0","0","0","0","0","1","0","1","N","","","","","","","","","","","","10","  ","","",""
"1042","2","0","0","0","0","0","0","0","0","2","0","","36","02","2019","2019012588","6","39.9954","-76.2047","1034","08","0","0","0","0","0","0","0","0","","0","0","0","10","1","0","00","0","39 59:43.458","","00","76 12:16.772","0","0","0","0","36240","0","0","0","N","0","0","0","2","36240","0","","1","07","N","N","0","","0","0","0","0","0","","1030","0","2","0","0","0","0","0","1","0","2","N","","","","","","","","","","","","10","  ","","",""
"1712","1","0","0","0","0","0","0","0","0","7","0","","36","01","2019","2019012603","3","40.1774","-76.5998","1652","08","0","0","0","0","0","0","0","0","1","0","0","0","16","4","0","00","2","40 10:38.486","4","00","76 35:59.143","0","0","0","0","36225","0","0","0","N","0","0","0","1","36505","0","","3","07","N","N","0","","0","0","0","0","0","Y","1630","0","1","0","0","0","0","0","2","0","1","N","","","","","","","","","","","","10","  ","","",""
"1138","1","0","0","0","0","0","0","0","0","4","0","","36","02","2019","2019012610","6","40.0232","-76.2794","1117","08","0","0","0","1","0","0","0","0","2","0","0","0","11","1","0","02","2","40 01:23.555","3","00","76 16:45.844","0","0","0","0","36240","0","0","0","N","0","0","0","5","36240","0","","1","07","N","N","0","","0","0","0","3","3","N","1100","0","3","0","0","0","0","0","1","2","3","N","","","","","","","","","","","","10","  ","","",""
"1442","1","0","0","0","0","0","0","0","0","7","0","","36","01","2019","2019012612","3","40.1605","-76.5779","1442","08","0","0","0","0","0","1","0","0","","0","0","0","14","1","1","00","0","40 09:37.701","","00","76 34:40.303","8","0","0","0","36225","0","0","0","N","0","0","0","2","36505","0","","5","06","N","N","0","","0","0","0","0","0","","1442","1","1","0","0","0","1","0","2","0","1","N","","","","","","","","","","","","10","  ","","",""
"1704","1","0","0","0","0","0","0","0","0","2","0","","36","01","2019","2019012617","3","40.1246","-76.5468","1658","08","0","0","0","0","0","0","0","0","3","0","0","0","16","2","2","00","2","40 07:28.678","6","00","76 32:48.312","3","0","0","0","36225","0","0","0","N","0","0","0","2","36505","0","","1","07","N","N","0","","1","0","1","0","0","N","1655","2","2","0","0","0","1","0","2","0","2","N","","","","","","","","","","","","10","  ","","",""
"1552","1","0","0","0","0","0","0","0","0","7","0","","36","02","2019","2019012702","6","40.1813","-76.1107","1539","08","0","0","0","0","0","0","0","0","","0","0","0","15","1","0","00","0","40 10:52.851","","00","76 06:38.677","0","0","0","0","36210","0","0","0","N","0","0","0","1","36210","0","","5","07","N","N","0","","0","0","0","0","0","","1535","0","1","0","0","0","0","0","1","0","1","N","","","","","","","","","","","","10","  ","","",""
"1545","0","0","0","0","0","0","0","0","0","7","0","","36","01","2019","2019012719","3","39.9013","-76.1507","1545","08","0","0","0","0","0","1","0","0","","0","0","0","15","1","0","00","0","39 54:04.811","","00","76 09:02.452","0","0","0","0","36416","0","0","0","N","0","0","0","1","36416","0","","5","07","N","N","1","","0","0","0","0","0","","1540","0","1","0","0","0","0","0","1","0","1","N","","","","","","","","","","","","10","  ","","",""
"1235","0","0","0","0","0","0","0","0","0","7","0","","36","02","2019","2019012722","6","40.2196","-76.08","1231","08","0","0","0","0","0","0","0","0","2","0","0","0","12","1","1","00","1","40 13:10.623","1","00","76 04:47.916","3","0","0","0","36210","0","0","0","Y","0","0","0","1","36210","0","","3","07","N","N","0","","1","0","1","0","0","N","1229","1","1","0","0","0","0","0","1","0","1","N","","","","","","","","","","","","10","  ","","",""
"1826","0","0","0","0","0","0","0","0","0","7","0","","36","02","2019","2019012729","6","40.2196","-76.0801","1821","08","0","0","0","0","0","0","0","0","2","0","0","0","18","2","0","00","1","40 13:10.444","1","00","76 04:48.532","0","0","0","0","36210","0","0","0","Y","0","0","0","1","36210","0","","2","02","N","N","0","","0","0","1","0","0","N","1817","0","1","0","0","0","0","0","1","0","1","N","","","","","","","","","","","","10","  ","","",""
"1145","1","0","0","0","0","0","0","0","0","1","0","","36","02","2019","2019012757","6","40.0693","-76.3165","1138","08","0","0","0","0","0","0","0","0","1","0","0","0","11","1","1","00","1","40 04:09.342","1","00","76 18:59.237","4","0","0","0","36101","0","0","0","N","0","0","0","3","36101","1","","1","07","N","N","0","","0","0","1","0","0","N","1130","1","2","0","0","0","0","0","3","0","2","N","","","","","","","","","","","","10","  ","","",""
"1239","1","0","0","0","0","0","0","0","0","4","0","","36","02","2019","2019012758","6","40.107","-76.2493","1233","08","0","0","0","0","0","0","1","0","2","0","0","0","12","1","2","00","1","40 06:25.096","1","03","76 14:57.526","3","0","0","0","36101","0","0","0","N","0","0","0","3","36101","0","","1","07","N","N","1","","2","0","0","0","0","N","1230","2","2","0","0","0","0","0","3","0","2","N","","","","","","","","","","","","10","  ","","",""
"1524","1","0","0","0","0","0","0","0","0","4","0","","36","02","2019","2019012759","6","40.1212","-76.3417","1511","08","0","0","0","0","0","2","0","0","2","0","0","0","15","1","1","01","1","40 07:16.147","7","00","76 20:30.222","3","0","0","0","36101","0","0","0","N","0","0","0","3","36101","0","","1","07","N","N","0","","1","0","1","3","2","N","1508","1","3","0","0","0","0","0","3","1","3","N","","","","","","","","","","","","10","  ","","",""
"1525","3","0","0","0","0","0","0","0","0","2","0","","36","02","2019","2019012760","6","40.022","-76.3339","1511","08","0","0","0","0","0","0","0","0","1","0","0","0","15","1","0","00","1","40 01:19.191","6","00","76 20:02.164","0","0","0","0","36220","0","0","0","N","0","0","0","3","36101","0","","1","06","N","N","0","","0","0","0","0","0","N","1509","0","3","0","0","0","0","0","3","0","3","N","","","","","","","","","","","","10","  ","","",""
"1540","1","0","0","0","0","0","0","0","0","7","0","","36","02","2019","2019012761","6","40.0523","-76.2763","1528","08","0","0","0","0","0","0","0","0","","0","0","0","15","1","0","00","0","40 03:08.414","","00","76 16:34.851","0","0","0","0","36101","0","0","0","N","0","0","0","1","36101","0","","3","07","N","N","0","","0","0","0","0","0","","1522","0","1","0","0","0","0","0","3","0","1","N","","","","","","","","","","","","10","  ","","",""
"1610","0","0","0","0","0","0","0","0","0","5","0","","36","02","2019","2019012762","6","40.0706","-76.3199","1533","08","0","0","0","1","0","0","0","0","","0","0","0","15","1","0","00","0","40 04:14.230","","00","76 19:11.504","9","0","0","0","36101","0","0","0","N","0","0","0","3","36101","0","","1","06","N","N","0","","0","0","1","0","0","","1531","0","2","0","0","0","0","1","3","0","2","N","","","","","","","","","","","","10","  ","","",""
"1142","0","0","0","0","0","0","0","0","0","7","0","","36","02","2019","2019012763","6","40.1004","-76.4156","1142","08","0","0","0","0","0","1","0","0","","0","0","0","11","1","0","00","0","40 06:01.458","","00","76 24:56.183","0","0","0","0","36214","0","0","0","N","0","0","0","3","36214","0","","5","02","N","N","0","","0","0","1","0","0","","1100","0","1","0","0","0","0","0","3","0","1","N","","","","","","","","","","","","10","  ","","",""
"1110","0","0","0","0","0","0","0","0","0","7","0","","36","02","2019","2019012764","6","40.0986","-76.4106","1100","08","0","0","0","0","0","0","0","0","","0","0","0","10","1","1","00","0","40 05:54.982","","00","76 24:38.294","4","0","0","0","36214","0","0","0","N","0","0","0","1","36214","1","","2","02","N","N","0","","0","0","1","0","0","","1055","1","1","0","0","0","0","0","3","0","1","N","","","","","","","","","","","","10","  ","","",""
"1121","0","0","1","0","0","0","0","0","0","7","0","","36","02","2019","2019012765","6","40.0976","-76.4048","1120","08","0","0","0","0","0","0","0","1","2","0","0","0","11","1","1","00","2","40 05:51.326","4","00","76 24:17.290","2","0","0","0","36214","0","0","0","N","0","0","0","1","36214","0","","5","02","N","N","1","","0","1","0","0","0","Y","1120","1","1","0","0","0","0","0","3","0","1","N","","","","","","","","","","","","10","  ","","",""
"1215","2","0","0","0","0","0","0","0","0","1","0","","36","02","2019","2019012766","6","40.0964","-76.3976","1122","08","0","1","0","0","0","0","1","0","3","0","0","0","11","1","2","00","2","40 05:47.104","4","00","76 23:51.408","4","0","0","0","36214","0","0","0","N","0","0","0","3","36214","2","","1","07","N","N","1","","0","0","0","0","0","Y","1115","2","3","0","0","0","0","0","3","0","3","N","","","","","","","","","","","","10","  ","","",""
"1245","0","0","0","0","0","0","0","0","0","7","0","","36","02","2019","2019012898","6","40.0705","-76.3185","1235","08","0","0","0","0","0","0","0","0","","0","0","0","12","1","0","00","0","40 04:13.733","","00","76 19:06.759","0","0","0","0","36101","0","0","0","N","0","0","0","7","36101","0","","3","07","N","N","0","","0","0","1","0","0","","1230","0","2","0","0","0","0","0","3","1","2","N","","","","","","","","","","","","10","  ","","",""
"1149","0","0","0","0","0","0","0","0","0","7","0","","36","01","2019","2019012899","3","40.0062","-76.4066","1141","08","0","0","0","0","0","0","0","0","","0","0","0","11","1","2","00","0","40 00:22.331","","00","76 24:23.862","3","0","0","0","36223","0","0","0","N","0","0","0","2","36223","0","","2","07","N","N","1","","2","0","0","0","0","","1140","2","1","0","0","0","0","0","1","0","1","N","","","","","","","","","","","","10","  ","","",""
"0652","1","0","0","0","0","0","0","0","0","4","0","","36","02","2019","2019012925","6","40.1737","-76.3384","0650","08","0","0","0","0","0","1","0","0","","0","0","0","06","5","0","01","0","40 10:25.033","","00","76 20:17.916","0","0","0","0","36227","0","0","0","N","0","0","0","2","36506","0","","1","07","N","N","1","","0","0","0","3","3","","0650","0","2","0","0","1","0","0","1","0","2","N","","","","","","","","","","","","10","  ","","",""
"1109","0","0","0","0","0","0","0","0","0","7","0","","36","02","2019","2019012926","7","40.2269","-76.2411","1105","08","0","0","0","0","0","0","0","0","1","0","0","0","11","1","1","00","2","40 13:36.835","3","00","76 14:27.923","8","0","0","0","36204","0","0","0","N","0","0","0","1","36506","0","","4","06","N","N","0","","0","0","0","0","0","N","1105","1","1","0","0","1","1","0","1","1","1","N","","","","","","","","","","","","10","  ","","",""
"1448","2","0","0","0","0","0","0","0","0","1","0","","36","01","2019","2019012927","3","40.1515","-76.2505","1445","08","0","0","0","0","0","0","0","0","","0","0","0","14","1","0","00","0","40 09:05.237","","00","76 15:01.908","0","0","0","0","36235","0","0","0","N","0","0","0","4","36506","0","","1","07","N","N","0","","0","0","1","0","0","","1445","0","4","0","0","0","0","0","1","1","4","N","","","","","","","","","","","","10","  ","","",""
"1300","0","0","0","0","0","0","0","0","0","7","0","","36","02","2019","2019012928","6","40.2468","-76.3601","1243","08","0","0","0","0","0","0","0","0","3","0","0","0","12","1","0","00","1","40 14:48.517","4","00","76 21:36.372","0","0","0","0","36227","0","0","0","Y","0","0","0","1","36506","0","","4","07","N","N","1","","0","0","0","0","0","N","1243","0","1","0","0","0","0","0","1","0","1","N","","","","","","","","","","","","10","  ","","",""
"1614","1","0","0","0","0","0","0","0","0","7","0","","36","02","2019","2019012930","6","40.1369","-76.278","1600","08","0","0","0","0","0","0","1","0","","0","0","0","16","1","0","00","0","40 08:12.800","","03","76 16:40.900","0","0","0","0","36235","0","0","0","N","0","0","0","1","36506","0","","4","07","N","N","0","","0","0","0","0","0","","1600","0","1","0","0","0","0","0","1","0","1","N","","","","","","","","","","","","10","  ","","",""
"1512","0","0","0","0","0","0","0","0","0","4","0","","36","02","2019","2019012934","7","40.1583","-76.3873","1507","08","1","0","0","0","0","0","0","1","1","0","0","0","15","1","0","02","1","40 09:29.954","6","00","76 23:14.454","0","0","0","0","36227","0","0","0","N","0","0","0","2","36506","0","","1","09","N","N","0","","0","0","2","3","3","N","1507","0","2","0","0","0","0","0","1","0","2","N","","","","","","","","","","","","03","  ","","",""
"0825","1","0","0","0","0","0","0","0","0","7","0","","36","02","2019","2019012936","6","40.1511","-76.2582","0814","08","0","0","0","0","0","0","0","0","1","0","0","0","08","1","0","00","1","40 09:03.914","6","00","76 15:29.647","0","0","0","0","36235","0","0","0","N","0","0","0","1","36506","0","","4","07","N","N","0","","0","0","0","0","0","N","0814","0","1","0","0","0","0","0","1","0","1","N","","","","","","","","","","","","10","  ","","",""
"0854","3","0","0","0","0","0","0","0","0","1","0","","36","02","2019","2019012939","6","40.0393","-76.5057","0854","08","0","0","0","0","0","0","0","0","2","0","0","0","08","1","0","00","1","40 02:21.551","3","03","76 30:20.491","0","0","0","0","36404","0","0","0","Y","0","0","0","4","36404","0","","1","09","N","N","0","","0","0","0","0","0","N","0854","0","3","0","0","0","0","0","3","0","3","N","","","","","","","","","","","","10","  ","","",""
"0807","1","0","0","0","0","0","0","0","0","7","0","","36","02","2019","2019012958","1","40.141","-76.5588","0800","08","0","0","0","0","0","0","0","0","1","0","0","0","07","1","0","00","1","40 08:27.682","5","00","76 33:31.789","0","0","0","0","36225","0","0","0","N","0","0","0","1","36505","0","","4","09","N","N","0","","0","0","0","0","0","N","0750","0","1","0","0","0","0","0","2","0","1","N","","","","","","","","","","","","03","  ","","",""
"1438","1","0","0","0","0","0","0","0","0","7","0","","36","01","2019","2019012963","3","40.1605","-76.5778","1431","08","0","1","0","0","0","0","0","0","","0","0","0","14","1","0","00","0","40 09:37.645","","00","76 34:40.231","0","0","0","0","36225","0","0","0","N","0","0","0","1","36505","0","","4","06","N","N","0","","0","0","0","0","0","N","1425","0","1","0","0","0","0","0","2","0","1","N","","","","","","","","","","","","10","  ","","",""