"ARRIVAL_TM","AUTOMOBILE_COUNT","BELTED_DEATH_COUNT","BELTED_SUSP_SERIOUS_INJ_COUNT","BICYCLE_COUNT","BICYCLE_DEATH_COUNT","BICYCLE_SUSP_SERIOUS_INJ_COUNT","BUS_COUNT","CHLDPAS_DEATH_COUNT","CHLDPAS_SUSP_SERIOUS_INJ_COUNT","COLLISION_TYPE","COMM_VEH_COUNT","CONS_ZONE_SPD_LIM","COUNTY","CRASH_MONTH","CRASH_YEAR","CRN","DAY_OF_WEEK","DEC_LAT","DEC_LONG","DISPATCH_TM","DISTRICT","DRIVER_COUNT_16YR","DRIVER_COUNT_17YR","DRIVER_COUNT_18YR","DRIVER_COUNT_19YR","DRIVER_COUNT_20YR","DRIVER_COUNT_50_64YR","DRIVER_COUNT_65_74YR","DRIVER_COUNT_75PLUS","EST_HRS_CLOSED","FATAL_COUNT","HEAVY_TRUCK_COUNT","HORSE_BUGGY_COUNT","HOUR_OF_DAY","ILLUMINATION","INJURY_COUNT","INTERSECT_TYPE","LANE_CLOSED","LATITUDE","LN_CLOSE_DIR","LOCATION_TYPE","LONGITUDE","MAX_SEVERITY_LEVEL","MCYCLE_DEATH_COUNT","MCYCLE_SUSP_SERIOUS_INJ_COUNT","MOTORCYCLE_COUNT","MUNICIPALITY","NONMOTR_COUNT","NONMOTR_DEATH_COUNT","NONMOTR_SUSP_SERIOUS_INJ_COUNT","NTFY_HIWY_MAINT","PED_COUNT","PED_DEATH_COUNT","PED_SUSP_SERIOUS_INJ_COUNT","PERSON_COUNT","POLICE_AGCY","POSSIBLE_INJ_COUNT","RDWY_SURF_TYPE_CD","RELATION_TO_ROAD","ROAD_CONDITION","SCH_BUS_IND","SCH_ZONE_IND","SMALL_TRUCK_COUNT","SPEC_JURIS_CD","SUSP_MINOR_INJ_COUNT","SUSP_SERIOUS_INJ_COUNT","SUV_COUNT","TCD_FUNC_CD","TCD_TYPE","TFC_DETOUR_IND","TIME_OF_DAY","TOT_INJ_COUNT","TOTAL_UNITS","UNB_DEATH_COUNT","UNB_SUSP_SERIOUS_INJ_COUNT","UNBELTED_OCC_COUNT","UNK_INJ_DEG_COUNT","UNK_INJ_PER_COUNT","URBAN_RURAL","VAN_COUNT","VEHICLE_COUNT","WORK_ZONE_IND","WORK_ZONE_LOC","WORK_ZONE_TYPE","WORKERS_PRES","WZ_CLOSE_DETOUR","WZ_FLAGGER","WZ_LAW_OFFCR_IND","WZ_LN_CLOSURE","WZ_MOVING","WZ_OTHER","WZ_SHLDER_MDN","ROADWAY_CLEARED","WEATHER1","WEATHER2","WZ_WORKERS_INJ_KILLED","SECONDARY_CRASH","INTERSECTION_RELATED"
"1639","2","0","0","0","0","0","0","0","0","4","0","","36","02","2019","2019012971","7","40.0319","-76.4929","1639","08","0","0","1","0","0","1","0","0","1","0","0","0","16","1","0","00","1","40 01:54.920","4","00","76 29:34.352","0","0","0","0","36404","0","0","0","N","0","0","0","6","36404","0","","1","01","N","N","0","","0","0","0","0","0","N","1635","0","2","0","0","1","0","0","3","0","2","N","","","","","","","","","","","","03","  ","","",""
"0902","1","0","0","0","0","0","0","0","0","1","0","","36","02","2019","2019013002","1","40.1579","-76.2061","0901","08","0","1","0","0","0","0","0","0","1","0","0","0","09","1","2","00","1","40 09:28.500","6","00","76 12:22.100","3","0","0","0","36402","0","0","0","N","0","0","0","2","36402","0","","6","01","N","N","0","","2","0","2","0","0","Y","0900","2","3","0","0","0","0","0","2","0","3","N","","","","","","","","","","","","03","  ","","",""
"1546","1","0","0","0","0","0","0","0","0","1","0","","36","01","2019","2019013064","3","40.1445","-76.5722","1551","08","0","0","0","0","1","0","0","0","","0","0","0","15","1","1","01","0","40 08:40.370","","00","76 34:20.092","8","0","0","0","36225","0","0","0","N","0","0","0","3","36505","0","","1","07","N","N","0","","0","0","1","3","3","N","1540","1","2","0","0","0","1","0","2","0","2","N","","","","","","","","","","","","10","  ","","",""
"1521","0","0","0","0","0","0","0","0","0","7","0","","36","01","2019","2019013073","3","40.0634","-76.5829","1521","08","0","0","0","0","0","0","0","0","","0","0","0","15","1","0","00","0","40 03:48.363","","00","76 34:58.305","0","0","0","0","36211","0","0","0","N","0","0","0","2","36504","0","","5","07","N","N","0","","0","0","0","0","0","","1515","0","1","0","0","0","0","0","1","1","1","N","","","","","","","","","","","","10","  ","","",""
"1100","0","0","0","0","0","0","0","0","0","7","0","","36","02","2019","2019013074","6","40.2379","-76.1689","1055","08","0","0","1","0","0","0","0","0","2","0","0","0","10","1","0","00","1","40 14:16.346","3","00","76 10:07.886","0","0","0","0","36236","0","0","0","N","0","0","0","1","36408","0","","5","07","N","N","0","","0","0","1","0","0","N","1050","0","1","0","0","0","0","0","1","0","1","N","","","","","","","","","","","","10","  ","","",""
"1353","1","0","0","0","0","0","0","0","0","7","0","","36","02","2019","2019013111","7","40.0611","-76.3006","1351","08","0","0","0","0","0","0","0","0","2","0","0","0","13","1","0","00","1","40 03:40.020","3","00","76 18:02.220","0","0","0","0","36101","0","0","0","N","0","0","0","1","36101","0","","4","09","N","N","0","","0","0","0","0","0","N","1350","0","1","0","0","0","0","0","3","0","1","N","","","","","","","","","","","","03","  ","","",""
"0833","1","0","0","0","0","0","0","0","0","7","0","","36","02","2019","2019013124","6","40.1397","-76.5504","0825","08","0","0","0","0","0","0","0","0","2","0","0","0","08","1","1","00","1","40 08:22.842","4","03","76 33:01.364","8","0","0","0","36225","0","0","0","N","0","0","0","1","36505","0","","2","06","N","N","0","","0","0","0","0","0","N","0823","1","1","0","0","0","1","0","2","0","1","N","","","","","","","","","","","","10","  ","","",""
"2017","1","0","0","0","0","0","0","0","0","8","0","","36","01","2019","2019013128","2","40.0339","-76.4996","","08","0","0","0","0","0","0","1","0","1","0","0","0","20","6","1","01","1","40 02:01.965","3","00","76 29:58.569","3","0","0","0","36404","1","0","0","N","1","0","0","2","36404","0","","1","01","N","N","0","","1","0","0","0","0","Y","2017","1","2","0","0","0","0","0","3","0","1","N","","","","","","","","","","","","03","  ","","",""
"1113","1","0","0","0","0","0","0","0","0","7","0","","36","01","2019","2019013136","7","40.1603","-76.0158","1104","08","0","0","0","0","0","0","0","0","5","0","0","0","11","1","0","00","2","40 09:37.003","5","00","76 00:56.997","0","0","0","0","36213","0","0","0","N","0","0","0","1","36213","0","","5","01","N","N","0","","0","0","0","0","0","Y","1100","0","1","0","0","0","0","0","1","0","1","N","","","","","","","","","","","","03","  ","","",""
"1907","6","0","0","0","0","0","0","0","0","5","0","","36","02","2019","2019013239","1","40.0385","-76.3011","1907","08","0","0","0","0","0","0","0","0","3","0","0","0","19","3","1","00","2","40 02:18.426","3","00","76 18:04.131","3","0","0","0","36301","0","0","0","N","0","0","0","2","36301","0","","2","01","N","N","0","","1","0","1","0","0","Y","1902","1","8","0","0","0","0","0","3","1","8","N","","","","","","","","","","","","03","  ","","",""
"0036","1","0","0","0","0","0","0","0","0","5","0","","36","02","2019","2019013261","1","40.0609","-76.303","0034","08","0","0","0","0","0","1","0","0","","0","0","0","00","3","0","00","0","40 03:39.300","","00","76 18:10.800","0","0","0","0","36101","0","0","0","N","0","0","0","1","36101","0","","6","01","N","N","0","","0","0","1","0","0","","0031","0","2","0","0","0","0","0","3","0","2","N","","","","","","","","","","","","03","  ","","",""
"1135","0","0","0","0","0","0","0","0","0","1","0","","36","02","2019","2019013262","1","40.0786","-76.2952","1130","08","0","0","0","0","0","0","0","0","","0","0","0","11","1","1","00","0","40 04:43.059","","00","76 17:42.691","4","0","0","0","36101","0","0","0","N","0","0","0","5","36101","1","","1","01","N","N","0","","0","0","3","0","0","","1127","1","3","0","0","0","0","0","3","0","3","N","","","","","","","","","","","","03","  ","","",""
"1121","0","0","0","0","0","0","0","0","0","4","0","","36","02","2019","2019013292","1","40.1758","-76.3088","1115","08","0","0","0","0","0","0","1","0","1","0","0","0","11","1","1","01","1","40 10:32.768","1","00","76 18:31.673","4","0","0","0","36235","0","0","0","N","0","0","0","3","36506","1","","1","01","N","N","1","","0","0","1","3","1","Y","1115","1","2","0","0","0","0","0","1","0","2","N","","","","","","","","","","","","03","  ","","",""
"0803","3","0","0","0","0","0","0","0","0","4","0","","36","01","2019","2019013315","5","40.0408","-76.2935","0752","08","0","0","0","0","0","0","0","0","","0","0","0","07","1","0","01","0","40 02:26.970","","00","76 17:36.562","0","0","0","0","36301","0","0","0","N","0","0","0","2","36301","0","","1","01","N","N","0","","0","0","0","3","3","","0749","0","3","0","0","0","0","0","3","0","3","N","","","","","","","","","","","","03","  ","","",""
"0744","1","0","0","0","0","0","0","0","0","4","0","","36","02","2019","2019013329","2","39.8997","-76.1559","0732","08","0","1","0","0","0","0","1","0","","0","0","0","07","1","1","00","0","39 53:58.839","","07","76 09:21.132","4","0","0","0","36416","0","0","0","N","0","0","0","2","36416","1","","1","01","N","N","0","","0","0","1","0","0","N","0730","1","2","0","0","0","0","0","1","0","2","N","","","","","","","","","","","","98","  ","","",""
"0759","0","0","0","0","0","0","0","0","0","1","1","","36","01","2019","2019013341","5","40.2116","-76.2338","0759","08","0","0","0","0","0","1","0","1","2","0","1","0","07","1","0","00","1","40 12:41.817","6","00","76 14:01.611","0","0","0","0","36204","0","0","0","N","0","0","0","3","36506","0","","1","07","N","N","0","","0","0","1","0","0","N","0759","0","2","0","0","0","0","0","1","0","2","N","","","","","","","","","","","","03","  ","","",""
"0735","1","0","0","0","0","0","0","0","0","4","0","","36","02","2019","2019013344","2","40.1592","-76.6258","0735","08","0","0","0","0","0","1","1","0","","0","0","0","07","1","0","02","0","40 09:33.034","","00","76 37:32.826","0","0","0","0","36237","0","0","0","N","0","0","0","2","36505","0","","1","09","N","N","0","","0","0","1","0","0","N","0730","0","2","0","0","0","0","0","1","0","2","N","","","","","","","","","","","","03","  ","","",""
"0859","1","0","0","0","0","0","0","0","0","5","0","","36","02","2019","2019013350","6","40.1514","-76.1648","0852","08","0","0","0","0","0","1","0","0","2","0","0","0","08","1","0","00","1","40 09:04.963","2","00","76 09:53.163","0","0","0","0","36238","0","0","0","Y","0","0","0","2","36238","0","","1","06","N","N","0","","0","0","1","0","0","N","0849","0","2","0","0","0","0","0","3","0","2","N","","","","","","","","","","","","10","  ","","",""
"1417","1","0","0","0","0","0","0","0","0","7","0","","36","01","2019","2019013480","4","40.1059","-76.5606","1409","08","0","0","0","0","0","0","0","0","2","0","0","0","14","1","0","00","1","40 06:21.400","5","00","76 33:38.200","0","0","0","0","36211","0","0","0","N","0","0","0","1","36504","0","","4","02","N","N","0","","0","0","0","0","0","Y","1408","0","1","0","0","0","0","0","1","0","1","N","","","","","","","","","","","","10","  ","","",""
"1357","1","0","0","0","0","0","0","0","0","4","0","","36","02","2019","2019013491","2","40.1811","-76.165","1354","08","0","0","1","0","0","0","0","0","2","0","0","0","13","1","0","01","2","40 10:52.068","7","00","76 09:53.992","0","0","0","0","36408","0","0","0","N","0","0","0","3","36408","0","","1","98","N","N","0","","0","0","1","3","3","Y","1353","0","2","0","0","0","0","0","2","0","2","N","","","","","","","","","","","","03","  ","","",""
"1250","2","0","0","0","0","0","0","0","0","1","0","","36","02","2019","2019013508","2","40.0425","-76.4248","1242","08","0","0","0","0","1","0","0","0","","0","0","0","12","1","0","00","0","40 02:32.947","","00","76 25:29.293","0","0","0","0","36239","0","0","0","N","0","0","0","2","36239","0","","1","01","N","N","0","","0","0","0","0","0","","1242","0","2","0","0","0","0","0","3","0","2","N","","","","","","","","","","","","03","  ","","",""
"1808","1","0","0","0","0","0","0","0","0","1","1","","36","02","2019","2019013541","2","40.2194","-76.0815","1802","08","0","0","0","0","0","1","0","0","2","0","1","0","18","2","0","00","1","40 13:09.979","2","00","76 04:53.245","0","0","0","0","36210","0","0","0","N","0","0","0","2","36210","0","","1","01","N","N","0","","0","0","0","0","0","N","1800","0","2","0","0","0","0","0","1","0","2","N","","","","","","","","","","","","99","  ","","",""
"1557","1","0","1","0","0","0","0","0","0","1","0","","36","01","2019","2019013577","3","","","1553","08","0","0","0","0","0","0","1","0","3","0","0","0","15","1","3","00","2","","3","00","","2","0","0","0","36239","0","0","0","N","0","0","0","3","36239","0","","1","01","N","N","0","","2","1","1","0","0","Y","1548","3","2","0","0","0","0","0","3","0","2","N","","","","","","","","","","","","03","  ","","",""
"2259","2","0","0","0","0","0","0","0","0","1","0","","36","02","2019","2019013702","1","40.1444","-76.6091","2250","08","0","0","0","0","0","0","0","0","2","0","0","0","22","3","0","00","2","40 08:39.891","4","04","76 36:32.684","0","0","0","0","36407","0","0","0","N","0","0","0","2","36407","0","","1","09","N","N","0","","0","0","0","0","0","Y","2246","0","2","0","0","0","0","0","2","0","2","N","","","","","","","","","","","","03","  ","","",""
"1634","1","0","0","0","0","0","0","0","0","1","0","","36","02","2019","2019013711","2","40.1889","-76.1262","1626","08","0","0","0","0","0","1","1","0","","0","0","0","16","1","0","00","0","40 11:20.000","","07","76 07:34.400","0","0","0","0","36210","0","0","0","N","0","0","0","2","36210","0","","1","01","N","N","1","","0","0","0","0","0","","1624","0","2","0","0","0","0","0","1","0","2","N","","","","","","","","","","","","03","  ","","",""
"1741","1","0","0","0","0","0","0","0","0","6","1","","36","01","2019","2019013713","4","40.1932","-76.2217","1741","08","0","1","0","0","0","1","0","0","1","0","1","0","17","2","0","00","1","40 11:35.667","2","00","76 13:18.141","0","0","0","0","36204","0","0","0","N","0","0","0","2","36506","0","","1","07","N","N","0","","0","0","0","0","0","N","1741","0","2","0","0","0","0","0","1","0","2","N","","","","","","","","","","","","03","  ","","",""
"0152","2","0","0","0","0","0","0","0","0","7","0","","36","01","2019","2019013717","7","39.9722","-76.3029","0148","08","0","0","0","0","0","0","0","0","3","0","0","0","01","6","0","00","1","39 58:20.000","2","00","76 18:10.400","9","0","0","0","36228","0","0","0","N","0","0","0","2","36503","0","","4","01","N","N","0","","0","0","0","0","0","N","0140","0","2","0","0","0","0","1","1","0","2","N","","","","","","","","","","","","03","  ","","",""
"1035","0","0","0","0","0","0","0","0","0","8","0","","36","02","2019","2019013729","2","40.0366","-76.3033","1032","08","0","0","0","0","0","0","0","0","","0","0","0","10","1","1","01","0","40 02:11.783","","00","76 18:11.766","8","0","0","0","36301","1","0","0","N","1","0","0","2","36301","0","","1","01","N","N","1","","0","0","0","3","2","","1032","1","2","0","0","0","1","0","3","0","1","N","","","","","","","","","","","","03","  ","","",""
"0644","1","0","0","0","0","0","0","0","0","1","0","","36","02","2019","2019013758","2","40.1274","-76.305","0637","08","0","0","0","0","0","1","0","0","","0","0","0","06","1","0","00","0","40 07:38.795","","00","76 18:18.004","0","0","0","0","36235","0","0","0","N","0","0","0","3","36506","0","","1","01","N","N","0","","0","0","2","0","0","","0637","0","3","0","0","0","0","0","1","0","3","N","","","","","","","","","","","","03","  ","","",""
"1001","0","0","0","0","0","0","0","0","0","1","0","99","36","02","2019","2019013815","3","40.1498","-76.1764","0954","08","0","0","0","0","0","0","0","1","","0","0","0","09","1","0","00","0","40 08:59.319","","01","76 10:34.964","0","0","0","0","36238","0","0","0","N","0","0","0","8","36238","0","","1","01","N","N","2","","0","0","1","3","8","N","0951","0","3","0","0","0","0","0","3","0","3","Y","4","2","Y","","","N","Y","Y","","","","03","  ","","",""
"1742","1","0","0","0","0","0","0","0","0","1","0","","36","01","2019","2019013953","1","40.0078","-76.2978","1736","08","0","0","0","0","0","1","0","0","2","0","0","0","17","4","0","00","2","40 00:28.124","5","00","76 17:52.146","0","0","0","0","36240","0","0","0","N","0","0","0","3","36240","0","","1","01","N","N","0","","0","0","1","0","0","Y","1730","0","2","0","0","0","0","0","1","0","2","N","","","","","","","","","","","","03","  ","","",""
"1437","0","0","1","0","0","0","0","0","0","4","0","","36","01","2019","2019013970","5","40.1866","-76.1841","1435","08","0","0","0","0","0","2","0","0","2","0","0","0","14","1","1","03","2","40 11:11.752","6","07","76 11:02.889","2","0","0","0","36408","0","0","0","N","0","0","0","2","36408","0","","1","01","N","N","1","","0","1","1","0","0","Y","1435","1","2","0","0","0","0","0","2","0","2","N","","","","","","","","","","","","03","  ","","",""
"1453","2","0","0","0","0","0","0","0","0","4","0","","36","02","2019","2019013976","3","40.1289","-76.2196","1446","08","0","0","1","0","0","1","0","0","1","0","0","0","14","1","1","00","1","40 07:44.095","5","07","76 13:10.499","3","0","0","0","36238","0","0","0","N","0","0","0","2","36238","0","","1","01","N","N","0","","1","0","0","0","0","N","1444","1","2","0","0","0","0","0","3","0","2","N","","","","","","","","","","","","03","  ","","",""
"1534","2","0","0","0","0","0","0","0","0","4","0","","36","01","2019","2019014023","4","40.0685","-76.3074","1526","08","0","0","0","0","0","0","0","0","2","0","0","0","15","1","0","01","2","40 04:06.605","2","00","76 18:27.559","0","0","0","0","36101","0","0","0","N","0","0","0","2","36101","0","","1","06","N","N","0","","0","0","0","3","2","N","1524","0","2","0","0","0","0","0","3","0","2","N","","","","","","","","","","","","03","  ","","",""
"1110","0","0","0","0","0","0","0","0","0","1","0","","36","01","2019","2019014024","5","40.0537","-76.3065","1106","08","0","0","0","0","0","0","0","0","1","0","0","0","11","1","2","00","1","40 03:13.195","1","00","76 18:23.478","4","0","0","0","36101","0","0","0","N","0","0","0","4","36101","2","","1","01","N","N","0","","0","0","2","0","0","N","1103","2","2","0","0","0","0","0","3","0","2","N","","","","","","","","","","","","03","  ","","",""
"1514","1","0","0","0","0","0","0","0","0","1","1","","36","01","2019","2019014025","3","40.0747","-76.2551","1514","08","0","0","0","0","0","0","0","0","3","0","1","0","15","1","0","00","1","40 04:29.000","1","00","76 15:18.500","0","0","0","0","36215","0","0","0","N","0","0","0","2","36215","0","","1","07","N","N","0","","0","0","0","3","3","Y","1514","0","2","0","0","0","0","0","1","0","2","N","","","","","","","","","","","","10","  ","","",""
"0840","2","0","0","0","0","0","0","0","0","4","0","","36","02","2019","2019014026","6","40.0402","-76.2391","0833","08","0","0","0","0","0","0","0","0","1","0","0","0","08","1","0","01","1","40 02:24.730","1","00","76 14:20.844","0","0","0","0","36215","0","0","0","N","0","0","0","2","36215","0","","1","07","N","N","0","","0","0","0","3","2","N","0833","0","2","0","0","0","0","0","1","0","2","N","","","","","","","","","","","","10","  ","","",""
"2329","1","0","0","0","0","0","0","0","0","7","0","","36","02","2019","2019014027","7","40.0777","-76.2571","2323","08","0","0","0","0","0","0","0","0","","0","0","0","23","2","0","00","0","40 04:39.740","","00","76 15:25.457","0","0","0","0","36215","0","0","0","N","0","0","0","1","36215","0","","5","02","N","N","0","","0","0","0","0","0","","2321","0","1","0","0","0","0","0","1","0","1","N","","","","","","","","","","","","03","  ","","",""
"1725","1","0","0","0","0","0","0","0","0","4","0","","36","01","2019","2019014029","4","40.1013","-76.4916","1716","08","0","0","0","0","0","0","0","0","2","0","0","0","17","4","0","02","2","40 06:04.848","5","00","76 29:29.721","0","0","0","0","36230","0","0","0","N","0","0","0","2","36410","0","","1","01","N","N","0","","0","0","1","3","3","Y","1707","0","2","0","0","0","0","0","1","0","2","N","","","","","","","","","","","","03","  ","","",""
"0557","1","0","0","0","0","0","0","0","0","7","0","","36","01","2019","2019014030","6","40.1801","-76.4729","0550","08","0","0","0","0","0","1","0","0","2","0","0","0","05","2","0","00","2","40 10:48.219","3","00","76 28:22.400","0","0","0","0","36230","0","0","0","N","0","0","0","1","36410","0","","5","06","N","N","0","","0","0","0","0","0","Y","0547","0","1","0","0","0","0","0","1","0","1","N","","","","","","","","","","","","10","  ","","",""
"2138","1","0","0","0","0","0","0","0","0","4","0","","36","01","2019","2019014031","6","40.1818","-76.4945","2131","08","0","0","0","0","0","0","0","0","1","0","0","0","21","2","1","01","2","40 10:54.338","5","00","76 29:40.023","8","0","0","0","36230","0","0","0","N","0","0","0","2","36410","0","","1","01","N","N","1","","0","0","0","3","3","Y","2129","1","2","0","0","0","1","0","1","0","2","N","","","","","","","","","","","","03","  ","","",""
"1609","1","0","0","0","0","0","0","0","0","1","0","","36","01","2019","2019014032","7","40.1344","-76.4325","1603","08","0","0","0","0","0","1","1","0","2","0","0","0","16","1","0","02","2","40 08:03.723","6","00","76 25:56.835","0","0","0","0","36230","0","0","0","N","0","0","0","3","36410","0","","1","01","N","N","0","","0","0","1","0","0","Y","1602","0","2","0","0","0","0","0","1","0","2","N","","","","","","","","","","","","03","  ","","",""
"1729","0","0","0","0","0","0","0","0","0","1","0","","36","01","2019","2019014033","2","40.1279","-76.4522","1725","08","0","0","0","0","0","0","0","0","","0","0","0","17","4","0","00","0","40 07:40.500","","00","76 27:08.000","0","0","0","0","36230","0","0","0","N","0","0","0","2","36410","0","","1","01","N","N","0","","0","0","2","0","0","","1722","0","2","0","0","0","0","0","1","0","2","N","","","","","","","","","","","","03","  ","","",""
"1210","0","0","0","0","0","0","0","0","0","4","0","","36","01","2019","2019014034","3","40.1174","-76.4255","1157","08","0","0","0","0","0","0","0","0","2","0","0","0","11","1","0","00","1","40 07:02.770","6","03","76 25:31.700","0","0","0","0","36230","0","0","0","N","0","0","0","4","36410","0","","1","07","N","N","0","","0","0","2","0","0","N","1157","0","2","0","0","0","0","0","1","0","2","N","","","","","","","","","","","","10","  ","","",""
"1007","1","0","0","0","0","0","0","0","0","9","0","","36","01","2019","2019014035","5","40.1433","-76.4524","0955","08","0","0","0","0","0","0","0","0","","0","0","0","09","1","0","00","0","40 08:35.860","","00","76 27:08.510","0","0","0","0","36230","0","0","0","N","0","0","0","1","36410","0","","5","02","N","N","0","","0","0","0","0","0","","0950","0","1","0","0","0","0","0","1","0","1","N","","","","","","","","","","","","03","  ","","",""
"0924","0","0","0","0","0","0","0","0","0","1","0","","36","02","2019","2019014036","6","40.0823","-76.4796","0855","08","0","0","0","0","0","0","0","0","2","0","0","0","08","1","0","00","1","40 04:56.300","3","00","76 28:46.500","0","0","0","0","36230","0","0","0","N","0","0","0","2","36410","0","","1","07","N","N","0","","0","0","2","0","0","N","0855","0","2","0","0","1","0","0","1","0","2","N","","","","","","","","","","","","10","  ","","",""
"1221","0","0","0","0","0","0","0","0","0","5","1","","36","02","2019","2019014037","6","40.1302","-76.4926","1158","08","0","0","0","0","1","0","0","0","3","0","1","0","11","1","1","00","1","40 07:48.718","3","00","76 29:33.333","4","0","0","0","36230","0","0","0","N","0","0","0","2","36410","1","","1","06","N","N","1","","0","0","0","0","0","N","1158","1","2","0","0","0","0","0","1","0","2","N","","","","","","","","","","","","10","  ","","",""
"1445","0","0","0","0","0","0","0","0","0","7","0","","36","02","2019","2019014038","6","40.1332","-76.4947","1434","08","0","0","0","0","0","0","0","0","4","0","0","0","14","1","0","00","1","40 07:59.368","5","00","76 29:41.059","0","0","0","0","36230","0","0","0","N","0","0","0","1","36410","0","","2","07","N","N","1","","0","0","0","0","0","Y","1434","0","1","0","0","0","0","0","1","0","1","N","","","","","","","","","","","","10","  ","","",""
"1522","1","0","0","0","0","0","0","0","0","7","0","","36","02","2019","2019014039","6","40.2156","-76.4516","1509","08","0","0","0","1","0","0","0","0","2","0","0","0","15","1","0","00","1","40 12:56.292","3","00","76 27:05.636","0","0","0","0","36230","0","0","0","N","0","0","0","1","36410","0","","4","07","N","N","0","","0","0","0","0","0","Y","1509","0","1","0","0","0","0","0","1","0","1","N","","","","","","","","","","","","10","  ","","",""
"0725","0","0","0","0","0","0","0","0","0","7","0","","36","02","2019","2019014040","1","40.2012","-76.496","0712","08","0","0","0","0","0","0","0","0","","0","0","0","07","1","0","00","0","40 12:04.290","","00","76 29:45.660","0","0","0","0","36230","0","0","0","N","0","0","0","1","36410","0","","5","01","N","N","0","","0","0","1","0","0","","0705","0","1","0","0","0","0","0","1","0","1","N","","","","","","","","","","","","03","  ","","",""
"1820","2","0","0","0","0","0","0","0","0","5","0","","36","01","2019","2019014041","6","40.101","-76.095","1815","08","0","0","0","0","0","0","0","0","","0","0","0","18","3","0","00","0","40 06:03.679","","00","76 05:42.029","0","0","0","0","36415","0","0","0","N","0","0","0","1","36415","0","","1","01","N","N","0","","0","0","0","0","0","","1814","0","3","0","0","0","0","0","1","1","3","N","","","","","","","","","","","","03","  ","","",""
"1608","0","0","0","0","0","0","0","0","0","6","0","","36","01","2019","2019014042","3","40.0926","-76.1188","1549","08","0","0","0","0","0","1","0","0","","0","0","0","15","1","1","00","0","40 05:33.304","","00","76 07:07.595","3","0","0","0","36209","0","0","0","N","0","0","0","2","36415","0","","1","07","N","N","0","","1","0","1","0","0","","1546","1","2","0","0","0","0","0","1","1","2","N","","","","","","","","","","","","10","  ","","",""
"1608","0","0","0","0","0","0","0","0","0","1","0","","36","01","2019","2019014044","3","40.0926","-76.1188","1552","08","0","0","0","0","0","0","0","0","","0","0","0","15","1","0","00","0","40 05:33.304","","00","76 07:07.595","0","0","0","0","36209","0","0","0","N","0","0","0","2","36415","0","","1","07","N","N","0","","0","0","2","0","0","","1549","0","2","0","0","0","0","0","1","0","2","N","","","","","","","","","","","","10","  ","","",""
"0933","1","0","0","0","0","0","0","0","0","0","0","","36","01","2019","2019014047","5","40.1542","-76.1344","0930","08","0","0","0","0","0","0","0","0","2","0","0","0","05","2","0","00","2","40 09:15.100","6","00","76 08:03.900","0","0","0","0","36209","0","0","0","N","0","0","0","1","36415","0","","5","02","N","N","0","","0","0","0","0","0","N","0533","0","1","0","0","0","0","0","1","0","1","N","","","","","","","","","","","","03","  ","","",""
"1452","0","0","0","0","0","0","0","0","0","7","0","","36","02","2019","2019014048","6","40.0981","-76.0804","1446","08","0","1","0","0","0","0","0","0","1","0","0","0","14","1","1","00","2","40 05:53.291","5","00","76 04:49.410","3","0","0","0","36415","0","0","0","N","0","0","0","2","36415","0","","5","07","N","N","1","","1","0","0","0","0","Y","1446","1","1","0","0","0","0","0","1","0","1","N","","","","","","","","","","","","10","  ","","",""
"2000","1","0","0","0","0","0","0","0","0","7","0","","36","02","2019","2019014049","6","40.1145","-76.0952","1952","08","0","0","0","0","0","0","0","0","1","0","0","0","19","2","0","00","2","40 06:52.302","5","00","76 05:42.694","0","0","0","0","36209","0","0","0","N","0","0","0","1","36415","0","","5","02","N","N","0","","0","0","0","0","0","Y","1952","0","1","0","0","0","0","0","1","0","1","N","","","","","","","","","","","","10","  ","","",""
"1525","1","0","0","0","0","0","0","0","0","1","0","","36","02","2019","2019014050","7","40.1462","-76.1182","1518","08","0","0","0","0","0","0","1","0","1","0","0","0","15","1","0","00","1","40 08:46.161","3","00","76 07:05.500","0","0","0","0","36209","0","0","0","N","0","0","0","3","36415","0","","1","01","N","N","0","","0","0","2","0","0","Y","1516","0","3","0","0","0","0","0","1","0","3","N","","","","","","","","","","","","03","  ","","",""
"1704","0","0","0","0","0","0","0","0","0","1","0","","36","02","2019","2019014051","2","40.0977","-76.1033","1701","08","0","0","0","0","1","1","0","0","","0","0","0","17","1","0","00","0","40 05:51.592","","00","76 06:11.762","0","0","0","0","36415","0","0","0","N","0","0","0","4","36415","0","","1","01","N","N","0","","0","0","2","0","0","","1701","0","2","0","0","0","0","0","1","0","2","N","","","","","","","","","","","","03","  ","","",""
"2203","1","0","0","0","0","0","0","0","0","7","0","","36","02","2019","2019014133","2","40.0085","-76.2982","2157","08","0","0","0","0","0","0","0","0","2","0","0","0","21","3","0","00","1","40 00:30.428","1","00","76 17:53.583","0","0","0","0","36240","0","0","0","N","0","0","0","1","36240","0","","5","09","N","N","0","","0","0","0","0","0","N","2152","0","1","0","0","0","0","0","1","0","1","N","","","","","","","","","","","","03","  ","","",""
"0607","1","0","0","0","0","0","0","0","0","7","0","","36","01","2019","2019014208","6","40.1406","-76.2107","0602","08","0","0","0","0","0","1","0","0","1","0","0","0","06","3","2","00","1","40 08:26.175","2","07","76 12:38.650","3","0","0","0","36238","0","0","0","N","0","0","0","2","36238","0","","5","01","N","N","0","","2","0","0","0","0","N","0600","2","1","0","0","0","0","0","3","0","1","N","","","","","","","","","","","","03","  ","","",""