"ARRIVAL_TM","AUTOMOBILE_COUNT","BELTED_DEATH_COUNT","BELTED_SUSP_SERIOUS_INJ_COUNT","BICYCLE_COUNT","BICYCLE_DEATH_COUNT","BICYCLE_SUSP_SERIOUS_INJ_COUNT","BUS_COUNT","CHLDPAS_DEATH_COUNT","CHLDPAS_SUSP_SERIOUS_INJ_COUNT","COLLISION_TYPE","COMM_VEH_COUNT","CONS_ZONE_SPD_LIM","COUNTY","CRASH_MONTH","CRASH_YEAR","CRN","DAY_OF_WEEK","DEC_LAT","DEC_LONG","DISPATCH_TM","DISTRICT","DRIVER_COUNT_16YR","DRIVER_COUNT_17YR","DRIVER_COUNT_18YR","DRIVER_COUNT_19YR","DRIVER_COUNT_20YR","DRIVER_COUNT_50_64YR","DRIVER_COUNT_65_74YR","DRIVER_COUNT_75PLUS","EST_HRS_CLOSED","FATAL_COUNT","HEAVY_TRUCK_COUNT","HORSE_BUGGY_COUNT","HOUR_OF_DAY","ILLUMINATION","INJURY_COUNT","INTERSECT_TYPE","LANE_CLOSED","LATITUDE","LN_CLOSE_DIR","LOCATION_TYPE","LONGITUDE","MAX_SEVERITY_LEVEL","MCYCLE_DEATH_COUNT","MCYCLE_SUSP_SERIOUS_INJ_COUNT","MOTORCYCLE_COUNT","MUNICIPALITY","NONMOTR_COUNT","NONMOTR_DEATH_COUNT","NONMOTR_SUSP_SERIOUS_INJ_COUNT","NTFY_HIWY_MAINT","PED_COUNT","PED_DEATH_COUNT","PED_SUSP_SERIOUS_INJ_COUNT","PERSON_COUNT","POLICE_AGCY","POSSIBLE_INJ_COUNT","RDWY_SURF_TYPE_CD","RELATION_TO_ROAD","ROAD_CONDITION","SCH_BUS_IND","SCH_ZONE_IND","SMALL_TRUCK_COUNT","SPEC_JURIS_CD","SUSP_MINOR_INJ_COUNT","SUSP_SERIOUS_INJ_COUNT","SUV_COUNT","TCD_FUNC_CD","TCD_TYPE","TFC_DETOUR_IND","TIME_OF_DAY","TOT_INJ_COUNT","TOTAL_UNITS","UNB_DEATH_COUNT","UNB_SUSP_SERIOUS_INJ_COUNT","UNBELTED_OCC_COUNT","UNK_INJ_DEG_COUNT","UNK_INJ_PER_COUNT","URBAN_RURAL","VAN_COUNT","VEHICLE_COUNT","WORK_ZONE_IND","WORK_ZONE_LOC","WORK_ZONE_TYPE","WORKERS_PRES","WZ_CLOSE_DETOUR","WZ_FLAGGER","WZ_LAW_OFFCR_IND","WZ_LN_CLOSURE","WZ_MOVING","WZ_OTHER","WZ_SHLDER_MDN","ROADWAY_CLEARED","WEATHER1","WEATHER2","WZ_WORKERS_INJ_KILLED","SECONDARY_CRASH","INTERSECTION_RELATED"
"0551","1","0","0","0","0","0","0","0","0","7","0","","36","01","2019","2019014213","5","40.1309","-76.2172","0542","08","0","0","0","0","0","0","0","0","1","0","0","0","05","3","0","01","1","40 07:51.556","4","00","76 13:01.609","0","0","0","0","36238","0","0","0","N","0","0","0","1","36238","0","","1","02","N","N","0","","0","0","0","3","2","N","0540","0","1","0","0","0","0","0","3","0","1","N","","","","","","","","","","","","03","  ","","",""
"0757","3","0","0","0","0","0","0","0","0","2","0","","36","01","2019","2019014225","3","40.0461","-76.2973","0757","08","0","0","1","0","0","1","0","0","1","0","0","0","07","1","0","00","2","40 02:45.808","3","00","76 17:50.132","0","0","0","0","36301","0","0","0","N","0","0","0","3","36301","0","","1","01","N","N","0","","0","0","0","0","0","Y","0757","0","3","0","0","0","0","0","3","0","3","N","","","","","","","","","","","","03","  ","","",""
"0651","0","0","0","0","0","0","0","0","0","4","1","","36","02","2019","2019014250","4","40.1865","-76.1885","0637","08","0","0","0","0","0","1","0","0","2","0","1","0","06","1","0","00","1","40 11:11.349","6","00","76 11:18.590","0","0","0","0","36218","0","0","0","N","0","0","0","2","36408","0","","1","01","N","N","0","","0","0","1","1","2","N","0637","0","2","0","0","0","0","0","1","0","2","N","","","","","","","","","","","","03","  ","","",""
"0755","3","0","0","0","0","0","0","0","0","4","0","","36","02","2019","2019014261","4","40.0493","-76.3035","0755","08","0","0","0","0","0","0","0","0","","0","0","0","07","1","0","01","0","40 02:57.514","","00","76 18:12.442","0","0","0","0","36301","0","0","0","N","0","0","0","2","36301","0","","1","01","N","N","0","","0","0","0","3","2","","0750","0","3","0","0","0","0","0","3","0","3","N","","","","","","","","","","","","03","  ","","",""
"1645","3","0","0","0","0","0","0","0","0","4","0","","36","02","2019","2019014276","1","40.0466","-76.3152","1641","08","0","0","1","0","0","0","0","0","","0","0","0","16","1","0","01","0","40 02:47.806","","00","76 18:54.838","0","0","0","0","36301","0","0","0","N","0","0","0","4","36301","0","","1","01","N","N","0","","0","0","0","3","3","","1639","0","3","0","0","0","0","0","3","0","3","N","","","","","","","","","","","","03","  ","","",""
"0928","1","0","0","0","0","0","0","0","0","7","0","","36","02","2019","2019014293","4","40.0304","-76.4563","0922","08","0","0","0","1","0","0","0","0","2","0","0","0","09","1","0","00","2","40 01:49.593","5","00","76 27:22.523","0","0","0","0","36239","0","0","0","N","0","0","0","1","36239","0","","2","09","N","","0","","0","0","0","0","0","Y","0922","0","1","0","0","0","0","0","3","0","1","N","","","","","","","","","","","","03","  ","","",""
"1420","1","0","0","0","0","0","0","0","0","7","0","","36","02","2019","2019014305","6","40.1315","-76.5763","1415","08","0","0","0","0","0","0","0","0","2","0","0","0","14","1","1","00","1","40 07:53.263","4","00","76 34:34.609","4","0","0","0","36225","0","0","0","N","0","0","0","1","36505","1","","5","06","N","N","0","","0","0","0","0","0","N","1410","1","1","0","0","0","0","0","2","0","1","N","","","","","","","","","","","","10","  ","","",""
"0954","1","0","0","0","0","0","0","0","0","7","0","","36","02","2019","2019014318","6","40.2196","-76.1302","0947","08","0","0","0","0","0","0","0","0","","0","0","0","09","1","0","00","0","40 13:10.495","","00","76 07:48.794","0","0","0","0","36210","0","0","0","N","0","0","0","1","36210","0","","5","07","N","N","0","","0","0","0","0","0","","0945","0","1","0","0","0","0","0","1","0","1","N","","","","","","","","","","","","10","  ","","",""
"1302","1","0","0","0","0","0","0","0","0","9","0","","36","01","2019","2019014485","5","40.1158","-76.2365","1259","08","0","0","0","0","0","0","0","0","1","0","0","0","12","1","0","00","1","40 06:56.971","1","00","76 14:11.493","0","0","0","0","36101","0","0","0","N","0","0","0","1","36101","0","","1","01","N","N","0","","0","0","0","0","0","N","1257","0","1","0","0","0","0","0","3","0","1","N","","","","","","","","","","","","03","  ","","",""
"1556","0","0","0","0","0","0","0","0","0","1","0","","36","02","2019","2019014486","3","40.0625","-76.2802","1552","08","0","0","0","0","0","1","1","0","2","0","0","0","15","1","1","00","1","40 03:44.865","3","00","76 16:48.749","3","0","0","0","36101","0","0","0","N","0","0","0","2","36101","0","","1","01","N","N","0","","1","0","2","0","0","N","1548","1","2","0","0","0","0","0","3","0","2","N","","","","","","","","","","","","03","  ","","",""
"1455","0","0","0","0","0","0","0","0","0","7","0","","36","01","2019","2019014487","3","40.0761","-76.212","1450","08","0","0","0","0","0","0","1","0","2","0","0","0","14","1","1","00","2","40 04:34.000","6","00","76 12:43.310","4","0","0","0","36234","0","0","0","N","0","0","0","1","36215","1","","5","07","N","N","1","","0","0","0","0","0","Y","1448","1","1","0","0","1","0","0","1","0","1","N","","","","","","","","","","","","10","  ","","",""
"1548","1","0","0","0","0","0","0","0","0","7","0","","36","01","2019","2019014488","3","40.0762","-76.2229","1548","08","0","0","0","0","1","0","0","0","2","0","0","0","15","1","0","02","1","40 04:34.489","1","00","76 13:22.515","0","0","0","0","36234","0","0","0","N","0","0","0","2","36215","0","","5","07","N","N","0","","0","0","0","3","3","N","1548","0","1","0","0","0","0","0","1","0","1","N","","","","","","","","","","","","10","  ","","",""
"1655","1","0","0","0","0","0","0","0","0","7","0","","36","01","2019","2019014489","3","40.049","-76.1954","1655","08","0","0","0","0","1","0","0","0","","0","0","0","16","1","0","00","0","40 02:56.290","","00","76 11:43.460","0","0","0","0","36215","0","0","0","N","0","0","0","1","36215","0","","4","07","N","N","0","","0","0","0","0","0","","1630","0","1","0","0","0","0","0","1","0","1","N","","","","","","","","","","","","10","  ","","",""
"1641","2","0","0","0","0","0","0","0","0","1","0","","36","02","2019","2019014490","6","40.039","-76.1883","1635","08","0","0","0","0","0","0","0","0","2","0","0","0","16","1","1","00","1","40 02:20.285","3","00","76 11:17.886","3","0","0","0","36215","0","0","0","N","0","0","0","3","36215","0","","1","07","N","N","0","","1","0","1","0","0","Y","1633","1","3","0","0","0","0","0","1","0","3","N","","","","","","","","","","","","10","  ","","",""
"0925","1","0","0","0","0","0","0","0","0","1","0","","36","02","2019","2019014491","7","40.0174","-76.1674","0922","08","0","0","0","0","0","1","0","0","2","0","0","0","09","1","1","00","1","40 01:02.728","3","00","76 10:02.496","4","0","0","0","36215","0","0","0","N","0","0","0","3","36215","1","","1","09","N","N","0","","0","0","2","0","0","N","0919","1","3","0","0","0","0","0","1","0","3","N","","","","","","","","","","","","03","  ","","",""
"0902","0","0","0","0","0","0","0","0","0","4","0","","36","02","2019","2019014492","1","40.0102","-76.188","0850","08","0","0","0","0","0","1","1","0","","0","0","0","08","1","0","02","0","40 00:36.779","","00","76 11:16.965","0","0","0","0","36215","0","0","0","N","0","0","0","2","36215","0","","1","01","N","N","0","","0","0","1","3","3","","0847","0","2","0","0","0","0","0","1","1","2","N","","","","","","","","","","","","03","  ","","",""
"1106","1","0","0","0","0","0","0","0","0","4","0","","36","02","2019","2019014493","2","40.0393","-76.2452","1106","08","0","0","0","0","0","0","1","0","1","0","0","0","11","1","0","06","1","40 02:21.536","4","00","76 14:42.542","0","0","0","0","36215","0","0","0","N","0","0","0","2","36215","0","","1","01","N","N","1","","0","0","0","0","0","N","1106","0","2","0","0","0","0","0","1","0","2","N","","","","","","","","","","","","03","  ","","",""
"0210","1","0","0","0","0","0","0","0","0","1","0","","36","02","2019","2019014523","1","40.031","-76.2881","0202","08","0","0","0","0","0","0","0","0","2","0","0","0","02","3","0","00","2","40 01:51.745","5","00","76 17:17.087","9","0","0","0","36301","0","0","0","N","0","0","0","1","36301","0","","1","09","N","N","0","","0","0","0","0","0","N","0202","0","3","0","0","0","0","1","3","2","3","N","","","","","","","","","","","","03","  ","","",""
"2042","1","0","0","0","0","0","0","0","0","4","0","","36","02","2019","2019014542","4","40.1539","-76.5997","2042","08","0","1","0","0","0","0","1","0","1","0","0","0","20","3","0","01","1","40 09:14.162","6","00","76 35:58.842","0","0","0","0","36407","0","0","0","N","0","0","0","2","36407","0","","1","09","N","N","0","","0","0","1","0","0","Y","2042","0","2","0","0","0","0","0","2","0","2","N","","","","","","","","","","","","07","  ","","",""
"0007","2","0","0","0","0","0","0","0","0","4","0","","36","02","2019","2019014695","6","40.0403","-76.3143","0004","08","0","0","0","0","0","0","0","0","1","0","0","0","23","3","0","00","1","40 02:24.977","3","00","76 18:51.357","0","0","0","0","36301","2","0","0","N","0","0","0","3","36301","0","","1","09","N","N","0","","0","0","0","0","0","N","2357","0","3","0","0","0","0","0","3","1","3","N","","","","","","","","","","","","07","  ","","",""
"0415","2","0","0","0","0","0","0","0","0","4","0","","36","02","2019","2019014699","7","40.0477","-76.2986","0409","08","0","0","0","0","0","0","0","0","","0","0","0","04","3","0","00","0","40 02:51.896","","00","76 17:55.112","0","0","0","0","36301","0","0","0","N","0","0","0","1","36301","0","","2","01","N","N","0","","0","0","1","0","0","","0407","0","3","0","0","0","0","0","3","0","3","N","","","","","","","","","","","","03","  ","","",""
"1534","1","0","0","0","0","0","0","0","0","7","0","","36","01","2019","2019014731","3","40.1097","-76.1385","1522","08","0","0","0","0","0","0","0","0","","0","0","0","15","1","0","10","0","40 06:34.894","","00","76 08:18.734","0","0","0","0","36238","0","0","0","N","0","0","0","1","36238","0","","5","07","N","N","0","","0","0","0","3","3","","1520","0","1","0","0","0","0","0","3","0","1","N","","","","","","","","","","","","10","  ","","",""
"1540","0","0","0","0","0","0","0","0","0","7","0","","36","01","2019","2019014769","2","40.1282","-76.6115","1532","08","0","0","0","0","0","0","1","0","1","0","0","0","15","1","0","01","1","40 07:41.663","6","00","76 36:41.536","0","0","0","0","36237","0","0","0","N","0","0","0","1","36505","0","","2","01","N","N","0","","0","0","2","3","3","N","1530","0","2","0","0","0","0","0","1","0","2","N","","","","","","","","","","","","03","  ","","",""
"1325","0","0","0","0","0","0","0","0","0","8","0","","36","02","2019","2019014789","1","40.1723","-76.6044","1319","08","0","0","0","0","0","0","0","0","","0","0","0","13","1","1","00","0","40 10:20.100","","00","76 36:15.900","4","0","0","0","36225","1","0","0","N","1","0","0","2","36505","1","","6","01","N","N","1","","0","0","0","0","0","N","1315","1","2","0","0","0","0","0","2","0","1","N","","","","","","","","","","","","03","  ","","",""
"1355","0","0","0","0","0","0","0","0","0","7","0","","36","02","2019","2019014898","6","40.2627","-76.2099","1345","08","0","0","0","0","0","0","0","0","2","0","0","0","13","1","1","00","1","40 15:45.717","1","00","76 12:35.649","4","0","0","0","36236","0","0","0","N","0","0","0","1","36408","1","","5","07","N","N","0","","0","0","1","0","0","N","1340","1","1","0","0","0","0","0","1","0","1","N","","","","","","","","","","","","10","  ","","",""
"1528","1","0","0","0","0","0","0","0","0","1","0","","36","02","2019","2019014951","1","40.068","-76.2936","1522","08","0","0","0","0","0","0","0","0","","0","0","0","15","1","0","05","0","40 04:04.686","","00","76 17:39.118","0","0","0","0","36101","0","0","0","N","0","0","0","3","36101","0","","1","01","N","N","1","","0","0","1","0","0","","1521","0","3","0","0","0","0","0","3","0","3","N","","","","","","","","","","","","03","  ","","",""
"1826","1","0","0","0","0","0","0","0","0","4","0","","36","01","2019","2019014990","3","39.9859","-76.3153","1826","08","0","0","0","0","0","0","1","0","","0","0","0","18","2","0","00","0","39 59:09.077","","00","76 18:55.240","0","0","0","0","36228","0","0","0","N","0","0","0","2","36503","0","","1","02","N","N","1","","0","0","0","0","0","","1826","0","2","0","0","1","0","0","1","0","2","N","","","","","","","","","","","","10","  ","","",""
"0017","0","0","1","0","0","0","0","0","0","4","0","","36","02","2019","2019015007","1","40.0374","-76.3106","0017","08","0","0","0","0","0","0","0","0","3","0","0","0","00","3","3","01","1","40 02:14.771","3","00","76 18:38.040","2","0","0","0","36301","0","0","0","N","0","0","0","4","36301","0","","1","01","N","N","0","","2","1","2","3","2","N","0017","3","2","0","0","1","0","1","3","0","2","N","","","","","","","","","","","","03","  ","","",""
"1843","2","0","0","0","0","0","0","0","0","4","0","","36","02","2019","2019015015","5","40.0823","-76.3976","1843","08","1","0","0","0","0","0","0","0","2","0","0","0","18","2","0","01","1","40 04:56.251","4","00","76 23:51.349","0","0","0","0","36214","0","0","0","N","0","0","0","2","36214","0","","1","01","N","N","0","","0","0","0","3","3","N","1843","0","2","0","0","0","0","0","3","0","2","N","","","","","","","","","","","","03","  ","","",""
"0433","1","0","0","0","0","0","0","0","0","7","0","","36","01","2019","2019015095","3","40.1957","-76.0067","0426","08","0","0","0","0","1","0","0","0","2","0","0","0","04","2","0","00","2","40 11:44.699","3","00","76 00:23.970","0","0","0","0","36202","0","0","0","N","0","0","0","2","68T06","0","","4","01","N","N","0","","0","0","0","0","0","N","0425","0","1","0","0","0","0","0","1","0","1","N","","","","","","","","","","","","03","  ","","",""
"0215","1","0","0","0","0","0","0","0","0","7","0","","36","02","2019","2019015120","1","40.0299","-76.3401","0215","08","0","0","0","0","0","0","0","0","1","0","0","0","02","3","1","00","1","40 01:47.700","4","00","76 20:24.200","3","0","0","0","36220","0","0","0","N","0","0","0","1","36101","0","","5","06","N","N","0","","1","0","0","0","0","N","0215","1","1","0","0","0","0","0","3","0","1","N","","","","","","","","","","","","10","  ","","",""
"1043","0","0","0","0","0","0","0","0","0","7","1","","36","02","2019","2019015121","4","40.0139","-76.3284","1035","08","0","0","0","0","0","1","0","0","3","0","1","0","10","1","0","00","1","40 00:50.164","6","00","76 19:42.346","0","0","0","0","36220","0","0","0","N","0","0","0","1","36101","0","","4","01","N","N","0","","0","0","0","0","0","N","1035","0","2","0","0","0","0","0","3","0","1","N","","","","","","","","","","","","03","  ","","",""
"1052","0","0","0","0","0","0","0","0","0","7","0","","36","02","2019","2019015122","6","39.9997","-76.4258","1039","08","0","0","0","0","1","0","0","0","","0","0","0","10","1","0","00","0","39 59:58.789","","00","76 25:32.832","0","0","0","0","36223","0","0","0","Y","0","0","0","1","36223","0","","4","07","N","Y","0","","0","0","1","0","0","","1034","0","1","0","0","0","0","0","1","0","1","N","","","","","","","","","","","","10","  ","","",""
"2321","1","0","0","0","0","0","0","0","0","1","0","","36","02","2019","2019015123","7","40.0319","-76.361","2317","08","0","0","0","0","0","0","0","0","","0","0","0","23","3","0","00","0","40 01:54.793","","00","76 21:39.585","0","0","0","0","36223","0","0","0","N","0","0","0","3","36223","0","","1","01","N","N","1","","0","0","0","0","0","","2317","0","2","0","0","0","0","0","1","0","2","N","","","","","","","","","","","","03","  ","","",""
"1102","0","0","0","0","0","0","0","0","0","7","0","","36","02","2019","2019015124","5","40.0103","-76.3753","1050","08","0","1","0","0","0","0","0","0","","0","0","0","10","1","0","00","0","40 00:36.950","","00","76 22:31.250","0","0","0","0","36223","0","0","0","N","0","0","0","1","36223","0","","2","01","N","N","0","","0","0","1","0","0","","1050","0","1","0","0","0","0","0","1","0","1","N","","","","","","","","","","","","03","  ","","",""
"1503","2","0","0","0","0","0","0","0","0","4","0","","36","02","2019","2019015133","3","40.2382","-76.162","1459","08","2","0","0","0","0","0","0","0","","0","0","0","14","1","0","01","0","40 14:17.614","","00","76 09:43.115","0","0","0","0","36236","0","0","0","N","0","0","0","4","36408","0","","1","01","N","N","0","","0","0","0","3","3","","1455","0","2","0","0","0","0","0","1","0","2","N","","","","","","","","","","","","03","  ","","",""
"1550","0","0","0","0","0","0","0","0","0","4","0","","36","01","2019","2019015160","5","40.1694","-76.1989","1547","08","0","0","0","0","0","0","1","0","1","0","0","0","15","1","0","00","1","40 10:09.733","4","00","76 11:55.885","0","0","0","0","36218","0","0","0","N","0","0","0","2","36408","0","","1","01","N","N","1","","0","0","1","0","0","N","1547","0","2","0","0","0","0","0","1","0","2","N","","","","","","","","","","","","03","  ","","",""
"0708","1","0","0","0","0","0","0","0","0","1","0","","36","02","2019","2019015208","6","40.1313","-76.2144","0703","08","0","0","0","0","0","0","0","0","","0","0","0","07","5","0","06","0","40 07:57.020","","02","76 12:47.744","0","0","0","0","36238","0","0","0","N","0","0","0","2","36238","0","","1","09","N","N","0","","0","0","1","3","4","N","0701","0","2","0","0","0","0","0","3","0","2","N","","","","","","","","","","","","07","  ","","",""
"1334","1","0","1","0","0","0","0","0","0","7","0","","36","01","2019","2019015254","3","39.9283","-76.1984","1326","08","0","0","0","0","0","1","0","0","2","0","0","0","13","1","1","00","2","39 55:41.714","5","00","76 11:54.303","2","0","0","0","36233","0","0","0","N","0","0","0","1","68J01","0","","4","01","N","N","0","","0","1","0","0","0","Y","1307","1","1","0","0","0","0","0","1","0","1","N","","","","","","","","","","","","03","  ","","",""
"1649","1","0","0","0","0","0","0","0","0","7","0","","36","01","2019","2019015258","2","39.9587","-76.2342","1645","08","0","0","0","0","0","1","0","0","2","0","0","0","16","1","0","00","1","39 57:31.294","1","00","76 14:03.244","0","0","0","0","36240","0","0","0","N","0","0","0","1","68J01","0","","5","01","N","N","0","","0","0","0","0","0","N","1639","0","2","0","0","0","0","0","1","0","1","N","","","","","","","","","","","","03","  ","","",""
"1323","1","0","0","0","0","0","0","0","0","1","0","","36","02","2019","2019015269","6","40.1664","-76.1631","1318","08","0","0","0","0","0","1","0","0","1","0","0","0","13","1","1","00","1","40 09:59.105","4","00","76 09:46.998","3","0","0","0","36218","0","0","0","N","0","0","0","9","36408","0","","1","01","N","N","1","","1","0","1","0","0","N","1318","1","4","0","0","0","0","1","1","1","4","N","","","","","","","","","","","","03","  ","","",""
"1334","0","0","1","0","0","0","0","0","0","4","1","","36","02","2019","2019015285","6","40.1478","-76.0462","1330","08","0","0","0","0","0","0","0","1","2","0","1","0","13","1","3","01","2","40 08:52.092","5","00","76 02:46.167","2","0","0","0","36213","0","0","0","N","0","0","0","4","36213","0","","1","01","N","N","0","","0","3","2","0","0","Y","1328","3","3","0","2","2","0","0","1","0","3","N","","","","","","","","","","","","03","  ","","",""
"0521","1","0","1","0","0","0","0","0","0","4","0","","36","01","2019","2019015312","5","40.0606","-76.2768","0519","08","0","0","0","1","0","1","0","0","2","0","0","0","05","3","3","01","2","40 03:38.263","4","02","76 16:36.564","2","0","0","0","36101","0","0","0","N","0","0","0","4","36101","0","","1","01","N","N","0","","2","1","1","3","2","N","0517","3","2","0","0","0","0","0","3","0","2","N","","","","","","","","","","","","03","  ","","",""
"1455","2","0","0","0","0","0","0","0","0","1","0","","36","02","2019","2019015313","2","40.0596","-76.2782","1452","08","0","0","0","0","0","0","0","0","","0","0","0","14","1","1","06","0","40 03:34.725","","02","76 16:41.484","4","0","0","0","36101","0","0","0","N","0","0","0","3","36101","1","","7","01","N","N","0","","0","0","0","3","4","","1447","1","2","0","0","0","0","0","3","0","2","N","","","","","","","","","","","","03","  ","","",""
"1629","2","0","0","0","0","0","0","0","0","1","0","","36","02","2019","2019015314","2","40.0514","-76.3207","1620","08","0","0","0","0","1","1","0","0","2","0","0","0","16","1","0","00","1","40 03:05.022","3","00","76 19:14.653","0","0","0","0","36101","0","0","0","N","0","0","0","2","36101","0","","1","09","N","N","0","","0","0","0","0","0","N","1617","0","2","0","0","0","0","0","3","0","2","N","","","","","","","","","","","","03","  ","","",""
"1727","2","0","0","0","0","0","0","0","0","1","0","","36","02","2019","2019015315","2","40.0915","-76.2791","1724","08","0","0","0","1","0","2","0","0","2","0","0","0","17","2","1","00","1","40 05:29.318","2","00","76 16:44.921","4","0","0","0","36101","0","0","0","N","0","0","0","4","36101","1","","1","01","N","N","0","","0","0","1","0","0","N","1724","1","3","0","0","0","0","0","3","0","3","N","","","","","","","","","","","","03","  ","","",""
"1915","1","0","0","0","0","0","0","0","0","7","0","","36","02","2019","2019015364","6","40.0425","-76.2929","1846","08","0","0","0","0","0","0","0","0","2","0","0","0","18","3","0","00","1","40 02:33.058","3","00","76 17:34.586","0","0","0","0","36301","0","0","0","N","0","0","0","1","36301","0","","6","01","N","N","0","","0","0","0","0","0","N","1845","0","1","0","0","0","0","0","3","0","1","N","","","","","","","","","","","","03","  ","","",""
"2329","0","0","0","0","0","0","0","0","0","7","0","","36","01","2019","2019015394","5","40.2332","-76.0574","2310","08","0","0","0","0","0","0","0","0","2","0","0","0","23","2","1","00","2","40 13:59.496","5","00","76 03:26.592","8","0","0","0","36202","0","0","0","N","0","0","0","1","68J01","0","","4","02","N","N","0","","0","0","1","0","0","Y","2307","1","1","0","0","0","1","0","1","0","1","N","","","","","","","","","","","","03","  ","","",""
"1521","1","0","0","0","0","0","0","0","0","4","0","","36","01","2019","2019015395","6","40.2258","-76.3016","1455","08","0","0","0","0","0","0","0","1","1","0","0","0","14","1","0","00","1","40 13:33.028","3","00","76 18:05.731","0","0","0","0","36217","0","0","0","N","0","0","0","2","68J01","0","","1","01","N","N","0","","0","0","1","0","0","N","1430","0","2","0","0","0","0","0","1","0","2","N","","","","","","","","","","","","03","  ","","",""
"1706","0","0","0","0","0","0","0","0","0","7","0","","36","01","2019","2019015402","3","39.77","-76.1792","1616","08","0","0","0","0","0","0","0","0","","0","0","0","15","1","0","00","0","39 46:11.845","","00","76 10:45.275","0","0","0","0","36219","0","0","0","N","0","0","0","1","68J01","0","","4","07","N","N","0","","0","0","1","0","0","","1554","0","1","0","0","0","0","0","1","0","1","N","","","","","","","","","","","","10","  ","","",""
"0527","0","0","0","0","0","0","0","0","0","7","0","","36","01","2019","2019015424","1","39.9908","-76.1974","0513","08","0","0","0","0","0","0","0","0","","0","0","0","05","2","0","01","0","39 59:26.830","","00","76 11:50.610","0","0","0","0","36233","0","0","0","N","0","0","0","1","68J01","0","","5","07","N","N","0","","0","0","1","0","0","","0511","0","1","0","0","0","0","0","1","0","1","N","","","","","","","","","","","","03","  ","","",""
"1529","1","0","0","0","0","0","0","0","0","6","1","","36","01","2019","2019015426","2","40.2473","-76.304","1459","08","0","0","0","0","0","2","0","0","3","0","1","0","14","1","1","00","2","40 14:50.360","5","00","76 18:14.366","4","0","0","0","36217","0","0","0","N","0","0","0","2","68J01","1","","1","01","N","N","0","","0","0","0","0","0","Y","1443","1","2","0","0","0","0","0","1","0","2","N","","","","","","","","","","","","03","  ","","",""
"1133","0","0","0","0","0","0","0","0","0","7","1","35","36","01","2019","2019015427","3","40.006","-76.1109","1133","08","0","0","0","0","0","0","0","0","","0","1","0","11","1","0","00","0","40 00:22.457","","00","76 06:42.641","0","0","0","0","36226","0","0","0","N","0","0","0","1","68J01","0","","2","01","N","N","0","","0","0","0","9","8","","1133","0","1","0","0","0","0","0","1","0","1","Y","4","1","Y","N","N","N","N","N","N","Y","","03","  ","","",""
"1652","1","0","0","0","0","0","0","0","0","7","0","","36","01","2019","2019015429","3","39.9434","-76.3691","1626","08","0","0","0","1","0","0","0","0","","0","0","0","16","1","0","00","0","39 56:36.094","","00","76 22:08.674","0","0","0","0","36206","0","0","0","N","0","0","0","1","68J01","0","","5","02","N","N","0","","0","0","0","0","0","","1624","0","1","0","0","0","0","0","1","0","1","N","","","","","","","","","","","","03","  ","","",""
"0925","0","0","0","0","0","0","0","0","0","7","0","","36","01","2019","2019015431","5","39.8586","-76.0825","0857","08","0","0","0","0","1","0","0","0","2","0","0","0","08","1","0","00","2","39 51:30.788","5","00","76 04:57.039","0","0","0","0","36205","0","0","0","N","0","0","0","1","68J01","0","","4","09","N","N","1","","0","0","0","0","0","Y","0850","0","1","0","0","0","0","0","1","0","1","N","","","","","","","","","","","","07","  ","","",""
"1706","0","0","0","0","0","0","0","0","0","1","0","","36","01","2019","2019015432","5","39.9855","-76.0178","1706","08","0","0","0","0","0","1","0","0","","0","0","0","16","1","0","01","0","39 59:07.866","","00","76 01:04.009","0","0","0","0","36232","0","0","0","N","0","0","0","4","68J01","0","","1","01","N","N","0","","0","0","2","3","2","","1658","0","2","0","0","0","0","0","1","0","2","N","","","","","","","","","","","","03","  ","","",""
"2031","2","0","0","0","0","0","0","0","0","4","0","","36","02","2019","2019015440","7","40.1445","-76.5722","2021","08","0","1","0","0","0","0","0","0","","0","0","0","20","2","0","01","0","40 08:40.370","","00","76 34:20.092","0","0","0","0","36225","0","0","0","N","0","0","0","3","36505","0","","1","09","N","N","0","","0","0","1","3","3","","2015","0","3","0","0","0","0","0","2","0","3","N","","","","","","","","","","","","03","  ","","",""
"1123","1","0","0","0","0","0","0","0","0","1","0","","36","02","2019","2019015460","6","40.0682","-76.3298","1115","08","0","0","0","0","0","1","1","0","","0","0","0","11","1","1","00","0","40 04:05.443","","00","76 19:47.272","4","0","0","0","36101","0","0","0","N","0","0","0","3","36101","1","","1","01","N","N","0","","0","0","1","3","2","","1112","1","2","0","0","0","0","0","3","0","2","N","","","","","","","","","","","","03","  ","","",""
"1729","2","0","0","0","0","0","0","0","0","4","0","","36","02","2019","2019015461","6","40.0788","-76.3366","1722","08","0","0","0","0","0","1","0","0","","0","0","0","17","4","0","00","0","40 04:43.590","","07","76 20:11.600","0","0","0","0","36101","0","0","0","N","0","0","0","2","36101","0","","1","01","N","N","0","","0","0","0","0","0","","1718","0","2","0","0","0","0","0","3","0","2","N","","","","","","","","","","","","03","  ","","",""
"2031","1","0","0","0","0","0","0","0","0","4","0","","36","01","2019","2019015469","5","40.0783","-76.5371","2031","08","0","0","0","0","0","0","0","0","2","0","0","0","20","1","0","02","2","40 04:42.020","6","00","76 32:13.568","0","0","0","0","36211","0","0","0","N","0","0","0","2","36504","0","","1","02","N","N","0","","0","0","1","3","3","Y","2031","0","2","0","0","0","0","0","1","0","2","N","","","","","","","","","","","","03","  ","","",""