"ARRIVAL_TM","AUTOMOBILE_COUNT","BELTED_DEATH_COUNT","BELTED_SUSP_SERIOUS_INJ_COUNT","BICYCLE_COUNT","BICYCLE_DEATH_COUNT","BICYCLE_SUSP_SERIOUS_INJ_COUNT","BUS_COUNT","CHLDPAS_DEATH_COUNT","CHLDPAS_SUSP_SERIOUS_INJ_COUNT","COLLISION_TYPE","COMM_VEH_COUNT","CONS_ZONE_SPD_LIM","COUNTY","CRASH_MONTH","CRASH_YEAR","CRN","DAY_OF_WEEK","DEC_LAT","DEC_LONG","DISPATCH_TM","DISTRICT","DRIVER_COUNT_16YR","DRIVER_COUNT_17YR","DRIVER_COUNT_18YR","DRIVER_COUNT_19YR","DRIVER_COUNT_20YR","DRIVER_COUNT_50_64YR","DRIVER_COUNT_65_74YR","DRIVER_COUNT_75PLUS","EST_HRS_CLOSED","FATAL_COUNT","HEAVY_TRUCK_COUNT","HORSE_BUGGY_COUNT","HOUR_OF_DAY","ILLUMINATION","INJURY_COUNT","INTERSECT_TYPE","LANE_CLOSED","LATITUDE","LN_CLOSE_DIR","LOCATION_TYPE","LONGITUDE","MAX_SEVERITY_LEVEL","MCYCLE_DEATH_COUNT","MCYCLE_SUSP_SERIOUS_INJ_COUNT","MOTORCYCLE_COUNT","MUNICIPALITY","NONMOTR_COUNT","NONMOTR_DEATH_COUNT","NONMOTR_SUSP_SERIOUS_INJ_COUNT","NTFY_HIWY_MAINT","PED_COUNT","PED_DEATH_COUNT","PED_SUSP_SERIOUS_INJ_COUNT","PERSON_COUNT","POLICE_AGCY","POSSIBLE_INJ_COUNT","RDWY_SURF_TYPE_CD","RELATION_TO_ROAD","ROAD_CONDITION","SCH_BUS_IND","SCH_ZONE_IND","SMALL_TRUCK_COUNT","SPEC_JURIS_CD","SUSP_MINOR_INJ_COUNT","SUSP_SERIOUS_INJ_COUNT","SUV_COUNT","TCD_FUNC_CD","TCD_TYPE","TFC_DETOUR_IND","TIME_OF_DAY","TOT_INJ_COUNT","TOTAL_UNITS","UNB_DEATH_COUNT","UNB_SUSP_SERIOUS_INJ_COUNT","UNBELTED_OCC_COUNT","UNK_INJ_DEG_COUNT","UNK_INJ_PER_COUNT","URBAN_RURAL","VAN_COUNT","VEHICLE_COUNT","WORK_ZONE_IND","WORK_ZONE_LOC","WORK_ZONE_TYPE","WORKERS_PRES","WZ_CLOSE_DETOUR","WZ_FLAGGER","WZ_LAW_OFFCR_IND","WZ_LN_CLOSURE","WZ_MOVING","WZ_OTHER","WZ_SHLDER_MDN","ROADWAY_CLEARED","WEATHER1","WEATHER2","WZ_WORKERS_INJ_KILLED","SECONDARY_CRASH","INTERSECTION_RELATED"
"1033","1","0","0","0","0","0","0","0","0","4","0","","36","02","2019","2019015477","3","40.1544","-76.1291","1026","08","0","0","0","0","0","1","1","0","","0","0","0","10","1","0","00","0","40 09:15.980","","07","76 07:44.600","0","0","0","0","36218","0","0","0","N","0","0","0","2","36408","0","","1","01","N","N","0","","0","0","1","0","0","","1026","0","2","0","0","0","0","0","1","0","2","N","","","","","","","","","","","","03","  ","","",""
"1506","0","0","0","0","0","0","0","0","0","7","0","","36","01","2019","2019015478","5","40.1281","-76.7148","1454","08","0","0","0","0","0","1","0","0","2","0","0","0","14","1","1","00","1","40 07:41.154","1","00","76 42:53.113","4","0","0","0","36207","0","0","0","Y","0","0","0","1","36504","1","","2","01","N","N","1","","0","0","0","0","0","N","1450","1","1","0","0","0","0","0","1","0","1","N","","","","","","","","","","","","03","  ","","",""
"1127","2","0","0","0","0","0","0","0","0","4","0","","36","02","2019","2019015479","6","40.2554","-76.15","1122","08","0","0","0","0","0","1","0","1","2","0","0","0","11","1","1","00","2","40 15:19.268","6","00","76 08:59.850","3","0","0","0","36236","0","0","0","N","0","0","0","2","36408","0","","1","01","N","N","0","","1","0","0","0","0","Y","1122","1","2","0","0","0","0","0","1","0","2","N","","","","","","","","","","","","03","  ","","",""
"1625","2","0","0","0","0","0","0","0","0","4","0","","36","02","2019","2019015493","3","40.0422","-76.2957","1625","08","0","0","0","0","0","0","0","0","1","0","0","0","16","1","1","01","1","40 02:32.089","1","00","76 17:44.343","4","0","0","0","36301","0","0","0","N","0","0","0","3","36301","1","","1","01","N","N","0","","0","0","0","3","3","N","1624","1","2","0","0","0","0","0","3","0","2","N","","","","","","","","","","","","03","  ","","",""
"1550","1","0","0","0","0","0","0","0","0","4","0","","36","01","2019","2019015535","5","40.0241","-76.316","1550","08","0","0","0","0","0","1","0","0","","0","0","0","15","1","1","01","0","40 01:26.922","","00","76 18:57.776","3","0","0","0","36301","0","0","0","N","0","0","0","2","36301","0","","1","01","N","N","0","","1","0","1","3","2","","1550","1","2","0","0","0","0","0","3","0","2","N","","","","","","","","","","","","03","  ","","",""
"1033","2","0","0","0","0","0","0","0","0","1","0","","36","02","2019","2019015548","7","39.9951","-76.2881","1024","08","0","0","0","0","0","0","0","0","","0","0","0","10","1","0","00","0","39 59:42.335","","00","76 17:17.039","0","0","0","0","36240","0","0","0","N","0","0","0","6","36240","0","","1","01","N","N","0","","0","0","0","0","0","","1024","0","2","0","0","0","0","0","1","0","2","N","","","","","","","","","","","","03","  ","","",""
"1140","0","0","0","0","0","0","0","0","0","4","0","","36","02","2019","2019015549","7","40.1318","-76.2176","1138","08","0","0","0","0","0","0","0","0","2","0","0","0","11","1","0","00","2","40 07:54.343","3","00","76 13:03.195","0","0","0","0","36238","0","0","0","N","0","0","0","5","36238","0","","1","01","N","N","1","","0","0","0","0","0","Y","1136","0","2","0","0","0","0","0","3","1","2","N","","","","","","","","","","","","03","  ","","",""
"0606","1","0","0","0","0","0","0","0","0","5","1","","36","01","2019","2019015564","2","39.9898","-76.0001","0555","08","0","0","0","0","0","0","0","0","2","0","1","0","05","2","0","00","1","39 59:23.447","4","00","76 00:00.512","0","0","0","0","36232","0","0","0","N","0","0","0","3","68J01","0","","1","01","N","N","1","","0","0","0","0","0","N","0551","0","3","0","0","0","0","0","1","0","3","N","","","","","","","","","","","","03","  ","","",""
"1215","0","0","0","0","0","0","0","0","0","4","0","","36","01","2019","2019015567","2","40.2301","-76.0608","1157","08","0","0","0","0","0","2","0","0","2","0","0","0","11","1","1","02","2","40 13:48.326","7","00","76 03:38.838","3","0","0","0","36202","0","0","0","N","0","0","0","2","68J01","0","","1","01","N","N","1","","1","0","1","3","3","Y","1150","1","2","0","0","1","0","0","1","0","2","N","","","","","","","","","","","","03","  ","","",""
"0709","1","0","0","0","0","0","0","0","0","7","0","","36","01","2019","2019015568","3","39.9873","-76.0231","0656","08","0","0","0","0","0","0","0","1","1","0","0","0","06","5","1","00","1","39 59:14.445","4","00","76 01:23.226","4","0","0","0","36232","0","0","0","N","0","0","0","1","68J01","1","","4","01","N","N","0","","0","0","0","0","0","N","0654","1","1","0","0","0","0","0","1","0","1","N","","","","","","","","","","","","03","  ","","",""
"1558","3","0","0","0","0","0","0","0","0","7","0","","36","01","2019","2019015570","3","40.2086","-76.0561","1530","08","0","0","0","0","1","0","0","0","","0","0","0","15","1","1","00","0","40 12:30.894","","00","76 03:21.984","3","0","0","0","36202","0","0","0","N","0","0","0","5","68J01","0","","4","07","N","N","0","","1","0","0","0","0","","1525","1","3","0","0","0","0","0","1","0","3","N","","","","","","","","","","","","10","  ","","",""
"1645","1","0","0","0","0","0","0","0","0","7","0","","36","01","2019","2019015571","3","40.2207","-76.0631","1644","08","0","1","0","0","0","0","0","0","2","0","0","0","16","1","1","00","1","40 13:14.559","2","00","76 03:47.060","3","0","0","0","36202","0","0","0","N","0","0","0","1","68J01","0","","4","07","N","N","0","","1","0","0","0","0","N","1642","1","1","0","0","0","0","0","1","0","1","N","","","","","","","","","","","","10","  ","","",""
"1656","2","0","0","0","0","0","0","0","0","2","0","","36","01","2019","2019015572","3","39.9953","-76.1825","1648","08","0","0","0","0","2","0","0","0","","0","0","0","16","4","1","00","0","39 59:43.189","","00","76 10:56.824","4","0","0","0","36233","0","0","0","N","0","0","0","3","68J01","1","","1","07","N","N","0","","0","0","0","0","0","","1648","1","2","0","0","0","0","0","1","0","2","N","","","","","","","","","","","","10","  ","","",""
"1752","0","0","0","0","0","0","0","0","0","2","0","","36","01","2019","2019015573","3","39.833","-76.1494","1725","08","0","0","0","0","0","0","0","0","3","0","0","0","17","4","0","00","1","39 49:58.630","1","00","76 08:58.011","0","0","0","0","36212","0","0","0","N","0","0","0","3","68J01","0","","1","07","N","N","1","","0","0","1","0","0","N","1713","0","2","0","0","0","0","0","1","0","2","N","","","","","","","","","","","","10","  ","","",""
"1337","1","0","0","0","0","0","0","0","0","7","0","","36","02","2019","2019015591","2","40.0625","-75.9448","1311","08","0","0","0","0","0","0","0","0","2","0","0","0","13","1","0","00","1","40 03:45.100","5","00","75 56:41.200","0","0","0","0","36232","0","0","0","N","0","0","0","2","68J01","0","","4","01","N","N","0","","0","0","0","0","0","Y","1308","0","1","0","0","0","0","0","1","0","1","N","","","","","","","","","","","","03","  ","","",""
"2356","1","0","0","0","0","0","0","0","0","7","0","","36","02","2019","2019015593","2","40.1371","-75.903","2325","08","0","0","0","0","0","0","0","0","3","0","0","0","23","2","0","00","1","40 08:13.616","2","00","75 54:10.947","0","0","0","0","36203","0","0","0","N","0","0","0","2","68J01","0","","4","01","N","N","0","","0","0","0","0","0","N","2321","0","1","0","0","0","0","0","1","0","1","N","","","","","","","","","","","","03","  ","","",""
"1123","3","0","0","0","0","0","0","0","0","1","0","","36","02","2019","2019015651","3","40.0853","-76.3448","1120","08","0","0","0","0","0","0","1","1","1","0","0","0","11","1","2","00","2","40 05:07.193","5","07","76 20:41.207","3","0","0","0","36406","0","0","0","N","0","0","0","4","36101","0","","1","01","N","N","0","","2","0","0","0","0","Y","1113","2","3","0","0","0","0","0","3","0","3","N","","","","","","","","","","","","03","  ","","",""
"1707","0","0","0","0","0","0","0","0","0","1","0","","36","02","2019","2019015652","3","40.0695","-76.3117","1657","08","0","0","0","0","0","1","0","0","","0","0","0","16","1","0","00","0","40 04:10.259","","00","76 18:42.262","0","0","0","0","36101","0","0","0","N","0","0","0","3","36101","0","","1","01","N","N","1","","0","0","0","0","0","","1652","0","2","0","0","0","0","0","3","1","2","N","","","","","","","","","","","","03","  ","","",""
"0838","1","0","0","0","0","0","0","0","0","4","0","","36","02","2019","2019015653","7","40.0638","-76.3405","0828","08","0","0","0","0","0","0","0","0","","0","0","0","08","1","0","01","0","40 03:49.895","","00","76 20:25.345","0","0","0","0","36101","0","0","0","N","0","0","0","3","36101","0","","1","01","N","N","0","","0","0","0","3","2","","0824","0","2","0","0","0","0","0","3","1","2","N","","","","","","","","","","","","03","  ","","",""
"1823","1","0","0","0","0","0","0","0","0","98","0","","36","02","2019","2019015663","7","40.2257","-76.1297","1820","08","0","0","0","0","0","1","0","0","","0","0","0","18","2","0","00","0","40 13:32.592","","00","76 07:46.994","0","0","0","0","36210","0","0","0","N","0","0","0","1","36210","0","","1","01","N","N","0","","0","0","0","0","0","","1820","0","1","0","0","0","0","0","1","0","1","N","","","","","","","","","","","","03","  ","","",""
"1831","1","0","0","0","0","0","0","0","0","4","0","","36","01","2019","2019015700","3","40.209","-76.3189","1748","08","0","0","0","0","0","0","0","0","","0","0","0","17","4","0","00","0","40 12:32.530","","00","76 19:08.136","0","0","0","0","36217","0","0","0","N","0","0","0","2","68J01","0","","1","07","N","N","0","","0","0","1","0","0","","1724","0","2","0","0","0","0","0","1","0","2","N","","","","","","","","","","","","10","  ","","",""
"1717","0","0","0","0","0","0","0","0","0","7","0","","36","01","2019","2019015704","4","40.1471","-75.9151","1715","08","0","0","0","0","0","0","0","0","","0","0","0","15","1","0","00","0","40 08:49.501","","00","75 54:54.407","0","0","0","0","36203","0","0","0","N","0","0","0","1","68J01","0","","4","02","N","N","0","","0","0","1","0","0","","1539","0","1","0","0","0","0","0","1","0","1","N","","","","","","","","","","","","98","  ","","",""
"1924","1","0","0","0","0","0","0","0","0","2","0","","36","02","2019","2019015713","6","39.7675","-76.0674","1911","08","0","0","0","0","0","0","0","0","3","0","0","0","19","2","3","00","2","39 46:03.036","5","00","76 04:02.817","3","0","0","0","36222","0","0","0","N","0","0","0","3","68J01","1","","1","07","N","N","0","","2","0","0","0","0","Y","1909","3","2","0","0","1","0","0","1","1","2","N","","","","","","","","","","","","03","  ","","",""
"0811","1","0","0","0","0","0","0","0","0","7","0","","36","02","2019","2019015716","7","39.9229","-76.2556","0802","08","0","0","0","0","0","0","0","0","2","0","0","0","07","1","1","00","1","39 55:22.300","3","00","76 15:20.200","3","0","0","0","36229","0","0","0","N","0","0","0","1","68J01","0","","5","07","N","N","0","","1","0","0","0","0","N","0747","1","1","0","0","0","0","0","1","0","1","N","","","","","","","","","","","","03","  ","","",""
"0904","2","0","0","0","0","0","0","0","0","5","0","","36","02","2019","2019015816","1","40.0448","-76.2882","0827","08","0","0","0","0","0","0","0","0","","0","0","0","08","1","0","00","0","40 02:41.283","","00","76 17:17.418","0","0","0","0","36301","0","0","0","N","0","0","0","1","36301","0","","4","01","N","N","0","","0","0","0","0","0","","0822","0","2","0","0","0","0","0","3","0","2","N","","","","","","","","","","","","03","  ","","",""
"1719","0","0","0","0","0","0","0","0","0","1","0","","36","01","2019","2019015854","2","39.9835","-76.1283","1709","08","0","0","0","0","0","0","1","0","","0","0","0","16","4","0","00","0","39 59:00.639","","00","76 07:41.952","0","0","0","0","36226","0","0","0","N","0","0","0","4","68J01","0","","1","01","N","N","0","","0","0","1","0","0","","1658","0","2","0","0","0","0","0","1","1","2","N","","","","","","","","","","","","03","  ","","",""
"1621","1","0","0","0","0","0","0","0","0","7","0","","36","01","2019","2019015855","3","40.2468","-76.3027","1608","08","0","0","0","0","0","1","0","0","2","0","0","0","15","1","1","00","2","40 14:48.446","5","00","76 18:09.787","3","0","0","0","36217","0","0","0","N","0","0","0","1","68J01","0","","4","07","N","N","0","","1","0","0","0","0","Y","1558","1","1","0","0","0","0","0","1","0","1","N","","","","","","","","","","","","10","  ","","",""
"1712","0","0","0","0","0","0","0","0","0","2","0","","36","01","2019","2019015856","3","40.0141","-76.1311","1659","08","0","0","0","0","0","2","0","0","","0","0","0","16","2","0","00","0","40 00:50.860","","03","76 07:52.080","0","0","0","0","36226","0","0","0","N","0","0","0","2","68J01","0","","1","07","N","N","0","","0","0","2","0","0","","1602","0","2","0","0","0","0","0","1","0","2","N","","","","","","","","","","","","10","  ","","",""
"1643","0","0","0","0","0","0","0","0","0","7","0","","36","01","2019","2019015857","3","40.0229","-76.0599","1625","08","0","0","0","0","0","0","0","0","","0","0","0","16","1","0","00","0","40 01:22.554","","00","76 03:35.665","0","0","0","0","36221","0","0","0","N","0","0","0","1","68J01","0","","4","07","N","Y","1","","0","0","0","0","0","","1609","0","1","0","0","0","0","0","1","0","1","N","","","","","","","","","","","","10","  ","","",""
"0831","1","0","0","0","0","0","0","0","0","7","0","","36","01","2019","2019015859","4","39.7822","-76.0909","0748","08","0","0","0","0","0","0","0","0","","0","0","0","07","1","0","00","0","39 46:55.848","","00","76 05:27.137","0","0","0","0","36222","0","0","0","Y","0","0","0","1","68J01","0","","4","02","N","N","0","","0","0","0","0","0","","0744","0","1","0","0","0","0","0","1","0","1","N","","","","","","","","","","","","98","  ","","",""
"1222","1","0","0","0","0","0","0","0","0","4","1","","36","01","2019","2019015860","4","39.9115","-76.1869","1157","08","0","0","0","0","0","1","0","0","3","0","1","0","11","1","0","00","2","39 54:41.387","1","07","76 11:12.707","0","0","0","0","36229","0","0","0","N","0","0","0","2","68J01","0","","1","09","N","N","0","","0","0","0","0","0","N","1154","0","2","0","0","0","0","0","1","0","2","N","","","","","","","","","","","","03","  ","","",""
"1528","1","0","0","0","0","0","0","0","0","0","0","","36","01","2019","2019015861","4","39.9974","-76.0315","1522","08","0","0","0","0","0","0","0","0","2","0","0","0","15","1","0","00","1","39 59:50.663","3","00","76 01:53.356","0","0","0","0","36232","0","0","0","N","0","0","0","1","68J01","0","","1","07","N","N","0","","0","0","0","0","0","N","1517","0","1","0","0","0","0","0","1","0","1","N","","","","","","","","","","","","10","  ","","",""
"1648","1","0","0","0","0","0","0","0","0","9","0","","36","01","2019","2019015862","4","39.8529","-76.2206","1648","08","0","0","0","0","0","0","0","0","","0","0","0","16","1","0","00","0","39 51:10.390","","07","76 13:14.287","0","0","0","0","36208","0","0","0","N","0","0","0","1","68J01","0","","4","07","N","N","0","","0","0","0","0","0","","1648","0","1","0","0","0","0","0","1","0","1","N","","","","","","","","","","","","10","  ","","",""
"0628","1","0","0","0","0","0","0","0","0","7","0","","36","01","2019","2019015863","5","40.1758","-76.0079","0553","08","0","0","0","0","0","0","0","0","2","0","0","0","05","2","0","00","1","40 10:32.836","1","00","76 00:28.463","0","0","0","0","36202","0","0","0","N","0","0","0","1","68J01","0","","4","07","N","N","0","","0","0","0","0","0","N","0550","0","1","0","0","0","0","0","1","0","1","N","","","","","","","","","","","","03","  ","","",""
"0220","0","0","0","0","0","0","0","0","0","0","0","","36","02","2019","2019015864","6","39.8086","-76.2327","0209","08","0","0","0","0","0","0","0","0","3","0","0","0","01","2","0","00","2","39 48:31.090","6","00","76 13:57.660","0","0","0","0","36208","0","0","0","N","0","0","0","1","68J01","0","","1","02","N","N","0","","0","0","1","0","0","Y","0159","0","1","0","0","0","0","0","1","0","1","N","","","","","","","","","","","","03","  ","","",""
"0937","0","0","0","0","0","0","0","0","0","7","0","","36","02","2019","2019015865","6","39.7798","-76.1787","0855","08","0","0","0","0","0","0","1","0","","0","0","0","08","1","1","00","0","39 46:47.149","","00","76 10:43.479","3","0","0","0","36219","0","0","0","N","0","0","0","1","68J01","0","","4","02","N","N","0","","1","0","1","0","0","","0848","1","1","0","0","1","0","0","1","0","1","N","","","","","","","","","","","","10","  ","","",""
"1006","1","0","0","0","0","0","0","0","0","7","0","","36","02","2019","2019015867","6","39.9824","-76.1668","0956","08","0","0","0","0","0","0","0","0","","0","0","0","09","1","0","00","0","39 58:56.808","","00","76 10:00.014","9","0","0","0","36233","0","0","0","N","0","0","0","1","68J01","0","","5","07","N","N","0","","0","0","0","0","0","","0951","0","1","0","0","0","0","1","1","0","1","N","","","","","","","","","","","","10","  ","","",""
"1158","1","0","0","0","0","0","0","0","0","2","0","","36","02","2019","2019015868","6","39.9166","-76.188","1146","08","0","0","0","0","0","0","0","0","2","0","0","0","11","1","2","00","2","39 54:59.664","5","00","76 11:16.654","3","0","0","0","36229","0","0","0","N","0","0","0","2","68J01","0","","1","07","N","N","1","","2","0","0","0","0","Y","1144","2","2","0","0","0","0","0","1","0","2","N","","","","","","","","","","","","10","  ","","",""
"1358","0","0","0","0","0","0","0","0","0","6","0","","36","02","2019","2019015869","6","39.9084","-76.3294","1340","08","0","0","0","0","0","0","0","0","2","0","0","0","13","1","0","00","2","39 54:30.250","6","00","76 19:45.680","0","0","0","0","36206","0","0","0","N","0","0","0","2","68J01","0","","1","07","N","N","0","","0","0","1","0","0","N","1333","0","2","0","0","0","0","0","1","1","2","N","","","","","","","","","","","","10","  ","","",""
"1408","2","0","0","0","0","0","0","0","0","6","0","","36","02","2019","2019015870","6","40.1342","-75.8806","1343","08","0","0","0","0","0","1","0","0","2","0","0","0","13","1","2","00","1","40 08:03.000","1","00","75 52:50.300","3","0","0","0","36203","0","0","0","N","0","0","0","3","68J01","0","","1","06","N","N","0","","2","0","1","0","0","N","1340","2","3","0","0","0","0","0","1","0","3","N","","","","","","","","","","","","10","  ","","",""
"1536","1","0","0","0","0","0","0","0","0","7","0","","36","02","2019","2019015872","6","39.9869","-76.2159","1522","08","0","0","0","1","0","0","0","0","","0","0","0","15","1","1","00","0","39 59:12.707","","00","76 12:57.347","3","0","0","0","36233","0","0","0","N","0","0","0","2","68J01","0","","4","07","N","N","0","","1","0","0","0","0","","1520","1","1","0","0","0","0","0","1","0","1","N","","","","","","","","","","","","10","  ","","",""
"1719","0","0","0","0","0","0","0","0","0","7","0","","36","02","2019","2019015873","6","39.8983","-76.2265","1658","08","0","0","0","0","0","0","0","1","1","0","0","0","16","4","1","00","1","39 53:53.900","1","00","76 13:35.300","3","0","0","0","36229","0","0","0","N","0","0","0","1","68J01","0","","4","02","N","N","1","","1","0","0","0","0","N","1654","1","1","0","0","0","0","0","1","0","1","N","","","","","","","","","","","","10","  ","","",""
"2046","0","0","0","0","0","0","0","0","0","7","0","","36","02","2019","2019015878","4","39.8635","-76.3386","2033","08","0","0","0","0","0","1","0","0","","0","0","0","20","2","0","00","0","39 51:48.659","","00","76 20:18.940","0","0","0","0","36224","0","0","0","N","0","0","0","1","68J01","0","","2","09","N","N","1","","0","0","0","0","0","","2018","0","1","0","0","0","0","0","1","0","1","N","","","","","","","","","","","","07","05","","",""
"1254","1","0","0","0","0","0","0","0","0","4","1","","36","01","2019","2019015891","6","39.8692","-76.2276","1235","08","0","0","0","1","0","1","0","0","","0","1","0","12","1","1","01","0","39 52:09.173","","00","76 13:39.324","3","0","0","0","36212","0","0","0","N","0","0","0","3","68J01","0","","1","09","N","N","0","","1","0","0","3","2","","1213","1","2","0","0","0","0","0","1","0","2","N","","","","","","","","","","","","03","  ","","",""
"0820","1","0","0","0","0","0","0","0","0","8","0","","36","02","2019","2019015904","6","40.0498","-76.3175","0819","08","0","0","0","0","0","0","0","0","","0","0","0","08","1","1","01","0","40 02:59.122","","00","76 19:02.958","3","0","0","0","36301","1","0","0","N","1","0","0","2","36301","0","","1","09","N","N","0","","1","0","0","3","2","","0819","1","2","0","0","0","0","0","3","0","1","N","","","","","","","","","","","","03","  ","","",""
"0328","4","0","0","0","0","0","0","0","0","5","0","","36","02","2019","2019015976","1","40.0393","-76.2942","0326","08","0","0","0","0","1","0","0","0","1","0","0","0","03","3","1","00","1","40 02:21.442","3","00","76 17:39.169","3","0","0","0","36301","0","0","0","N","0","0","0","2","36301","0","","4","01","N","N","0","","1","0","0","0","0","Y","0323","1","4","0","0","2","0","0","3","0","4","N","","","","","","","","","","","","03","  ","","",""
"2151","2","0","0","0","0","0","0","0","0","4","0","","36","01","2019","2019016020","5","40.0279","-76.3049","2141","08","0","0","0","0","0","0","0","0","2","0","0","0","21","3","0","01","2","40 01:40.378","6","00","76 18:17.550","9","0","0","0","36301","0","0","0","N","0","0","0","2","36301","0","","1","07","N","N","0","","0","0","0","3","3","Y","2140","0","2","0","0","0","0","1","3","0","2","N","","","","","","","","","","","","10","  ","","",""
"0035","1","0","0","0","0","0","0","0","0","4","0","","36","02","2019","2019016058","2","40.1359","-76.014","0026","08","0","0","0","0","0","0","0","0","2","0","0","1","00","3","0","01","2","40 08:09.142","5","00","76 00:50.324","0","0","0","0","36213","1","0","0","N","0","0","0","2","36213","0","","1","07","N","N","0","","0","0","0","3","3","Y","0025","0","2","0","0","0","0","0","1","0","1","N","","","","","","","","","","","","10","  ","","",""
"2226","1","0","0","0","0","0","0","0","0","2","0","","36","02","2019","2019016081","1","40.0231","-76.2772","2216","08","0","0","0","0","0","0","0","0","3","0","0","0","22","2","1","00","2","40 01:23.033","6","00","76 16:37.807","8","0","0","0","36240","0","0","0","N","0","0","0","2","36240","0","","1","07","N","N","1","","0","0","0","0","0","Y","2214","1","2","0","0","0","1","0","1","0","2","N","","","","","","","","","","","","10","  ","","",""
"2329","0","0","0","0","0","0","0","0","0","7","0","","36","02","2019","2019016108","7","40.0036","-76.3057","2321","08","0","0","0","0","0","0","0","0","1","0","0","0","23","2","0","00","1","40 00:12.827","2","00","76 18:20.554","0","0","0","0","36220","0","0","0","N","0","0","0","1","36101","0","","5","01","N","N","0","","0","0","1","0","0","N","2319","0","1","0","0","0","0","0","3","0","1","N","","","","","","","","","","","","03","  ","","",""
"2323","0","0","0","0","0","0","0","0","0","6","0","","36","02","2019","2019016109","1","40.0183","-76.3061","2313","08","0","0","0","0","0","0","0","0","1","0","0","0","23","3","0","00","1","40 01:05.916","5","00","76 18:21.869","9","0","0","0","36220","0","0","0","N","0","0","0","4","36101","0","","1","07","N","N","0","","0","0","1","0","0","N","2308","0","2","0","0","0","0","1","3","0","2","N","","","","","","","","","","","","10","  ","","",""
"0800","1","0","0","0","0","0","0","0","0","4","0","","36","02","2019","2019016110","7","39.9828","-76.1783","0757","08","0","0","0","0","0","0","0","0","1","0","0","0","07","1","0","01","1","39 58:58.162","7","00","76 10:41.847","0","0","0","0","36417","0","0","0","N","0","0","0","2","36417","0","","1","09","N","N","0","","0","0","0","3","2","N","0755","0","2","0","0","0","0","0","1","1","2","N","","","","","","","","","","","","03","  ","","",""
"1800","1","0","0","0","0","0","0","0","0","4","0","","36","01","2019","2019016111","1","39.9828","-76.1783","1759","08","1","1","0","0","0","0","0","0","","0","0","0","17","3","0","01","0","39 58:58.162","","00","76 10:41.847","0","0","0","0","36417","0","0","0","N","0","0","0","3","36417","0","","1","01","N","N","0","","0","0","1","3","2","","1756","0","2","0","0","0","0","0","1","0","2","N","","","","","","","","","","","","03","  ","","",""
"1613","0","0","0","0","0","0","0","0","0","4","0","","36","02","2019","2019016112","2","39.9889","-76.18","1601","08","0","0","0","0","0","0","0","0","2","0","0","0","15","1","1","00","2","39 59:20.003","2","07","76 10:47.952","4","0","0","0","36417","0","0","0","N","0","0","0","2","36417","1","","1","01","N","N","1","","0","0","1","0","0","N","1558","1","2","0","0","0","0","0","1","0","2","N","","","","","","","","","","","","03","  ","","",""
"0620","1","0","0","0","0","0","0","0","0","7","0","","36","02","2019","2019016120","4","40.1689","-76.1368","0617","08","0","0","0","0","0","1","0","0","1","0","0","0","06","2","0","00","1","40 10:07.926","2","00","76 08:12.346","0","0","0","0","36218","0","0","0","N","0","0","0","1","36408","0","","2","02","N","N","0","","0","0","0","0","0","N","0617","0","1","0","0","0","0","0","1","0","1","N","","","","","","","","","","","","03","  ","","",""
"0605","0","0","0","0","0","0","0","0","0","4","0","","36","02","2019","2019016158","2","40.2438","-76.1313","0557","08","0","0","0","0","0","1","0","0","","0","0","0","05","2","0","02","0","40 14:37.753","","00","76 07:52.619","0","0","0","0","36210","0","0","0","N","0","0","0","2","36210","0","","1","07","N","N","1","","0","0","1","0","0","","0554","0","2","0","0","0","0","0","1","0","2","N","","","","","","","","","","","","10","  ","","",""
"0700","1","0","0","0","0","0","0","0","0","1","0","","36","02","2019","2019016209","2","40.1035","-76.4348","0653","08","0","0","0","0","0","0","0","0","2","0","0","0","06","1","1","02","1","40 06:12.565","1","00","76 26:05.277","8","0","0","0","36239","0","0","0","N","0","0","0","2","36239","0","","1","06","N","N","0","","0","0","1","0","0","Y","0653","1","2","0","0","0","1","0","3","0","2","N","","","","","","","","","","","","10","  ","","",""
"0838","1","0","0","0","0","0","0","0","0","7","0","","36","02","2019","2019016223","2","40.1451","-76.3622","0828","08","0","0","0","0","0","0","0","0","","0","0","0","08","1","0","03","0","40 08:42.294","","00","76 21:43.825","0","0","0","0","36227","0","0","0","N","0","0","0","1","36506","0","","2","07","N","N","0","","0","0","0","0","0","","0822","0","1","0","0","0","0","0","1","0","1","N","","","","","","","","","","","","10","  ","","",""
"1806","2","0","0","0","0","0","0","0","0","1","0","","36","02","2019","2019016226","1","40.1515","-76.2553","1758","08","0","0","0","0","0","0","0","0","","0","0","0","17","2","0","00","0","40 09:05.230","","00","76 15:19.002","0","0","0","0","36235","0","0","0","N","0","0","0","4","36506","0","","1","09","N","N","0","","0","0","0","0","0","","1755","0","2","0","0","0","0","0","1","0","2","N","","","","","","","","","","","","03","  ","","",""