"ARRIVAL_TM","AUTOMOBILE_COUNT","BELTED_DEATH_COUNT","BELTED_SUSP_SERIOUS_INJ_COUNT","BICYCLE_COUNT","BICYCLE_DEATH_COUNT","BICYCLE_SUSP_SERIOUS_INJ_COUNT","BUS_COUNT","CHLDPAS_DEATH_COUNT","CHLDPAS_SUSP_SERIOUS_INJ_COUNT","COLLISION_TYPE","COMM_VEH_COUNT","CONS_ZONE_SPD_LIM","COUNTY","CRASH_MONTH","CRASH_YEAR","CRN","DAY_OF_WEEK","DEC_LAT","DEC_LONG","DISPATCH_TM","DISTRICT","DRIVER_COUNT_16YR","DRIVER_COUNT_17YR","DRIVER_COUNT_18YR","DRIVER_COUNT_19YR","DRIVER_COUNT_20YR","DRIVER_COUNT_50_64YR","DRIVER_COUNT_65_74YR","DRIVER_COUNT_75PLUS","EST_HRS_CLOSED","FATAL_COUNT","HEAVY_TRUCK_COUNT","HORSE_BUGGY_COUNT","HOUR_OF_DAY","ILLUMINATION","INJURY_COUNT","INTERSECT_TYPE","LANE_CLOSED","LATITUDE","LN_CLOSE_DIR","LOCATION_TYPE","LONGITUDE","MAX_SEVERITY_LEVEL","MCYCLE_DEATH_COUNT","MCYCLE_SUSP_SERIOUS_INJ_COUNT","MOTORCYCLE_COUNT","MUNICIPALITY","NONMOTR_COUNT","NONMOTR_DEATH_COUNT","NONMOTR_SUSP_SERIOUS_INJ_COUNT","NTFY_HIWY_MAINT","PED_COUNT","PED_DEATH_COUNT","PED_SUSP_SERIOUS_INJ_COUNT","PERSON_COUNT","POLICE_AGCY","POSSIBLE_INJ_COUNT","RDWY_SURF_TYPE_CD","RELATION_TO_ROAD","ROAD_CONDITION","SCH_BUS_IND","SCH_ZONE_IND","SMALL_TRUCK_COUNT","SPEC_JURIS_CD","SUSP_MINOR_INJ_COUNT","SUSP_SERIOUS_INJ_COUNT","SUV_COUNT","TCD_FUNC_CD","TCD_TYPE","TFC_DETOUR_IND","TIME_OF_DAY","TOT_INJ_COUNT","TOTAL_UNITS","UNB_DEATH_COUNT","UNB_SUSP_SERIOUS_INJ_COUNT","UNBELTED_OCC_COUNT","UNK_INJ_DEG_COUNT","UNK_INJ_PER_COUNT","URBAN_RURAL","VAN_COUNT","VEHICLE_COUNT","WORK_ZONE_IND","WORK_ZONE_LOC","WORK_ZONE_TYPE","WORKERS_PRES","WZ_CLOSE_DETOUR","WZ_FLAGGER","WZ_LAW_OFFCR_IND","WZ_LN_CLOSURE","WZ_MOVING","WZ_OTHER","WZ_SHLDER_MDN","ROADWAY_CLEARED","WEATHER1","WEATHER2","WZ_WORKERS_INJ_KILLED","SECONDARY_CRASH","INTERSECTION_RELATED"
"1525","1","0","0","0","0","0","0","0","0","2","0","","36","01","2019","2019016227","5","40.134","-76.6174","1525","08","0","0","0","0","0","0","0","0","2","0","0","0","15","1","3","02","2","40 08:02.403","3","00","76 37:02.506","3","0","0","0","36237","0","0","0","N","0","0","0","3","36505","0","","1","01","N","N","1","","3","0","0","0","0","Y","1525","3","2","0","0","0","0","0","1","0","2","N","","","","","","","","","","","","03","  ","","",""
"1527","2","0","0","0","0","0","0","0","0","6","0","","36","02","2019","2019016233","5","40.1578","-76.3333","1519","08","0","1","0","0","0","1","0","0","1","0","0","0","15","1","0","01","1","40 09:27.925","5","00","76 19:59.790","0","0","0","0","36227","0","0","0","N","0","0","0","2","36506","0","","1","01","N","N","0","","0","0","0","0","0","N","1519","0","2","0","0","0","0","0","1","0","2","N","","","","","","","","","","","","03","  ","","",""
"0742","1","0","0","0","0","0","0","0","0","4","0","","36","02","2019","2019016235","2","40.2037","-76.2196","0742","08","0","0","0","0","0","1","0","0","1","0","0","0","07","1","1","00","1","40 12:13.200","1","07","76 13:10.600","3","0","0","0","36204","0","0","0","N","0","0","0","2","36506","0","","1","07","N","N","1","","1","0","0","0","0","N","0742","1","2","0","0","0","0","0","1","0","2","N","","","","","","","","","","","","10","  ","","",""
"0810","2","0","0","0","0","0","0","0","0","7","0","","36","02","2019","2019016236","2","40.2237","-76.2197","0758","08","0","0","0","0","0","0","0","0","1","0","0","0","07","1","0","00","1","40 13:25.183","4","00","76 13:10.830","0","0","0","0","36204","0","0","0","N","0","0","0","2","36506","0","","2","07","N","N","0","","0","0","0","0","0","N","0758","0","2","0","0","0","0","0","1","0","2","N","","","","","","","","","","","","10","  ","","",""
"2012","1","0","0","0","0","0","0","0","0","6","0","","36","02","2019","2019016239","1","40.2191","-76.2424","2008","08","1","0","0","0","0","0","0","0","","0","0","0","20","2","0","00","0","40 13:08.700","","00","76 14:32.700","0","0","0","0","36204","0","0","0","N","0","0","0","3","36506","0","","6","07","N","N","0","","0","0","2","0","0","","2008","0","3","0","0","0","0","0","1","0","3","N","","","","","","","","","","","","03","  ","","",""
"0800","1","0","0","0","0","0","0","0","0","1","0","","36","02","2019","2019016256","2","40.1413","-76.3826","0750","08","0","0","0","0","0","0","0","0","","0","0","0","07","1","0","03","0","40 08:28.629","","00","76 22:57.405","0","0","0","0","36227","0","0","0","N","0","0","0","2","36506","0","","1","07","N","N","0","","0","0","1","3","3","","0742","0","2","0","0","0","0","0","1","0","2","N","","","","","","","","","","","","10","  ","","",""
"0644","0","0","0","0","0","0","0","0","0","4","0","","36","01","2019","2019016269","5","39.845","-76.3027","0642","08","0","0","0","0","0","0","0","0","2","0","0","0","06","2","0","01","1","39 50:41.842","4","00","76 18:09.849","9","0","0","0","36224","0","0","0","N","0","0","0","2","68J03","0","","1","02","N","N","1","","0","0","1","3","3","N","0640","0","2","0","0","0","0","1","1","0","2","N","","","","","","","","","","","","03","  ","","",""
"0923","1","0","0","0","0","0","0","0","0","7","0","","36","02","2019","2019016283","2","40.15","-76.3982","0923","08","0","0","0","0","0","1","0","0","","0","0","0","09","1","0","00","0","40 08:59.900","","00","76 23:53.600","0","0","0","0","36227","0","0","0","N","0","0","0","1","36506","0","","2","07","N","N","0","","0","0","0","0","0","","0923","0","1","0","0","0","0","0","1","0","1","N","","","","","","","","","","","","10","  ","","",""
"1401","2","0","0","0","0","0","0","0","0","2","0","","36","02","2019","2019016361","4","40.0339","-76.4996","1401","08","0","0","0","0","0","0","0","1","1","0","0","0","14","1","1","01","1","40 02:01.965","2","00","76 29:58.569","3","0","0","0","36404","0","0","0","N","0","0","0","2","36404","0","","1","01","N","N","0","","1","0","0","3","2","Y","1401","1","2","0","0","0","0","0","3","0","2","N","","","","","","","","","","","","03","  ","","",""
"1210","1","0","0","0","0","0","0","0","0","7","0","","36","02","2019","2019016375","2","40.0376","-76.431","1207","08","0","0","0","0","0","0","0","0","","0","0","0","12","1","0","00","0","40 02:15.300","","00","76 25:51.771","0","0","0","0","36239","0","0","0","N","0","0","0","1","36239","0","","4","09","N","N","0","","0","0","0","0","0","","1207","0","1","0","0","0","0","0","3","0","1","N","","","","","","","","","","","","98","  ","","",""
"0756","2","0","0","0","0","0","0","0","0","5","0","","36","02","2019","2019016379","2","40.0602","-76.414","0753","08","0","0","0","0","0","1","0","0","","0","0","0","07","1","0","00","0","40 03:36.733","","00","76 24:50.393","0","0","0","0","36239","0","0","0","N","0","0","0","1","36239","0","","6","07","N","N","0","","0","0","0","0","0","","0746","0","2","0","0","0","0","0","3","0","2","N","","","","","","","","","","","","10","  ","","",""
"2110","2","0","0","0","0","0","0","0","0","4","0","","36","02","2019","2019016510","1","40.0397","-76.2835","2110","08","0","0","0","1","0","0","0","0","2","0","0","0","21","3","1","01","1","40 02:22.759","6","00","76 17:00.695","3","0","0","0","36220","0","0","0","N","0","0","0","3","36101","0","","1","01","N","N","0","","1","0","0","3","2","N","2110","1","2","0","0","0","0","0","3","0","2","N","","","","","","","","","","","","03","  ","","",""
"1710","1","0","0","0","0","0","0","0","0","4","0","","36","02","2019","2019016511","6","40.0556","-76.2327","1705","08","0","1","0","0","0","1","0","0","2","0","0","0","16","1","0","02","1","40 03:20.286","5","00","76 13:57.741","0","0","0","0","36215","0","0","0","N","0","0","0","2","36215","0","","1","01","N","N","0","","0","0","1","0","0","N","1658","0","2","0","0","0","0","0","1","0","2","N","","","","","","","","","","","","03","  ","","",""
"1723","1","0","0","0","0","0","0","0","0","7","0","","36","01","2019","2019016512","3","40.1325","-76.4346","1709","08","0","0","0","0","0","0","0","0","","0","0","0","16","1","0","00","0","40 07:57.115","","00","76 26:04.547","0","0","0","0","36230","0","0","0","N","0","0","0","1","36410","0","","2","07","N","N","0","","0","0","0","0","0","","1641","0","1","0","0","0","0","0","1","0","1","N","","","","","","","","","","","","10","  ","","",""
"0905","2","0","0","0","0","0","0","0","0","4","0","","36","01","2019","2019016513","4","40.1122","-76.4515","0846","08","0","0","0","0","0","1","0","0","","0","0","0","08","5","0","00","0","40 06:44.030","","07","76 27:05.357","9","0","0","0","36230","0","0","0","N","0","0","0","2","36410","0","","1","01","N","N","0","","0","0","0","0","0","","0843","0","2","0","0","0","0","1","1","0","2","N","","","","","","","","","","","","03","  ","","",""
"0720","2","0","0","0","0","0","0","0","0","6","0","","36","01","2019","2019016514","5","40.1644","-76.4013","0702","08","0","1","0","0","0","0","0","0","","0","0","0","07","5","0","00","0","40 09:51.800","","00","76 24:04.680","9","0","0","0","36410","0","0","0","N","0","0","0","1","36410","0","","6","02","N","N","1","","0","0","0","0","0","","0701","0","3","0","0","0","0","1","2","0","3","N","","","","","","","","","","","","03","  ","","",""
"1430","1","0","1","0","0","0","0","0","0","4","0","","36","02","2019","2019016515","1","40.1638","-76.4558","1423","08","0","0","0","0","0","1","0","0","1","0","0","0","14","1","2","01","2","40 09:49.725","7","00","76 27:20.835","2","0","0","0","36230","0","0","0","N","0","0","0","2","36410","0","","1","01","N","N","0","","1","1","1","3","3","N","1423","2","2","0","0","0","0","0","1","0","2","N","","","","","","","","","","","","03","  ","","",""
"0735","1","0","0","0","0","0","0","0","0","4","1","","36","02","2019","2019016516","2","40.1893","-76.4767","0723","08","0","0","0","0","0","0","0","0","1","0","1","0","07","5","0","02","1","40 11:21.411","5","00","76 28:36.163","9","0","0","0","36230","0","0","0","N","0","0","0","2","36410","0","","1","01","N","N","0","","0","0","0","0","0","N","0721","0","2","0","0","0","0","1","1","0","2","N","","","","","","","","","","","","03","  ","","",""
"1512","1","0","0","0","0","0","0","0","0","8","0","","36","02","2019","2019016517","2","40.1613","-76.3939","1508","08","0","0","0","0","0","0","0","1","","0","0","0","15","1","1","01","0","40 09:40.744","","00","76 23:38.018","4","0","0","0","36410","1","0","0","N","1","0","0","2","36410","1","","1","01","N","N","0","","0","0","0","0","0","","1508","1","2","0","0","0","0","0","2","0","1","N","","","","","","","","","","","","03","  ","","",""
"1812","1","0","0","0","0","0","0","0","0","7","0","","36","02","2019","2019016518","2","40.1568","-76.3815","1809","08","0","0","0","0","0","0","0","0","","0","0","0","18","3","0","02","0","40 09:24.452","","00","76 22:53.324","0","0","0","0","36227","0","0","0","N","0","0","0","2","36410","0","","5","01","N","N","0","","0","0","0","0","0","","1802","0","1","0","0","0","0","0","1","0","1","N","","","","","","","","","","","","03","  ","","",""
"1119","0","0","0","0","0","0","0","0","0","7","0","","36","02","2019","2019016519","5","40.0973","-76.4946","1116","08","0","0","0","0","0","0","0","0","1","0","0","0","11","1","1","00","2","40 05:50.104","5","00","76 29:40.671","3","0","0","0","36230","0","0","0","N","0","0","0","1","36410","0","","2","01","N","N","0","","1","0","1","0","0","Y","1116","1","1","0","0","1","0","0","1","0","1","N","","","","","","","","","","","","03","  ","","",""
"1428","0","0","0","0","0","0","0","0","0","0","0","","36","02","2019","2019016520","6","40.1821","-76.4205","1424","08","0","0","0","0","0","0","1","0","2","0","0","0","14","1","1","00","2","40 10:55.410","6","00","76 25:13.720","2","0","1","1","36230","0","0","0","N","0","0","0","1","36410","0","","1","01","N","N","0","","0","1","0","0","0","Y","1420","1","1","0","0","0","0","0","1","0","1","N","","","","","","","","","","","","98","  ","","",""
"0114","0","0","0","0","0","0","0","0","0","7","0","","36","02","2019","2019016521","2","40.1674","-76.3989","0112","08","0","0","0","0","0","0","0","0","","0","0","0","01","3","2","00","0","40 10:02.502","","00","76 23:56.182","2","0","0","0","36410","0","0","0","N","0","0","0","5","36410","0","","5","07","N","N","0","","0","2","1","0","0","","0112","2","1","0","2","5","0","0","2","0","1","N","","","","","","","","","","","","10","  ","","",""
"0842","0","0","0","0","0","0","0","0","0","7","0","","36","02","2019","2019016522","2","40.1401","-76.4255","0835","08","0","0","0","0","0","0","0","0","","0","0","0","08","1","0","00","0","40 08:24.452","","00","76 25:31.799","0","0","0","0","36230","0","0","0","N","0","0","0","1","36410","0","","5","07","N","N","0","","0","0","1","0","0","","0832","0","1","0","0","0","0","0","1","0","1","N","","","","","","","","","","","","10","  ","","",""
"1400","1","0","0","0","0","0","0","0","0","7","0","","36","02","2019","2019016565","5","40.2247","-76.2097","1346","08","0","0","0","0","0","0","1","0","4","0","0","0","13","1","1","00","2","40 13:28.862","6","00","76 12:34.769","8","0","0","0","36204","0","0","0","N","0","0","0","1","36506","0","","5","01","N","N","0","","0","0","0","0","0","Y","1346","1","1","0","0","0","1","0","1","0","1","N","","","","","","","","","","","","03","  ","","",""
"1925","4","0","0","0","0","0","0","0","0","5","0","","36","02","2019","2019016569","4","40.0484","-76.318","1923","08","0","0","0","0","0","0","0","0","1","0","0","0","19","3","0","00","1","40 02:54.400","2","00","76 19:04.800","0","0","0","0","36301","0","0","0","N","0","0","0","2","36301","0","","2","09","N","N","0","","0","0","0","3","3","N","1921","0","4","0","0","0","0","0","3","0","4","N","","","","","","","","","","","","07","  ","","",""
"2300","1","0","0","0","0","0","0","0","0","8","0","","36","02","2019","2019016597","5","40.0409","-76.2915","2254","08","0","0","0","0","0","0","0","0","","0","0","0","22","3","1","00","0","40 02:27.380","","00","76 17:29.559","2","0","0","0","36301","1","0","1","N","1","0","1","2","36301","0","","1","01","N","N","0","","0","1","0","0","0","","2251","1","2","0","0","0","0","1","3","0","1","N","","","","","","","","","","","","03","  ","","",""
"1819","2","0","0","0","0","0","0","0","0","1","0","","36","02","2019","2019016599","1","40.0065","-76.2966","1812","08","0","0","0","0","0","0","0","0","2","0","0","0","18","3","0","00","2","40 00:23.290","1","00","76 17:47.598","0","0","0","0","36240","0","0","0","N","0","0","0","3","36240","0","","1","01","N","N","0","","0","0","0","0","0","N","1814","0","2","0","0","0","0","0","1","0","2","N","","","","","","","","","","","","03","  ","","",""
"2200","0","0","0","0","0","0","0","0","0","7","0","","36","02","2019","2019016604","2","40.1943","-76.1254","2151","08","0","0","0","0","0","0","0","0","","0","0","0","21","2","0","00","0","40 11:39.500","","00","76 07:31.400","0","0","0","0","36210","0","0","0","N","0","0","0","1","36210","0","","5","07","N","N","0","","0","0","1","0","0","","2149","0","1","0","0","0","0","0","1","0","1","N","","","","","","","","","","","","10","  ","","",""
"1117","0","0","0","0","0","0","0","0","0","7","0","","36","02","2019","2019016611","6","40.1679","-76.1661","1112","08","0","0","0","0","0","0","0","0","","0","0","0","11","1","0","02","0","40 10:04.305","","00","76 09:57.694","0","0","0","0","36408","0","0","0","N","0","0","0","1","36408","0","","2","07","N","N","0","","0","0","1","3","2","","1108","0","1","0","0","0","0","0","2","0","1","N","","","","","","","","","","","","10","  ","","",""
"1529","0","0","0","0","0","0","0","0","0","7","0","","36","01","2019","2019016615","3","40.1789","-76.1365","1516","08","0","0","0","0","0","0","0","0","1","0","0","0","15","1","0","00","1","40 10:44.206","1","00","76 08:11.249","0","0","0","0","36218","0","0","0","Y","0","0","0","1","36408","0","","3","07","N","N","0","","0","0","1","0","0","N","1516","0","1","0","0","0","0","0","1","0","1","N","","","","","","","","","","","","10","  ","","",""
"0600","1","0","0","0","0","0","0","0","0","7","0","","36","02","2019","2019016621","2","40.0231","-76.2772","0547","08","0","0","0","0","0","0","1","0","","0","0","0","05","2","1","00","0","40 01:23.033","","00","76 16:37.807","8","0","0","0","36240","0","0","0","N","0","0","0","1","36240","0","","5","07","N","N","0","","0","0","0","0","0","","0544","1","1","0","0","0","1","0","1","0","1","N","","","","","","","","","","","","10","  ","","",""
"1344","1","0","0","0","0","0","0","0","0","7","0","","36","01","2019","2019016751","4","39.9217","-76.2518","1329","08","0","0","0","0","0","0","0","0","","0","0","0","13","1","1","00","0","39 55:18.287","","00","76 15:06.482","3","0","0","0","36229","0","0","0","Y","0","0","0","1","68J01","0","","4","01","N","N","0","","1","0","0","0","0","","1326","1","1","0","0","0","0","0","1","0","1","N","","","","","","","","","","","","03","  ","","",""
"0453","0","0","0","0","0","0","0","0","0","4","0","","36","02","2019","2019016780","2","40.1253","-76.2143","0445","08","0","0","0","0","0","0","1","0","","0","0","0","04","2","1","01","0","40 07:31.012","","00","76 12:51.319","3","0","0","0","36238","0","0","0","N","0","0","0","2","36238","0","","1","01","N","N","1","","1","0","1","3","2","N","0445","1","2","0","0","0","0","0","3","0","2","N","","","","","","","","","","","","03","  ","","",""
"2117","1","0","0","0","0","0","0","0","0","7","0","","36","02","2019","2019016785","2","40.1646","-76.6428","2116","08","0","0","0","0","0","0","0","0","","0","0","0","21","2","0","00","0","40 09:52.500","","00","76 38:34.200","0","0","0","0","36237","0","0","0","N","0","0","0","2","36505","0","","5","07","","","0","","0","0","0","0","0","","2116","0","1","0","0","0","0","0","1","0","1","N","","","","","","","","","","","","10","  ","","",""
"1649","1","0","0","0","0","0","0","0","0","0","0","","36","02","2019","2019016793","4","40.1094","-76.2462","1642","08","0","0","0","0","0","0","0","0","","0","0","0","16","1","0","00","0","40 06:33.927","","00","76 14:46.177","0","0","0","0","36101","0","0","0","N","0","0","0","1","36101","0","","1","09","N","N","0","","0","0","0","0","0","","1639","0","1","0","0","0","0","0","3","0","1","N","","","","","","","","","","","","07","  ","","",""
"0748","0","0","0","0","0","0","0","0","0","4","0","","36","02","2019","2019016794","5","40.0703","-76.3013","0748","08","0","0","0","0","0","1","0","0","1","0","0","0","07","1","0","01","1","40 04:12.969","2","00","76 18:04.751","0","0","0","0","36101","0","0","0","N","0","0","0","2","36101","0","","1","09","N","N","1","","0","0","0","0","0","N","0745","0","2","0","0","0","0","0","3","1","2","N","","","","","","","","","","","","03","  ","","",""
"0812","2","0","0","0","0","0","0","0","0","4","0","","36","02","2019","2019016795","5","40.0569","-76.3112","0810","08","0","0","0","0","0","0","0","1","2","0","0","0","08","1","2","01","2","40 03:24.706","2","00","76 18:40.172","3","0","0","0","36101","0","0","0","N","0","0","0","2","36101","0","","1","01","N","N","0","","2","0","0","3","2","N","0808","2","2","0","0","0","0","0","3","0","2","N","","","","","","","","","","","","03","  ","","",""
"1522","0","0","0","0","0","0","0","0","0","1","0","","36","02","2019","2019016798","2","40.2201","-76.1304","1513","08","0","0","0","0","0","1","0","0","","0","0","0","15","1","0","00","0","40 13:12.235","","00","76 07:49.466","0","0","0","0","36210","0","0","0","N","0","0","0","2","36210","0","","1","01","N","N","2","","0","0","0","0","0","","1513","0","2","0","0","0","0","0","1","0","2","N","","","","","","","","","","","","03","  ","","",""
"0556","1","0","0","0","0","0","0","0","0","7","0","","36","02","2019","2019016799","2","40.1282","-76.1628","0547","08","0","0","0","1","0","0","0","0","1","0","0","0","05","2","0","00","2","40 07:41.519","6","00","76 09:45.917","0","0","0","0","36238","0","0","0","N","0","0","0","1","36238","0","","4","07","N","N","0","","0","0","0","0","0","Y","0545","0","1","0","0","0","0","0","3","0","1","N","","","","","","","","","","","","10","  ","","",""
"0717","0","0","0","0","0","0","0","0","0","2","0","","36","02","2019","2019016824","3","40.2278","-76.1182","0711","08","0","0","1","0","0","1","0","0","1","0","0","0","07","1","0","00","1","40 13:40.028","6","00","76 07:05.548","0","0","0","0","36210","0","0","0","N","0","0","0","2","36210","0","","1","06","N","N","1","","0","0","1","0","0","N","0709","0","2","0","0","0","0","0","1","0","2","N","","","","","","","","","","","","07","  ","","",""
"1143","1","0","0","0","0","0","0","0","0","2","0","","36","02","2019","2019016825","5","40.038","-76.5067","1139","08","0","0","0","0","0","0","0","0","","0","0","0","11","1","0","00","0","40 02:16.800","","00","76 30:24.000","0","0","0","0","36404","0","0","0","N","0","0","0","2","36404","0","","6","01","N","N","1","","0","0","0","0","0","","1139","0","2","0","0","0","0","0","3","0","2","N","","","","","","","","","","","","03","  ","","",""
"0812","0","0","0","0","0","0","0","0","0","4","0","","36","02","2019","2019016863","2","40.0319","-76.4903","0754","08","0","0","1","0","0","1","0","0","1","0","0","0","07","1","0","00","1","40 01:54.932","3","07","76 29:24.923","0","0","0","0","36404","0","0","0","N","0","0","0","4","36404","0","","1","09","N","N","0","","0","0","2","3","2","Y","0754","0","2","0","0","0","0","0","3","0","2","N","","","","","","","","","","","","10","  ","","",""
"0630","1","0","0","0","0","0","0","0","0","7","0","","36","02","2019","2019016878","2","40.1345","-76.3304","0602","08","0","0","0","0","0","0","0","0","1","0","0","0","06","2","0","00","1","40 08:04.166","6","00","76 19:49.618","0","0","0","0","36235","0","0","0","N","0","0","0","1","36506","0","","4","07","N","N","0","","0","0","0","0","0","N","0602","0","1","0","0","0","0","0","1","0","1","N","","","","","","","","","","","","10","  ","","",""
"1558","0","0","0","0","0","0","0","0","0","4","1","","36","02","2019","2019016892","2","40.0922","-76.4225","1550","08","0","0","0","0","0","1","1","0","2","0","1","0","15","1","0","01","2","40 05:32.053","5","00","76 25:20.877","0","0","0","0","36214","0","0","0","N","0","0","0","2","36214","0","","1","09","N","N","0","","0","0","1","3","3","Y","1545","0","2","0","0","0","0","0","3","0","2","N","","","","","","","","","","","","03","  ","","",""
"1033","1","0","0","0","0","0","0","0","0","7","0","","36","02","2019","2019016895","3","40.0622","-76.4473","1025","08","0","0","0","0","0","0","0","0","2","0","0","0","10","1","0","00","2","40 03:43.916","5","00","76 26:50.286","0","0","0","0","36239","0","0","0","N","0","0","0","1","36239","0","","5","06","N","N","0","","0","0","0","0","0","N","1019","0","1","0","0","0","0","0","3","0","1","N","","","","","","","","","","","","07","  ","","",""
"0446","1","0","0","0","0","0","0","0","0","1","0","","36","02","2019","2019016974","2","40.2355","-76.2866","0357","08","0","0","0","0","0","0","0","0","3","0","0","0","03","2","0","00","1","40 14:07.707","3","00","76 17:11.789","0","0","0","0","36204","0","0","0","N","0","0","0","2","68T06","0","","1","06","N","N","1","","0","0","0","0","0","N","0357","0","2","0","0","0","0","0","1","0","2","N","","","","","","","","","","","","10","  ","","",""
"0839","0","0","0","0","0","0","0","0","0","7","0","","36","02","2019","2019017036","2","40.1475","-76.4055","0834","08","0","0","0","0","0","0","0","0","","0","0","0","08","1","0","03","0","40 08:51.140","","00","76 24:19.764","0","0","0","0","36227","0","0","0","N","0","0","0","1","36506","0","","4","07","N","N","0","","0","0","1","0","0","","0817","0","1","0","0","0","0","0","1","0","1","N","","","","","","","","","","","","10","  ","","",""
"1041","1","0","0","0","0","0","0","0","0","7","0","","36","02","2019","2019017039","3","40.2059","-76.1164","1031","08","0","0","0","0","0","0","0","0","2","0","0","0","10","1","0","00","1","40 12:21.315","1","00","76 06:59.183","0","0","0","0","36210","0","0","0","Y","0","0","0","2","36210","0","","2","02","N","N","0","","0","0","0","0","0","N","1031","0","1","0","0","0","0","0","1","0","1","N","","","","","","","","","","","","09","  ","","",""
"0824","1","0","0","0","0","0","0","0","0","4","0","","36","02","2019","2019017041","2","40.1568","-76.3815","0817","08","0","0","0","0","0","1","0","0","2","0","0","0","08","1","0","01","1","40 09:24.452","6","00","76 22:53.324","9","0","0","0","36227","0","0","0","N","0","0","0","2","36506","0","","1","06","N","N","0","","0","0","1","3","3","Y","0817","0","2","0","0","0","0","1","1","0","2","N","","","","","","","","","","","","10","  ","","",""
"0909","2","0","0","0","0","0","0","0","0","7","0","","36","02","2019","2019017043","2","40.1404","-76.355","0857","08","0","0","0","0","0","1","0","0","2","0","0","0","08","1","0","00","1","40 08:25.586","5","00","76 21:18.091","0","0","0","0","36227","0","0","0","N","0","0","0","3","36506","0","","2","06","N","N","1","","0","0","0","0","0","N","0857","0","3","0","0","1","0","0","1","0","3","N","","","","","","","","","","","","10","  ","","",""
"1310","1","0","0","0","0","0","0","0","0","7","0","","36","02","2019","2019017048","3","40.1588","-76.0184","1302","08","0","0","0","0","0","0","1","0","2","0","0","0","13","1","1","00","1","40 09:31.501","1","00","76 01:06.229","8","0","0","0","36213","0","0","0","N","0","0","0","1","36213","0","","5","06","N","N","0","","0","0","0","0","0","N","1301","1","1","0","0","1","1","0","1","0","1","N","","","","","","","","","","","","09","  ","","",""
"1407","2","0","0","0","0","0","0","0","0","4","1","","36","02","2019","2019017058","2","39.9751","-76.2473","1357","08","0","0","0","0","0","1","0","1","2","0","1","0","13","1","0","01","2","39 58:30.378","3","00","76 14:50.447","0","0","0","0","36240","0","0","0","N","0","0","0","4","36240","0","","1","09","N","N","0","","0","0","0","3","2","Y","1356","0","3","0","0","0","0","0","1","0","3","N","","","","","","","","","","","","03","  ","","",""
"1213","1","0","0","0","0","0","0","0","0","7","0","","36","02","2019","2019017230","3","40.1855","-76.5965","1204","08","0","0","0","0","0","1","0","0","","0","0","0","12","1","0","00","0","40 11:07.642","","00","76 35:47.270","0","0","0","0","36225","0","0","0","N","0","0","0","1","36505","0","","2","02","N","N","0","","0","0","0","0","0","","1204","0","1","0","0","0","0","0","2","0","1","N","","","","","","","","","","","","10","  ","","",""
"0136","1","0","0","0","0","0","0","0","0","7","0","","36","01","2019","2019017246","1","40.0306","-76.2343","0134","08","0","0","0","0","0","0","0","0","2","0","0","0","01","3","0","01","1","40 01:50.123","4","00","76 14:03.641","0","0","0","0","36215","0","0","0","N","0","0","0","1","36215","0","","4","01","N","N","0","","0","0","0","3","2","N","0132","0","1","0","0","0","0","0","1","0","1","N","","","","","","","","","","","","03","  ","","",""
"1429","0","0","0","0","0","0","0","0","0","4","0","","36","02","2019","2019017247","3","40.0388","-76.2703","1419","08","0","0","0","0","0","0","0","0","","0","0","0","14","1","1","02","0","40 02:19.829","","00","76 16:12.979","3","0","0","0","36215","0","0","0","N","0","0","0","5","36215","0","","1","01","N","N","1","","1","0","0","0","0","","1417","1","2","0","0","0","0","0","1","1","2","N","","","","","","","","","","","","03","  ","","",""
"1547","1","0","0","0","0","0","0","0","0","4","0","","36","02","2019","2019017248","5","40.0306","-76.2343","1546","08","0","0","0","0","0","1","0","0","","0","0","0","15","1","2","05","0","40 01:50.123","","00","76 14:03.641","4","0","0","0","36215","0","0","0","N","0","0","0","3","36215","2","","1","01","N","N","0","","0","0","1","3","2","","1545","2","2","0","0","0","0","0","1","0","2","N","","","","","","","","","","","","03","  ","","",""
"0757","1","0","0","0","0","0","0","0","0","7","0","","36","02","2019","2019017249","2","40.0102","-76.223","0730","08","0","0","0","1","0","0","0","0","","0","0","0","07","1","0","00","0","40 00:36.733","","00","76 13:22.797","0","0","0","0","36240","0","0","0","N","0","0","0","1","36215","0","","5","07","N","N","0","","0","0","0","0","0","","0729","0","1","0","0","0","0","0","1","0","1","N","","","","","","","","","","","","10","  ","","",""
"0803","1","0","0","0","0","0","0","0","0","7","0","","36","02","2019","2019017250","2","40.0762","-76.215","0752","08","0","0","0","0","0","0","0","0","1","0","0","0","07","1","0","00","2","40 04:34.190","6","00","76 12:54.020","0","0","0","0","36234","0","0","0","N","0","0","0","1","36215","0","","5","07","N","N","0","","0","0","0","0","0","N","0750","0","1","0","0","0","0","0","1","0","1","N","","","","","","","","","","","","10","  ","","",""
"0813","1","0","0","0","0","0","0","0","0","7","0","","36","02","2019","2019017251","2","40.0285","-76.2475","0806","08","0","0","0","0","0","0","0","0","","0","0","0","08","1","0","00","0","40 01:42.740","","00","76 14:50.920","0","0","0","0","36215","0","0","0","N","0","0","0","1","36215","0","","4","06","N","N","0","","0","0","0","0","0","","0804","0","1","0","0","0","0","0","1","0","1","N","","","","","","","","","","","","10","  ","","",""