"ARRIVAL_TM","AUTOMOBILE_COUNT","BELTED_DEATH_COUNT","BELTED_SUSP_SERIOUS_INJ_COUNT","BICYCLE_COUNT","BICYCLE_DEATH_COUNT","BICYCLE_SUSP_SERIOUS_INJ_COUNT","BUS_COUNT","CHLDPAS_DEATH_COUNT","CHLDPAS_SUSP_SERIOUS_INJ_COUNT","COLLISION_TYPE","COMM_VEH_COUNT","CONS_ZONE_SPD_LIM","COUNTY","CRASH_MONTH","CRASH_YEAR","CRN","DAY_OF_WEEK","DEC_LAT","DEC_LONG","DISPATCH_TM","DISTRICT","DRIVER_COUNT_16YR","DRIVER_COUNT_17YR","DRIVER_COUNT_18YR","DRIVER_COUNT_19YR","DRIVER_COUNT_20YR","DRIVER_COUNT_50_64YR","DRIVER_COUNT_65_74YR","DRIVER_COUNT_75PLUS","EST_HRS_CLOSED","FATAL_COUNT","HEAVY_TRUCK_COUNT","HORSE_BUGGY_COUNT","HOUR_OF_DAY","ILLUMINATION","INJURY_COUNT","INTERSECT_TYPE","LANE_CLOSED","LATITUDE","LN_CLOSE_DIR","LOCATION_TYPE","LONGITUDE","MAX_SEVERITY_LEVEL","MCYCLE_DEATH_COUNT","MCYCLE_SUSP_SERIOUS_INJ_COUNT","MOTORCYCLE_COUNT","MUNICIPALITY","NONMOTR_COUNT","NONMOTR_DEATH_COUNT","NONMOTR_SUSP_SERIOUS_INJ_COUNT","NTFY_HIWY_MAINT","PED_COUNT","PED_DEATH_COUNT","PED_SUSP_SERIOUS_INJ_COUNT","PERSON_COUNT","POLICE_AGCY","POSSIBLE_INJ_COUNT","RDWY_SURF_TYPE_CD","RELATION_TO_ROAD","ROAD_CONDITION","SCH_BUS_IND","SCH_ZONE_IND","SMALL_TRUCK_COUNT","SPEC_JURIS_CD","SUSP_MINOR_INJ_COUNT","SUSP_SERIOUS_INJ_COUNT","SUV_COUNT","TCD_FUNC_CD","TCD_TYPE","TFC_DETOUR_IND","TIME_OF_DAY","TOT_INJ_COUNT","TOTAL_UNITS","UNB_DEATH_COUNT","UNB_SUSP_SERIOUS_INJ_COUNT","UNBELTED_OCC_COUNT","UNK_INJ_DEG_COUNT","UNK_INJ_PER_COUNT","URBAN_RURAL","VAN_COUNT","VEHICLE_COUNT","WORK_ZONE_IND","WORK_ZONE_LOC","WORK_ZONE_TYPE","WORKERS_PRES","WZ_CLOSE_DETOUR","WZ_FLAGGER","WZ_LAW_OFFCR_IND","WZ_LN_CLOSURE","WZ_MOVING","WZ_OTHER","WZ_SHLDER_MDN","ROADWAY_CLEARED","WEATHER1","WEATHER2","WZ_WORKERS_INJ_KILLED","SECONDARY_CRASH","INTERSECTION_RELATED"
"2146","0","0","0","0","0","0","0","0","0","4","0","","36","02","2019","2019017253","2","40.0306","-76.2343","2145","08","0","0","0","0","0","0","0","0","","0","0","0","21","3","0","01","0","40 01:50.123","","00","76 14:03.641","0","0","0","0","36215","0","0","0","N","0","0","0","2","36215","0","","1","06","N","N","1","","0","0","1","3","2","","2140","0","2","0","0","0","0","0","1","0","2","N","","","","","","","","","","","","10","  ","","",""
"2300","0","0","0","0","0","0","0","0","0","7","0","","36","02","2019","2019017255","2","40.1608","-76.4254","2254","08","0","1","0","0","0","0","0","0","","0","0","0","22","2","0","00","0","40 09:38.960","","00","76 25:31.617","0","0","0","0","36230","0","0","0","N","0","0","0","1","36410","0","","5","07","N","N","1","","0","0","0","0","0","","2254","0","1","0","0","0","0","0","1","0","1","N","","","","","","","","","","","","10","  ","","",""
"0935","0","0","0","0","0","0","0","0","0","7","0","","36","02","2019","2019017268","5","40.1495","-76.1769","0927","08","0","0","0","0","0","0","0","0","","0","0","0","09","1","0","00","0","40 08:58.130","","00","76 10:36.853","0","0","0","0","36238","0","0","0","Y","0","0","0","3","36238","0","","3","01","N","N","1","","0","0","0","0","0","","0925","0","1","0","0","0","0","0","3","0","1","N","","","","","","","","","","","","03","  ","","",""
"2055","2","0","0","0","0","0","0","0","0","4","0","","36","02","2019","2019017458","4","40.0178","-76.2433","2049","08","0","0","0","0","0","0","0","0","","0","0","0","20","3","0","01","0","40 01:03.925","","00","76 14:36.008","0","0","0","0","36240","0","0","0","Y","0","0","0","2","36240","0","","1","09","N","N","0","","0","0","0","3","3","","2048","0","2","0","0","0","0","0","1","0","2","N","","","","","","","","","","","","07","  ","","",""
"1750","1","0","0","0","0","0","0","0","0","7","0","","36","02","2019","2019017359","7","40.2251","-76.4015","1725","08","0","0","0","0","0","0","0","0","","0","0","0","17","1","2","00","0","40 13:30.461","","00","76 24:05.297","8","0","0","0","36227","0","0","0","N","0","0","0","2","68T06","0","","4","01","N","N","0","","0","0","0","0","0","","1725","2","1","0","0","0","2","0","1","0","1","N","","","","","","","","","","","","03","  ","","",""
"1247","0","0","0","0","0","0","0","0","0","7","1","","36","02","2019","2019017444","3","40.1381","-76.2571","1240","08","0","0","0","0","0","0","0","0","3","0","1","0","12","1","0","00","2","40 08:17.100","6","00","76 15:25.600","0","0","0","0","36235","0","0","0","N","0","0","0","1","36506","0","","5","02","N","N","0","","0","0","0","0","0","Y","1240","0","1","0","0","0","0","0","1","0","1","N","","","","","","","","","","","","09","  ","","",""
"2232","1","0","0","0","0","0","0","0","0","7","0","","36","02","2019","2019017448","2","40.2413","-76.1231","2224","08","0","0","1","0","0","0","0","0","","0","0","0","21","2","0","00","0","40 14:28.613","","00","76 07:23.249","0","0","0","0","36210","0","0","0","Y","0","0","0","1","36210","0","","5","07","N","N","0","","0","0","0","3","8","","2150","0","1","0","0","0","0","0","1","0","1","N","","","","","","","","","","","","10","  ","","",""
"1800","0","0","0","0","0","0","0","0","0","8","0","","36","02","2019","2019017449","5","40.2266","-76.0914","1759","08","0","0","0","0","0","0","0","0","2","0","0","0","17","3","1","02","2","40 13:35.639","6","00","76 05:28.927","2","0","0","0","36210","1","0","1","N","1","0","1","2","36210","0","","1","01","N","N","1","","0","1","0","3","3","Y","1758","1","2","0","0","0","0","0","1","0","1","N","","","","","","","","","","","","03","  ","","",""
"1928","1","0","0","0","0","0","0","0","0","9","0","","36","02","2019","2019017474","3","40.1109","-75.9989","1921","08","0","0","0","0","0","1","0","0","3","0","0","0","19","2","2","00","2","40 06:39.267","6","00","75 59:56.387","8","0","0","0","36213","0","0","0","N","0","0","0","2","36213","0","","1","09","N","N","0","","0","0","0","0","0","Y","1911","2","1","0","0","0","2","0","1","0","1","N","","","","","","","","","","","","07","  ","","",""
"1717","1","0","0","0","0","0","0","0","0","4","0","","36","01","2019","2019017485","4","40.0791","-76.3465","1717","08","0","0","0","0","0","0","0","0","2","0","0","0","17","1","0","01","1","40 04:44.656","5","02","76 20:47.275","0","0","0","0","36101","0","0","0","N","0","0","0","2","36101","0","","1","01","N","N","0","","0","0","1","3","3","Y","1708","0","2","0","0","2","0","0","3","0","2","N","","","","","","","","","","","","03","  ","","",""
"1525","0","0","0","0","0","0","0","0","0","7","0","","36","02","2019","2019017486","6","40.0756","-76.3363","1519","08","0","0","0","0","0","1","0","0","2","0","0","0","15","1","0","00","1","40 04:32.339","3","00","76 20:10.584","0","0","0","0","36101","0","0","0","N","0","0","0","2","36101","0","","3","06","N","N","1","","0","0","1","0","0","N","1517","0","2","0","0","0","0","0","3","0","2","N","","","","","","","","","","","","10","  ","","",""
"1159","1","0","0","0","0","0","0","0","0","1","0","","36","02","2019","2019017487","7","40.0549","-76.3594","1154","08","0","0","0","0","0","1","0","0","","0","0","0","11","1","0","00","0","40 03:17.664","","00","76 21:33.898","0","0","0","0","36214","0","0","0","N","0","0","0","3","36214","0","","1","09","N","N","0","","0","0","1","0","0","","1152","0","2","0","0","0","0","0","3","0","2","N","","","","","","","","","","","","03","  ","","",""
"0803","1","0","0","0","0","0","0","0","0","7","0","","36","02","2019","2019017488","2","40.0239","-76.363","0754","08","0","0","0","0","0","0","0","0","","0","0","0","07","1","0","00","0","40 01:26.196","","00","76 21:46.869","0","0","0","0","36223","0","0","0","N","0","0","0","1","36223","0","","5","07","N","N","0","","0","0","0","0","0","","0752","0","1","0","0","0","0","0","1","0","1","N","","","","","","","","","","","","10","  ","","",""
"0525","0","0","0","0","0","0","0","0","0","2","0","","36","02","2019","2019017512","4","40.1313","-76.5637","0520","08","0","0","0","0","0","2","0","0","","0","0","0","05","3","0","00","0","40 07:52.508","","00","76 33:49.411","0","0","0","0","36225","0","0","0","N","0","0","0","2","36505","0","","1","02","N","N","2","","0","0","0","0","0","","0520","0","2","0","0","0","0","0","2","0","2","N","","","","","","","","","","","","98","  ","","",""
"0712","0","0","0","0","0","0","0","0","0","6","0","","36","02","2019","2019017529","4","40.1451","-76.2029","0710","08","0","0","0","0","0","0","0","0","2","0","0","0","07","1","0","00","2","40 08:42.192","6","00","76 12:10.613","0","0","0","0","36238","0","0","0","N","0","0","0","2","36238","0","","1","02","N","N","2","","0","0","0","0","0","Y","0708","0","2","0","0","0","0","0","3","0","2","N","","","","","","","","","","","","03","  ","","",""
"1338","1","0","0","0","0","0","0","0","0","1","0","","36","02","2019","2019017555","1","40.2227","-76.1482","1338","08","0","0","0","0","0","0","0","0","1","0","0","0","13","1","2","00","2","40 13:21.788","5","00","76 08:53.684","3","0","0","0","36405","0","0","0","N","0","0","0","6","36210","0","","1","01","N","N","1","","2","0","0","0","0","Y","1335","2","2","0","0","1","0","0","1","0","2","N","","","","","","","","","","","","03","  ","","",""
"0318","1","0","0","0","0","0","0","0","0","5","0","","36","02","2019","2019017991","2","40.2174","-76.0876","0316","08","0","0","0","0","0","0","0","0","","0","0","0","03","3","0","06","0","40 13:05.576","","02","76 05:05.463","0","0","0","0","36210","0","0","0","N","0","0","0","2","36210","0","","1","07","N","N","0","","0","0","1","0","0","","0316","0","2","0","0","0","0","0","1","0","2","N","","","","","","","","","","","","10","  ","","",""
"0727","0","0","0","0","0","0","0","0","0","7","0","","36","02","2019","2019018003","4","40.0606","-76.2768","0716","08","0","0","0","0","0","1","0","0","","0","0","0","05","1","0","01","0","40 03:38.263","","02","76 16:36.564","0","0","0","0","36101","0","0","0","N","0","0","0","1","36101","0","","2","02","N","N","1","","0","0","0","0","0","","0530","0","1","0","0","0","0","0","3","0","1","N","","","","","","","","","","","","98","  ","","",""
"0942","2","0","0","0","0","0","0","0","0","1","0","","36","02","2019","2019018004","4","40.058","-76.2805","0938","08","0","0","0","0","0","0","0","0","2","0","0","0","09","1","0","00","1","40 03:28.921","3","00","76 16:49.698","0","0","0","0","36101","0","0","0","N","0","0","0","3","36101","0","","1","09","N","N","0","","0","0","0","0","0","N","0935","0","2","0","0","0","0","0","3","0","2","N","","","","","","","","","","","","03","  ","","",""
"0213","1","0","0","0","0","0","0","0","0","7","0","","36","02","2019","2019018012","2","40.2502","-76.0854","0212","08","0","0","0","0","0","0","0","0","2","0","0","0","02","2","0","00","1","40 15:00.698","4","00","76 05:07.587","0","0","0","0","36210","0","0","0","N","0","0","0","1","36210","0","","5","07","N","N","0","","0","0","0","0","0","N","0211","0","1","0","0","0","0","0","1","0","1","N","","","","","","","","","","","","10","  ","","",""
"1820","0","0","0","0","0","0","0","0","0","7","0","","36","02","2019","2019018074","4","40.1526","-76.6054","1817","08","0","0","0","0","0","0","0","0","2","0","0","0","18","3","1","00","2","40 09:09.300","6","00","76 36:19.500","4","0","0","0","36407","0","0","0","N","0","0","0","1","36407","1","","2","01","N","N","0","","0","0","1","0","0","N","1816","1","1","0","0","0","0","0","2","0","1","N","","","","","","","","","","","","03","  ","","",""
"1239","0","0","0","0","0","0","0","0","0","1","0","","36","02","2019","2019018240","4","40.0513","-76.3205","1238","08","0","0","0","0","0","0","1","0","2","0","0","0","12","1","1","00","2","40 03:04.667","3","00","76 19:13.953","4","0","0","0","36301","0","0","0","N","0","0","0","3","36101","1","","1","01","N","N","0","","0","0","2","0","0","Y","1200","1","2","0","0","0","0","0","3","0","2","N","","","","","","","","","","","","03","  ","","",""
"0149","1","0","0","0","0","0","0","0","0","7","0","","36","02","2019","2019018241","1","40.0075","-76.4012","0143","08","0","0","1","0","0","0","0","0","","0","0","0","01","2","1","00","0","40 00:27.043","","00","76 24:04.227","8","0","0","0","36223","0","0","0","Y","0","0","0","1","36223","0","","5","01","N","N","0","","0","0","0","0","0","","0140","1","1","0","0","0","1","0","1","0","1","N","","","","","","","","","","","","03","  ","","",""
"0253","0","0","0","0","0","0","0","0","0","7","0","","36","02","2019","2019018242","1","40.0084","-76.4763","0244","08","0","0","0","0","0","0","0","0","3","0","0","0","02","2","0","00","2","40 00:30.300","5","00","76 28:34.600","9","0","0","0","36223","0","0","0","N","0","0","0","1","36223","0","","4","01","N","N","0","","0","0","1","0","0","Y","0244","0","1","0","0","0","0","1","1","0","1","N","","","","","","","","","","","","03","  ","","",""
"2259","1","0","0","0","0","0","0","0","0","7","0","","36","02","2019","2019018243","1","39.9455","-76.4142","2237","08","0","0","0","0","1","0","0","0","2","0","0","0","22","2","0","00","1","39 56:43.890","4","00","76 24:51.028","0","0","0","0","36223","0","0","0","N","0","0","0","1","36223","0","","4","07","N","N","0","","0","0","0","0","0","Y","2234","0","1","0","0","0","0","0","1","0","1","N","","","","","","","","","","","","10","  ","","",""
"0202","0","0","0","0","0","0","0","0","0","7","0","","36","02","2019","2019018244","2","40.0337","-76.4125","0151","08","0","0","0","0","0","0","0","0","","0","0","0","01","2","1","00","0","40 02:01.460","","00","76 24:44.900","4","0","0","0","36223","0","0","0","N","0","0","0","1","36223","1","","5","06","N","N","0","","0","0","1","0","0","","0141","1","1","0","0","0","0","0","1","0","1","N","","","","","","","","","","","","10","  ","","",""
"0933","1","0","0","0","0","0","0","0","0","0","0","","36","01","2019","2019018245","5","40.1541","-76.1345","0930","08","0","0","0","0","0","0","0","0","2","0","0","0","05","2","0","00","2","40 09:14.800","6","00","76 08:04.100","0","0","0","0","36209","0","0","0","N","0","0","0","1","36415","0","","5","02","N","N","0","","0","0","0","0","0","N","0530","0","1","0","0","0","0","0","1","0","1","N","","","","","","","","","","","","98","  ","","",""
"0602","1","0","0","0","0","0","0","0","0","7","0","","36","02","2019","2019018246","6","40.0677","-76.0698","0548","08","0","0","0","0","0","0","0","0","","0","0","0","05","2","0","00","0","40 04:03.567","","00","76 04:11.436","0","0","0","0","36209","0","0","0","N","0","0","0","1","36415","0","","4","02","N","N","0","","0","0","0","0","0","","0542","0","1","0","0","0","0","0","1","0","1","N","","","","","","","","","","","","03","  ","","",""
"1645","2","0","0","0","0","0","0","0","0","1","0","","36","02","2019","2019018262","6","40.0276","-76.3023","1642","08","0","0","0","0","0","1","0","0","","0","0","0","16","1","1","00","0","40 01:39.300","","00","76 18:08.100","3","0","0","0","36301","0","0","0","N","0","0","0","2","36301","0","","1","01","N","N","0","","1","0","0","0","0","N","1642","1","2","0","0","0","0","0","3","0","2","N","","","","","","","","","","","","03","  ","","",""
"2313","0","0","0","0","0","0","0","0","0","7","0","","36","02","2019","2019018318","1","40.0402","-76.5007","2307","08","0","1","0","0","0","0","0","0","1","0","0","0","23","3","0","00","2","40 02:24.660","6","00","76 30:02.540","0","0","0","0","36404","0","0","0","N","0","0","0","1","36404","0","","5","07","N","N","1","","0","0","0","0","0","N","2307","0","1","0","0","0","0","0","3","0","1","N","","","","","","","","","","","","10","  ","","",""
"0220","1","0","0","0","0","0","0","0","0","5","1","","36","02","2019","2019018378","2","40.2088","-76.0236","0149","08","0","0","0","0","0","0","0","0","","0","1","0","01","2","0","00","0","40 12:31.739","","00","76 01:25.045","0","0","0","0","36202","0","0","0","N","0","0","0","2","68T06","0","","1","06","N","N","0","","0","0","0","0","0","","0149","0","2","0","0","0","0","0","1","0","2","N","","","","","","","","","","","","10","  ","","",""
"0831","1","0","0","0","0","0","0","0","0","7","0","","36","02","2019","2019018382","3","40.2301","-76.4352","0806","08","0","0","0","0","0","1","0","0","1","0","0","0","08","1","0","00","1","40 13:48.200","4","02","76 26:06.700","0","0","0","0","36230","0","0","0","N","0","0","0","1","68T06","0","","2","02","N","N","0","","0","0","0","0","0","N","0806","0","1","0","0","0","0","0","1","0","1","N","","","","","","","","","","","","09","  ","","",""
"1128","0","0","0","0","0","0","0","0","0","7","0","","36","02","2019","2019018390","3","40.2356","-76.2854","1119","08","0","0","0","0","0","0","0","0","","0","0","0","11","1","0","00","0","40 14:08.159","","00","76 17:07.520","0","0","0","0","36204","0","0","0","N","0","0","0","1","68T06","0","","4","02","N","N","0","","0","0","1","0","0","","1119","0","1","0","0","0","0","0","1","0","1","N","","","","","","","","","","","","09","  ","","",""
"1451","0","0","0","0","0","0","0","0","0","7","0","","36","02","2019","2019018405","3","40.2366","-76.1297","1441","08","0","0","0","0","0","0","0","0","1","0","0","0","14","1","0","00","1","40 14:11.703","3","00","76 07:47.021","0","0","0","0","36210","0","0","0","N","0","0","0","1","68T06","0","","4","06","N","N","0","","0","0","1","0","0","N","1441","0","1","0","0","0","0","0","1","0","1","N","","","","","","","","","","","","09","  ","","",""
"1312","1","0","0","0","0","0","0","0","0","7","0","","36","02","2019","2019018440","5","40.1805","-76.1129","1308","08","0","0","0","0","0","1","0","0","2","0","0","0","13","1","2","00","1","40 10:49.778","3","00","76 06:46.490","3","0","0","0","36210","0","0","0","N","0","0","0","2","36210","0","","5","01","N","N","0","","2","0","0","0","0","Y","1305","2","1","0","0","1","0","0","1","0","1","N","","","","","","","","","","","","03","  ","","",""
"1254","0","0","0","0","0","0","0","0","0","1","0","","36","02","2019","2019018634","4","40.0398","-76.3651","1251","08","0","0","0","0","0","0","1","1","1","0","0","0","12","1","1","01","1","40 02:23.179","2","00","76 21:54.426","4","0","0","0","36214","0","0","0","N","0","0","0","5","36214","1","","1","01","N","N","0","","0","0","3","3","2","N","1246","1","3","0","0","0","0","0","3","0","3","N","","","","","","","","","","","","03","  ","","",""
"0838","1","0","0","0","0","0","0","0","0","7","0","","36","02","2019","2019018637","6","40.0568","-76.2682","0831","08","0","0","0","0","0","1","0","0","1","0","0","0","08","1","1","00","2","40 03:24.380","4","02","76 16:05.446","8","0","0","0","36215","0","0","0","N","0","0","0","1","36215","0","","3","02","N","N","0","","0","0","0","0","0","N","0829","1","1","0","0","0","1","0","1","0","1","N","","","","","","","","","","","","10","  ","","",""
"1533","2","0","0","0","0","0","0","0","0","4","0","","36","02","2019","2019018638","5","40.2329","-76.4342","1523","08","0","0","0","0","0","0","1","0","1","0","0","0","15","1","1","00","1","40 13:58.584","2","00","76 26:03.281","8","0","0","0","36230","0","0","0","N","0","0","0","2","36410","0","","1","01","N","N","0","","0","0","0","0","0","N","1523","1","2","0","0","0","1","0","1","0","2","N","","","","","","","","","","","","03","  ","","",""
"2310","1","0","0","0","0","0","0","0","0","7","0","","36","02","2019","2019018639","1","40.1533","-76.4618","2256","08","0","0","0","0","0","0","0","0","","0","0","0","22","2","0","00","0","40 09:12.020","","00","76 27:42.540","0","0","0","0","36230","0","0","0","N","0","0","0","1","36410","0","","4","07","N","N","0","","0","0","0","0","0","","2254","0","1","0","0","0","0","0","1","0","1","N","","","","","","","","","","","","10","  ","","",""
"0551","0","0","0","0","0","0","0","0","0","7","0","","36","02","2019","2019018640","4","40.1284","-76.4772","0530","08","0","0","0","0","0","0","0","0","","0","0","0","05","2","0","00","0","40 07:42.143","","00","76 28:37.904","0","0","0","0","36230","0","0","0","N","0","0","0","1","36410","0","","4","02","N","N","1","","0","0","0","0","0","","0528","0","1","0","0","0","0","0","1","0","1","N","","","","","","","","","","","","99","  ","","",""
"0709","0","0","0","0","0","0","0","0","0","1","0","","36","02","2019","2019018641","4","40.162","-76.3932","0707","08","0","0","0","0","0","1","0","0","2","0","0","0","07","1","0","00","2","40 09:43.089","2","00","76 23:35.440","0","0","0","0","36410","0","0","0","N","0","0","0","3","36410","0","","1","09","N","N","0","","0","0","2","0","0","N","0706","0","2","0","0","0","0","0","2","0","2","N","","","","","","","","","","","","03","  ","","",""
"0343","0","0","0","0","0","0","0","0","0","1","2","","36","02","2019","2019018750","2","40.2107","-76.046","0337","08","0","0","0","0","0","2","0","0","3","0","2","0","03","2","2","00","2","40 12:38.580","3","00","76 02:45.539","3","0","0","0","36202","0","0","0","N","0","0","0","2","68T06","0","","1","09","N","N","0","","2","0","0","0","0","N","0337","2","2","0","0","0","0","0","1","0","2","N","","","","","","","","","","","","10","  ","","",""
"0646","1","0","0","0","0","0","0","0","0","7","0","","36","02","2019","2019018805","2","40.1877","-76.5848","0640","08","0","0","0","0","0","0","0","0","","0","0","0","03","2","0","00","0","40 11:15.542","","00","76 35:05.118","0","0","0","0","36225","0","0","0","N","0","0","0","1","36505","0","","5","07","N","N","0","","0","0","0","0","0","","0300","0","1","0","0","0","0","0","2","0","1","N","","","","","","","","","","","","10","  ","","",""
"0936","1","0","0","0","0","0","0","0","0","6","0","","36","02","2019","2019018851","3","40.2788","-76.2033","0927","08","0","0","0","0","0","0","0","0","2","0","0","0","09","1","0","00","1","40 16:43.766","2","00","76 12:11.711","0","0","0","0","36236","0","0","0","N","0","0","0","4","36408","0","","1","06","N","N","0","","0","0","1","0","0","N","0925","0","2","0","0","0","0","0","1","0","2","N","","","","","","","","","","","","09","  ","","",""
"1350","1","0","0","0","0","0","0","0","0","7","0","","36","02","2019","2019018998","6","40.1957","-76.1464","1344","08","0","0","0","0","0","1","0","0","","0","0","0","13","1","0","00","0","40 11:44.400","","00","76 08:47.000","0","0","0","0","36210","0","0","0","N","0","0","0","1","36210","0","","4","01","N","N","0","","0","0","0","0","0","","1344","0","1","0","0","0","0","0","1","0","1","N","","","","","","","","","","","","03","  ","","",""
"1749","1","0","0","0","0","0","0","0","0","1","0","","36","02","2019","2019019095","4","40.0925","-76.2627","1730","08","0","0","0","0","0","1","0","0","","0","0","0","17","2","0","00","0","40 05:33.116","","00","76 15:45.822","0","0","0","0","36101","0","0","0","N","0","0","0","2","36101","0","","1","01","N","N","0","","0","0","1","0","0","","1728","0","2","0","0","0","0","0","3","0","2","N","","","","","","","","","","","","03","  ","","",""
"1818","2","0","0","0","0","0","0","0","0","1","0","","36","02","2019","2019019096","4","40.0245","-76.3308","1812","08","0","0","0","0","0","0","0","1","2","0","0","0","18","3","1","00","2","40 01:28.273","6","00","76 19:50.988","4","0","0","0","36220","0","0","0","N","0","0","0","3","36101","1","","1","01","N","N","0","","0","0","1","0","0","N","1810","1","3","0","0","0","0","0","3","0","3","N","","","","","","","","","","","","03","  ","","",""
"1824","0","0","0","0","0","0","0","0","0","4","0","","36","02","2019","2019019097","4","40.0686","-76.3085","1814","08","0","0","0","0","0","0","0","1","2","0","0","0","18","3","0","00","2","40 04:07.003","3","00","76 18:30.540","0","0","0","0","36101","0","0","0","N","0","0","0","2","36101","0","","1","01","N","N","0","","0","0","2","0","0","N","1810","0","2","0","0","0","0","0","3","0","2","N","","","","","","","","","","","","03","  ","","",""
"0923","1","0","0","0","0","0","0","0","0","1","0","","36","02","2019","2019019098","6","40.0586","-76.2798","0915","08","0","0","0","0","0","0","0","0","1","0","0","0","09","1","0","00","1","40 03:30.902","4","00","76 16:47.129","0","0","0","0","36101","0","0","0","N","0","0","0","3","36101","0","","1","01","N","N","0","","0","0","2","0","0","N","0906","0","3","0","0","0","0","0","3","0","3","N","","","","","","","","","","","","03","  ","","",""
"1137","3","0","0","0","0","0","0","0","0","1","0","","36","02","2019","2019019223","6","40.0475","-76.3629","1134","08","0","0","1","0","0","1","1","0","","0","0","0","11","1","0","01","0","40 02:50.996","","00","76 21:46.341","0","0","0","0","36214","0","0","0","N","0","0","0","3","36214","0","","1","01","N","N","0","","0","0","0","3","2","","1134","0","3","0","0","0","0","0","3","0","3","N","","","","","","","","","","","","03","  ","","",""
"0651","1","0","0","0","0","0","0","0","0","8","0","","36","02","2019","2019019230","2","40.1243","-76.3052","0644","08","0","0","0","0","0","0","0","0","","0","0","0","06","1","1","00","0","40 07:27.377","","00","76 18:18.807","3","0","0","0","36101","1","0","0","N","1","0","0","2","36101","0","","2","07","N","N","0","","1","0","0","0","0","","0639","1","2","0","0","0","0","0","3","0","1","N","","","","","","","","","","","","10","  ","","",""
"1311","1","0","0","0","0","0","0","0","0","4","0","","36","01","2019","2019019231","3","40.054","-76.2958","1308","08","0","0","0","0","0","0","0","0","","0","0","0","13","1","0","02","0","40 03:14.511","","00","76 17:44.966","0","0","0","0","36101","0","0","0","N","0","0","0","2","36101","0","","1","01","N","N","0","","0","0","1","3","3","","1306","0","2","0","0","0","0","0","3","0","2","N","","","","","","","","","","","","03","  ","","",""
"1035","1","0","0","0","0","0","0","0","0","7","0","","36","02","2019","2019019244","3","40.1789","-76.1365","1030","08","0","0","0","0","0","1","0","0","","0","0","0","10","1","0","00","0","40 10:44.206","","00","76 08:11.249","0","0","0","0","36218","0","0","0","Y","0","0","0","1","36408","0","","3","09","N","N","0","","0","0","0","0","0","","1020","0","1","0","0","0","0","0","1","0","1","N","","","","","","","","","","","","09","  ","","",""
"1430","1","0","0","0","0","0","0","0","0","4","0","","36","02","2019","2019019249","6","40.0311","-76.3184","1423","08","0","0","0","0","0","0","0","1","1","0","0","0","14","1","0","00","1","40 01:51.900","2","00","76 19:06.400","0","0","0","0","36301","0","0","0","N","0","0","0","2","36301","0","","1","01","N","N","0","","0","0","1","0","0","N","1401","0","2","0","0","0","0","0","3","0","2","N","","","","","","","","","","","","03","  ","","",""
"0600","0","0","0","0","0","0","0","0","0","7","0","","36","02","2019","2019019270","4","40.14","-76.3543","0552","08","0","0","0","0","0","0","0","0","","0","0","0","05","5","0","00","0","40 08:24.167","","00","76 21:15.637","0","0","0","0","36227","0","0","0","N","0","0","0","2","36506","0","","4","02","N","N","0","","0","0","1","0","0","","0552","0","1","0","0","1","0","0","1","0","1","N","","","","","","","","","","","","98","  ","","",""
"1544","1","0","0","0","0","0","0","0","0","4","0","","36","02","2019","2019019282","4","39.8893","-76.1646","1544","08","0","0","0","0","0","0","0","1","","0","0","0","15","1","1","00","0","39 53:21.400","","07","76 09:52.700","8","0","0","1","36416","0","0","0","N","0","0","0","2","36416","0","","1","09","N","N","0","","0","0","0","0","0","","1544","1","2","0","0","0","1","0","1","0","2","N","","","","","","","","","","","","07","  ","","",""
"1617","2","0","0","0","0","0","0","0","0","4","0","","36","02","2019","2019019323","5","39.9948","-76.2751","1615","08","0","1","0","0","0","1","0","0","2","0","0","0","16","1","0","02","2","39 59:41.125","5","00","76 16:30.183","0","0","0","0","36240","0","0","0","N","0","0","0","3","36240","0","","1","01","N","N","0","","0","0","0","3","3","Y","1612","0","2","0","0","0","0","0","1","0","2","N","","","","","","","","","","","","03","  ","","",""
"1850","0","0","0","0","0","0","0","0","0","1","0","","36","02","2019","2019019360","6","40.0791","-76.2806","1841","08","0","0","0","0","0","0","0","0","","0","0","0","18","2","1","00","0","40 04:44.756","","00","76 16:50.245","3","0","0","0","36101","0","0","0","N","0","0","0","4","36101","0","","1","01","N","N","1","","1","0","1","0","0","","1835","1","2","0","0","0","0","0","3","0","2","N","","","","","","","","","","","","03","  ","","",""
"0033","1","0","0","0","0","0","0","0","0","5","0","","36","02","2019","2019019365","6","40.0436","-76.3147","0032","08","0","0","1","0","0","0","0","0","2","0","0","0","00","3","0","00","2","40 02:36.969","2","00","76 18:52.901","0","0","0","0","36301","0","0","0","N","0","0","0","1","36301","0","","2","01","N","N","0","","0","0","1","3","3","N","0031","0","2","0","0","0","0","0","3","0","2","N","","","","","","","","","","","","03","  ","","",""