"ARRIVAL_TM","AUTOMOBILE_COUNT","BELTED_DEATH_COUNT","BELTED_SUSP_SERIOUS_INJ_COUNT","BICYCLE_COUNT","BICYCLE_DEATH_COUNT","BICYCLE_SUSP_SERIOUS_INJ_COUNT","BUS_COUNT","CHLDPAS_DEATH_COUNT","CHLDPAS_SUSP_SERIOUS_INJ_COUNT","COLLISION_TYPE","COMM_VEH_COUNT","CONS_ZONE_SPD_LIM","COUNTY","CRASH_MONTH","CRASH_YEAR","CRN","DAY_OF_WEEK","DEC_LAT","DEC_LONG","DISPATCH_TM","DISTRICT","DRIVER_COUNT_16YR","DRIVER_COUNT_17YR","DRIVER_COUNT_18YR","DRIVER_COUNT_19YR","DRIVER_COUNT_20YR","DRIVER_COUNT_50_64YR","DRIVER_COUNT_65_74YR","DRIVER_COUNT_75PLUS","EST_HRS_CLOSED","FATAL_COUNT","HEAVY_TRUCK_COUNT","HORSE_BUGGY_COUNT","HOUR_OF_DAY","ILLUMINATION","INJURY_COUNT","INTERSECT_TYPE","LANE_CLOSED","LATITUDE","LN_CLOSE_DIR","LOCATION_TYPE","LONGITUDE","MAX_SEVERITY_LEVEL","MCYCLE_DEATH_COUNT","MCYCLE_SUSP_SERIOUS_INJ_COUNT","MOTORCYCLE_COUNT","MUNICIPALITY","NONMOTR_COUNT","NONMOTR_DEATH_COUNT","NONMOTR_SUSP_SERIOUS_INJ_COUNT","NTFY_HIWY_MAINT","PED_COUNT","PED_DEATH_COUNT","PED_SUSP_SERIOUS_INJ_COUNT","PERSON_COUNT","POLICE_AGCY","POSSIBLE_INJ_COUNT","RDWY_SURF_TYPE_CD","RELATION_TO_ROAD","ROAD_CONDITION","SCH_BUS_IND","SCH_ZONE_IND","SMALL_TRUCK_COUNT","SPEC_JURIS_CD","SUSP_MINOR_INJ_COUNT","SUSP_SERIOUS_INJ_COUNT","SUV_COUNT","TCD_FUNC_CD","TCD_TYPE","TFC_DETOUR_IND","TIME_OF_DAY","TOT_INJ_COUNT","TOTAL_UNITS","UNB_DEATH_COUNT","UNB_SUSP_SERIOUS_INJ_COUNT","UNBELTED_OCC_COUNT","UNK_INJ_DEG_COUNT","UNK_INJ_PER_COUNT","URBAN_RURAL","VAN_COUNT","VEHICLE_COUNT","WORK_ZONE_IND","WORK_ZONE_LOC","WORK_ZONE_TYPE","WORKERS_PRES","WZ_CLOSE_DETOUR","WZ_FLAGGER","WZ_LAW_OFFCR_IND","WZ_LN_CLOSURE","WZ_MOVING","WZ_OTHER","WZ_SHLDER_MDN","ROADWAY_CLEARED","WEATHER1","WEATHER2","WZ_WORKERS_INJ_KILLED","SECONDARY_CRASH","INTERSECTION_RELATED"
"0154","0","0","0","0","0","0","0","0","0","7","0","","36","01","2019","2019019376","1","40.109","-76.6559","0144","08","0","0","0","0","0","0","0","0","1","0","0","0","01","2","0","00","2","40 06:32.387","5","00","76 39:21.248","0","0","0","0","36207","0","0","0","N","0","0","0","1","36504","0","","5","06","N","N","0","","0","0","1","0","0","Y","0140","0","1","0","0","0","0","0","1","0","1","N","","","","","","","","","","","","10","  ","","",""
"1741","2","0","0","0","0","0","0","0","0","1","0","","36","02","2019","2019019380","7","39.9876","-76.2766","1737","08","0","0","0","0","0","2","0","0","","0","0","0","17","4","1","01","0","39 59:15.198","","00","76 16:35.769","3","0","0","0","36240","0","0","0","N","0","0","0","2","36240","0","","1","01","N","N","0","","1","0","0","3","2","","1735","1","2","0","0","0","0","0","1","0","2","N","","","","","","","","","","","","03","  ","","",""
"1146","0","0","0","0","0","0","0","0","0","4","0","","36","02","2019","2019019461","6","40.0386","-76.3358","1139","08","0","0","0","0","0","1","0","0","2","0","0","0","11","1","1","01","1","40 02:18.842","6","00","76 20:08.849","3","0","0","0","36220","0","0","0","N","0","0","0","2","36101","0","","1","07","N","N","0","","1","0","2","3","2","N","1136","1","2","0","0","0","0","0","3","0","2","N","","","","","","","","","","","","10","  ","","",""
"1953","3","0","0","0","0","0","0","0","0","4","0","","36","02","2019","2019019462","3","40.0695","-76.3076","1949","08","0","0","1","0","0","0","0","0","2","0","0","0","19","3","0","01","1","40 04:10.226","2","00","76 18:28.241","0","0","0","0","36101","0","0","0","N","0","0","0","6","36101","0","","1","09","N","N","0","","0","0","0","3","2","N","1947","0","3","0","0","0","0","0","3","0","3","N","","","","","","","","","","","","07","  ","","",""
"1719","1","0","0","0","0","0","0","0","0","1","0","","36","02","2019","2019019463","6","40.061","-76.3568","1700","08","0","0","0","0","0","1","0","0","","0","0","0","16","1","0","00","0","40 03:39.766","","00","76 21:24.351","0","0","0","0","36214","0","0","0","N","0","0","0","2","36214","0","","1","01","N","N","0","","0","0","1","0","0","","1659","0","2","0","0","0","0","0","3","0","2","N","","","","","","","","","","","","03","  ","","",""
"1415","1","0","0","0","0","0","0","0","0","7","0","","36","02","2019","2019019485","7","40.0389","-76.4551","1412","08","0","0","0","0","0","1","0","0","2","0","0","0","14","1","0","00","1","40 02:19.986","3","00","76 27:18.351","0","0","0","0","36239","0","0","0","Y","0","0","0","3","36239","0","","4","01","N","N","0","","0","0","1","0","0","N","1412","0","2","0","0","0","0","0","3","0","2","N","","","","","","","","","","","","03","  ","","",""
"1610","2","0","0","0","0","0","0","0","0","4","0","","36","02","2019","2019019486","7","40.1432","-76.3063","1610","08","0","0","0","0","0","0","1","0","","0","0","0","16","1","0","01","0","40 08:35.664","","00","76 18:22.859","0","0","0","0","36409","0","0","0","N","0","0","0","2","36409","0","","1","01","N","N","0","","0","0","0","3","3","","1610","0","2","0","0","0","0","0","3","0","2","N","","","","","","","","","","","","03","  ","","",""
"1610","0","0","0","0","0","0","0","0","0","0","0","","36","02","2019","2019019491","6","40.032","-76.4726","1604","08","0","0","0","0","0","0","0","0","2","0","0","0","16","1","1","00","1","40 01:55.119","4","00","76 28:21.351","3","0","0","1","36239","0","0","0","N","0","0","0","1","36239","0","","5","01","N","N","0","","1","0","0","0","0","N","1604","1","1","0","0","0","0","0","3","0","1","N","","","","","","","","","","","","03","  ","","",""
"1501","2","0","1","0","0","0","0","0","0","7","0","","36","02","2019","2019019512","7","39.9924","-76.2859","1500","08","0","0","0","0","0","0","0","1","","0","0","0","14","1","1","10","0","39 59:32.484","","07","76 17:09.068","2","0","0","0","36240","0","0","0","N","0","0","0","2","36240","0","","4","01","N","N","0","","0","1","0","0","0","","1459","1","2","0","0","0","0","0","1","0","2","N","","","","","","","","","","","","03","  ","","",""
"0755","1","0","0","0","0","0","0","0","0","7","0","","36","02","2019","2019019532","2","40.1753","-76.5971","0737","08","0","0","0","0","0","0","0","0","","0","0","0","07","1","0","00","0","40 10:31.126","","00","76 35:49.593","0","0","0","0","36225","0","0","0","Y","0","0","0","1","36505","0","","5","07","N","N","0","","0","0","0","0","0","","0732","0","1","0","0","0","0","0","2","0","1","N","","","","","","","","","","","","10","  ","","",""
"0801","2","0","0","0","0","0","0","0","0","4","0","","36","02","2019","2019019544","3","40.1884","-76.583","0753","08","0","1","0","0","0","0","0","0","2","0","0","0","07","1","0","00","1","40 11:18.083","2","00","76 34:58.902","0","0","0","0","36225","0","0","0","N","0","0","0","3","36505","0","","5","07","N","N","0","","0","0","0","0","0","N","0748","0","2","0","0","0","0","0","2","0","2","N","","","","","","","","","","","","10","  ","","",""
"1606","1","0","0","0","0","0","0","0","0","1","0","","36","02","2019","2019019578","7","40.0374","-76.4075","1559","08","0","0","0","0","0","0","0","0","","0","0","0","15","1","0","00","0","40 02:14.626","","00","76 24:27.121","0","0","0","0","36214","0","0","0","N","0","0","0","9","36214","0","","1","01","N","N","0","","0","0","1","3","2","","1555","0","2","0","0","0","0","0","3","0","2","N","","","","","","","","","","","","03","  ","","",""
"2020","2","0","0","0","0","0","0","0","0","4","0","","36","02","2019","2019019641","6","40.1503","-76.3055","2017","08","0","0","0","0","0","0","0","0","1","0","0","0","20","3","0","01","1","40 09:01.249","4","00","76 18:19.677","0","0","0","0","36409","0","0","0","N","0","0","0","4","36409","0","","1","01","N","N","0","","0","0","0","2","3","Y","2014","0","2","0","0","1","0","0","3","0","2","N","","","","","","","","","","","","03","  ","","",""
"2152","1","0","0","0","0","0","0","0","0","8","0","","36","01","2019","2019019684","7","40.0452","-76.3139","2152","08","0","0","0","0","0","1","0","0","","0","0","0","21","3","1","01","0","40 02:42.759","","00","76 18:50.122","8","0","0","0","36301","1","0","0","N","1","0","0","2","36301","0","","1","09","N","N","0","","0","0","0","3","3","","2130","1","2","0","0","0","1","0","3","0","1","N","","","","","","","","","","","","07","  ","","",""
"0450","2","0","0","0","0","0","0","0","0","4","0","","36","02","2019","2019019758","7","40.0395","-76.306","0448","08","0","0","0","0","0","0","0","0","2","0","0","0","04","3","1","01","2","40 02:22.325","1","00","76 18:21.503","3","0","0","0","36301","0","0","0","N","0","0","0","3","36301","0","","1","01","N","N","0","","1","0","0","3","2","Y","0447","1","2","0","0","0","0","0","3","0","2","N","","","","","","","","","","","","03","  ","","",""
"2010","2","0","0","0","0","0","0","0","0","4","0","","36","02","2019","2019019785","7","40.0691","-76.3569","2006","08","1","0","0","0","0","0","0","0","","0","0","0","20","3","1","01","0","40 04:08.816","","00","76 21:24.786","4","0","0","0","36214","0","0","0","N","0","0","0","6","36214","1","","1","01","N","N","0","","0","0","0","3","2","","2004","1","2","0","0","0","0","0","3","0","2","N","","","","","","","","","","","","03","  ","","",""
"1641","0","0","0","0","0","0","0","0","0","7","0","","36","02","2019","2019019794","5","40.0585","-76.463","1638","08","0","0","0","0","0","0","0","0","2","0","0","0","16","1","0","00","2","40 03:30.681","5","00","76 27:46.944","0","0","0","0","36239","0","0","0","N","0","0","0","1","36239","0","","5","01","N","N","1","","0","0","0","0","0","Y","1638","0","1","0","0","0","0","0","3","0","1","N","","","","","","","","","","","","03","  ","","",""
"1448","0","0","0","0","0","0","0","0","0","1","0","","36","02","2019","2019019809","5","40.0384","-76.287","1448","08","0","0","0","0","0","2","0","0","","0","0","0","14","1","0","01","0","40 02:18.085","","00","76 17:13.228","0","0","0","0","36301","0","0","0","N","0","0","0","2","36301","0","","1","01","N","N","1","","0","0","1","0","0","","1447","0","2","0","0","0","0","0","3","0","2","N","","","","","","","","","","","","03","  ","","",""
"1613","0","0","0","0","0","0","0","0","0","1","0","","36","02","2019","2019019834","4","40.1313","-76.2168","1608","08","0","0","0","0","0","0","0","0","","0","0","0","16","1","1","00","0","40 07:52.581","","00","76 13:00.347","3","0","0","0","36238","0","0","0","N","0","0","0","2","36238","0","","1","01","N","N","0","","1","0","2","3","2","","1605","1","2","0","0","0","0","0","3","0","2","N","","","","","","","","","","","","03","  ","","",""
"1331","2","0","0","0","0","0","0","0","0","4","0","","36","02","2019","2019020014","2","40.0505","-76.2934","1328","08","0","0","0","0","0","0","0","0","1","0","0","0","13","1","2","01","1","40 03:01.936","1","00","76 17:36.150","4","0","0","0","36301","0","0","0","N","0","0","0","2","36301","2","","1","01","N","N","0","","0","0","0","0","0","N","1316","2","2","0","0","0","0","0","3","0","2","N","","","","","","","","","","","","03","  ","","",""
"1830","2","0","0","0","0","0","0","0","0","4","0","","36","02","2019","2019020110","2","40.0296","-76.3231","1825","08","0","0","0","0","0","0","0","0","2","0","0","0","18","3","4","01","2","40 01:46.727","2","00","76 19:23.150","3","0","0","0","36301","0","0","0","N","0","0","0","5","36301","0","","1","01","N","N","0","","3","0","0","3","2","Y","1825","4","2","0","0","1","1","0","3","0","2","N","","","","","","","","","","","","03","  ","","",""
"0145","1","0","0","0","0","0","0","0","0","7","0","","36","02","2019","2019020237","3","40.1066","-76.5387","0136","08","0","0","0","0","0","0","0","0","","0","0","0","01","2","0","00","0","40 06:23.608","","00","76 32:19.493","0","0","0","0","36211","0","0","0","N","0","0","0","1","36504","0","","9","01","N","N","0","","0","0","0","0","0","","0136","0","1","0","0","0","0","0","1","0","1","N","","","","","","","","","","","","03","  ","","",""
"0739","0","0","0","0","0","0","0","0","0","7","0","","36","02","2019","2019020250","4","40.1426","-76.0949","0725","08","0","0","0","0","0","1","0","0","","0","0","0","07","1","0","00","0","40 08:33.500","","07","76 05:41.500","0","0","0","0","36209","0","0","0","N","0","0","0","1","36415","0","","5","02","N","N","1","","0","0","0","0","0","","0724","0","2","0","0","0","0","0","1","0","1","N","","","","","","","","","","","","09","  ","","",""
"2100","2","0","0","0","0","0","0","0","0","1","0","","36","02","2019","2019020251","5","40.0978","-76.103","2049","08","0","0","0","0","0","1","0","0","","0","0","0","20","3","0","00","0","40 05:52.077","","00","76 06:10.686","0","0","0","0","36209","0","0","0","N","0","0","0","2","36415","0","","1","01","N","N","0","","0","0","0","3","8","","2048","0","2","0","0","0","0","0","1","0","2","N","","","","","","","","","","","","03","  ","","",""
"1420","0","0","0","0","0","0","0","0","0","4","0","","36","02","2019","2019020268","2","40.1027","-76.4328","1411","08","0","0","0","0","0","0","1","0","2","0","0","0","14","1","0","01","1","40 06:09.698","5","00","76 25:58.025","0","0","0","0","36239","0","0","0","N","0","0","0","3","36239","0","","1","01","N","N","1","","0","0","1","3","3","Y","1410","0","2","0","0","0","0","0","3","0","2","N","","","","","","","","","","","","03","  ","","",""
"1457","1","0","0","0","0","0","0","0","0","4","0","","36","02","2019","2019020279","5","40.245","-76.0465","1453","08","0","0","0","0","0","0","0","1","1","0","0","0","14","1","0","01","1","40 14:41.925","2","00","76 02:47.244","0","0","0","0","36401","0","0","0","N","0","0","0","3","36408","0","","1","01","N","N","0","","0","0","1","3","3","N","1453","0","2","0","0","0","0","0","1","0","2","N","","","","","","","","","","","","03","  ","","",""
"1014","0","0","0","0","0","0","0","0","0","4","0","","36","02","2019","2019020318","3","40.0519","-76.4157","1005","08","0","0","0","0","0","1","0","0","","0","0","0","10","1","0","02","0","40 03:06.663","","00","76 24:56.436","0","0","0","0","36239","0","0","0","N","0","0","0","3","36239","0","","1","01","N","N","0","","0","0","1","3","3","","1003","0","2","0","0","0","0","0","3","1","2","N","","","","","","","","","","","","03","  ","","",""
"0938","2","0","0","0","0","0","0","0","0","4","0","","36","02","2019","2019020521","2","40.0638","-76.3405","0933","08","0","0","0","0","0","0","0","1","2","0","0","0","09","1","1","01","2","40 03:49.895","3","00","76 20:25.345","3","0","0","0","36101","0","0","0","N","0","0","0","5","36101","0","","1","09","N","N","0","","1","0","0","3","2","N","0931","1","2","0","0","0","0","0","3","0","2","N","","","","","","","","","","","","03","  ","","",""
"1806","1","0","1","0","0","0","0","0","0","4","0","","36","02","2019","2019020545","5","40.2371","-76.1352","1801","08","0","0","0","0","0","0","0","0","","0","0","0","18","3","2","01","0","40 14:13.452","","00","76 08:06.889","2","0","0","0","36405","0","0","0","N","0","0","0","3","36210","0","","1","01","N","N","0","","1","1","1","3","3","","1800","2","2","0","0","0","0","0","1","0","2","N","","","","","","","","","","","","03","  ","","",""
"1728","0","0","0","0","0","0","0","0","0","1","0","","36","02","2019","2019020551","3","39.9847","-76.3133","1722","08","0","0","0","0","0","0","1","0","2","0","0","0","17","1","0","02","1","39 59:04.794","5","00","76 18:47.799","0","0","0","0","36228","0","0","0","N","0","0","0","2","36503","0","","1","01","N","N","1","","0","0","1","0","0","N","1718","0","2","0","0","0","0","0","1","0","2","N","","","","","","","","","","","","03","  ","","",""
"0819","1","0","0","0","0","0","0","0","0","8","0","","36","02","2019","2019020552","5","40.1693","-76.1815","0817","08","0","0","0","0","0","0","1","0","","0","0","0","08","1","1","00","0","40 10:09.348","","00","76 10:53.534","3","0","0","0","36408","1","0","0","N","1","0","0","2","36408","0","","1","01","N","N","0","","1","0","0","0","0","","0810","1","2","0","0","0","0","0","2","0","1","N","","","","","","","","","","","","03","  ","","",""
"1210","0","0","0","0","0","0","0","0","0","4","0","","36","02","2019","2019020558","6","40.1777","-76.1819","1207","08","0","0","0","0","0","0","0","0","","0","0","0","12","1","1","01","0","40 10:39.600","","00","76 10:54.700","4","0","0","0","36408","0","0","0","N","0","0","0","3","36408","1","","1","01","N","N","0","","0","0","1","0","0","","1200","1","2","0","0","0","0","1","2","1","2","N","","","","","","","","","","","","03","  ","","",""
"1441","1","0","0","0","0","0","0","0","0","1","1","","36","02","2019","2019020567","4","40.1578","-76.1538","1426","08","0","0","0","0","0","1","0","0","3","0","1","0","14","1","1","00","1","40 09:28.222","2","00","76 09:13.635","8","0","0","0","36238","0","0","0","N","0","0","0","3","36238","0","","1","01","N","N","1","","0","0","0","3","7","N","1424","1","3","0","0","0","1","0","3","0","3","N","","","","","","","","","","","","03","  ","","",""
"0554","1","0","0","0","0","0","0","0","0","4","0","","36","02","2019","2019020572","5","40.1298","-76.2166","0550","08","0","0","0","0","0","1","0","0","2","0","0","0","05","3","0","01","1","40 07:47.738","4","02","76 12:59.285","0","0","0","0","36238","0","0","0","N","0","0","0","2","36238","0","","1","01","N","N","1","","0","0","0","3","2","N","0548","0","2","0","0","0","0","0","3","0","2","N","","","","","","","","","","","","03","  ","","",""
"1119","1","0","0","0","0","0","0","0","0","1","0","","36","02","2019","2019020667","7","40.0745","-76.3365","1116","08","0","0","0","0","0","0","0","0","2","0","0","0","11","1","3","00","1","40 04:28.256","2","02","76 20:11.489","4","0","0","0","36101","0","0","0","N","0","0","0","5","36101","3","","1","01","N","N","0","","0","0","1","3","4","N","1114","3","2","0","0","0","0","0","3","0","2","N","","","","","","","","","","","","03","  ","","",""
"0700","1","0","0","0","0","0","0","0","0","4","0","","36","02","2019","2019020668","4","40.0936","-76.3506","0656","08","0","0","0","0","0","1","0","0","1","0","0","0","06","1","1","01","1","40 05:36.817","1","00","76 21:02.132","3","0","0","0","36406","0","0","0","N","0","0","0","2","36101","0","","1","09","N","N","0","","1","0","1","3","2","N","0655","1","2","0","0","0","0","0","3","0","2","N","","","","","","","","","","","","03","  ","","",""
"0817","1","0","0","0","0","0","0","0","0","1","0","","36","02","2019","2019020669","5","40.0792","-76.2804","0810","08","0","0","0","0","0","0","0","0","1","0","0","0","08","1","0","00","1","40 04:45.199","2","00","76 16:49.540","0","0","0","0","36101","0","0","0","N","0","0","0","2","36101","0","","1","01","N","N","0","","0","0","1","0","0","N","0810","0","2","0","0","0","0","0","3","0","2","N","","","","","","","","","","","","03","  ","","",""
"2041","0","0","0","0","0","0","0","0","0","4","1","","36","02","2019","2019020670","2","40.1063","-76.3544","2035","08","0","0","0","0","0","0","0","0","2","0","1","0","20","3","1","01","1","40 06:22.809","7","00","76 21:16.002","3","0","0","0","36406","0","0","0","N","0","0","0","2","36101","0","","1","01","N","N","0","","1","0","0","3","2","Y","2034","1","2","0","0","0","0","0","3","1","2","N","","","","","","","","","","","","03","  ","","",""
"1846","1","0","0","0","0","0","0","0","0","2","0","","36","02","2019","2019020671","3","40.0606","-76.2768","1840","08","1","0","0","0","0","1","0","0","2","0","0","0","18","3","2","01","1","40 03:38.398","4","08","76 16:37.304","4","0","0","0","36101","0","0","0","N","0","0","0","4","36101","1","","1","01","N","N","0","","0","0","1","3","2","N","1838","2","2","0","0","0","1","0","3","0","2","N","","","","","","","","","","","","03","  ","","",""
"2245","1","0","0","0","0","0","0","0","0","7","0","","36","02","2019","2019020672","3","40.0586","-76.3336","2236","08","0","0","0","0","0","0","0","0","2","0","0","0","22","3","0","00","1","40 03:30.931","6","00","76 20:00.993","0","0","0","0","36101","0","0","0","N","0","0","0","1","36101","0","","4","01","N","N","0","","0","0","0","3","2","N","2230","0","1","0","0","0","0","0","3","0","1","N","","","","","","","","","","","","03","  ","","",""
"0633","0","0","0","0","0","0","0","0","0","1","0","","36","02","2019","2019020673","1","40.1031","-76.0877","0635","08","0","0","0","0","0","0","0","0","2","0","0","0","06","3","2","00","2","40 06:11.008","6","00","76 05:15.617","4","0","0","0","36415","1","0","0","N","0","0","0","4","36415","1","","6","01","N","N","1","","0","0","0","0","0","Y","0633","2","3","0","0","2","1","0","1","2","3","N","","","","","","","","","","","","03","  ","","",""
"0856","2","0","0","0","0","0","0","0","0","4","0","","36","02","2019","2019020674","2","40.1028","-76.0775","0855","08","0","0","0","0","0","1","1","0","1","0","0","0","08","1","2","01","2","40 06:09.921","7","00","76 04:39.151","4","0","0","0","36415","0","0","0","N","0","0","0","2","36415","1","","1","01","N","N","0","","0","0","0","3","3","Y","0853","2","2","0","0","0","1","0","1","0","2","N","","","","","","","","","","","","03","  ","","",""
"2156","1","0","0","0","0","0","0","0","0","7","0","","36","02","2019","2019020675","2","40.1165","-76.0718","2156","08","0","0","1","0","0","0","0","0","","0","0","0","21","2","0","02","0","40 06:59.486","","00","76 04:18.551","0","0","0","0","36209","0","0","0","N","0","0","0","1","36415","0","","5","01","N","N","0","","0","0","0","3","8","","2156","0","1","0","0","0","0","0","1","0","1","N","","","","","","","","","","","","03","  ","","",""
"0922","1","0","0","0","0","0","0","0","0","2","0","","36","02","2019","2019020713","4","40.0822","-76.3942","0921","08","0","0","0","0","0","1","1","0","2","0","0","0","09","1","0","00","2","40 04:55.833","6","00","76 23:39.098","9","0","0","0","36214","0","0","0","N","0","0","0","4","36214","0","","1","07","N","N","0","","0","0","2","0","0","Y","0921","0","3","0","0","0","0","2","3","0","3","N","","","","","","","","","","","","10","  ","","",""
"1043","0","0","0","0","0","0","0","0","0","7","0","","36","02","2019","2019020731","4","40.1972","-76.1436","1033","08","0","0","0","0","0","0","0","0","2","0","0","0","10","1","0","00","2","40 11:49.800","5","00","76 08:37.000","0","0","0","0","36210","0","0","0","N","0","0","0","1","36210","0","","4","07","N","N","0","","0","0","1","0","0","Y","1030","0","1","0","0","0","0","0","1","0","1","N","","","","","","","","","","","","10","  ","","",""
"1044","0","0","0","0","0","0","0","0","0","7","0","","36","02","2019","2019020748","4","40.2137","-76.1264","1041","08","0","0","0","0","1","0","0","0","","0","0","0","10","1","0","01","0","40 12:49.375","","00","76 07:35.093","0","0","0","0","36210","0","0","0","N","0","0","0","1","36210","0","","5","07","N","N","0","","0","0","1","3","2","","1040","0","1","0","0","0","0","0","1","0","1","N","","","","","","","","","","","","10","  ","","",""
"1640","1","0","0","0","0","0","0","0","0","7","0","","36","02","2019","2019020780","6","40.0411","-76.003","1559","08","0","0","0","0","0","0","0","0","","0","0","0","15","1","1","00","0","40 02:27.910","","00","76 00:10.840","3","0","0","0","36232","0","0","0","N","0","0","0","2","68J01","0","","5","07","N","N","0","","1","0","0","0","0","","1550","1","1","0","0","0","0","0","1","0","1","N","","","","","","","","","","","","03","  ","","",""
"1100","0","0","0","0","0","0","0","0","0","7","0","","36","02","2019","2019020880","4","40.2478","-76.1777","1049","08","0","0","0","0","0","0","0","0","3","0","0","0","10","1","0","00","2","40 14:52.059","5","00","76 10:39.570","0","0","0","0","36236","0","0","0","N","0","0","0","1","36408","0","","5","07","N","N","0","","0","0","0","0","0","Y","1046","0","1","0","0","0","0","0","1","0","1","N","","","","","","","","","","","","10","  ","","",""
"1212","1","0","0","0","0","0","0","0","0","7","0","","36","02","2019","2019020889","4","40.1186","-76.0475","1209","08","0","0","0","0","0","1","0","0","","0","0","0","11","1","0","00","0","40 07:06.960","","00","76 02:51.110","0","0","0","0","36213","0","0","0","N","0","0","0","1","36213","0","","2","07","N","N","0","","0","0","0","0","0","","1145","0","1","0","0","0","0","0","1","0","1","N","","","","","","","","","","","","10","  ","","",""
"1135","1","0","0","0","0","0","0","0","0","7","0","","36","02","2019","2019020915","4","40.1142","-76.0586","1126","08","0","0","0","0","0","0","0","0","","0","0","0","10","1","0","02","0","40 06:51.129","","00","76 03:31.028","0","0","0","0","36213","0","0","0","N","0","0","0","2","36213","0","","5","07","N","N","0","","0","0","0","0","0","","1055","0","1","0","0","0","0","0","1","0","1","N","","","","","","","","","","","","10","  ","","",""
"0922","1","0","0","0","0","0","0","0","0","4","0","","36","02","2019","2019020951","7","40.0574","-76.294","0913","08","0","0","0","0","0","0","1","1","2","0","0","0","09","1","0","01","1","40 03:26.470","1","00","76 17:38.338","0","0","0","0","36101","0","0","0","N","0","0","0","2","36101","0","","1","01","N","N","0","","0","0","1","3","3","N","0912","0","2","0","0","0","0","0","3","0","2","N","","","","","","","","","","","","03","  ","","",""
"1040","1","0","0","0","0","0","0","0","0","4","0","","36","02","2019","2019020952","4","40.0631","-76.314","1033","08","0","0","0","0","0","2","0","0","2","0","0","0","10","1","0","00","1","40 03:47.173","1","00","76 18:50.274","0","0","0","0","36101","0","0","0","N","0","0","0","2","36101","0","","1","07","N","N","0","","0","0","1","0","0","N","1027","0","2","0","0","0","0","0","3","0","2","N","","","","","","","","","","","","10","  ","","",""
"0710","2","0","0","0","0","0","0","0","0","4","0","","36","01","2019","2019020953","4","40.0499","-76.2435","0657","08","0","0","0","0","0","1","0","0","1","0","0","0","06","1","0","01","1","40 02:59.726","3","00","76 14:36.434","0","0","0","0","36215","0","0","0","N","0","0","0","2","36215","0","","1","07","N","N","0","","0","0","0","3","3","N","0657","0","2","0","0","0","0","0","1","0","2","N","","","","","","","","","","","","03","  ","","",""
"1509","0","0","0","0","0","0","0","0","0","5","2","","36","02","2019","2019020955","4","40.0563","-76.2701","1447","08","0","0","0","0","0","0","0","0","3","0","2","0","14","1","0","00","1","40 03:22.539","4","00","76 16:12.459","0","0","0","0","36215","0","0","0","N","0","0","0","2","36215","0","","1","01","N","N","0","","0","0","0","0","0","N","1440","0","2","0","0","0","0","0","1","0","2","N","","","","","","","","","","","","03","  ","","",""
"1821","0","0","0","0","0","0","0","0","0","8","0","","36","02","2019","2019020956","2","40.0589","-76.1706","1816","08","0","0","0","0","0","1","0","0","3","0","0","0","18","2","1","00","2","40 03:32.214","5","00","76 10:14.167","2","0","0","0","36234","1","0","1","N","1","0","1","2","36215","0","","1","09","N","N","1","","0","1","0","0","0","Y","1815","1","2","0","0","0","0","0","1","0","1","N","","","","","","","","","","","","10","  ","","",""
"0934","1","0","0","0","0","0","0","0","0","4","0","","36","02","2019","2019020957","4","40.0541","-76.2189","0928","08","0","1","0","0","0","0","0","1","","0","0","0","09","1","0","02","0","40 03:14.737","","00","76 13:08.083","0","0","0","0","36215","0","0","0","N","0","0","0","3","36215","0","","1","01","N","N","1","","0","0","0","3","3","","0923","0","2","0","0","0","0","0","1","0","2","N","","","","","","","","","","","","03","  ","","",""
"1802","0","0","0","0","0","0","0","0","0","4","0","","36","02","2019","2019020958","6","40.0841","-76.4616","1747","08","0","0","0","0","0","0","0","0","3","0","0","0","17","2","0","00","2","40 05:02.700","6","00","76 27:41.860","0","0","0","0","36230","0","0","0","N","0","0","0","3","36410","0","","1","02","N","N","1","","0","0","1","0","0","Y","1744","0","2","0","0","0","0","0","1","0","2","N","","","","","","","","","","","","10","  ","","",""
"1620","0","0","0","0","0","0","0","0","0","4","0","","36","02","2019","2019020959","4","40.1818","-76.4945","1613","08","0","0","0","0","0","0","0","0","1","0","0","0","16","1","0","01","1","40 10:54.338","7","00","76 29:40.023","0","0","0","0","36230","0","0","0","N","0","0","0","2","36410","0","","1","01","N","N","0","","0","0","1","3","3","N","1611","0","2","0","0","0","0","0","1","1","2","N","","","","","","","","","","","","03","  ","","",""
"0717","0","0","0","0","0","0","0","0","0","1","0","","36","02","2019","2019020960","5","40.1247","-76.4686","0704","08","0","0","0","0","0","0","0","0","","0","0","0","07","1","0","00","0","40 07:28.955","","03","76 28:07.108","0","0","0","0","36230","0","0","0","N","0","0","0","2","36410","0","","1","01","N","N","0","","0","0","1","0","0","","0701","0","2","0","0","0","0","0","1","1","2","N","","","","","","","","","","","","03","  ","","",""
"0759","1","0","0","0","0","0","0","0","0","1","0","","36","02","2019","2019020961","5","40.1709","-76.3999","0754","08","0","0","0","0","0","1","0","0","1","0","0","0","07","1","0","02","2","40 10:15.238","2","00","76 23:59.610","0","0","0","0","36230","0","0","0","N","0","0","0","3","36410","0","","1","01","N","N","0","","0","0","2","0","0","N","0752","0","3","0","0","0","0","0","1","0","3","N","","","","","","","","","","","","03","  ","","",""