"ARRIVAL_TM","AUTOMOBILE_COUNT","BELTED_DEATH_COUNT","BELTED_SUSP_SERIOUS_INJ_COUNT","BICYCLE_COUNT","BICYCLE_DEATH_COUNT","BICYCLE_SUSP_SERIOUS_INJ_COUNT","BUS_COUNT","CHLDPAS_DEATH_COUNT","CHLDPAS_SUSP_SERIOUS_INJ_COUNT","COLLISION_TYPE","COMM_VEH_COUNT","CONS_ZONE_SPD_LIM","COUNTY","CRASH_MONTH","CRASH_YEAR","CRN","DAY_OF_WEEK","DEC_LAT","DEC_LONG","DISPATCH_TM","DISTRICT","DRIVER_COUNT_16YR","DRIVER_COUNT_17YR","DRIVER_COUNT_18YR","DRIVER_COUNT_19YR","DRIVER_COUNT_20YR","DRIVER_COUNT_50_64YR","DRIVER_COUNT_65_74YR","DRIVER_COUNT_75PLUS","EST_HRS_CLOSED","FATAL_COUNT","HEAVY_TRUCK_COUNT","HORSE_BUGGY_COUNT","HOUR_OF_DAY","ILLUMINATION","INJURY_COUNT","INTERSECT_TYPE","LANE_CLOSED","LATITUDE","LN_CLOSE_DIR","LOCATION_TYPE","LONGITUDE","MAX_SEVERITY_LEVEL","MCYCLE_DEATH_COUNT","MCYCLE_SUSP_SERIOUS_INJ_COUNT","MOTORCYCLE_COUNT","MUNICIPALITY","NONMOTR_COUNT","NONMOTR_DEATH_COUNT","NONMOTR_SUSP_SERIOUS_INJ_COUNT","NTFY_HIWY_MAINT","PED_COUNT","PED_DEATH_COUNT","PED_SUSP_SERIOUS_INJ_COUNT","PERSON_COUNT","POLICE_AGCY","POSSIBLE_INJ_COUNT","RDWY_SURF_TYPE_CD","RELATION_TO_ROAD","ROAD_CONDITION","SCH_BUS_IND","SCH_ZONE_IND","SMALL_TRUCK_COUNT","SPEC_JURIS_CD","SUSP_MINOR_INJ_COUNT","SUSP_SERIOUS_INJ_COUNT","SUV_COUNT","TCD_FUNC_CD","TCD_TYPE","TFC_DETOUR_IND","TIME_OF_DAY","TOT_INJ_COUNT","TOTAL_UNITS","UNB_DEATH_COUNT","UNB_SUSP_SERIOUS_INJ_COUNT","UNBELTED_OCC_COUNT","UNK_INJ_DEG_COUNT","UNK_INJ_PER_COUNT","URBAN_RURAL","VAN_COUNT","VEHICLE_COUNT","WORK_ZONE_IND","WORK_ZONE_LOC","WORK_ZONE_TYPE","WORKERS_PRES","WZ_CLOSE_DETOUR","WZ_FLAGGER","WZ_LAW_OFFCR_IND","WZ_LN_CLOSURE","WZ_MOVING","WZ_OTHER","WZ_SHLDER_MDN","ROADWAY_CLEARED","WEATHER1","WEATHER2","WZ_WORKERS_INJ_KILLED","SECONDARY_CRASH","INTERSECTION_RELATED"
"0820","0","0","0","0","0","0","0","0","0","4","0","","36","02","2019","2019020962","5","40.1133","-76.4512","0811","08","0","0","0","0","0","1","0","0","2","0","0","0","08","1","0","01","2","40 06:47.876","2","00","76 27:04.154","9","0","0","0","36230","0","0","0","N","0","0","0","3","36410","0","","1","01","N","N","0","","0","0","1","3","2","N","0809","0","2","0","0","0","0","1","1","1","2","N","","","","","","","","","","","","03","  ","","",""
"1843","2","0","0","0","0","0","0","0","0","1","0","","36","02","2019","2019020964","7","40.1232","-76.4662","1843","08","0","0","0","0","0","0","0","0","1","0","0","0","18","2","1","00","1","40 07:23.489","4","00","76 27:58.433","4","0","0","0","36230","0","0","0","N","0","0","0","5","36410","1","","1","01","N","N","0","","0","0","0","0","0","N","1843","1","2","0","0","0","0","0","1","0","2","N","","","","","","","","","","","","03","  ","","",""
"1015","0","0","0","0","0","0","0","0","0","7","0","","36","02","2019","2019020993","4","40.1282","-76.3049","0955","08","0","0","0","0","0","0","0","0","","0","0","0","09","1","0","00","0","40 07:41.417","","00","76 18:17.766","0","0","0","0","36235","0","0","0","N","0","0","0","1","36506","0","","2","07","N","N","0","","0","0","1","0","0","","0955","0","1","0","0","0","0","0","1","0","1","N","","","","","","","","","","","","10","  ","","",""
"1733","2","0","0","0","0","0","0","0","0","5","0","","36","02","2019","2019021014","7","40.0044","-76.3589","1730","08","0","0","0","0","0","0","0","1","","0","0","0","17","1","0","00","0","40 00:15.830","","00","76 21:31.973","0","0","0","0","36412","0","0","0","N","0","0","0","1","36412","0","","4","01","N","N","0","","0","0","0","0","0","","1730","0","2","0","0","0","0","0","3","0","2","N","","","","","","","","","","","","98","  ","","",""
"1323","1","0","0","0","0","0","0","0","0","4","0","","36","02","2019","2019021137","4","40.1919","-76.1764","1314","08","0","0","0","0","0","1","0","0","1","0","0","0","13","1","1","01","1","40 11:30.968","3","00","76 10:34.993","8","0","0","0","36408","0","0","0","N","0","0","0","2","36408","0","","1","07","N","N","0","","0","0","1","3","2","N","1314","1","2","0","0","0","1","0","2","0","2","N","","","","","","","","","","","","10","  ","","",""
"2025","2","0","0","0","0","0","0","0","0","4","0","","36","02","2019","2019021138","1","40.0679","-76.3034","2022","08","0","0","1","0","0","1","0","0","2","0","0","0","20","3","4","01","1","40 04:04.574","1","00","76 18:12.893","3","0","0","0","36101","0","0","0","N","0","0","0","4","36101","0","","1","09","N","N","0","","4","0","0","3","2","N","2012","4","2","0","0","0","0","0","3","0","2","N","","","","","","","","","","","","07","  ","","",""
"2043","1","0","0","0","0","0","0","0","0","7","0","","36","02","2019","2019021139","4","40.0706","-76.3178","2036","08","0","0","0","1","0","0","0","0","2","0","0","0","20","3","0","00","1","40 04:13.998","4","00","76 19:04.120","0","0","0","0","36101","0","0","0","N","0","0","0","2","36101","0","","2","02","N","N","0","","0","0","0","0","0","N","2036","0","1","0","0","0","0","0","3","0","1","N","","","","","","","","","","","","98","  ","","",""
"1229","0","0","0","0","0","0","0","0","0","4","0","","36","02","2019","2019021168","4","40.0162","-76.2809","1220","08","0","0","0","0","0","0","0","0","2","0","1","0","12","1","0","02","1","40 00:58.165","6","00","76 16:51.088","0","0","0","0","36240","0","0","0","N","0","0","0","2","36240","0","","1","07","N","N","0","","0","0","1","3","3","Y","1219","0","2","0","0","0","0","0","1","0","2","N","","","","","","","","","","","","10","  ","","",""
"0700","1","0","0","0","0","0","0","0","0","7","0","","36","02","2019","2019021170","5","40.0897","-76.0119","0655","08","0","0","0","0","0","0","0","0","","0","0","0","06","5","1","00","0","40 05:22.839","","00","76 00:42.860","3","0","0","0","36213","0","0","0","N","0","0","0","1","36213","0","","5","02","N","N","0","","1","0","0","0","0","","0645","1","1","0","0","0","0","0","1","0","1","N","","","","","","","","","","","","03","  ","","",""
"1305","0","0","0","0","0","0","0","0","0","7","0","","36","02","2019","2019021173","4","40.0433","-76.4102","1253","08","0","0","0","0","0","0","0","1","2","0","0","0","12","1","1","00","1","40 02:35.700","2","00","76 24:36.600","3","0","0","0","36239","0","0","0","N","0","0","0","2","36239","0","","5","07","N","N","0","","1","0","1","0","0","N","1253","1","1","0","0","0","0","0","3","0","1","N","","","","","","","","","","","","10","  ","","",""
"0758","0","0","0","0","0","0","0","0","0","4","0","","36","02","2019","2019021185","5","40.1843","-76.6009","0751","08","0","0","0","0","0","1","0","0","2","0","0","0","07","1","1","01","2","40 11:03.638","7","00","76 36:03.236","3","0","0","0","36225","0","0","0","N","0","0","0","2","36505","0","","1","06","N","N","1","","1","0","1","3","3","Y","0751","1","2","0","0","0","0","0","2","0","2","N","","","","","","","","","","","","03","  ","","",""
"0920","0","0","0","0","0","0","0","0","0","7","0","","36","02","2019","2019021222","4","40.0501","-76.4783","0906","08","0","0","0","0","0","0","0","0","2","0","0","0","09","1","0","00","1","40 03:00.500","3","00","76 28:42.000","0","0","0","0","36239","0","0","0","N","0","0","0","1","36239","0","","2","07","N","N","0","","0","0","1","0","0","N","0906","0","1","0","0","0","0","0","3","0","1","N","","","","","","","","","","","","10","  ","","",""
"1705","1","0","0","0","0","0","0","0","0","1","0","","36","01","2019","2019021244","3","40.027","-75.9536","1656","08","0","0","0","0","0","1","0","0","1","0","0","0","16","1","1","00","1","40 01:37.295","4","00","75 57:12.876","3","0","0","0","36232","0","0","0","N","0","0","0","2","68J01","0","","1","07","N","N","1","","1","0","0","0","0","N","1656","1","2","0","0","0","0","0","1","0","2","N","","","","","","","","","","","","10","  ","","",""
"0143","0","0","0","0","0","0","0","0","0","7","0","","36","02","2019","2019021246","7","39.7676","-76.0679","0125","08","0","0","0","0","0","0","0","0","2","0","0","0","01","2","0","00","1","39 46:03.537","2","00","76 04:04.335","0","0","0","0","36222","0","0","0","N","0","0","0","1","68J01","0","","2","02","N","N","1","","0","0","0","0","0","N","0117","0","1","0","0","0","0","0","1","0","1","N","","","","","","","","","","","","03","  ","","",""
"1534","0","0","0","0","0","0","0","0","0","7","0","","36","02","2019","2019021324","4","40.0525","-76.3795","1525","08","0","0","0","0","0","0","0","0","","0","0","0","15","1","0","00","0","40 03:09.038","","00","76 22:46.097","0","0","0","0","36214","0","0","0","N","0","0","0","1","36214","0","","5","06","N","N","0","","0","0","1","0","0","","1520","0","1","0","0","0","0","0","3","0","1","N","","","","","","","","","","","","10","  ","","",""
"1121","2","0","0","0","0","0","0","0","0","1","0","","36","02","2019","2019021330","6","40.0595","-76.3204","1118","08","0","0","0","0","0","0","0","0","","0","0","0","11","1","2","00","0","40 03:34.173","","00","76 19:13.338","3","0","0","0","36301","0","0","0","N","0","0","0","2","36301","0","","1","01","N","N","0","","2","0","0","0","0","","1115","2","2","0","0","0","0","0","3","0","2","N","","","","","","","","","","","","03","  ","","",""
"1833","1","0","0","0","0","0","0","0","0","4","0","","36","02","2019","2019021380","3","40.0575","-76.3983","1820","08","0","0","0","0","0","1","0","1","","0","0","0","18","3","0","01","0","40 03:26.963","","00","76 23:53.840","0","0","0","0","36214","0","0","0","N","0","0","0","2","36214","0","","1","01","N","N","0","","0","0","1","3","2","","1819","0","2","0","0","0","0","0","3","0","2","N","","","","","","","","","","","","03","  ","","",""
"1239","1","0","0","0","0","0","0","0","0","4","0","","36","02","2019","2019021381","3","40.0306","-76.2343","1235","08","0","0","0","0","0","0","1","0","2","0","0","0","12","1","0","05","1","40 01:50.868","4","00","76 14:03.471","0","0","0","0","36215","0","0","0","N","0","0","0","3","36215","0","","1","09","N","N","0","","0","0","1","3","2","N","1234","0","2","0","0","0","0","0","1","0","2","N","","","","","","","","","","","","07","  ","","",""
"1045","1","0","0","0","0","0","0","0","0","7","0","","36","02","2019","2019021382","4","40.036","-76.2566","1045","08","0","0","0","0","0","0","0","0","","0","0","0","10","1","0","00","0","40 02:09.525","","00","76 15:23.936","0","0","0","0","36215","0","0","0","N","0","0","0","1","36215","0","","4","07","N","N","0","","0","0","0","0","0","","1042","0","1","0","0","0","0","0","1","0","1","N","","","","","","","","","","","","10","  ","","",""
"1248","0","0","0","0","0","0","0","0","0","5","1","","36","02","2019","2019021446","3","40.241","-76.298","1232","08","0","0","0","0","0","1","0","0","2","0","1","0","12","1","1","00","2","40 14:27.652","5","00","76 17:52.671","3","0","0","0","36217","0","0","0","N","0","0","0","5","68J01","0","","1","01","N","N","2","","1","0","0","0","0","N","1222","1","3","0","0","0","0","0","1","0","3","N","","","","","","","","","","","","03","  ","","",""
"0807","0","0","0","0","0","0","0","0","0","4","0","","36","02","2019","2019021453","2","39.8876","-76.2429","0801","08","0","0","0","0","0","0","0","0","","0","1","0","07","1","0","00","0","39 53:15.422","","00","76 14:34.302","0","0","0","0","36229","0","0","0","N","0","0","0","2","68J01","0","","1","07","N","N","0","","0","0","1","0","0","","0758","0","2","0","0","0","0","0","1","0","2","N","","","","","","","","","","","","10","  ","","",""
"0648","1","0","0","0","0","0","0","0","0","4","0","","36","02","2019","2019021457","4","40.0362","-76.0279","0630","08","0","0","0","0","0","1","0","0","2","0","0","0","06","2","1","00","1","40 02:10.291","4","03","76 01:40.507","8","0","0","0","36232","0","0","0","Y","0","0","0","2","68J01","0","","1","02","N","N","1","","0","0","0","0","0","N","0629","1","2","0","0","0","1","0","1","0","2","N","","","","","","","","","","","","03","  ","","",""
"1451","1","0","0","0","0","0","0","0","0","4","0","","36","02","2019","2019021467","7","40.0381","-76.1066","1448","08","0","0","0","0","0","0","0","0","1","0","0","0","14","1","1","01","1","40 02:16.922","5","00","76 06:22.950","3","0","0","1","36221","0","0","0","N","0","0","0","3","68J01","0","","1","01","N","N","0","","1","0","0","3","3","N","1439","1","2","0","0","0","0","0","1","0","2","N","","","","","","","","","","","","03","  ","","",""
"1532","0","0","0","0","0","0","0","0","0","7","0","","36","02","2019","2019021468","7","39.9906","-76.1971","1526","08","0","0","0","0","0","1","0","0","1","0","0","0","15","1","0","00","2","39 59:26.140","7","00","76 11:49.390","0","0","0","0","36233","0","0","0","N","0","0","0","1","68J01","0","","4","01","N","N","1","","0","0","0","0","0","N","1522","0","1","0","0","0","0","0","1","0","1","N","","","","","","","","","","","","03","  ","","",""
"1053","0","0","0","0","0","0","0","0","0","7","0","","36","02","2019","2019021480","4","40.0657","-76.0181","1038","08","0","0","0","0","0","1","0","0","","0","0","0","10","1","0","00","0","40 03:56.483","","00","76 01:05.166","0","0","0","0","36232","0","0","0","N","0","0","0","1","68J01","0","","2","07","N","N","1","","0","0","0","0","0","","1033","0","1","0","0","0","0","0","1","0","1","N","","","","","","","","","","","","10","  ","","",""
"2349","0","0","0","0","0","0","0","0","0","0","0","","36","01","2019","2019021513","7","40.2465","-76.302","2327","08","0","0","0","0","0","0","0","0","2","0","0","0","23","2","0","00","2","40 14:47.574","5","00","76 18:07.241","0","0","0","0","36217","0","0","0","N","0","0","0","1","68J01","0","","1","09","N","N","1","","0","0","0","0","0","Y","2320","0","1","0","0","0","0","0","1","0","1","N","","","","","","","","","","","","07","  ","","",""
"2047","1","0","0","0","0","0","0","0","0","4","0","","36","02","2019","2019021516","4","40.0427","-76.3066","2042","08","0","0","0","0","0","1","0","0","","0","0","0","20","3","2","01","0","40 02:33.734","","00","76 18:23.723","3","0","0","0","36301","0","0","0","N","0","0","0","4","36301","0","","1","02","N","N","0","","2","0","1","3","2","","2040","2","2","0","0","0","0","0","3","0","2","N","","","","","","","","","","","","07","  ","","",""
"1714","0","0","0","0","0","0","0","0","0","7","0","","36","02","2019","2019021531","4","40.0773","-76.3771","1707","08","0","0","0","0","0","0","0","0","2","0","0","0","17","1","0","00","1","40 04:38.449","3","00","76 22:37.560","0","0","0","0","36214","0","0","0","N","0","0","0","1","36214","0","","5","02","N","N","0","","0","0","1","0","0","N","1705","0","1","0","0","0","0","0","3","0","1","N","","","","","","","","","","","","09","  ","","",""
"1839","2","0","0","0","0","0","0","0","0","1","0","","36","02","2019","2019021532","5","40.1101","-76.4137","1835","08","0","2","0","0","0","0","0","0","","0","0","0","18","2","0","02","0","40 06:36.468","","00","76 24:49.467","0","0","0","0","36214","0","0","0","N","0","0","0","2","36214","0","","1","01","N","N","0","","0","0","0","0","0","","1833","0","2","0","0","0","0","0","3","0","2","N","","","","","","","","","","","","03","  ","","",""
"0818","0","0","0","0","0","0","0","0","0","1","0","","36","02","2019","2019021556","6","40.0521","-76.261","0812","08","0","0","0","0","0","0","0","0","2","0","0","0","08","1","0","00","2","40 03:07.645","3","00","76 15:39.478","0","0","0","0","36301","0","0","0","N","0","0","0","3","36301","0","","1","01","N","N","0","","0","0","2","0","0","N","0809","0","2","0","0","0","0","0","3","0","2","N","","","","","","","","","","","","03","  ","","",""
"0842","4","0","0","0","0","0","0","0","0","1","0","","36","02","2019","2019021588","6","40.0296","-76.3231","0833","08","0","0","0","1","0","0","0","0","1","0","0","0","08","1","1","01","1","40 01:46.727","3","00","76 19:23.150","8","0","0","0","36301","0","0","0","N","0","0","0","4","36301","0","","1","01","N","N","0","","0","0","0","3","2","N","0832","1","4","0","0","0","1","0","3","0","4","N","","","","","","","","","","","","03","  ","","",""
"1502","1","0","0","0","0","0","0","0","0","7","0","","36","02","2019","2019021605","3","40.0347","-76.4061","1455","08","0","0","0","0","0","0","0","0","","0","0","0","14","1","0","00","0","40 02:05.021","","00","76 24:21.839","0","0","0","0","36239","0","0","0","N","0","0","0","1","36239","0","","4","01","N","N","0","","0","0","0","0","0","","1453","0","2","0","0","0","0","0","3","0","1","N","","","","","","","","","","","","03","  ","","",""
"1303","1","0","0","0","0","0","0","0","0","7","0","","36","02","2019","2019021632","6","40.2163","-76.2713","1257","08","0","0","0","0","0","0","0","0","","0","0","0","12","1","1","00","0","40 12:58.736","","00","76 16:16.656","3","0","0","0","36217","0","0","0","N","0","0","0","1","68J01","0","","4","07","N","N","0","","1","0","0","0","0","","1255","1","1","0","0","0","0","0","1","0","1","N","","","","","","","","","","","","10","  ","","",""
"1321","1","0","0","0","0","0","0","0","0","7","0","","36","02","2019","2019021633","6","40.2195","-76.2583","1319","08","1","0","0","0","0","0","0","0","2","0","0","0","13","1","0","00","2","40 13:10.305","3","00","76 15:29.832","0","0","0","0","36217","0","0","0","N","0","0","0","1","68J01","0","","2","09","N","N","0","","0","0","0","0","0","N","1310","0","1","0","0","0","0","0","1","0","1","N","","","","","","","","","","","","10","  ","","",""
"0656","0","0","0","0","0","0","0","0","0","2","0","","36","02","2019","2019021647","2","39.9994","-76.1839","0644","08","0","0","0","0","0","0","0","0","3","0","0","0","06","5","0","00","1","39 59:57.836","1","00","76 11:02.211","0","0","0","0","36233","0","0","0","N","0","0","0","3","68J01","0","","2","07","N","N","1","","0","0","0","0","0","N","0641","0","2","0","0","1","0","0","1","1","2","N","","","","","","","","","","","","10","  ","","",""
"0829","1","0","0","0","0","0","0","0","0","4","0","","36","02","2019","2019021650","2","40.237","-76.0448","0757","08","0","0","0","0","0","1","0","0","1","0","0","0","07","1","0","00","1","40 14:13.150","2","00","76 02:41.424","0","0","0","0","36202","0","0","0","N","0","0","0","2","68J01","0","","1","06","N","N","0","","0","0","1","0","0","N","0753","0","2","0","0","0","0","0","1","0","2","N","","","","","","","","","","","","10","  ","","",""
"1153","0","0","0","0","0","0","0","0","0","7","0","","36","02","2019","2019021651","2","40.1892","-76.066","1135","08","0","0","0","0","0","1","0","0","","0","0","0","11","1","0","00","0","40 11:21.000","","00","76 03:57.700","0","0","0","0","36202","0","0","0","N","0","0","0","1","68J01","0","","4","07","N","N","0","","0","0","1","0","0","","1134","0","1","0","0","0","0","0","1","0","1","N","","","","","","","","","","","","10","  ","","",""
"1951","0","0","0","0","0","0","0","0","0","7","0","","36","02","2019","2019021658","3","40.039","-76.0588","1941","08","0","0","0","1","0","0","0","0","","0","0","0","19","2","0","00","0","40 02:20.380","","00","76 03:31.742","0","0","0","0","36221","0","0","0","N","0","0","0","1","68J01","0","","4","09","N","N","1","","0","0","0","0","0","","1936","0","1","0","0","0","0","0","1","0","1","N","","","","","","","","","","","","07","  ","","",""
"0607","1","0","0","0","0","0","0","0","0","4","1","","36","02","2019","2019021661","5","40.0392","-76.0644","0555","08","0","0","0","0","0","1","0","0","3","0","1","0","05","2","2","01","2","40 02:21.008","7","00","76 03:51.801","3","0","0","0","36221","0","0","0","N","0","0","0","4","68J01","0","","1","01","N","N","0","","2","0","1","3","3","Y","0552","2","3","0","0","0","0","0","1","0","3","N","","","","","","","","","","","","03","  ","","",""
"1456","2","0","0","0","0","0","0","0","0","4","0","","36","02","2019","2019021686","5","39.985","-75.9885","1442","08","0","0","0","0","0","0","0","1","1","0","0","0","14","1","0","02","1","39 59:06.097","1","00","75 59:18.762","0","0","0","0","36231","0","0","0","N","0","0","0","3","68J01","0","","1","01","N","N","0","","0","0","0","3","3","N","1433","0","2","0","0","0","0","0","1","0","2","N","","","","","","","","","","","","03","  ","","",""
"0747","2","0","0","0","0","0","0","0","0","4","0","","36","02","2019","2019021740","5","40.0609","-76.3035","0744","08","0","0","1","0","0","0","0","0","","0","0","0","07","1","0","01","0","40 03:39.157","","00","76 18:12.700","0","0","0","0","36101","0","0","0","N","0","0","0","2","36101","0","","1","09","N","N","0","","0","0","0","3","3","","0742","0","2","0","0","0","0","0","3","0","2","N","","","","","","","","","","","","03","  ","","",""
"0035","0","0","0","0","0","0","0","0","0","7","0","","36","02","2019","2019021741","1","40.1027","-76.3314","0031","08","0","0","0","1","0","0","0","0","","0","0","0","00","6","0","00","0","40 06:09.828","","00","76 19:52.909","9","0","0","0","36101","0","0","0","N","0","0","0","2","36101","0","","5","01","N","N","0","","0","0","1","0","0","","0027","0","2","0","0","2","0","1","3","0","1","N","","","","","","","","","","","","03","  ","","",""
"1546","1","0","0","0","0","0","0","0","0","4","0","","36","02","2019","2019021742","2","40.0756","-76.3233","1543","08","0","0","0","0","1","0","0","1","2","0","0","0","15","1","0","02","2","40 04:32.225","1","00","76 19:23.748","0","0","0","0","36101","0","0","0","N","0","0","0","2","36101","0","","1","01","N","N","1","","0","0","0","0","0","N","1540","0","2","0","0","0","0","0","3","0","2","N","","","","","","","","","","","","03","  ","","",""
"1105","2","0","0","0","0","0","0","0","0","1","0","","36","02","2019","2019021743","4","40.0379","-76.2745","1041","08","0","0","0","0","0","0","1","0","2","0","0","0","10","1","1","02","1","40 02:16.860","3","00","76 16:28.467","8","0","0","0","36220","0","0","0","N","0","0","0","3","36101","0","","1","07","N","N","0","","0","0","0","3","2","N","1039","1","2","0","0","0","1","0","3","0","2","N","","","","","","","","","","","","10","  ","","",""
"1946","1","0","0","0","0","0","0","0","0","7","0","","36","02","2019","2019021744","5","40.0132","-76.3319","1926","08","0","0","0","0","1","0","0","0","","0","0","0","19","2","0","00","0","40 00:47.429","","00","76 19:54.795","0","0","0","0","36220","0","0","0","N","0","0","0","1","36101","0","","2","06","N","N","0","","0","0","0","0","0","","1923","0","1","0","0","0","0","0","3","0","1","N","","","","","","","","","","","","10","  ","","",""
"1140","1","0","0","0","0","0","0","0","0","1","0","","36","02","2019","2019021745","6","40.0927","-76.3885","1140","08","0","0","0","0","0","1","0","0","3","0","0","0","11","1","0","00","2","40 05:33.605","4","00","76 23:18.770","0","0","0","0","36214","0","0","0","N","0","0","0","2","36214","0","","1","02","N","N","1","","0","0","0","0","0","Y","1125","0","2","0","0","0","0","0","3","0","2","N","","","","","","","","","","","","10","  ","","",""
"0930","2","0","0","0","0","0","0","0","0","4","0","","36","02","2019","2019021746","4","40.051","-76.3534","0926","08","0","0","0","0","0","0","2","0","2","0","0","0","09","1","0","02","1","40 03:03.625","1","00","76 21:12.345","0","0","0","0","36214","0","0","0","N","0","0","0","2","36214","0","","1","07","N","N","0","","0","0","0","3","8","N","0925","0","2","0","0","0","0","0","3","0","2","N","","","","","","","","","","","","10","  ","","",""
"0127","0","0","0","0","0","0","0","0","0","7","0","","36","01","2019","2019021747","5","40.0864","-76.1991","0125","08","0","0","0","0","0","1","0","0","","0","0","0","01","3","0","00","0","40 05:11.159","","00","76 11:57.064","0","0","0","0","36234","0","0","0","N","0","0","0","1","36215","0","","5","01","N","N","0","","0","0","1","0","0","","0123","0","1","0","0","0","0","0","1","0","1","N","","","","","","","","","","","","03","  ","","",""
"0637","1","0","0","0","0","0","0","0","0","4","0","","36","02","2019","2019021778","2","40.1788","-76.6007","0629","08","0","0","0","0","0","2","0","0","1","0","0","0","06","5","1","01","1","40 10:43.752","2","02","76 36:02.408","4","0","0","0","36225","0","0","0","N","0","0","0","2","36505","1","","1","09","N","N","0","","0","0","1","3","2","N","0625","1","2","0","0","0","0","0","2","0","2","N","","","","","","","","","","","","03","  ","","",""
"2121","1","0","0","0","0","0","0","0","0","7","0","","36","02","2019","2019021782","5","40.0116","-76.2777","2116","08","0","0","0","0","0","0","0","0","2","0","0","0","21","2","2","00","1","40 00:41.800","5","00","76 16:39.700","3","0","0","0","36240","0","0","0","N","0","0","0","2","36240","1","","5","01","N","N","0","","1","0","0","0","0","N","2116","2","1","0","0","0","0","0","1","0","1","N","","","","","","","","","","","","03","  ","","",""
"1838","3","0","0","0","0","0","0","0","0","4","0","","36","02","2019","2019021787","6","40.1653","-76.6021","1835","08","0","0","0","0","0","0","0","0","3","0","0","0","18","3","0","00","2","40 09:55.217","6","00","76 36:07.584","0","0","0","0","36407","0","0","0","N","0","0","0","4","36407","0","","2","01","N","N","0","","0","0","0","0","0","Y","1832","0","3","0","0","0","0","0","2","0","3","N","","","","","","","","","","","","03","  ","","",""
"1834","2","0","0","0","0","0","0","0","0","1","0","","36","02","2019","2019021881","2","40.0245","-76.3309","1833","08","0","0","0","1","0","1","0","0","1","0","0","0","18","3","2","01","1","40 01:28.028","4","00","76 19:51.268","3","0","0","0","36220","0","0","0","N","0","0","0","4","36101","0","","1","01","N","N","0","","2","0","1","0","0","N","1812","2","3","0","0","0","0","0","3","0","3","N","","","","","","","","","","","","03","  ","","",""
"2306","2","0","0","0","0","0","0","0","0","1","0","","36","02","2019","2019021896","1","40.1173","-76.2315","2300","08","0","0","0","0","0","0","0","0","","0","0","0","22","2","0","00","0","40 07:02.243","","00","76 13:53.232","0","0","0","0","36238","0","0","0","N","0","0","0","2","36238","0","","1","07","N","N","0","","0","0","0","0","0","","2259","0","2","0","0","0","0","0","3","0","2","N","","","","","","","","","","","","10","  ","","",""
"1435","6","0","0","0","0","0","0","0","0","4","0","","36","02","2019","2019021913","5","40.041","-76.2916","1425","08","0","0","0","0","0","1","2","0","2","0","0","0","14","1","0","01","2","40 02:27.689","1","00","76 17:29.630","0","0","0","0","36301","0","0","0","N","0","0","0","11","36301","0","","1","01","N","N","0","","0","0","0","3","2","Y","1425","0","6","0","0","0","0","0","3","0","6","N","","","","","","","","","","","","03","  ","","",""
"2310","1","0","0","0","0","0","0","0","0","2","0","","36","02","2019","2019021937","1","40.1816","-76.1832","2300","08","0","0","0","0","0","0","0","0","1","0","0","0","22","3","0","00","1","40 10:53.730","4","00","76 10:59.654","0","0","0","0","36408","0","0","0","N","0","0","0","2","36408","0","","1","07","N","N","1","","0","0","0","0","0","N","2255","0","2","0","0","1","0","0","2","0","2","N","","","","","","","","","","","","10","  ","","",""
"1305","1","0","0","0","0","0","0","0","0","7","0","","36","02","2019","2019021974","7","40.2468","-76.1454","1259","08","0","0","0","0","0","0","0","0","1","0","0","0","12","1","0","00","1","40 14:48.304","1","00","76 08:43.385","0","0","0","0","36236","0","0","0","N","0","0","0","1","36408","0","","4","2","N","N","0","","0","0","0","0","0","Y","1255","0","2","0","0","0","0","0","1","0","1","N","","","","","","","","","","","","03","  ","","",""
"0758","1","0","0","0","0","0","0","0","0","0","0","","36","02","2019","2019021994","6","40.1233","-76.3753","0748","08","0","0","0","0","0","0","0","0","","0","0","0","07","1","0","01","0","40 07:23.702","","00","76 22:31.147","0","0","0","0","36214","0","0","0","N","0","0","0","2","36214","0","","1","01","N","N","0","","0","0","0","0","0","","0740","0","2","0","0","0","0","0","3","1","2","N","","","","","","","","","","","","03","  ","","",""
"1925","2","0","0","0","0","0","0","0","0","5","0","","36","02","2019","2019022050","1","40.1688","-76.5941","1919","08","0","0","0","0","0","1","0","0","2","0","0","0","19","3","0","00","1","40 10:07.859","3","00","76 35:38.772","0","0","0","0","36225","0","0","0","N","0","0","0","3","36505","0","","6","01","N","N","0","","0","0","0","0","0","N","1914","0","2","0","0","0","0","0","2","0","2","N","","","","","","","","","","","","03","  ","","",""
"2139","3","0","0","0","0","0","0","0","0","5","0","","36","02","2019","2019022114","2","40.03","-76.3003","2134","08","0","0","0","0","0","1","0","0","","0","0","0","19","3","0","00","0","40 01:48.000","","00","76 18:01.100","0","0","0","0","36301","0","0","0","N","0","0","0","1","36301","0","","2","01","N","N","0","","0","0","0","0","0","","1930","0","3","0","0","0","0","0","3","0","3","N","","","","","","","","","","","","03","  ","","",""
"1758","1","0","0","0","0","0","0","0","0","1","0","","36","02","2019","2019022123","6","40.0764","-76.3378","1745","08","0","0","0","0","0","1","0","0","","0","0","0","17","4","0","00","0","40 04:34.956","","00","76 20:16.007","0","0","0","0","36101","0","0","0","N","0","0","0","3","36101","0","","1","01","N","N","1","","0","0","0","0","0","","1740","0","2","0","0","0","0","0","3","0","2","N","","","","","","","","","","","","03","  ","","",""