"ARRIVAL_TM","AUTOMOBILE_COUNT","BELTED_DEATH_COUNT","BELTED_SUSP_SERIOUS_INJ_COUNT","BICYCLE_COUNT","BICYCLE_DEATH_COUNT","BICYCLE_SUSP_SERIOUS_INJ_COUNT","BUS_COUNT","CHLDPAS_DEATH_COUNT","CHLDPAS_SUSP_SERIOUS_INJ_COUNT","COLLISION_TYPE","COMM_VEH_COUNT","CONS_ZONE_SPD_LIM","COUNTY","CRASH_MONTH","CRASH_YEAR","CRN","DAY_OF_WEEK","DEC_LAT","DEC_LONG","DISPATCH_TM","DISTRICT","DRIVER_COUNT_16YR","DRIVER_COUNT_17YR","DRIVER_COUNT_18YR","DRIVER_COUNT_19YR","DRIVER_COUNT_20YR","DRIVER_COUNT_50_64YR","DRIVER_COUNT_65_74YR","DRIVER_COUNT_75PLUS","EST_HRS_CLOSED","FATAL_COUNT","HEAVY_TRUCK_COUNT","HORSE_BUGGY_COUNT","HOUR_OF_DAY","ILLUMINATION","INJURY_COUNT","INTERSECT_TYPE","LANE_CLOSED","LATITUDE","LN_CLOSE_DIR","LOCATION_TYPE","LONGITUDE","MAX_SEVERITY_LEVEL","MCYCLE_DEATH_COUNT","MCYCLE_SUSP_SERIOUS_INJ_COUNT","MOTORCYCLE_COUNT","MUNICIPALITY","NONMOTR_COUNT","NONMOTR_DEATH_COUNT","NONMOTR_SUSP_SERIOUS_INJ_COUNT","NTFY_HIWY_MAINT","PED_COUNT","PED_DEATH_COUNT","PED_SUSP_SERIOUS_INJ_COUNT","PERSON_COUNT","POLICE_AGCY","POSSIBLE_INJ_COUNT","RDWY_SURF_TYPE_CD","RELATION_TO_ROAD","ROAD_CONDITION","SCH_BUS_IND","SCH_ZONE_IND","SMALL_TRUCK_COUNT","SPEC_JURIS_CD","SUSP_MINOR_INJ_COUNT","SUSP_SERIOUS_INJ_COUNT","SUV_COUNT","TCD_FUNC_CD","TCD_TYPE","TFC_DETOUR_IND","TIME_OF_DAY","TOT_INJ_COUNT","TOTAL_UNITS","UNB_DEATH_COUNT","UNB_SUSP_SERIOUS_INJ_COUNT","UNBELTED_OCC_COUNT","UNK_INJ_DEG_COUNT","UNK_INJ_PER_COUNT","URBAN_RURAL","VAN_COUNT","VEHICLE_COUNT","WORK_ZONE_IND","WORK_ZONE_LOC","WORK_ZONE_TYPE","WORKERS_PRES","WZ_CLOSE_DETOUR","WZ_FLAGGER","WZ_LAW_OFFCR_IND","WZ_LN_CLOSURE","WZ_MOVING","WZ_OTHER","WZ_SHLDER_MDN","ROADWAY_CLEARED","WEATHER1","WEATHER2","WZ_WORKERS_INJ_KILLED","SECONDARY_CRASH","INTERSECTION_RELATED"
"1947","1","0","0","0","0","0","0","0","0","1","0","","36","02","2019","2019022124","6","40.0264","-76.3285","1944","08","0","0","0","0","0","0","0","0","2","0","0","0","19","3","1","00","2","40 01:34.987","6","00","76 19:42.591","3","0","0","0","36220","0","0","0","N","0","0","0","2","36101","0","","1","01","N","N","0","","1","0","1","0","0","Y","1941","1","2","0","0","1","0","0","3","0","2","N","","","","","","","","","","","","03","  ","","",""
"2150","0","0","0","0","0","0","0","0","0","7","0","","36","02","2019","2019022125","6","40.0642","-76.3587","2145","08","0","0","0","0","0","0","0","0","4","0","0","0","21","3","1","00","2","40 03:50.961","5","00","76 21:31.428","4","0","0","0","36214","0","0","0","N","0","0","0","1","36214","1","","2","01","N","N","0","","0","0","1","0","0","Y","2140","1","1","0","0","0","0","0","3","0","1","N","","","","","","","","","","","","03","  ","","",""
"0750","2","0","0","0","0","0","0","0","0","3","0","","36","02","2019","2019022132","6","40.0381","-76.4941","0744","08","0","0","0","0","0","0","0","0","","0","0","0","07","1","0","00","0","40 02:17.300","","07","76 29:38.800","0","0","0","0","36404","0","0","0","N","0","0","0","2","36404","0","","1","01","N","N","0","","0","0","0","0","0","","0744","0","2","0","0","0","0","0","3","0","2","N","","","","","","","","","","","","03","  ","","",""
"1505","1","0","0","0","0","0","0","0","0","4","0","","36","02","2019","2019022164","7","40.0363","-76.4555","1457","08","0","0","0","0","1","1","0","0","2","0","0","0","14","1","0","00","1","40 02:10.565","4","07","76 27:19.898","0","0","0","0","36239","0","0","0","N","0","0","0","4","36239","0","","1","01","N","N","0","","0","0","0","0","0","N","1457","0","2","0","0","0","0","0","3","1","2","N","","","","","","","","","","","","03","  ","","",""
"1752","2","0","0","0","0","0","0","0","0","4","0","","36","02","2019","2019022175","4","40.0309","-76.3209","1750","08","0","0","0","0","0","0","0","0","2","0","0","0","17","3","1","01","1","40 01:51.342","1","00","76 19:15.277","3","0","0","0","36301","0","0","0","N","0","0","0","3","36301","0","","1","06","N","N","0","","1","0","0","3","1","Y","1750","1","2","0","0","0","0","0","3","0","2","N","","","","","","","","","","","","10","  ","","",""
"1821","2","0","0","0","0","0","0","0","0","5","0","","36","02","2019","2019022180","7","40.0442","-76.3076","1745","08","0","0","0","0","0","0","0","1","2","0","0","0","17","3","0","00","1","40 02:39.165","3","00","76 18:27.490","0","0","0","0","36301","0","0","0","N","0","0","0","1","36301","0","","1","09","N","N","0","","0","0","1","0","0","N","1745","0","3","0","0","0","0","0","3","0","3","N","","","","","","","","","","","","07","  ","","",""
"1358","1","0","0","0","0","0","0","0","0","7","0","","36","02","2019","2019022186","2","40.1374","-76.3501","1352","08","0","0","0","0","0","0","0","0","2","0","0","0","13","1","1","00","2","40 08:14.550","5","00","76 21:00.531","8","0","0","0","36227","0","0","0","N","0","0","0","1","36506","0","","5","01","N","N","0","","0","0","0","0","0","Y","1352","1","1","0","0","0","1","0","1","0","1","N","","","","","","","","","","","","03","  ","","",""
"1508","1","0","0","0","0","0","0","0","0","7","0","","36","02","2019","2019022247","3","40.0811","-76.3398","1501","08","0","0","0","0","0","0","0","0","2","0","0","0","15","1","1","00","1","40 04:52.075","2","00","76 20:23.352","4","0","0","0","36101","0","0","0","Y","0","0","0","1","36101","1","","4","01","N","N","0","","0","0","0","0","0","N","1500","1","1","0","0","0","0","0","3","0","1","N","","","","","","","","","","","","03","  ","","",""
"1040","0","0","0","0","0","0","0","0","0","1","0","","36","02","2019","2019022248","7","40.0601","-76.2778","1036","08","0","0","0","0","0","0","1","1","2","0","0","0","10","1","1","00","1","40 03:36.279","1","02","76 16:40.151","3","0","0","0","36101","0","0","0","N","0","0","0","4","36101","0","","1","01","N","N","0","","1","0","2","3","2","N","1031","1","2","0","0","0","0","0","3","0","2","N","","","","","","","","","","","","03","  ","","",""
"1051","1","0","0","0","0","0","0","0","0","1","0","","36","02","2019","2019022249","7","40.0703","-76.3157","1042","08","0","0","0","0","0","1","0","0","","0","0","0","10","1","0","00","0","40 04:12.918","","00","76 18:56.668","0","0","0","0","36101","0","0","0","N","0","0","0","3","36101","0","","1","01","N","N","0","","0","0","0","0","0","","1039","0","2","0","0","0","0","0","3","1","2","N","","","","","","","","","","","","03","  ","","",""
"0208","1","0","0","0","0","0","0","0","0","7","0","","36","02","2019","2019022267","1","40.0413","-76.3053","0208","08","0","0","0","0","0","0","0","0","2","0","0","0","02","3","0","02","1","40 02:28.528","3","00","76 18:19.076","0","0","0","0","36301","0","0","0","N","0","0","0","1","36301","0","","4","09","N","N","0","","0","0","0","0","0","N","0205","0","1","0","0","0","0","0","3","0","1","N","","","","","","","","","","","","07","  ","","",""
"0225","1","0","0","0","0","0","0","0","0","7","0","","36","02","2019","2019022278","1","40.0079","-76.2979","0225","08","0","0","0","0","0","0","0","0","","0","0","0","02","3","0","02","0","40 00:28.556","","00","76 17:52.479","0","0","0","0","36240","0","0","0","Y","0","0","0","2","36240","0","","2","09","N","N","0","","0","0","0","0","0","","0220","0","1","0","0","0","0","0","1","0","1","N","","","","","","","","","","","","07","  ","","",""
"0449","1","0","0","0","0","0","0","0","0","7","0","","36","02","2019","2019022414","4","40.1631","-76.5809","0447","08","0","0","0","0","0","0","0","0","2","0","0","0","04","2","0","00","1","40 09:47.152","3","00","76 34:51.216","0","0","0","0","36225","0","0","0","N","0","0","0","1","36505","0","","4","02","","","0","","0","0","0","0","0","N","0447","0","1","0","0","0","0","0","2","0","1","N","","","","","","","","","","","","03","  ","","",""
"0015","1","0","0","0","0","0","0","0","0","7","0","","36","02","2019","2019022429","1","40.0642","-76.3997","0004","08","1","0","0","0","0","0","0","0","","0","0","0","00","2","0","00","0","40 03:51.200","","00","76 23:58.800","0","0","0","0","36214","0","0","0","N","0","0","0","1","36214","0","","4","09","N","N","0","","0","0","1","0","0","","0000","0","2","0","0","0","0","0","3","0","2","N","","","","","","","","","","","","07","  ","","",""
"1152","1","0","0","0","0","0","0","0","0","2","0","","36","02","2019","2019022458","1","40.023","-76.2751","1150","08","0","0","0","0","0","0","1","0","2","0","0","0","11","1","0","00","2","40 01:22.857","6","00","76 16:30.431","0","0","0","0","36240","0","0","0","N","0","0","0","3","36240","0","","1","09","N","N","0","","0","0","1","0","0","Y","1143","0","2","0","0","0","0","0","1","0","2","N","","","","","","","","","","","","03","  ","","",""
"0916","0","0","0","0","0","0","0","0","0","7","0","","36","02","2019","2019022491","5","40.2383","-76.1013","0911","08","0","0","0","0","0","0","0","0","1","0","0","0","09","1","0","00","1","40 14:17.949","1","00","76 06:04.506","0","0","0","0","36210","0","0","0","N","0","0","0","1","36210","0","","4","06","N","N","0","","0","0","0","0","0","N","0910","0","1","0","0","0","0","0","1","1","1","N","","","","","","","","","","","","07","  ","","",""
"2249","0","0","0","0","0","0","0","0","0","7","0","","36","02","2019","2019022540","6","39.9994","-76.0691","2222","08","0","0","0","0","0","0","0","0","2","0","0","0","22","2","0","00","1","39 59:57.911","4","00","76 04:08.852","0","0","0","0","36226","0","0","0","N","0","0","0","1","68J01","0","","2","02","N","N","0","","0","0","1","0","0","N","2221","0","1","0","0","0","0","0","1","0","1","N","","","","","","","","","","","","03","  ","","",""
"1010","1","0","0","0","0","0","0","0","0","7","0","","36","02","2019","2019022577","4","40.1816","-76.6053","1006","08","0","0","0","0","0","0","0","0","","0","0","0","09","1","0","00","0","40 10:53.766","","00","76 36:19.028","0","0","0","0","36225","0","0","0","Y","0","0","0","1","68H01","0","","3","07","N","N","0","","0","0","0","0","0","","0946","0","1","0","0","0","0","0","2","0","1","N","","","","","","","","","","","","10","  ","","",""
"0727","0","0","0","0","0","0","0","0","0","7","0","","36","02","2019","2019022631","2","40.0772","-76.5517","0726","08","0","1","0","0","0","0","0","0","","0","0","0","07","1","0","00","0","40 04:37.830","","00","76 33:05.940","0","0","0","0","36211","0","0","0","N","0","0","0","2","36504","0","","5","02","N","N","0","","0","0","1","0","0","","0720","0","1","0","0","0","0","0","1","0","1","N","","","","","","","","","","","","10","  ","","",""
"1758","0","0","0","0","0","0","0","0","0","7","0","","36","02","2019","2019022663","4","40.0713","-76.3243","1757","08","0","0","0","0","0","1","0","0","","0","0","0","17","3","0","00","0","40 04:16.780","","03","76 19:27.581","0","0","0","0","36101","0","0","0","N","0","0","0","1","36101","0","","4","02","N","N","1","","0","0","0","0","0","","1751","0","1","0","0","0","0","0","3","0","1","N","","","","","","","","","","","","98","  ","","",""
"0018","1","0","0","0","0","0","0","0","0","9","0","","36","02","2019","2019022664","6","40.0483","-76.3433","0018","08","0","0","0","0","0","0","0","0","","0","0","0","00","3","0","00","0","40 02:53.819","","00","76 20:36.006","0","0","0","0","36220","0","0","0","N","0","0","0","1","36101","0","","1","01","N","N","0","","0","0","0","0","0","","0002","0","1","0","0","0","0","0","3","0","1","N","","","","","","","","","","","","03","  ","","",""
"0309","1","0","0","0","0","0","0","0","0","7","0","","36","02","2019","2019022731","1","40.0713","-76.3247","0309","08","0","0","0","0","0","0","0","0","1","0","0","0","03","2","0","00","1","40 04:16.660","4","00","76 19:29.043","0","0","0","0","36101","0","0","0","Y","0","0","0","1","68J01","0","","2","01","N","N","0","","0","0","0","0","0","N","0302","0","1","0","0","1","0","0","3","0","1","N","","","","","","","","","","","","03","  ","","",""
"1428","0","0","0","0","0","0","0","0","0","7","0","","36","02","2019","2019022815","4","40.1014","-76.3542","1415","08","0","0","0","0","1","0","0","0","","0","0","0","14","1","0","00","0","40 06:05.194","","00","76 21:15.146","0","0","0","0","36406","0","0","0","N","0","0","0","2","36101","0","","4","07","N","N","0","","0","0","1","0","0","","1412","0","1","0","0","0","0","0","3","0","1","N","","","","","","","","","","","","10","  ","","",""
"1626","2","0","0","0","0","0","0","0","0","4","0","","36","02","2019","2019022816","5","40.0606","-76.2768","1623","08","0","0","0","0","0","1","0","0","2","0","0","0","16","1","0","01","1","40 03:38.263","3","00","76 16:36.564","0","0","0","0","36101","0","0","0","N","0","0","0","2","36101","0","","1","09","N","N","0","","0","0","0","3","2","N","1617","0","2","0","0","0","0","0","3","0","2","N","","","","","","","","","","","","03","  ","","",""
"1935","1","0","0","0","0","0","0","0","0","7","0","15","36","02","2019","2019022817","5","40.038","-76.3431","1932","08","0","0","0","1","0","0","0","0","1","0","0","0","19","3","1","00","1","40 02:16.954","3","00","76 20:34.997","8","0","0","0","36223","0","0","0","N","0","0","0","5","36223","0","","2","01","N","N","0","","0","0","1","0","0","N","1927","1","2","0","0","1","1","0","1","0","2","Y","8","1","N","N","N","N","Y","N","Y","N","","03","  ","","",""
"0802","1","0","0","0","0","0","0","0","0","7","0","","36","02","2019","2019022870","3","40.0027","-76.2136","0759","08","0","0","0","0","0","0","0","0","2","0","0","0","07","1","1","00","2","40 00:09.647","5","00","76 12:48.882","3","0","0","0","36240","0","0","0","N","0","0","0","1","36240","0","","5","01","N","N","0","","1","0","0","0","0","Y","0757","1","1","0","0","0","0","0","1","0","1","N","","","","","","","","","","","","03","  ","","",""
"1150","2","0","0","0","0","0","0","0","0","5","0","","36","02","2019","2019022904","5","40.1432","-76.5962","1148","08","0","0","0","0","0","1","0","1","2","0","0","0","11","1","0","02","1","40 08:35.370","2","00","76 35:46.214","0","0","0","0","36407","0","0","0","N","0","0","0","2","36407","0","","1","09","N","N","0","","0","0","0","3","2","N","1147","0","2","0","0","0","0","0","2","0","2","N","","","","","","","","","","","","03","  ","","",""
"0544","0","0","0","0","0","0","0","0","0","6","0","","36","02","2019","2019022920","2","39.9097","-76.1858","0522","08","0","0","0","0","0","0","0","1","1","0","0","0","05","3","1","00","1","39 54:34.956","2","00","76 11:08.982","3","0","0","0","36229","0","0","0","N","0","0","0","2","68J01","0","","1","07","N","N","1","","1","0","0","0","0","N","0520","1","2","0","0","0","0","0","1","1","2","N","","","","","","","","","","","","10","  ","","",""
"1102","0","0","0","0","0","0","0","0","0","1","0","","36","02","2019","2019022926","3","40.2053","-76.1168","1101","08","0","0","0","0","0","0","0","0","2","0","0","0","10","1","1","00","1","40 12:19.186","1","00","76 07:00.556","3","0","0","0","36210","0","0","0","N","0","0","0","2","68J01","0","","2","02","N","N","0","","1","0","2","0","0","N","1058","1","2","0","0","0","0","0","1","0","2","N","","","","","","","","","","","","09","  ","","",""
"0501","0","0","0","0","0","0","0","0","0","0","0","","36","02","2019","2019022932","5","39.9506","-76.187","0451","08","0","0","0","0","0","0","0","0","2","0","0","0","04","6","0","02","1","39 57:02.043","5","00","76 11:13.149","0","0","0","0","36233","0","0","0","N","0","0","0","1","68J01","0","","1","02","N","N","0","","0","0","1","0","0","N","0450","0","1","0","0","0","0","0","1","0","1","N","","","","","","","","","","","","03","  ","","",""
"1515","0","0","0","0","0","0","0","0","0","8","0","","36","02","2019","2019022951","3","40.0315","-75.9765","1506","08","0","0","0","0","0","1","0","0","3","0","1","0","15","1","1","02","2","40 01:53.422","6","00","75 58:35.448","2","0","0","0","36232","1","0","1","N","1","0","1","3","68J01","0","","1","01","N","N","0","","0","1","0","0","0","Y","1503","1","2","0","0","0","0","0","1","0","1","N","","","","","","","","","","","","03","  ","","",""
"1631","0","0","0","0","0","0","0","0","0","7","0","","36","02","2019","2019022961","4","39.9842","-76.0782","1617","08","0","0","0","0","0","0","0","0","2","0","0","0","16","1","0","00","1","39 59:02.962","4","00","76 04:41.645","0","0","0","0","36226","0","0","0","N","0","0","0","1","68J01","0","","2","07","N","N","1","","0","0","0","0","0","N","1612","0","1","0","0","0","0","0","1","0","1","N","","","","","","","","","","","","07","  ","","",""
"2157","0","0","0","0","0","0","0","0","0","0","0","","36","02","2019","2019022965","4","40.1251","-75.911","2154","08","0","0","0","0","0","0","0","0","","0","0","0","21","2","0","00","0","40 07:30.284","","00","75 54:39.444","0","0","0","0","36203","0","0","0","N","0","0","0","1","68J01","0","","4","02","N","N","1","","0","0","0","0","0","","2152","0","1","0","0","1","0","0","1","0","1","N","","","","","","","","","","","","07","  ","","",""
"1711","1","0","0","0","0","0","0","0","0","4","0","","36","02","2019","2019022991","1","40.0873","-75.9871","1659","08","0","0","0","0","0","0","0","0","2","0","0","2","16","1","2","00","2","40 05:14.200","5","00","75 59:13.500","4","0","0","0","36232","10","0","0","N","0","0","0","11","68J01","2","","1","09","N","N","0","","0","0","0","0","0","Y","1656","2","3","0","0","0","0","0","1","0","1","N","","","","","","","","","","","","03","  ","","",""
"1756","0","0","0","0","0","0","0","0","0","2","0","","36","02","2019","2019023060","6","40.0537","-76.3253","1750","08","0","0","0","0","0","1","0","0","2","0","0","0","17","3","1","02","1","40 03:13.400","3","00","76 19:31.003","3","0","0","0","36101","0","0","0","N","0","0","0","2","36101","0","","1","01","N","N","0","","1","0","2","0","0","N","1746","1","2","0","0","0","0","0","3","0","2","N","","","","","","","","","","","","03","  ","","",""
"1641","0","0","0","0","0","0","0","0","0","4","0","","36","02","2019","2019023061","3","40.074","-76.2041","1634","08","0","0","0","0","0","1","1","0","1","0","0","0","16","1","0","03","1","40 04:26.574","5","00","76 12:14.922","0","0","0","0","36234","0","0","0","N","0","0","0","2","36215","0","","1","01","N","N","0","","0","0","2","3","3","N","1631","0","2","0","0","0","0","0","1","0","2","N","","","","","","","","","","","","03","  ","","",""
"1813","0","0","0","0","0","0","0","0","0","4","0","","36","02","2019","2019023062","3","40.0331","-76.2452","1807","08","0","0","0","0","1","0","0","0","","0","0","0","18","3","0","02","0","40 01:59.353","","00","76 14:42.859","0","0","0","0","36215","0","0","0","N","0","0","0","3","36215","0","","1","01","N","N","1","","0","0","1","3","2","","1805","0","2","0","0","0","0","0","1","0","2","N","","","","","","","","","","","","03","  ","","",""
"1741","0","0","0","0","0","0","0","0","0","7","0","","36","02","2019","2019023063","4","40.0754","-76.1148","1731","08","0","0","0","0","0","0","0","0","3","0","0","0","17","2","0","00","2","40 04:31.321","5","00","76 06:53.309","0","0","0","0","36234","0","0","0","N","0","0","0","1","36215","0","","4","06","N","N","1","","0","0","0","0","0","Y","1729","0","1","0","0","0","0","0","1","0","1","N","","","","","","","","","","","","07","05","","",""
"0746","0","0","0","0","0","0","0","0","0","4","0","","36","02","2019","2019023064","5","40.0207","-76.1922","0744","08","0","0","0","0","0","2","0","0","","0","0","0","07","1","0","02","0","40 01:14.397","","00","76 11:32.005","0","0","0","0","36215","0","0","0","N","0","0","0","2","36215","0","","1","09","N","N","1","","0","0","1","3","2","","0740","0","2","0","0","0","0","0","1","0","2","N","","","","","","","","","","","","03","  ","","",""
"1657","0","0","0","0","0","0","0","0","0","1","0","","36","02","2019","2019023093","2","40.2903","-76.2112","1646","08","0","0","0","0","0","1","0","0","","0","0","0","16","1","0","00","0","40 17:25.001","","07","76 12:40.481","0","0","0","0","36204","0","0","0","N","0","0","0","3","36506","0","","1","01","N","N","0","","0","0","1","0","0","","1640","0","2","0","0","1","0","0","1","1","2","N","","","","","","","","","","","","03","  ","","",""
"1903","1","0","0","0","0","0","0","0","0","7","0","","36","02","2019","2019023156","2","40.0027","-76.2136","1858","08","0","0","0","0","0","1","0","0","2","0","0","0","18","2","0","00","2","40 00:09.647","5","00","76 12:48.882","0","0","0","0","36240","0","0","0","N","0","0","0","1","36240","0","","5","01","N","N","0","","0","0","0","0","0","Y","1855","0","1","0","0","0","0","0","1","0","1","N","","","","","","","","","","","","03","  ","","",""
"1125","0","0","0","0","0","0","0","0","0","7","0","","36","02","2019","2019023202","4","39.966","-76.1729","1101","08","0","0","0","0","0","0","0","0","2","0","0","0","10","1","0","00","2","39 57:57.558","7","00","76 10:22.273","0","0","0","0","36233","0","0","0","N","0","0","0","1","68J01","0","","4","07","N","N","0","","0","0","1","0","0","Y","1050","0","1","0","0","0","0","0","1","0","1","N","","","","","","","","","","","","10","  ","","",""
"1341","2","0","0","0","0","0","0","0","0","4","0","","36","02","2019","2019023231","1","40.0062","-76.3465","1337","08","0","0","0","0","0","0","0","0","2","0","0","0","13","1","1","00","2","40 00:22.300","6","07","76 20:47.300","4","0","0","0","36412","0","0","0","N","0","0","0","4","36412","1","","1","01","N","N","0","","0","0","0","0","0","Y","1330","1","2","0","0","0","0","0","3","0","2","N","","","","","","","","","","","","03","  ","","",""
"0916","1","0","0","0","0","0","0","0","0","1","1","","36","02","2019","2019023252","2","40.0683","-76.3299","0916","08","0","0","0","0","0","1","0","0","2","0","1","0","09","1","1","00","1","40 04:05.796","3","00","76 19:47.675","3","0","0","0","36101","0","0","0","N","0","0","0","2","36101","0","","1","01","N","N","0","","1","0","0","3","2","N","0916","1","2","0","0","0","0","0","3","0","2","N","","","","","","","","","","","","03","  ","","",""
"1755","2","1","0","0","0","0","0","0","0","2","0","","36","02","2019","2019023253","1","39.9553","-76.3963","1751","08","0","0","0","0","0","0","0","0","4","1","0","0","17","1","1","00","2","39 57:19.109","5","00","76 23:46.654","1","0","0","0","36223","0","0","0","N","0","0","0","2","36223","0","2","1","01","N","N","0","0","0","0","0","0","0","Y","1743","1","2","0","0","1","1","0","1","0","2","N","","","","","","","","","","","","03","  ","","",""
"1026","0","0","0","0","0","0","0","0","0","9","0","","36","02","2019","2019023254","3","39.9923","-76.4262","1017","08","0","0","0","0","0","0","0","0","3","0","0","0","10","1","1","00","2","39 59:32.440","5","00","76 25:34.290","3","0","0","0","36223","0","0","0","N","0","0","0","1","36223","0","","4","01","N","N","1","","1","0","0","0","0","Y","1016","1","1","0","0","0","0","0","1","0","1","N","","","","","","","","","","","","03","  ","","",""
"1641","1","0","0","0","0","0","0","0","0","7","0","","36","01","2019","2019023341","3","40.2087","-76.0463","1547","08","0","0","0","0","0","1","0","0","","0","0","0","15","1","0","00","0","40 12:31.404","","00","76 02:46.776","0","0","0","0","36202","0","0","0","N","0","0","0","1","68J01","0","","2","07","N","N","0","","0","0","0","0","0","","1542","0","1","0","0","0","0","0","1","0","1","N","","","","","","","","","","","","10","  ","","",""
"0024","0","0","0","0","0","0","0","0","0","0","1","","36","02","2019","2019023349","1","40.2327","-76.3003","2354","08","0","0","0","0","0","1","0","0","","0","1","0","23","2","0","00","0","40 13:57.782","","00","76 18:01.122","0","0","0","0","36217","0","0","0","N","0","0","0","1","68J01","0","","1","07","Y","N","0","","0","0","0","0","0","","2334","0","1","0","0","0","0","0","1","0","1","N","","","","","","","","","","","","10","  ","","",""
"2350","0","0","0","0","0","0","0","0","0","7","0","","36","02","2019","2019023350","1","39.994","-76.0335","2344","08","0","0","0","0","0","0","0","0","","0","0","0","23","2","0","00","0","39 59:38.331","","00","76 02:00.449","0","0","0","0","36232","0","0","0","N","0","0","0","1","68J01","0","","4","02","N","N","1","","0","0","0","0","0","","2339","0","1","0","0","0","0","0","1","0","1","N","","","","","","","","","","","","10","  ","","",""
"0521","0","0","0","0","0","0","0","0","0","7","0","","36","02","2019","2019023351","2","39.9922","-76.1999","0510","08","0","0","0","0","0","0","0","0","2","0","0","0","05","2","0","00","1","39 59:32.055","1","00","76 11:59.710","0","0","0","0","36233","0","0","0","N","0","0","0","1","68J01","0","","4","02","N","N","1","","0","0","0","0","0","N","0507","0","1","0","0","0","0","0","1","0","1","N","","","","","","","","","","","","10","  ","","",""
"0819","1","0","0","0","0","0","0","0","0","7","0","","36","02","2019","2019023353","2","39.9685","-75.9892","0745","08","0","0","0","0","0","1","0","0","2","0","0","0","07","1","1","00","2","39 58:06.576","5","00","75 59:21.200","3","0","0","0","36231","0","0","0","N","0","0","0","1","68J01","0","","4","06","N","N","0","","1","0","0","0","0","Y","0744","1","1","0","0","0","0","0","1","0","1","N","","","","","","","","","","","","10","  ","","",""
"1819","0","0","0","0","0","0","0","0","0","1","0","","36","02","2019","2019023354","2","40.2309","-76.3155","1746","08","0","0","0","0","0","0","0","0","","0","0","0","17","4","0","02","0","40 13:51.353","","00","76 18:56.256","0","0","0","0","36217","0","0","0","N","0","0","0","2","68J01","0","","1","09","N","N","1","","0","0","1","0","0","","1733","0","2","0","0","0","0","0","1","0","2","N","","","","","","","","","","","","10","  ","","",""
"2354","0","0","0","0","0","0","0","0","0","7","0","","36","02","2019","2019023355","2","39.9468","-76.3395","2354","08","0","0","0","0","0","0","0","0","","0","0","0","23","2","0","00","0","39 56:48.440","","00","76 20:22.130","0","0","0","0","36206","0","0","0","N","0","0","0","1","68J01","0","","4","07","N","N","0","","0","0","1","0","0","","2332","0","1","0","0","0","0","0","1","0","1","N","","","","","","","","","","","","10","  ","","",""
"0323","1","0","0","0","0","0","0","0","0","7","0","","36","02","2019","2019023356","3","40.1365","-75.9672","0251","08","0","0","0","0","0","0","0","0","","0","0","0","02","2","0","03","0","40 08:11.260","","00","75 58:01.753","0","0","0","0","36203","0","0","0","N","0","0","0","1","68J01","0","","4","02","N","N","0","","0","0","0","3","3","","0249","0","1","0","0","0","0","0","1","0","1","N","","","","","","","","","","","","10","  ","","",""
"0608","1","0","0","0","0","0","0","0","0","4","0","","36","02","2019","2019023359","4","39.9684","-76.0701","0608","08","0","0","0","0","0","2","0","0","3","0","0","0","05","2","0","01","1","39 58:06.243","2","00","76 04:12.385","0","0","0","0","36231","0","0","0","N","0","0","0","2","68J01","0","","1","02","N","N","0","","0","0","1","3","3","N","0557","0","2","0","0","0","0","0","1","0","2","N","","","","","","","","","","","","98","  ","","",""
"0640","0","0","0","0","0","0","0","0","0","7","0","","36","02","2019","2019023360","4","39.9857","-76.0343","0609","08","0","0","0","0","0","0","0","0","2","0","0","0","06","5","0","00","2","39 59:08.347","6","00","76 02:03.585","0","0","0","0","36232","0","0","0","N","0","0","0","1","68J01","0","","4","02","N","N","0","","0","0","0","0","0","Y","0602","0","1","0","0","0","0","0","1","1","1","N","","","","","","","","","","","","10","  ","","",""
"0713","0","0","0","0","0","0","0","0","0","7","0","","36","02","2019","2019023361","4","39.8235","-76.1507","0637","08","0","0","0","0","1","0","0","0","","0","0","0","06","2","0","00","0","39 49:24.601","","00","76 09:02.644","0","0","0","0","36222","0","0","0","N","0","0","0","2","68J01","0","","4","02","N","N","1","","0","0","0","0","0","","0629","0","1","0","0","0","0","0","1","0","1","N","","","","","","","","","","","","98","  ","","",""
"0759","0","0","0","0","0","0","0","0","0","7","0","","36","02","2019","2019023363","4","39.9721","-75.985","0743","08","0","0","0","1","0","0","0","0","","0","0","0","07","2","0","00","0","39 58:19.458","","00","75 59:05.957","0","0","0","0","36231","0","0","0","N","0","0","0","1","68J01","0","","5","02","N","N","0","","0","0","1","0","0","","0721","0","1","0","0","0","0","0","1","0","1","N","","","","","","","","","","","","03","  ","","",""
"1608","1","0","0","0","0","0","0","0","0","1","0","","36","02","2019","2019023365","4","39.8689","-76.1527","1531","08","0","0","0","1","0","0","1","0","","0","0","0","15","1","2","01","0","39 52:07.904","","00","76 09:09.604","3","0","0","0","36212","0","0","0","N","0","0","0","5","68J01","0","","1","01","N","Y","0","","2","0","2","3","3","","1530","2","3","0","0","0","0","0","1","0","3","N","","","","","","","","","","","","03","  ","","",""