"ARRIVAL_TM","AUTOMOBILE_COUNT","BELTED_DEATH_COUNT","BELTED_SUSP_SERIOUS_INJ_COUNT","BICYCLE_COUNT","BICYCLE_DEATH_COUNT","BICYCLE_SUSP_SERIOUS_INJ_COUNT","BUS_COUNT","CHLDPAS_DEATH_COUNT","CHLDPAS_SUSP_SERIOUS_INJ_COUNT","COLLISION_TYPE","COMM_VEH_COUNT","CONS_ZONE_SPD_LIM","COUNTY","CRASH_MONTH","CRASH_YEAR","CRN","DAY_OF_WEEK","DEC_LAT","DEC_LONG","DISPATCH_TM","DISTRICT","DRIVER_COUNT_16YR","DRIVER_COUNT_17YR","DRIVER_COUNT_18YR","DRIVER_COUNT_19YR","DRIVER_COUNT_20YR","DRIVER_COUNT_50_64YR","DRIVER_COUNT_65_74YR","DRIVER_COUNT_75PLUS","EST_HRS_CLOSED","FATAL_COUNT","HEAVY_TRUCK_COUNT","HORSE_BUGGY_COUNT","HOUR_OF_DAY","ILLUMINATION","INJURY_COUNT","INTERSECT_TYPE","LANE_CLOSED","LATITUDE","LN_CLOSE_DIR","LOCATION_TYPE","LONGITUDE","MAX_SEVERITY_LEVEL","MCYCLE_DEATH_COUNT","MCYCLE_SUSP_SERIOUS_INJ_COUNT","MOTORCYCLE_COUNT","MUNICIPALITY","NONMOTR_COUNT","NONMOTR_DEATH_COUNT","NONMOTR_SUSP_SERIOUS_INJ_COUNT","NTFY_HIWY_MAINT","PED_COUNT","PED_DEATH_COUNT","PED_SUSP_SERIOUS_INJ_COUNT","PERSON_COUNT","POLICE_AGCY","POSSIBLE_INJ_COUNT","RDWY_SURF_TYPE_CD","RELATION_TO_ROAD","ROAD_CONDITION","SCH_BUS_IND","SCH_ZONE_IND","SMALL_TRUCK_COUNT","SPEC_JURIS_CD","SUSP_MINOR_INJ_COUNT","SUSP_SERIOUS_INJ_COUNT","SUV_COUNT","TCD_FUNC_CD","TCD_TYPE","TFC_DETOUR_IND","TIME_OF_DAY","TOT_INJ_COUNT","TOTAL_UNITS","UNB_DEATH_COUNT","UNB_SUSP_SERIOUS_INJ_COUNT","UNBELTED_OCC_COUNT","UNK_INJ_DEG_COUNT","UNK_INJ_PER_COUNT","URBAN_RURAL","VAN_COUNT","VEHICLE_COUNT","WORK_ZONE_IND","WORK_ZONE_LOC","WORK_ZONE_TYPE","WORKERS_PRES","WZ_CLOSE_DETOUR","WZ_FLAGGER","WZ_LAW_OFFCR_IND","WZ_LN_CLOSURE","WZ_MOVING","WZ_OTHER","WZ_SHLDER_MDN","ROADWAY_CLEARED","WEATHER1","WEATHER2","WZ_WORKERS_INJ_KILLED","SECONDARY_CRASH","INTERSECTION_RELATED"
"1714","1","0","0","0","0","0","0","0","0","4","0","","36","02","2019","2019023367","4","39.7673","-76.1521","1706","08","0","0","1","0","0","1","0","0","","0","0","0","16","1","0","01","0","39 46:02.150","","00","76 09:07.613","0","0","0","0","36219","0","0","0","N","0","0","0","2","68J01","0","","1","01","N","N","1","","0","0","0","3","3","","1658","0","2","0","0","0","0","0","1","0","2","N","","","","","","","","","","","","03","  ","","",""
"0025","0","0","0","0","0","0","0","0","0","7","1","","36","02","2019","2019023370","6","40.2319","-76.2823","2359","08","0","0","0","0","0","0","0","0","3","0","1","0","23","2","1","00","2","40 13:54.985","6","00","76 16:56.299","4","0","0","0","36217","0","0","0","Y","0","0","0","1","68J01","1","","4","01","N","N","0","","0","0","0","0","0","N","2348","1","1","0","0","0","0","0","1","0","1","N","","","","","","","","","","","","03","  ","","",""
"1222","1","0","0","0","0","0","0","0","0","4","0","","36","02","2019","2019023372","7","39.8146","-76.1284","1157","08","0","0","0","0","0","1","1","0","","0","0","0","11","1","1","05","0","39 48:52.593","","00","76 07:42.259","3","0","0","0","36222","0","0","0","N","0","0","0","2","68J01","0","","1","01","N","N","1","","1","0","0","3","3","","1143","1","2","0","0","0","0","0","1","0","2","N","","","","","","","","","","","","03","  ","","",""
"1640","1","0","0","0","0","0","0","0","0","4","0","","36","02","2019","2019023374","7","39.7977","-76.0751","1607","08","0","0","0","0","0","1","0","0","2","0","0","0","15","1","1","02","1","39 47:51.807","5","00","76 04:30.272","4","0","0","0","36222","0","0","0","N","0","0","0","5","68J01","1","","1","01","N","N","1","","0","0","0","3","3","Y","1558","1","2","0","0","0","0","0","1","0","2","N","","","","","","","","","","","","03","  ","","",""
"0018","1","0","0","0","0","0","0","0","0","7","0","","36","02","2019","2019023375","1","40.2295","-76.0596","2347","08","0","0","0","0","0","0","0","0","","0","0","0","23","2","0","00","0","40 13:46.280","","00","76 03:34.460","9","0","0","0","36202","0","0","0","N","0","0","0","1","68J01","0","","4","09","N","N","0","","0","0","0","0","0","","2340","0","1","0","0","1","0","1","1","0","1","N","","","","","","","","","","","","99","  ","","",""
"2320","1","0","0","0","0","0","0","0","0","7","0","","36","02","2019","2019023393","4","40.061","-76.104","2303","08","0","0","0","0","0","0","0","0","","0","0","0","22","2","0","00","0","40 03:39.600","","00","76 06:14.500","0","0","0","0","36221","0","0","0","N","0","0","0","1","68J01","0","","4","02","N","N","0","","0","0","0","0","0","","2259","0","1","0","0","0","0","0","1","0","1","N","","","","","","","","","","","","10","  ","","",""
"1324","1","0","0","0","0","0","0","0","0","7","0","","36","02","2019","2019023394","5","39.943","-76.3696","1314","08","0","0","0","0","0","0","0","0","","0","0","0","13","1","1","00","0","39 56:34.881","","00","76 22:10.560","3","0","0","0","36206","0","0","0","N","0","0","0","1","68J01","0","","4","09","N","N","0","","1","0","0","0","0","","1311","1","1","0","0","0","0","0","1","0","1","N","","","","","","","","","","","","03","  ","","",""
"1951","1","0","0","0","0","0","0","0","0","4","0","","36","02","2019","2019023398","6","39.9407","-76.0845","1944","08","0","0","0","0","0","0","0","1","3","0","1","0","19","2","2","00","2","39 56:26.644","5","00","76 05:04.033","3","0","0","0","36201","0","0","0","N","0","0","0","3","68J01","0","","1","01","N","N","0","","2","0","0","0","0","N","1941","2","2","0","0","0","0","0","1","0","2","N","","","","","","","","","","","","03","  ","","",""
"0243","1","0","0","0","0","0","0","0","0","7","0","","36","02","2019","2019023400","7","39.8868","-76.3229","0232","08","0","0","0","0","0","0","0","0","","0","0","0","02","2","0","00","0","39 53:12.590","","00","76 19:22.360","0","0","0","0","36224","0","0","0","N","0","0","0","1","68J01","0","","2","01","N","N","0","","0","0","0","0","0","","0219","0","1","0","0","0","0","0","1","0","1","N","","","","","","","","","","","","03","  ","","",""
"0808","1","0","0","0","0","0","0","0","0","4","0","","36","02","2019","2019023582","3","40.1147","-76.244","0749","08","0","0","0","0","0","0","0","0","","0","0","0","07","1","0","02","0","40 06:52.778","","00","76 14:38.314","0","0","0","0","36101","0","0","0","N","0","0","0","2","36101","0","","1","01","N","N","0","","0","0","1","0","0","","0747","0","2","0","0","0","0","0","3","0","2","N","","","","","","","","","","","","03","  ","","",""
"1615","2","0","0","0","0","0","0","0","0","4","0","","36","02","2019","2019023583","6","40.1146","-76.245","1609","08","0","0","0","0","0","1","0","0","2","0","0","0","16","1","0","02","2","40 06:52.583","6","00","76 14:41.992","0","0","0","0","36101","0","0","0","N","0","0","0","2","36101","0","","1","01","N","N","0","","0","0","0","0","0","Y","1608","0","2","0","0","0","0","0","3","0","2","N","","","","","","","","","","","","03","  ","","",""
"0859","1","0","0","0","0","0","0","0","0","7","0","","36","02","2019","2019023584","2","40.1728","-76.4009","0850","08","0","0","0","0","0","0","0","0","","0","0","0","08","1","0","00","0","40 10:22.216","","00","76 24:03.324","0","0","0","0","36230","0","0","0","N","0","0","0","1","36410","0","","2","07","N","N","0","","0","0","0","0","0","","0845","0","1","0","0","0","0","0","1","0","1","N","","","","","","","","","","","","10","  ","","",""
"1939","1","0","0","0","0","0","0","0","0","7","0","","36","02","2019","2019023585","3","40.1646","-76.4822","1928","08","0","0","0","0","0","1","0","0","","0","0","0","19","2","0","03","0","40 09:52.381","","00","76 28:55.812","0","0","0","0","36230","0","0","0","N","0","0","0","1","36410","0","","5","09","N","N","0","","0","0","0","0","0","","1925","0","1","0","0","0","0","0","1","0","1","N","","","","","","","","","","","","03","  ","","",""
"0715","1","0","0","0","0","0","0","0","0","7","0","","36","02","2019","2019023587","6","40.1706","-76.5108","0706","08","0","0","1","0","0","0","0","0","","0","0","0","07","1","0","00","0","40 10:14.230","","00","76 30:38.760","0","0","0","0","36230","0","0","0","N","0","0","0","1","36410","0","","4","01","N","N","0","","0","0","0","0","0","","0705","0","1","0","0","0","0","0","1","0","1","N","","","","","","","","","","","","03","  ","","",""
"1518","1","0","0","0","0","0","0","0","0","4","0","","36","02","2019","2019023588","2","40.1161","-76.4503","1456","08","0","0","0","0","0","0","0","0","","0","0","0","14","1","1","01","0","40 06:57.961","","02","76 27:01.028","4","0","0","0","36230","0","0","0","N","0","0","0","2","36410","1","","1","01","N","N","1","","0","0","0","3","3","","1440","1","2","0","0","0","0","0","1","0","2","N","","","","","","","","","","","","03","  ","","",""
"2220","1","0","0","0","0","0","0","0","0","7","0","","36","02","2019","2019023608","2","40.1414","-76.6641","2209","08","0","0","0","0","0","0","0","0","1","0","0","0","22","2","0","00","1","40 08:29.163","7","00","76 39:50.757","0","0","0","0","36237","0","0","0","N","0","0","0","1","36505","0","","5","07","N","N","0","","0","0","0","0","0","N","2201","0","1","0","0","0","0","0","1","0","1","N","","","","","","","","","","","","10","  ","","",""
"2114","2","0","0","0","0","0","0","0","0","4","0","","36","02","2019","2019023635","4","40.097","-76.425","2108","08","0","0","0","0","0","0","0","0","1","0","0","0","21","3","0","02","1","40 05:49.225","4","00","76 25:29.945","0","0","0","0","36239","0","0","0","N","0","0","0","2","36239","0","","1","01","N","N","0","","0","0","0","3","3","N","2108","0","2","0","0","0","0","0","3","0","2","N","","","","","","","","","","","","03","  ","","",""
"1551","1","0","0","0","0","0","0","0","0","4","0","","36","02","2019","2019023656","3","39.9615","-76.1028","1535","08","1","0","0","0","1","0","0","0","3","0","0","0","15","1","0","01","1","39 57:41.266","1","00","76 06:10.058","0","0","0","0","36226","0","0","0","N","0","0","0","4","68J01","0","","1","09","N","N","1","","0","0","0","3","3","N","1531","0","2","0","0","0","0","0","1","0","2","N","","","","","","","","","","","","03","  ","","",""
"0653","0","0","0","0","0","0","0","0","0","7","0","","36","02","2019","2019023658","4","39.9996","-76.1579","0652","08","0","0","0","0","0","0","0","0","","0","0","0","06","2","0","00","0","39 59:58.650","","00","76 09:28.530","0","0","0","0","36226","0","0","0","N","0","0","0","1","68J01","0","","4","02","N","N","1","","0","0","0","0","0","","0628","0","1","0","0","0","0","0","1","0","1","N","","","","","","","","","","","","03","  ","","",""
"0624","0","0","0","0","0","0","0","0","0","7","0","","36","02","2019","2019023688","7","40.2071","-76.0348","0440","08","0","0","0","0","0","0","0","0","3","0","0","0","03","2","0","00","1","40 12:25.442","4","00","76 02:05.189","0","0","0","0","36202","0","0","0","N","0","0","0","2","68J01","0","","1","01","N","N","0","","0","0","1","0","0","N","0300","0","1","0","0","0","0","0","1","0","1","N","","","","","","","","","","","","03","  ","","",""
"0749","2","0","0","0","0","0","0","0","0","1","0","","36","02","2019","2019023778","5","40.0528","-76.2626","0742","08","0","0","0","0","0","1","0","0","1","0","0","0","07","1","0","00","1","40 03:10.191","3","00","76 15:45.518","0","0","0","0","36301","0","0","0","N","0","0","0","2","36301","0","","1","01","N","N","0","","0","0","0","0","0","N","0730","0","2","0","0","0","0","0","3","0","2","N","","","","","","","","","","","","03","  ","","",""
"0750","1","0","0","0","0","0","0","0","0","4","0","","36","02","2019","2019023782","3","40.1129","-76.0285","0741","08","0","0","0","0","0","0","1","0","1","0","0","0","07","1","0","02","1","40 06:46.374","1","00","76 01:43.085","0","0","0","0","36213","0","0","0","N","0","0","0","2","36213","0","","1","2","N","N","1","","0","0","0","3","3","N","0736","0","2","0","0","1","0","0","1","0","2","N","","","","","","","","","","","","03","  ","","",""
"1247","2","0","0","0","0","0","0","0","0","4","0","","36","02","2019","2019023797","6","40.0564","-76.5558","1241","08","0","0","0","0","0","1","0","1","","0","0","0","12","1","0","00","0","40 03:22.900","","00","76 33:20.800","0","0","0","0","36411","0","0","0","N","0","0","0","2","36504","0","","1","01","N","N","0","","0","0","0","0","0","","1239","0","2","0","0","0","0","0","1","0","2","N","","","","","","","","","","","","03","  ","","",""
"0847","2","0","0","0","0","0","0","0","0","4","0","","36","02","2019","2019023840","5","40.2609","-76.1141","0842","08","0","0","0","0","0","0","0","1","","0","0","0","08","1","0","01","0","40 15:39.299","","00","76 06:50.884","0","0","0","0","36210","0","0","0","N","0","0","0","2","36210","0","","1","01","N","N","0","","0","0","0","3","3","","0835","0","2","0","0","0","0","0","1","0","2","N","","","","","","","","","","","","03","  ","","",""
"1518","0","0","0","0","0","0","0","0","0","4","0","","36","02","2019","2019023936","5","40.1309","-76.2172","1511","08","1","0","0","0","0","0","0","0","1","0","0","0","15","1","1","01","1","40 07:51.556","6","00","76 13:01.609","3","0","0","0","36238","0","0","0","N","0","0","0","2","36238","0","","1","01","N","N","0","","1","0","2","3","2","N","1510","1","2","0","0","0","0","0","3","0","2","N","","","","","","","","","","","","03","  ","","",""
"1507","1","0","0","0","0","0","0","0","0","4","0","","36","02","2019","2019023947","2","40.1379","-76.5578","1459","08","0","0","0","0","0","0","0","0","2","0","0","0","14","1","0","01","1","40 08:16.425","4","00","76 33:28.098","0","0","0","0","36225","0","0","0","N","0","0","0","4","36505","0","","1","01","N","N","1","","0","0","0","3","3","N","1454","0","2","0","0","0","0","0","2","0","2","N","","","","","","","","","","","","03","  ","","",""
"1503","1","0","0","0","0","0","0","0","0","1","0","","36","02","2019","2019023949","5","40.1437","-76.5975","1500","08","0","0","0","0","0","2","0","0","","0","0","0","15","1","1","00","0","40 08:37.351","","00","76 35:51.134","4","0","0","0","36407","0","0","0","N","0","0","0","3","36407","1","","1","01","N","N","0","","0","0","2","0","0","","1500","1","3","0","0","0","0","0","2","0","3","N","","","","","","","","","","","","03","  ","","",""
"0727","1","0","0","0","0","0","0","0","0","7","0","","36","02","2019","2019023990","4","40.0739","-76.3325","0720","08","0","0","0","0","0","0","0","0","2","0","0","0","07","1","1","00","2","40 04:26.091","3","00","76 19:56.899","3","0","0","0","36101","0","0","0","N","0","0","0","1","36101","0","","4","01","N","N","0","","1","0","0","0","0","N","0710","1","2","0","0","0","0","0","3","0","1","N","","","","","","","","","","","","03","  ","","",""
"1534","0","0","0","1","0","0","0","0","0","4","0","","36","02","2019","2019023991","6","40.0023","-76.4171","1526","08","0","0","0","0","0","0","0","1","","0","0","0","15","1","1","00","0","40 00:08.132","","07","76 25:01.530","4","0","0","0","36223","1","0","0","N","0","0","0","2","36223","1","","4","01","N","N","0","","0","0","1","0","0","","1526","1","2","0","0","0","0","0","1","0","1","N","","","","","","","","","","","","03","  ","","",""
"1039","1","0","0","0","0","0","0","0","0","1","1","","36","02","2019","2019024001","5","40.1641","-76.641","1033","08","0","0","0","0","0","2","0","0","","0","1","0","10","1","0","00","0","40 09:50.603","","00","76 38:27.749","0","0","0","0","36237","0","0","0","N","0","0","0","2","36505","0","","1","01","N","N","0","","0","0","0","0","0","","1028","0","2","0","0","0","0","0","1","0","2","N","","","","","","","","","","","","03","  ","","",""
"1846","3","0","0","0","0","0","0","0","0","4","0","","36","02","2019","2019024037","5","40.1645","-76.0607","1834","08","0","0","0","0","1","1","0","0","3","0","0","0","18","2","2","00","2","40 09:52.178","6","00","76 03:38.632","3","0","0","0","36213","0","0","0","N","0","0","0","2","36213","0","","1","01","N","N","0","","1","0","0","0","0","Y","1831","2","3","0","0","0","1","0","1","0","3","N","","","","","","","","","","","","03","  ","","",""
"0041","0","0","0","0","0","0","0","0","0","7","0","","36","02","2019","2019024063","1","39.9707","-75.9916","0032","08","0","0","0","0","0","1","0","0","","0","0","0","22","2","0","00","0","39 58:14.505","","00","75 59:29.743","0","0","0","0","36231","0","0","0","N","0","0","0","1","68J01","0","","4","02","N","N","0","","0","0","1","0","0","","2239","0","1","0","0","0","0","0","1","0","1","N","","","","","","","","","","","","10","  ","","",""
"0742","1","0","0","0","0","0","0","0","0","7","0","","36","02","2019","2019024066","4","40.1848","-76.0757","0719","08","0","0","0","0","0","1","0","0","3","0","0","0","07","1","0","00","2","40 11:05.115","4","00","76 04:32.361","0","0","0","0","36202","0","0","0","N","0","0","0","1","68J01","0","","4","02","N","N","0","","0","0","0","0","0","N","0713","0","1","0","0","0","0","0","1","0","1","N","","","","","","","","","","","","98","  ","","",""
"1340","0","0","0","0","0","0","0","0","0","0","0","","36","02","2019","2019024070","1","39.9643","-76.1122","1326","08","0","0","0","0","1","1","0","0","2","0","0","0","13","1","1","00","2","39 57:51.416","5","00","76 06:43.745","8","0","0","0","36226","0","0","0","N","0","0","0","2","68J01","0","","4","01","N","N","2","","0","0","0","0","0","Y","1323","1","2","0","0","0","1","0","1","0","2","N","","","","","","","","","","","","03","  ","","",""
"0018","2","0","0","0","0","0","0","0","0","5","0","","36","03","2019","2019024109","6","40.041","-76.4427","0014","08","0","0","0","0","0","0","0","0","","0","0","0","00","2","0","00","0","40 02:27.506","","00","76 26:33.606","0","0","0","0","36414","0","0","0","N","0","0","0","1","36239","0","","2","01","N","N","0","","0","0","0","0","0","","0014","0","2","0","0","0","0","0","3","0","2","N","","","","","","","","","","","","03","  ","","",""
"2131","1","0","0","0","0","0","0","0","0","1","0","","36","02","2019","2019024125","4","40.0679","-76.3025","2126","08","0","0","0","0","0","0","1","0","1","0","0","0","21","3","0","00","1","40 04:04.442","3","00","76 18:08.957","0","0","0","0","36101","0","0","0","N","0","0","0","2","36101","0","","1","01","N","N","0","","0","0","1","0","0","N","2123","0","2","0","0","0","0","0","3","0","2","N","","","","","","","","","","","","03","  ","","",""
"1720","3","0","0","0","0","0","0","0","0","4","0","","36","02","2019","2019024126","5","40.0569","-76.3112","1714","08","0","0","0","0","0","0","1","0","2","0","0","0","17","1","2","01","2","40 03:24.706","4","00","76 18:40.172","4","0","0","0","36101","0","0","0","N","0","0","0","3","36101","2","","1","01","N","N","0","","0","0","0","3","2","Y","1710","2","3","0","0","0","0","0","3","0","3","N","","","","","","","","","","","","03","  ","","",""
"0235","1","0","0","0","0","0","0","0","0","7","0","","36","03","2019","2019024133","6","40.124","-76.5998","0232","08","0","0","0","0","0","0","0","0","","0","0","0","02","2","0","00","0","40 07:26.389","","00","76 35:59.405","0","0","0","0","36237","0","0","0","N","0","0","0","1","36505","0","","2","07","N","N","0","","0","0","0","0","0","","0232","0","1","0","0","0","0","0","1","0","1","N","","","","","","","","","","","","10","  ","","",""
"1341","0","0","0","0","0","0","0","0","0","2","0","","36","02","2019","2019024139","3","40.1905","-76.1785","1338","08","0","0","0","0","0","0","0","0","2","0","0","0","13","1","1","00","1","40 11:25.638","1","00","76 10:42.778","8","0","0","0","36218","0","0","0","N","0","0","0","3","36408","0","","1","01","N","N","1","","0","0","0","0","0","N","1337","1","2","0","0","1","1","0","1","1","2","N","","","","","","","","","","","","03","  ","","",""
"0947","1","0","0","0","0","0","0","0","0","7","0","","36","02","2019","2019024175","4","40.0415","-76.4473","0944","08","0","0","0","0","0","0","1","0","","0","0","0","09","1","1","02","0","40 02:29.547","","00","76 26:50.251","3","0","0","0","36239","0","0","0","N","0","0","0","1","36239","0","","4","07","N","N","0","","1","0","0","0","0","","0944","1","1","0","0","0","0","0","3","0","1","N","","","","","","","","","","","","10","  ","","",""
"1404","1","0","0","0","0","0","0","0","0","7","0","","36","02","2019","2019024191","4","40.1788","-76.6007","1352","08","0","0","0","0","0","0","0","0","","0","0","0","13","1","0","01","0","40 10:43.752","","02","76 36:02.408","0","0","0","0","36225","0","0","0","Y","0","0","0","1","36505","0","","3","07","N","N","0","","0","0","0","0","0","N","1350","0","1","0","0","0","0","0","2","0","1","N","","","","","","","","","","","","10","  ","","",""
"1757","1","0","0","0","0","0","0","0","0","7","0","","36","01","2019","2019024304","3","40.1929","-76.5688","1747","08","0","0","0","0","0","1","0","0","2","0","0","0","17","2","1","00","1","40 11:34.291","1","00","76 34:07.735","3","0","0","0","36225","0","0","0","N","0","0","0","1","36505","0","","5","07","N","N","0","","1","0","0","0","0","N","1731","1","1","0","0","0","0","0","2","0","1","N","","","","","","","","","","","","10","  ","","",""
"1532","1","0","0","0","0","0","0","0","0","7","0","","36","03","2019","2019024308","6","40.0144","-76.2724","1523","08","0","0","0","0","0","0","0","0","1","0","0","0","15","1","0","00","1","40 00:51.871","4","00","76 16:20.805","0","0","0","0","36240","0","0","0","N","0","0","0","1","36240","0","","4","09","N","N","0","","0","0","0","0","0","Y","1523","0","1","0","0","0","0","0","1","0","1","N","","","","","","","","","","","","03","  ","","",""
"0635","1","0","0","0","0","0","0","0","0","7","0","","36","03","2019","2019024326","6","40.1131","-76.2698","0624","08","0","0","0","0","0","0","0","0","","0","0","0","06","1","0","00","0","40 06:47.151","","00","76 16:11.203","0","0","0","0","36101","0","0","0","N","0","0","0","1","36101","0","","4","07","N","N","0","","0","0","0","0","0","","0621","0","1","0","0","0","0","0","3","0","1","N","","","","","","","","","","","","10","  ","","",""
"0648","0","0","0","0","0","0","0","0","0","7","0","","36","03","2019","2019024327","6","40.0579","-76.2731","0638","08","0","0","0","0","0","0","0","0","","0","0","0","06","1","0","00","0","40 03:28.448","","03","76 16:23.209","0","0","0","0","36101","0","0","0","N","0","0","0","1","36101","0","","4","06","N","N","1","","0","0","0","0","0","","0633","0","1","0","0","0","0","0","3","0","1","N","","","","","","","","","","","","10","  ","","",""
"1050","2","0","0","0","0","0","0","0","0","1","0","","36","03","2019","2019024329","6","40.0681","-76.2931","1045","08","0","0","0","0","0","0","0","0","","0","0","0","10","1","0","00","0","40 04:05.123","","00","76 17:35.185","0","0","0","0","36101","0","0","0","N","0","0","0","2","36101","0","","1","09","N","N","0","","0","0","0","0","0","","1036","0","2","0","0","0","0","0","3","0","2","N","","","","","","","","","","","","03","  ","","",""
"1206","2","0","0","0","0","0","0","0","0","4","0","","36","02","2019","2019024330","2","40.0395","-76.3596","1205","08","0","0","0","0","0","1","0","0","","0","0","0","12","1","1","00","0","40 02:22.320","","00","76 21:34.670","3","0","0","0","36214","0","0","0","N","0","0","0","4","36214","0","","1","01","N","N","0","","1","0","0","0","0","","1203","1","2","0","0","0","0","0","3","0","2","N","","","","","","","","","","","","03","  ","","",""
"1618","2","0","0","0","0","0","0","0","0","4","0","","36","02","2019","2019024331","2","40.0395","-76.3596","1607","08","0","0","0","0","0","0","1","0","","0","0","0","16","1","1","00","0","40 02:22.320","","00","76 21:34.670","3","0","0","0","36214","0","0","0","N","0","0","0","2","36214","0","","1","01","N","N","0","","1","0","0","0","0","","1605","1","2","0","0","0","0","0","3","0","2","N","","","","","","","","","","","","03","  ","","",""
"0345","1","0","0","0","0","0","0","0","0","0","0","","36","03","2019","2019024332","6","40.0919","-76.3869","0338","08","0","0","0","1","0","0","0","0","","0","0","0","03","2","0","00","0","40 05:30.881","","00","76 23:12.966","0","0","0","0","36214","0","0","0","N","0","0","0","1","36214","0","","1","07","N","N","0","","0","0","0","0","0","","0330","0","1","0","0","0","0","0","3","0","1","N","","","","","","","","","","","","10","  ","","",""
"1837","0","0","0","0","0","0","0","0","0","7","0","","36","02","2019","2019024333","4","40.0033","-76.3632","1830","08","0","0","0","0","0","0","0","0","2","0","0","0","18","3","0","01","1","40 00:11.952","4","00","76 21:47.484","0","0","0","0","36412","0","0","0","N","0","0","0","2","36223","0","","5","01","N","N","0","","0","0","1","0","0","N","1829","0","1","0","0","1","0","0","3","0","1","N","","","","","","","","","","","","03","  ","","",""
"0404","1","0","0","0","0","0","0","0","0","7","0","","36","02","2019","2019024485","4","40.0702","-76.3277","0356","08","0","0","0","0","0","0","0","0","","0","0","0","03","3","1","00","0","40 04:12.591","","00","76 19:39.798","3","0","0","0","36101","0","0","0","N","0","0","0","1","36101","0","","4","01","N","N","0","","1","0","0","0","0","","0354","1","1","0","0","0","0","0","3","0","1","N","","","","","","","","","","","","03","  ","","",""
"1923","2","0","0","0","0","0","0","0","0","4","0","","36","03","2019","2019024486","6","40.0606","-76.2768","1917","08","0","0","0","1","0","0","0","0","2","0","0","0","19","3","0","01","1","40 03:38.263","4","00","76 16:36.564","0","0","0","0","36101","0","0","0","N","0","0","0","2","36101","0","","1","01","N","N","0","","0","0","0","3","2","N","1916","0","2","0","0","0","0","0","3","0","2","N","","","","","","","","","","","","03","  ","","",""
"1459","1","0","0","0","0","0","0","0","0","1","0","","36","03","2019","2019024549","6","40.1648","-76.2006","1453","08","0","0","0","0","0","0","1","0","1","0","0","0","14","1","0","00","1","40 09:53.231","2","00","76 12:02.211","0","0","0","0","36218","0","0","0","N","0","0","0","2","36408","0","","1","09","N","N","0","","0","0","0","0","0","N","1450","0","2","0","0","0","0","0","1","1","2","N","","","","","","","","","","","","03","  ","","",""
"1250","1","0","0","0","0","0","0","0","0","7","0","","36","03","2019","2019024574","7","39.9858","-76.2836","1242","08","0","1","0","0","0","0","0","0","","0","0","0","12","1","0","01","0","39 59:08.888","","00","76 17:01.092","0","0","0","0","36240","0","0","0","N","0","0","0","2","36240","0","","2","09","N","N","0","","0","0","0","0","0","","1240","0","1","0","0","0","0","0","1","0","1","N","","","","","","","","","","","","03","  ","","",""
"1024","0","0","0","0","0","0","0","0","0","7","0","","36","02","2019","2019024577","7","40.2457","-76.2198","1007","08","0","0","0","0","0","0","0","0","","0","0","0","10","1","2","00","0","40 14:44.636","","00","76 13:11.211","3","0","0","0","36204","0","0","0","N","0","0","0","3","68T06","0","","4","01","N","N","0","","2","0","0","0","0","","1000","2","1","0","0","0","0","0","1","1","1","N","","","","","","","","","","","","03","  ","","",""
"1220","1","0","0","0","0","0","0","0","0","7","1","","36","02","2019","2019024582","3","40.2314","-76.1255","1214","08","0","0","0","0","0","1","1","0","3","0","1","0","12","1","1","00","2","40 13:53.096","4","00","76 07:31.763","3","0","0","0","36405","0","0","0","Y","0","0","0","2","68T06","0","","1","06","N","N","0","","1","0","0","0","0","Y","1214","1","2","0","0","0","0","0","1","0","2","N","","","","","","","","","","","","09","  ","","",""
"1130","0","0","0","0","0","0","0","0","0","7","1","","36","02","2019","2019024597","4","40.2406","-76.1389","1124","08","0","0","0","0","0","0","0","0","","0","1","0","11","1","0","00","0","40 14:26.175","","00","76 08:19.875","0","0","0","0","36405","0","0","0","N","0","0","0","1","68T06","0","","4","07","N","N","0","","0","0","0","0","0","","1124","0","1","0","0","0","0","0","1","0","1","N","","","","","","","","","","","","10","  ","","",""
"1355","0","0","0","0","0","0","0","0","0","7","2","","36","02","2019","2019024598","4","40.2394","-76.1332","1351","08","0","0","0","0","0","0","0","0","2","0","2","0","13","1","1","00","2","40 14:22.010","4","00","76 07:59.447","3","0","0","0","36405","0","0","0","N","0","0","0","3","68T06","0","","4","09","N","N","0","","1","0","0","0","0","N","1351","1","2","0","0","0","0","0","1","0","2","N","","","","","","","","","","","","10","  ","","",""
"1435","0","0","0","0","0","0","0","0","0","7","0","","36","02","2019","2019024599","4","40.243","-76.2385","1405","08","0","0","0","0","0","0","0","0","","0","0","0","13","1","1","00","0","40 14:34.762","","00","76 14:18.615","3","0","0","0","36204","0","0","0","N","0","0","0","2","68T06","0","","3","06","N","N","0","","1","0","1","0","0","","1345","1","1","0","0","0","0","0","1","0","1","N","","","","","","","","","","","","10","  ","","",""
"0755","0","0","0","0","0","0","0","0","0","0","1","","36","02","2019","2019024605","6","40.215","-76.0683","0753","08","0","0","0","0","0","1","0","0","","0","1","0","07","1","0","07","0","40 12:54.028","","02","76 04:05.943","0","0","0","0","36202","0","0","0","N","0","0","0","1","68T06","0","","5","01","N","N","0","","0","0","0","0","0","","0752","0","1","0","0","0","0","0","1","0","1","N","","","","","","","","","","","","03","  ","","",""