"ARRIVAL_TM","AUTOMOBILE_COUNT","BELTED_DEATH_COUNT","BELTED_SUSP_SERIOUS_INJ_COUNT","BICYCLE_COUNT","BICYCLE_DEATH_COUNT","BICYCLE_SUSP_SERIOUS_INJ_COUNT","BUS_COUNT","CHLDPAS_DEATH_COUNT","CHLDPAS_SUSP_SERIOUS_INJ_COUNT","COLLISION_TYPE","COMM_VEH_COUNT","CONS_ZONE_SPD_LIM","COUNTY","CRASH_MONTH","CRASH_YEAR","CRN","DAY_OF_WEEK","DEC_LAT","DEC_LONG","DISPATCH_TM","DISTRICT","DRIVER_COUNT_16YR","DRIVER_COUNT_17YR","DRIVER_COUNT_18YR","DRIVER_COUNT_19YR","DRIVER_COUNT_20YR","DRIVER_COUNT_50_64YR","DRIVER_COUNT_65_74YR","DRIVER_COUNT_75PLUS","EST_HRS_CLOSED","FATAL_COUNT","HEAVY_TRUCK_COUNT","HORSE_BUGGY_COUNT","HOUR_OF_DAY","ILLUMINATION","INJURY_COUNT","INTERSECT_TYPE","LANE_CLOSED","LATITUDE","LN_CLOSE_DIR","LOCATION_TYPE","LONGITUDE","MAX_SEVERITY_LEVEL","MCYCLE_DEATH_COUNT","MCYCLE_SUSP_SERIOUS_INJ_COUNT","MOTORCYCLE_COUNT","MUNICIPALITY","NONMOTR_COUNT","NONMOTR_DEATH_COUNT","NONMOTR_SUSP_SERIOUS_INJ_COUNT","NTFY_HIWY_MAINT","PED_COUNT","PED_DEATH_COUNT","PED_SUSP_SERIOUS_INJ_COUNT","PERSON_COUNT","POLICE_AGCY","POSSIBLE_INJ_COUNT","RDWY_SURF_TYPE_CD","RELATION_TO_ROAD","ROAD_CONDITION","SCH_BUS_IND","SCH_ZONE_IND","SMALL_TRUCK_COUNT","SPEC_JURIS_CD","SUSP_MINOR_INJ_COUNT","SUSP_SERIOUS_INJ_COUNT","SUV_COUNT","TCD_FUNC_CD","TCD_TYPE","TFC_DETOUR_IND","TIME_OF_DAY","TOT_INJ_COUNT","TOTAL_UNITS","UNB_DEATH_COUNT","UNB_SUSP_SERIOUS_INJ_COUNT","UNBELTED_OCC_COUNT","UNK_INJ_DEG_COUNT","UNK_INJ_PER_COUNT","URBAN_RURAL","VAN_COUNT","VEHICLE_COUNT","WORK_ZONE_IND","WORK_ZONE_LOC","WORK_ZONE_TYPE","WORKERS_PRES","WZ_CLOSE_DETOUR","WZ_FLAGGER","WZ_LAW_OFFCR_IND","WZ_LN_CLOSURE","WZ_MOVING","WZ_OTHER","WZ_SHLDER_MDN","ROADWAY_CLEARED","WEATHER1","WEATHER2","WZ_WORKERS_INJ_KILLED","SECONDARY_CRASH","INTERSECTION_RELATED"
"1430","0","0","0","0","0","0","0","0","0","0","1","","36","02","2019","2019024610","1","40.2288","-76.4374","1405","08","0","0","0","0","0","1","0","0","2","0","1","0","14","1","0","00","2","40 13:43.800","3","02","76 26:14.700","0","0","0","0","36230","0","0","0","N","0","0","0","1","68T06","0","","3","01","N","N","0","","0","0","0","0","0","Y","1405","0","1","0","0","0","0","0","1","0","1","N","","","","","","","","","","","","03","  ","","",""
"1741","1","0","0","0","0","0","0","0","0","7","0","","36","03","2019","2019024626","6","40.2242","-76.4212","1741","08","0","0","0","0","0","0","1","0","","0","0","0","17","4","0","00","0","40 13:27.177","","00","76 25:16.362","0","0","0","0","36227","0","0","0","N","0","0","0","2","68T06","0","","4","01","N","N","0","","0","0","0","0","0","","1741","0","1","0","0","0","0","0","1","0","1","N","","","","","","","","","","","","03","  ","","",""
"1255","2","0","0","0","0","0","0","0","0","1","0","","36","02","2019","2019024631","5","40.0558","-76.5262","1246","08","0","0","0","0","0","0","1","0","","0","0","0","12","1","0","02","0","40 03:21.009","","00","76 31:34.247","0","0","0","0","36211","0","0","0","N","0","0","0","3","36504","0","","1","01","N","N","0","","0","0","0","0","0","","1245","0","2","0","0","0","0","0","1","0","2","N","","","","","","","","","","","","03","  ","","",""
"0803","2","0","0","0","0","0","0","0","0","6","0","","36","03","2019","2019024634","7","40.0794","-76.5116","0746","08","0","0","0","0","0","1","0","0","2","0","0","0","07","1","1","00","1","40 04:45.751","2","00","76 30:41.931","4","0","0","0","36211","0","0","0","N","0","0","0","2","36504","1","","1","09","N","N","0","","0","0","0","0","0","N","0746","1","2","0","0","0","0","0","1","0","2","N","","","","","","","","","","","","10","  ","","",""
"1821","1","0","0","0","0","0","0","0","0","2","0","","36","01","2019","2019024660","7","40.0735","-76.3084","1818","08","0","0","0","0","0","1","0","0","2","0","0","0","18","3","3","00","2","40 04:24.758","5","00","76 18:30.134","3","0","0","0","36101","0","0","0","N","0","0","0","3","36101","0","","1","06","N","N","0","","3","0","1","0","0","Y","1817","3","2","0","0","3","0","0","3","0","2","N","","","","","","","","","","","","10","  ","","",""
"1748","1","0","0","0","0","0","0","0","0","4","0","","36","03","2019","2019024661","6","40.0945","-76.3046","1746","08","0","0","0","0","0","2","0","0","","0","0","0","17","3","1","02","0","40 05:40.207","","00","76 18:16.557","8","0","0","0","36101","0","0","0","N","0","0","0","2","36101","0","","1","01","N","N","0","","0","0","1","3","2","","1746","1","2","0","0","0","1","0","3","0","2","N","","","","","","","","","","","","03","  ","","",""
"0126","1","0","0","0","0","0","0","0","0","7","0","","36","03","2019","2019024677","7","40.0382","-76.4395","0116","08","0","0","0","0","0","1","0","0","2","0","0","0","01","3","0","00","1","40 02:17.438","3","00","76 26:22.286","0","0","0","0","36414","0","0","0","Y","0","0","0","1","36239","0","","2","07","N","N","0","","0","0","0","0","0","N","0112","0","1","0","0","0","0","0","3","0","1","N","","","","","","","","","","","","10","  ","","",""
"1405","1","0","0","0","0","0","0","0","0","7","0","","36","02","2019","2019024695","4","40.1473","-76.1838","1357","08","0","0","0","0","0","1","0","0","2","0","0","0","13","1","0","00","1","40 08:50.197","1","00","76 11:01.698","0","0","0","0","36238","0","0","0","Y","0","0","0","1","36238","0","","3","06","N","N","0","","0","0","0","0","0","N","1355","0","1","0","0","0","0","0","3","0","1","N","","","","","","","","","","","","10","  ","","",""
"0100","1","0","0","0","0","0","0","0","0","7","0","","36","03","2019","2019024696","7","40.0656","-76.4558","0050","08","0","0","0","0","0","0","0","0","3","0","0","0","00","2","0","00","1","40 03:56.066","4","00","76 27:20.877","0","0","0","0","36239","0","0","0","N","0","0","0","2","36239","0","","5","07","N","N","0","","0","0","0","0","0","N","0050","0","1","0","0","0","0","0","3","0","1","N","","","","","","","","","","","","10","  ","","",""
"0200","1","0","0","0","0","0","0","0","0","7","0","","36","03","2019","2019024701","7","40.0417","-76.4096","0146","08","0","0","0","0","0","0","0","0","3","0","0","0","01","2","0","00","1","40 02:30.000","2","00","76 24:34.700","0","0","0","0","36239","0","0","0","N","0","0","0","2","36239","0","","4","07","N","N","0","","0","0","0","0","0","N","0146","0","1","0","0","0","0","0","3","0","1","N","","","","","","","","","","","","10","  ","","",""
"1239","3","0","0","0","0","0","0","0","0","1","0","","36","02","2019","2019024713","5","40.1237","-76.2139","1234","08","0","0","0","0","0","1","0","0","2","0","0","0","12","1","0","02","1","40 07:25.263","2","00","76 12:49.889","0","0","0","0","36238","0","0","0","N","0","0","0","4","36238","0","","1","01","N","N","0","","0","0","0","0","0","N","1230","0","3","0","0","0","0","0","3","0","3","N","","","","","","","","","","","","03","  ","","",""
"2058","2","0","0","0","0","0","0","0","0","4","0","","36","02","2019","2019024717","2","","","2046","08","0","0","0","0","0","0","0","0","2","0","0","0","20","4","0","01","2","","5","07","","0","0","0","0","36301","0","0","0","N","0","0","0","3","36301","0","","1","01","N","N","0","","0","0","0","0","0","Y","2046","0","2","0","0","0","0","0","3","0","2","N","","","","","","","","","","","","03","  ","","",""
"0118","0","0","0","0","0","0","0","0","0","7","0","","36","02","2019","2019024805","7","40.0229","-76.3048","0104","08","0","0","0","0","0","0","0","0","2","0","0","0","01","3","0","05","1","40 01:22.431","1","00","76 18:17.120","0","0","0","0","36220","0","0","0","N","0","0","0","1","36101","0","","2","06","N","N","0","","0","0","1","3","4","N","0102","0","1","0","0","0","0","0","3","0","1","N","","","","","","","","","","","","10","  ","","",""
"0743","0","0","0","0","0","0","0","0","0","1","1","","36","01","2019","2019024819","2","40.1578","-76.1538","0732","08","0","0","0","0","0","0","0","0","","0","1","0","07","1","0","00","0","40 09:28.113","","00","76 09:13.727","0","0","0","0","36238","0","0","0","N","0","0","0","2","36238","0","","1","01","N","N","0","","0","0","1","0","0","","0724","0","2","0","0","0","0","0","3","0","2","N","","","","","","","","","","","","03","  ","","",""
"1711","1","0","0","0","0","0","0","0","0","4","0","","36","03","2019","2019024827","7","40.0319","-76.471","1705","08","0","0","0","0","0","1","0","0","2","0","0","0","17","1","3","02","1","40 01:54.857","6","00","76 28:15.714","3","0","0","0","36239","0","0","0","N","0","0","0","6","36239","2","","1","01","N","N","0","","1","0","2","0","0","N","1705","3","3","0","0","0","0","0","3","0","3","N","","","","","","","","","","","","03","  ","","",""
"1510","2","0","0","0","0","0","0","0","0","4","0","","36","03","2019","2019024834","7","40.1708","-76.206","1507","08","0","0","0","0","0","0","0","1","","0","0","0","15","1","0","02","0","40 10:14.840","","00","76 12:21.560","0","0","0","0","36218","0","0","0","N","0","0","0","2","36408","0","","1","01","N","N","0","","0","0","0","3","3","","1506","0","2","0","0","0","0","0","1","0","2","N","","","","","","","","","","","","03","  ","","",""
"1047","2","0","0","0","0","0","0","0","0","1","0","","36","02","2019","2019024930","3","40.142","-76.554","1042","08","0","0","0","0","1","0","0","0","","0","0","0","10","1","0","00","0","40 08:31.288","","00","76 33:14.327","0","0","0","0","36225","0","0","0","N","0","0","0","2","36505","0","","1","01","N","N","0","","0","0","0","0","0","N","1040","0","2","0","0","0","0","0","2","0","2","N","","","","","","","","","","","","03","  ","","",""
"0830","1","0","0","0","0","0","0","0","0","7","0","","36","03","2019","2019024931","7","40.2764","-76.17","0800","08","0","0","0","0","0","0","0","0","","0","0","0","02","2","0","00","0","40 16:35.128","","00","76 10:12.032","0","0","0","0","36236","0","0","0","N","0","0","0","1","36408","0","","5","07","N","N","0","","0","0","0","0","0","","0200","0","1","0","0","0","0","0","1","0","1","N","","","","","","","","","","","","10","  ","","",""
"0854","1","0","0","0","0","0","0","0","0","5","0","","36","02","2019","2019024944","3","40.2283","-76.0815","0852","08","0","0","0","0","1","0","0","0","","0","0","0","08","1","0","00","0","40 13:41.960","","00","76 04:53.360","0","0","0","0","36210","0","0","0","N","0","0","0","1","36210","0","","1","01","N","N","1","","0","0","0","0","0","","0850","0","2","0","0","0","0","0","1","0","2","N","","","","","","","","","","","","03","  ","","",""
"0747","1","0","0","0","0","0","0","0","0","0","0","","36","03","2019","2019024947","7","40.1072","-76.6593","0736","08","0","0","0","0","0","1","0","0","","0","0","0","07","1","0","00","0","40 06:25.765","","00","76 39:33.401","0","0","0","0","36207","0","0","0","N","0","0","0","1","36504","0","","5","07","N","N","0","","0","0","0","0","0","","0733","0","1","0","0","0","0","0","1","0","1","N","","","","","","","","","","","","10","  ","","",""
"0721","1","0","0","0","0","0","0","0","0","7","0","","36","02","2019","2019024954","6","40.0092","-76.2665","0717","08","0","0","0","0","1","0","0","0","3","0","0","0","07","1","0","00","2","40 00:32.997","5","00","76 15:59.346","0","0","0","0","36240","0","0","0","N","0","0","0","1","36240","0","","2","01","N","N","0","","0","0","0","0","0","Y","0715","0","1","0","0","0","0","0","1","0","1","N","","","","","","","","","","","","03","  ","","",""
"1724","0","0","0","0","0","0","0","0","0","5","0","","36","03","2019","2019024967","6","40.2186","-76.092","1716","08","0","0","0","0","0","1","0","0","","0","0","0","17","1","0","00","0","40 13:06.987","","00","76 05:31.335","0","0","0","0","36210","0","0","0","N","0","0","0","2","36210","0","","1","01","N","N","0","","0","0","2","0","0","","1714","0","2","0","0","0","0","0","1","0","2","N","","","","","","","","","","","","03","  ","","",""
"1033","0","0","0","0","0","0","0","0","0","7","0","","36","02","2019","2019024977","4","40.0742","-76.3207","1028","08","0","0","0","0","0","1","0","0","1","0","0","0","10","1","0","01","1","40 04:26.753","2","00","76 19:14.656","0","0","0","0","36101","0","0","0","N","0","0","0","1","36101","0","","2","07","N","N","0","","0","0","1","0","0","N","1025","0","1","0","0","0","0","0","3","0","1","N","","","","","","","","","","","","10","  ","","",""
"0557","1","0","0","0","0","0","0","0","0","7","0","","36","03","2019","2019024978","7","40.0608","-76.3598","0542","08","0","0","0","0","0","0","0","0","","0","0","0","05","2","0","01","0","40 03:38.802","","01","76 21:35.222","0","0","0","0","36214","0","0","0","N","0","0","0","1","36214","0","","2","06","N","N","0","","0","0","0","0","0","","0538","0","1","0","0","0","0","0","3","0","1","N","","","","","","","","","","","","10","  ","","",""
"1205","1","0","0","0","0","0","0","0","0","7","0","","36","03","2019","2019024979","7","40.1064","-76.4308","1156","08","0","0","0","0","0","0","0","0","2","0","0","0","11","1","1","00","1","40 06:23.061","3","00","76 25:50.776","3","0","0","0","36214","0","0","0","N","0","0","0","7","36214","0","","3","09","N","N","0","","1","0","1","0","0","Y","1155","1","2","0","0","0","0","0","3","0","2","N","","","","","","","","","","","","03","  ","","",""
"1005","0","0","0","0","0","0","0","0","0","7","0","","36","02","2019","2019024980","4","40.0356","-76.3043","1000","08","0","0","0","0","0","0","0","0","3","0","0","0","10","1","0","02","2","40 02:08.178","2","00","76 18:15.443","0","0","0","0","36301","0","0","0","N","0","0","0","1","36301","0","","5","06","N","N","0","","0","0","1","0","0","Y","1000","0","1","0","0","0","0","0","3","0","1","N","","","","","","","","","","","","10","  ","","",""
"2016","1","0","0","0","0","0","0","0","0","7","0","","36","03","2019","2019024996","6","40.1316","-76.4025","2009","08","0","0","1","0","0","0","0","0","2","0","0","0","20","2","0","00","2","40 07:53.847","7","00","76 24:09.070","0","0","0","0","36227","0","0","0","N","0","0","0","1","36506","0","","2","01","N","N","0","","0","0","0","0","0","Y","2007","0","1","0","0","0","0","0","1","0","1","N","","","","","","","","","","","","03","  ","","",""
"0842","1","0","0","0","0","0","0","0","0","4","0","","36","03","2019","2019025053","6","40.1468","-76.2809","0840","08","0","0","0","0","1","1","0","0","1","0","0","0","08","1","2","02","2","40 08:48.320","7","00","76 16:51.122","8","0","0","0","36235","0","0","0","N","0","0","0","2","36506","0","","1","02","N","N","0","","0","0","1","3","3","Y","0837","2","2","0","0","0","2","0","1","0","2","N","","","","","","","","","","","","03","  ","","",""
"0653","0","0","0","0","0","0","0","0","0","7","0","","36","03","2019","2019025054","6","40.1341","-76.3274","0641","08","0","0","0","0","0","0","0","0","1","0","0","0","06","1","0","00","1","40 08:02.769","1","00","76 19:38.605","0","0","0","0","36235","0","0","0","N","0","0","0","1","36506","0","","2","06","N","N","0","","0","0","1","0","0","N","0641","0","1","0","0","0","0","0","1","0","1","N","","","","","","","","","","","","10","  ","","",""
"2007","1","0","0","0","0","0","0","0","0","7","0","","36","03","2019","2019025061","1","40.0557","-76.3855","2000","08","0","0","0","0","0","0","0","0","4","0","0","0","20","2","1","00","2","40 03:20.407","6","00","76 23:07.901","8","0","0","0","36214","0","0","0","N","0","0","0","1","36214","0","","4","07","N","N","0","","0","0","0","0","0","Y","2000","1","1","0","0","0","1","0","3","0","1","N","","","","","","","","","","","","10","  ","","",""
"1241","1","0","0","0","0","0","0","0","0","4","0","","36","02","2019","2019025087","4","40.0827","-76.358","1232","08","0","0","0","0","0","1","0","0","","0","1","0","12","1","0","00","0","40 04:57.543","","00","76 21:28.730","0","0","0","0","36214","0","0","0","N","0","0","0","2","36214","0","","1","07","N","N","0","","0","0","0","0","0","","1229","0","2","0","0","0","0","0","3","0","2","N","","","","","","","","","","","","10","  ","","",""
"0241","1","0","0","0","0","0","0","0","0","7","0","","36","03","2019","2019025089","6","40.158","-76.6123","0241","08","0","0","0","0","0","0","0","0","1","0","0","0","02","3","0","00","0","40 09:28.688","","00","76 36:44.237","0","0","0","0","36237","0","0","0","N","0","0","0","1","36505","0","","5","07","N","N","0","","0","0","0","0","0","N","0241","0","1","0","0","0","0","0","1","0","1","N","","","","","","","","","","","","10","  ","","",""
"1908","0","0","0","0","0","0","0","0","0","7","0","","36","03","2019","2019025093","1","39.9893","-76.2557","1859","08","0","0","0","0","0","0","0","0","2","0","0","0","18","6","0","00","1","39 59:21.575","2","00","76 15:20.524","0","0","0","0","36240","0","0","0","N","0","0","0","1","36240","0","","4","07","N","N","0","","0","0","1","0","0","N","1859","0","1","0","0","0","0","0","1","0","1","N","","","","","","","","","","","","10","  ","","",""
"1105","1","0","0","0","0","0","0","0","0","4","0","","36","02","2019","2019025099","5","40.0631","-76.351","1100","08","0","0","0","0","0","0","0","0","1","0","0","0","10","1","0","00","1","40 03:47.036","5","07","76 21:03.545","0","0","0","0","36214","0","0","0","N","0","0","0","2","36214","0","","1","01","N","N","1","","0","0","0","3","2","N","1055","0","2","0","0","0","0","0","3","0","2","N","","","","","","","","","","","","03","  ","","",""
"1400","1","0","0","0","0","0","0","0","0","6","1","","36","02","2019","2019025101","2","39.9991","-76.2647","1358","08","0","0","0","0","0","1","0","0","3","0","1","0","13","1","0","03","2","39 59:56.924","7","03","76 15:52.767","0","0","0","0","36240","0","0","0","N","0","0","0","2","36240","0","","1","01","N","N","0","","0","0","0","3","4","Y","1356","0","2","0","0","0","0","0","1","0","2","N","","","","","","","","","","","","03","  ","","",""
"0246","0","0","0","0","0","0","0","0","0","7","0","","36","03","2019","2019025102","7","40.1052","-76.3868","0236","08","0","0","0","0","0","0","0","0","","0","0","0","02","2","0","00","0","40 06:18.700","","00","76 23:12.400","0","0","0","0","36214","0","0","0","N","0","0","0","1","36214","0","","5","07","N","N","0","","0","0","1","0","0","","0230","0","1","0","0","0","0","0","3","0","1","N","","","","","","","","","","","","10","  ","","",""
"1741","1","0","0","0","0","0","0","0","0","0","0","","36","03","2019","2019025162","1","40.1316","-76.1712","1734","08","0","0","0","0","1","0","0","0","","0","0","0","17","2","0","02","0","40 07:53.646","","00","76 10:16.443","0","0","0","0","36238","0","0","0","N","0","0","0","4","36238","0","","1","09","N","N","0","","0","0","0","3","3","","1730","0","1","0","0","0","0","0","3","0","1","N","","","","","","","","","","","","10","  ","","",""
"0113","1","0","0","0","0","0","0","0","0","7","0","","36","03","2019","2019025165","7","40.04","-76.2873","0048","08","0","0","0","1","0","0","0","0","2","0","0","0","00","3","0","00","1","40 02:23.991","1","00","76 17:14.359","0","0","0","0","36301","0","0","0","N","0","0","0","1","36301","0","","5","07","N","N","0","","0","0","0","0","0","N","0048","0","1","0","0","0","0","0","3","0","1","N","","","","","","","","","","","","10","  ","","",""
"1520","1","0","0","0","0","0","0","0","0","1","0","","36","03","2019","2019025184","7","40.075","-76.3365","1515","08","0","0","0","0","0","1","0","0","","0","0","0","15","1","4","00","0","40 04:29.883","","00","76 20:11.533","4","0","0","0","36101","0","0","0","N","0","0","0","5","36101","4","","1","01","N","N","0","","0","0","0","0","0","","1515","4","2","0","0","0","0","0","3","1","2","N","","","","","","","","","","","","03","  ","","",""
"1657","1","0","0","0","0","0","0","0","0","7","0","","36","02","2019","2019025201","4","40.046","-76.3099","1649","08","0","0","0","0","0","0","0","0","1","0","0","0","16","1","0","02","2","40 02:45.474","4","00","76 18:35.715","0","0","0","0","36301","0","0","0","N","0","0","0","1","36301","0","","1","01","N","N","0","","0","0","0","3","3","Y","1649","0","1","0","0","0","0","0","3","0","1","N","","","","","","","","","","","","03","  ","","",""
"0621","2","0","0","0","0","0","0","0","0","4","0","","36","02","2019","2019025218","5","40.0422","-76.2957","0619","08","0","0","0","1","1","0","0","0","","0","0","0","06","1","0","01","0","40 02:32.089","","00","76 17:44.343","0","0","0","0","36301","0","0","0","N","0","0","0","2","36301","0","","1","01","N","N","0","","0","0","0","3","3","","0619","0","2","0","0","0","0","0","3","0","2","N","","","","","","","","","","","","03","  ","","",""
"1645","1","0","0","0","0","0","0","0","0","4","0","","36","02","2019","2019025225","1","40.0449","-76.3049","1637","08","0","0","0","0","0","0","0","0","2","0","0","0","16","1","0","00","2","40 02:41.564","2","00","76 18:17.719","0","0","0","0","36301","0","0","0","N","0","0","0","1","36301","0","","4","01","N","N","0","","0","0","1","0","0","Y","1635","0","2","0","0","0","0","0","3","0","2","N","","","","","","","","","","","","03","  ","","",""
"0953","3","0","0","0","0","0","0","0","0","1","0","","36","03","2019","2019025288","2","40.0336","-76.3167","0943","08","0","0","0","0","0","1","0","0","","0","0","0","09","1","0","00","0","40 02:01.096","","00","76 19:00.283","0","0","0","0","36301","0","0","0","N","0","0","0","3","36301","0","","1","09","N","N","0","","0","0","0","0","0","","0941","0","3","0","0","0","0","0","3","0","3","N","","","","","","","","","","","","10","  ","","",""
"1635","1","0","0","0","0","0","0","0","0","8","0","","36","02","2019","2019025292","2","40.0459","-76.3072","1630","08","0","0","0","0","0","0","0","1","","0","0","0","21","3","1","01","0","40 02:45.142","","00","76 18:25.864","8","0","0","0","36301","1","0","0","N","1","0","0","2","36301","0","","1","01","N","N","0","","0","0","0","3","2","","2130","1","2","0","0","0","1","0","3","0","1","N","","","","","","","","","","","","03","  ","","",""
"1937","1","0","0","0","0","0","0","0","0","7","0","","36","01","2019","2019025305","3","40.235","-76.0465","1937","08","0","0","0","0","0","0","0","0","","0","0","0","19","2","0","00","0","40 14:06.057","","00","76 02:47.342","0","0","0","0","36202","0","0","0","Y","0","0","0","1","68J01","0","","3","07","N","N","0","","0","0","0","0","0","","1937","0","1","0","0","0","0","0","1","0","1","N","","","","","","","","","","","","10","  ","","",""
"2226","0","0","0","0","0","0","0","0","0","7","0","","36","01","2019","2019025309","4","39.946","-76.0467","2153","08","0","0","0","0","1","0","0","0","","0","0","0","21","2","0","00","0","39 56:45.726","","00","76 02:48.020","9","0","0","0","36231","0","0","0","N","0","0","0","1","68J01","0","","4","07","N","N","0","","0","0","1","0","0","","2128","0","1","0","0","0","0","1","1","0","1","N","","","","","","","","","","","","03","  ","","",""
"0552","0","0","0","0","0","0","0","0","0","0","0","","36","02","2019","2019025333","4","40.2273","-76.3021","0533","08","0","0","0","0","0","0","0","1","2","0","0","0","05","2","1","00","2","40 13:38.136","5","00","76 18:07.534","4","0","0","0","36217","0","0","0","N","0","0","0","1","68J01","1","","1","02","N","N","0","","0","0","0","0","0","Y","0525","1","1","0","0","0","0","0","1","1","1","N","","","","","","","","","","","","10","  ","","",""
"0848","1","0","0","0","0","0","0","0","0","1","0","","36","02","2019","2019025353","3","40.2204","-76.2604","0841","08","0","0","0","0","0","1","0","0","1","0","0","0","08","1","0","03","1","40 13:13.349","4","00","76 15:37.416","0","0","0","0","36217","0","0","0","N","0","0","0","2","68J01","0","","1","01","N","N","1","","0","0","0","0","0","N","0832","0","2","0","0","0","0","0","1","0","2","N","","","","","","","","","","","","03","  ","","",""
"1506","1","0","0","0","0","0","0","0","0","4","0","","36","02","2019","2019025378","7","39.9298","-76.0547","1442","08","0","0","0","0","1","0","0","1","2","0","0","0","14","1","0","01","1","39 55:47.340","1","00","76 03:17.055","0","0","0","0","36201","0","0","0","N","0","0","0","2","68J01","0","","1","01","N","N","0","","0","0","0","3","3","N","1431","0","2","0","0","0","0","0","1","1","2","N","","","","","","","","","","","","03","  ","","",""
"1826","0","0","0","0","0","0","0","0","0","7","0","","36","03","2019","2019025492","1","39.8327","-76.2459","1807","08","0","0","0","0","0","0","0","0","2","0","0","0","18","2","0","00","2","39 49:57.600","5","00","76 14:45.200","0","0","0","0","36208","0","0","0","N","0","0","0","2","68J01","0","","4","07","N","N","0","","0","0","1","0","0","N","1806","0","1","0","0","0","0","0","1","0","1","N","","","","","","","","","","","","10","  ","","",""
"1908","1","0","0","0","0","0","0","0","0","7","0","","36","03","2019","2019025493","1","40.0893","-75.9452","1809","08","0","0","0","0","0","0","0","0","","0","0","0","18","2","0","00","0","40 05:21.540","","00","75 56:42.710","0","0","0","0","36232","0","0","0","N","0","0","0","1","68J01","0","","4","07","N","N","0","","0","0","0","0","0","","1808","0","1","0","0","0","0","0","1","0","1","N","","","","","","","","","","","","10","  ","","",""
"1855","0","0","0","0","0","0","0","0","0","7","0","","36","03","2019","2019025496","1","39.8707","-76.242","1850","08","0","0","0","0","0","0","0","0","2","0","0","0","18","2","0","00","1","39 52:14.590","3","00","76 14:31.133","0","0","0","0","36208","0","0","0","N","0","0","0","4","68J01","0","","4","07","N","N","0","","0","0","1","0","0","N","1825","0","1","0","0","0","0","0","1","0","1","N","","","","","","","","","","","","10","  ","","",""
"2002","1","0","0","0","0","0","0","0","0","7","0","","36","03","2019","2019025499","1","39.8726","-76.2287","1958","08","0","0","0","0","0","0","0","0","","0","0","0","19","3","0","00","0","39 52:21.487","","00","76 13:43.386","0","0","0","0","36208","0","0","0","N","0","0","0","1","68J01","0","","4","07","N","N","0","","0","0","0","0","0","","1950","0","1","0","0","0","0","0","1","0","1","N","","","","","","","","","","","","10","  ","","",""
"2139","2","0","0","0","0","0","0","0","0","1","0","","36","03","2019","2019025500","1","40.0117","-76.0466","2103","08","0","0","0","1","0","0","0","0","","0","0","0","20","2","0","00","0","40 00:42.038","","00","76 02:47.694","0","0","0","0","36232","0","0","0","N","0","0","0","3","68J01","0","","1","07","N","N","0","","0","0","0","0","0","","2057","0","2","0","0","0","0","0","1","0","2","N","","","","","","","","","","","","10","  ","","",""
"0300","1","0","0","0","0","0","0","0","0","7","0","","36","03","2019","2019025580","6","40.0555","-76.3849","0240","08","0","0","0","0","0","1","0","0","","0","0","0","02","2","0","02","0","40 03:19.960","","00","76 23:05.698","0","0","0","0","36214","0","0","0","N","0","0","0","1","36214","0","","5","07","N","N","0","","0","0","0","0","0","","0230","0","1","0","0","0","0","0","3","0","1","N","","","","","","","","","","","","10","  ","","",""
"1955","1","0","0","0","0","0","0","0","0","1","0","","36","03","2019","2019025631","1","40.1462","-76.5596","1947","08","0","0","0","0","0","2","0","0","1","0","0","0","19","2","1","00","2","40 08:46.187","3","00","76 33:34.419","3","0","0","0","36225","0","0","0","N","0","0","0","2","36505","0","","1","07","N","N","1","","1","0","0","4","7","N","1947","1","2","0","0","0","0","0","2","0","2","N","","","","","","","","","","","","10","  ","","",""
"0848","2","0","0","0","0","0","0","0","0","1","0","","36","02","2019","2019025643","6","40.1775","-76.1758","0846","08","0","0","0","0","0","1","0","0","","0","0","0","08","1","1","00","0","40 10:39.086","","00","76 10:32.829","3","0","0","0","36408","0","0","0","N","0","0","0","3","36408","0","","1","01","N","N","0","","1","0","1","0","0","","0846","1","3","0","0","0","0","0","2","0","3","N","","","","","","","","","","","","03","  ","","",""
"1814","0","0","0","0","0","0","0","0","0","4","0","","36","03","2019","2019025712","6","39.8689","-76.1527","1810","08","0","0","0","0","0","1","0","0","","0","0","0","18","2","0","01","0","39 52:08.045","","00","76 09:09.696","0","0","0","0","36212","0","0","0","N","0","0","0","4","68J01","0","","1","09","N","N","1","","0","0","1","3","3","","1808","0","2","0","0","0","0","0","1","0","2","N","","","","","","","","","","","","03","  ","","",""
"0621","0","0","0","0","0","0","0","0","0","7","0","","36","03","2019","2019025717","7","39.919","-76.2845","0541","08","0","0","0","0","0","0","0","0","","0","1","0","05","2","0","00","0","39 55:08.350","","00","76 17:04.360","0","0","0","0","36229","0","0","0","N","0","0","0","1","68J01","0","","4","07","N","N","0","","0","0","0","0","0","","0530","0","1","0","0","0","0","0","1","0","1","N","","","","","","","","","","","","10","  ","","",""