"ARRIVAL_TM","AUTOMOBILE_COUNT","BELTED_DEATH_COUNT","BELTED_SUSP_SERIOUS_INJ_COUNT","BICYCLE_COUNT","BICYCLE_DEATH_COUNT","BICYCLE_SUSP_SERIOUS_INJ_COUNT","BUS_COUNT","CHLDPAS_DEATH_COUNT","CHLDPAS_SUSP_SERIOUS_INJ_COUNT","COLLISION_TYPE","COMM_VEH_COUNT","CONS_ZONE_SPD_LIM","COUNTY","CRASH_MONTH","CRASH_YEAR","CRN","DAY_OF_WEEK","DEC_LAT","DEC_LONG","DISPATCH_TM","DISTRICT","DRIVER_COUNT_16YR","DRIVER_COUNT_17YR","DRIVER_COUNT_18YR","DRIVER_COUNT_19YR","DRIVER_COUNT_20YR","DRIVER_COUNT_50_64YR","DRIVER_COUNT_65_74YR","DRIVER_COUNT_75PLUS","EST_HRS_CLOSED","FATAL_COUNT","HEAVY_TRUCK_COUNT","HORSE_BUGGY_COUNT","HOUR_OF_DAY","ILLUMINATION","INJURY_COUNT","INTERSECT_TYPE","LANE_CLOSED","LATITUDE","LN_CLOSE_DIR","LOCATION_TYPE","LONGITUDE","MAX_SEVERITY_LEVEL","MCYCLE_DEATH_COUNT","MCYCLE_SUSP_SERIOUS_INJ_COUNT","MOTORCYCLE_COUNT","MUNICIPALITY","NONMOTR_COUNT","NONMOTR_DEATH_COUNT","NONMOTR_SUSP_SERIOUS_INJ_COUNT","NTFY_HIWY_MAINT","PED_COUNT","PED_DEATH_COUNT","PED_SUSP_SERIOUS_INJ_COUNT","PERSON_COUNT","POLICE_AGCY","POSSIBLE_INJ_COUNT","RDWY_SURF_TYPE_CD","RELATION_TO_ROAD","ROAD_CONDITION","SCH_BUS_IND","SCH_ZONE_IND","SMALL_TRUCK_COUNT","SPEC_JURIS_CD","SUSP_MINOR_INJ_COUNT","SUSP_SERIOUS_INJ_COUNT","SUV_COUNT","TCD_FUNC_CD","TCD_TYPE","TFC_DETOUR_IND","TIME_OF_DAY","TOT_INJ_COUNT","TOTAL_UNITS","UNB_DEATH_COUNT","UNB_SUSP_SERIOUS_INJ_COUNT","UNBELTED_OCC_COUNT","UNK_INJ_DEG_COUNT","UNK_INJ_PER_COUNT","URBAN_RURAL","VAN_COUNT","VEHICLE_COUNT","WORK_ZONE_IND","WORK_ZONE_LOC","WORK_ZONE_TYPE","WORKERS_PRES","WZ_CLOSE_DETOUR","WZ_FLAGGER","WZ_LAW_OFFCR_IND","WZ_LN_CLOSURE","WZ_MOVING","WZ_OTHER","WZ_SHLDER_MDN","ROADWAY_CLEARED","WEATHER1","WEATHER2","WZ_WORKERS_INJ_KILLED","SECONDARY_CRASH","INTERSECTION_RELATED"
"0700","1","0","0","0","0","0","0","0","0","7","0","","36","03","2019","2019025718","7","40.0072","-76.0058","0649","08","0","0","1","0","0","0","0","0","2","0","0","0","06","1","0","00","1","40 00:25.908","1","00","76 00:20.868","0","0","0","0","36232","0","0","0","N","0","0","0","1","68J01","0","","4","02","N","N","0","","0","0","0","0","0","N","0643","0","1","0","0","0","0","0","1","0","1","N","","","","","","","","","","","","10","  ","","",""
"0752","1","0","0","0","0","0","0","0","0","7","0","","36","03","2019","2019025719","7","40.1454","-75.9221","0720","08","0","0","0","0","0","0","0","0","","0","0","0","05","2","1","00","0","40 08:43.507","","00","75 55:19.483","3","0","0","0","36203","0","0","0","N","0","0","0","1","68J01","0","","4","07","N","N","0","","1","0","0","0","0","","0500","1","1","0","0","1","0","0","1","0","1","N","","","","","","","","","","","","10","  ","","",""
"1837","0","0","0","0","0","0","0","0","0","4","0","","36","03","2019","2019025788","2","40.0651","-76.344","1830","08","0","0","0","0","0","0","1","0","2","0","0","0","18","3","2","01","2","40 03:54.808","4","00","76 20:38.156","3","0","0","0","36101","0","0","0","N","0","0","0","2","36101","0","","1","01","N","N","0","","2","0","2","3","2","Y","1828","2","2","0","0","0","0","0","3","0","2","N","","","","","","","","","","","","03","  ","","",""
"0701","1","0","0","0","0","0","0","0","0","1","0","","36","02","2019","2019025789","2","40.1085","-76.0898","0656","08","0","0","0","0","0","0","0","0","1","0","0","0","06","5","0","00","1","40 06:30.608","2","00","76 05:23.267","0","0","0","0","36209","0","0","0","N","0","0","0","2","36415","0","","1","07","N","N","0","","0","0","1","0","0","N","0654","0","2","0","0","0","0","0","1","0","2","N","","","","","","","","","","","","10","  ","","",""
"0712","1","0","0","0","0","0","0","0","0","4","0","","36","02","2019","2019025790","2","40.0592","-76.069","0703","08","0","0","0","0","0","0","0","0","","0","0","0","07","1","0","01","0","40 03:33.201","","00","76 04:08.417","0","0","0","0","36209","0","0","0","N","0","0","0","2","36415","0","","1","07","N","N","0","","0","0","1","3","3","","0700","0","2","0","0","1","0","0","1","0","2","N","","","","","","","","","","","","10","  ","","",""
"1112","0","0","0","0","0","0","0","0","0","7","0","","36","02","2019","2019025791","4","40.0763","-76.0749","1108","08","0","0","0","0","0","0","0","0","3","0","0","0","11","1","0","00","2","40 04:34.666","5","00","76 04:29.502","0","0","0","0","36209","0","0","0","Y","0","0","0","1","36415","0","","5","07","N","N","0","","0","0","0","0","0","Y","1108","0","1","0","0","0","0","0","1","1","1","N","","","","","","","","","","","","10","  ","","",""
"0916","0","0","0","0","0","0","1","0","0","4","1","","36","02","2019","2019025792","5","40.1009","-76.1027","0908","08","0","0","0","0","0","0","1","0","","0","0","0","09","1","1","02","0","40 06:03.088","","00","76 06:09.802","3","0","0","0","36415","0","0","0","N","0","0","0","3","36415","0","","1","01","Y","N","0","","1","0","1","3","3","","0905","1","2","0","0","0","0","0","1","0","2","N","","","","","","","","","","","","03","  ","","",""
"1456","0","0","0","0","0","0","0","0","0","4","0","","36","02","2019","2019025793","7","40.0728","-76.1055","1451","08","0","0","0","0","0","1","0","1","","0","0","0","14","1","0","01","0","40 04:22.118","","00","76 06:19.973","0","0","0","0","36221","0","0","0","N","0","0","0","4","36415","0","","1","01","N","N","1","","0","0","1","3","3","","1429","0","2","0","0","0","0","0","1","0","2","N","","","","","","","","","","","","03","  ","","",""
"1511","1","0","0","0","0","0","0","0","0","1","0","","36","03","2019","2019025794","2","40.0924","-76.1194","1511","08","0","0","0","0","0","2","0","0","","0","0","0","15","1","0","00","0","40 05:32.783","","00","76 07:09.686","0","0","0","0","36209","0","0","0","N","0","0","0","2","36415","0","","1","01","N","N","0","","0","0","1","0","0","","1511","0","2","0","0","0","0","0","1","0","2","N","","","","","","","","","","","","03","  ","","",""
"1700","2","0","0","0","0","0","0","0","0","1","0","","36","02","2019","2019025847","3","40.0585","-76.4037","1657","08","0","0","1","0","0","0","0","0","2","0","0","0","16","1","4","01","2","40 03:30.579","6","00","76 24:13.346","3","0","0","0","36239","0","0","0","N","0","0","0","4","36239","0","","1","01","N","N","0","","4","0","0","3","2","Y","1657","4","2","0","0","0","0","0","3","0","2","N","","","","","","","","","","","","03","  ","","",""
"1503","1","0","1","0","0","0","0","0","0","4","0","","36","02","2019","2019025855","5","40.0609","-76.568","1500","08","0","0","0","0","0","0","1","1","3","0","0","0","14","1","1","01","2","40 03:39.357","5","00","76 34:04.694","2","0","0","0","36211","0","0","0","N","0","0","0","5","36504","0","","1","01","N","N","0","","0","1","1","3","2","Y","1458","1","3","0","0","0","0","0","1","1","3","N","","","","","","","","","","","","03","  ","","",""
"0703","2","0","0","0","0","0","0","0","0","4","0","","36","03","2019","2019025883","3","40.0637","-76.5412","0641","08","0","0","0","0","0","0","0","0","2","0","0","0","06","1","1","02","1","40 03:49.276","3","07","76 32:28.478","8","0","0","0","36211","0","0","0","N","0","0","0","2","36504","0","","1","02","N","N","0","","0","0","0","0","0","N","0635","1","2","0","0","0","1","0","1","0","2","N","","","","","","","","","","","","03","  ","","",""
"2203","2","0","0","0","0","0","0","0","0","4","0","","36","02","2019","2019025931","4","40.0272","-75.9541","2154","08","0","0","0","0","0","0","0","0","3","0","0","0","21","2","2","01","2","40 01:38.006","6","00","75 57:14.828","3","0","0","0","36232","0","0","0","N","0","0","0","2","68J01","0","","1","01","N","N","0","","1","0","0","3","3","Y","2150","2","2","0","0","1","1","0","1","0","2","N","","","","","","","","","","","","03","  ","","",""
"2310","0","0","0","0","0","0","0","0","0","7","0","","36","02","2019","2019025932","6","40.0455","-76.1692","2258","08","0","0","0","0","0","1","0","0","3","0","0","0","22","2","0","03","1","40 02:43.689","3","00","76 10:09.010","0","0","0","0","36221","0","0","0","Y","0","0","0","1","68J01","0","","4","01","N","N","0","","0","0","1","0","0","N","2234","0","1","0","0","0","0","0","1","0","1","N","","","","","","","","","","","","03","  ","","",""
"1057","1","0","0","0","0","0","0","0","0","4","0","","36","03","2019","2019026035","2","40.04","-76.3016","1054","08","0","0","0","0","0","0","1","0","2","0","0","0","10","1","0","01","2","40 02:24.019","4","00","76 18:05.911","0","0","0","0","36301","0","0","0","N","0","0","0","3","36301","0","","1","09","N","N","0","","0","0","1","3","2","Y","1054","0","2","0","0","0","0","0","3","0","2","N","","","","","","","","","","","","03","  ","","",""
"1323","1","0","0","0","0","0","0","0","0","5","0","","36","03","2019","2019026049","3","40.0443","-76.4289","1307","08","0","0","0","0","0","0","0","0","1","0","0","0","13","1","0","00","1","40 02:39.339","3","01","76 25:44.026","0","0","0","0","36239","0","0","0","N","0","0","0","6","36239","0","","1","01","N","N","0","","0","0","0","0","0","N","1304","0","2","0","0","0","0","0","3","1","2","N","","","","","","","","","","","","03","  ","","",""
"0818","1","0","0","0","0","0","0","0","0","3","1","","36","03","2019","2019026066","2","40.0432","-76.2867","0811","08","0","0","0","0","0","1","0","0","2","0","1","0","08","1","0","00","1","40 02:35.683","3","00","76 17:12.086","0","0","0","0","36101","0","0","0","N","0","0","0","2","36101","0","","1","09","N","N","0","","0","0","0","0","0","N","0807","0","2","0","0","0","0","0","3","0","2","N","","","","","","","","","","","","03","  ","","",""
"1812","1","0","0","0","0","0","0","0","0","4","0","","36","02","2019","2019026068","7","40.0817","-76.1157","1804","08","0","0","0","0","0","0","0","2","2","0","0","0","17","2","2","01","2","40 04:54.116","7","00","76 06:56.550","3","0","0","0","36234","0","0","0","N","0","0","0","4","36215","1","","1","01","N","N","0","","1","0","1","3","3","Y","1742","2","2","0","0","0","0","0","1","0","2","N","","","","","","","","","","","","03","  ","","",""
"1511","0","0","0","0","0","0","0","0","0","4","0","","36","02","2019","2019026069","2","40.0831","-76.1876","1508","08","0","0","0","0","0","1","0","0","2","0","0","0","15","1","1","01","2","40 04:59.032","6","00","76 11:15.349","3","0","0","0","36234","0","0","0","N","0","0","0","2","36215","0","","1","01","N","N","2","","1","0","0","3","2","Y","1506","1","2","0","0","0","0","0","1","0","2","N","","","","","","","","","","","","03","  ","","",""
"1607","0","0","0","0","0","0","0","0","0","1","0","","36","02","2019","2019026070","2","40.0869","-76.1936","1559","08","0","0","0","0","0","1","0","0","","0","0","0","15","1","0","00","0","40 05:12.931","","00","76 11:37.001","0","0","0","0","36234","0","0","0","N","0","0","0","3","36215","0","","1","01","N","N","0","","0","0","3","0","0","","1557","0","3","0","0","0","0","0","1","0","3","N","","","","","","","","","","","","03","  ","","",""
"1856","1","0","0","0","0","0","0","0","0","9","0","","36","02","2019","2019026071","2","40.0871","-76.2469","1847","08","0","0","0","0","0","1","0","0","2","0","0","0","18","2","0","00","1","40 05:13.383","2","00","76 14:49.008","0","0","0","0","36234","0","0","0","N","0","0","0","1","36215","0","","1","01","N","N","0","","0","0","0","0","0","N","1847","0","1","0","0","0","0","0","1","0","1","N","","","","","","","","","","","","03","  ","","",""
"1851","1","0","0","0","0","0","0","0","0","1","0","","36","02","2019","2019026072","4","40.0327","-76.2431","1847","08","0","0","0","0","0","0","0","0","2","0","0","0","18","3","0","02","1","40 01:57.652","1","07","76 14:34.925","0","0","0","0","36215","0","0","0","N","0","0","0","5","36215","0","","1","01","N","N","0","","0","0","1","3","2","N","1845","0","2","0","0","0","0","0","1","0","2","N","","","","","","","","","","","","03","  ","","",""
"0745","0","0","0","0","0","0","0","0","0","7","0","","36","02","2019","2019026073","5","40.0527","-76.262","0742","08","0","0","0","0","0","0","0","0","2","0","0","0","07","1","0","00","1","40 03:09.652","4","00","76 15:43.053","0","0","0","0","36215","0","0","0","N","0","0","0","1","36215","0","","2","01","N","N","0","","0","0","1","0","0","N","0742","0","1","0","0","1","0","0","1","0","1","N","","","","","","","","","","","","03","  ","","",""
"1906","0","0","0","0","0","0","0","0","0","4","0","","36","02","2019","2019026074","5","40.0331","-76.2452","1903","08","0","0","0","0","0","0","0","0","1","0","0","0","19","3","1","02","2","40 01:59.084","7","00","76 14:42.829","3","0","0","0","36215","0","0","0","N","0","0","0","6","36215","0","","1","01","N","N","1","","1","0","1","3","2","Y","1902","1","2","0","0","0","0","0","1","0","2","N","","","","","","","","","","","","03","  ","","",""
"0047","0","0","0","0","0","0","0","0","0","7","0","","36","03","2019","2019026075","7","40.0618","-76.2113","0047","08","0","0","0","0","0","0","0","0","","0","0","0","00","2","0","00","0","40 03:42.592","","00","76 12:40.759","0","0","0","0","36215","0","0","0","N","0","0","0","1","36215","0","","4","07","N","N","0","","0","0","1","0","0","","0035","0","1","0","0","0","0","0","1","0","1","N","","","","","","","","","","","","10","  ","","",""
"1250","1","0","0","0","0","0","0","0","0","4","0","","36","02","2019","2019026076","5","39.9969","-76.4465","1240","08","0","0","0","0","0","0","0","1","1","0","0","0","12","1","0","01","1","39 59:48.725","3","00","76 26:47.502","0","0","0","0","36223","0","0","0","N","0","0","0","2","36223","0","","1","01","N","N","0","","0","0","1","3","3","Y","1237","0","2","0","0","0","0","0","1","0","2","N","","","","","","","","","","","","03","  ","","",""
"0238","1","0","0","0","0","0","0","0","0","7","0","","36","03","2019","2019026102","6","40.2178","-76.0871","0237","08","0","0","0","0","0","0","0","0","","0","0","0","02","3","0","00","0","40 13:04.189","","00","76 05:13.399","0","0","0","0","36210","0","0","0","Y","0","0","0","1","36210","0","","4","07","N","N","0","","0","0","0","0","0","","0228","0","1","0","0","0","0","0","1","0","1","N","","","","","","","","","","","","10","  ","","",""
"0728","1","0","0","0","0","0","0","0","0","5","0","","36","02","2019","2019026122","3","40.117","-76.0432","0724","08","0","1","0","0","0","0","1","0","2","0","0","0","07","1","0","00","2","40 07:01.270","4","00","76 02:35.393","0","0","0","0","36213","0","0","0","N","0","0","0","3","36213","0","","2","01","N","N","0","","0","0","1","0","0","N","0720","0","2","0","0","0","0","0","1","0","2","N","","","","","","","","","","","","03","  ","","",""
"1838","1","0","0","0","0","0","0","0","0","4","0","","36","03","2019","2019026125","3","39.9924","-76.2859","1837","08","0","0","0","0","0","0","0","0","1","0","0","0","18","3","0","01","1","39 59:32.484","3","00","76 17:09.068","0","0","0","0","36240","0","0","0","N","0","0","0","2","36240","0","","1","01","N","N","0","","0","0","1","3","2","N","1830","0","2","0","0","0","0","0","1","0","2","N","","","","","","","","","","","","03","  ","","",""
"0356","0","0","0","0","0","0","0","0","0","4","1","","36","03","2019","2019026137","6","40.0379","-76.5094","0351","08","0","0","0","0","0","0","0","0","1","0","1","0","03","3","0","01","2","40 02:16.536","6","00","76 30:33.785","0","0","0","0","36404","0","0","0","N","0","0","0","1","36404","0","","4","07","N","N","0","","0","0","1","3","3","Y","0350","0","2","0","0","0","0","0","3","0","2","N","","","","","","","","","","","","10","  ","","",""
"1843","2","0","0","0","0","0","0","0","0","4","0","","36","03","2019","2019026146","3","40.0402","-76.2996","1823","08","0","0","0","0","0","0","0","0","1","0","0","0","18","3","1","01","2","40 02:24.765","2","00","76 17:58.504","8","0","0","0","36301","0","0","0","N","0","0","0","4","36301","0","","1","01","N","N","0","","0","0","0","3","3","N","1823","1","2","0","0","0","1","0","3","0","2","N","","","","","","","","","","","","03","  ","","",""
"1510","1","0","0","0","0","0","0","0","0","1","0","","36","02","2019","2019026174","6","40.1734","-76.1939","1507","08","0","0","0","0","0","0","0","0","","0","0","0","15","1","0","01","0","40 10:24.160","","00","76 11:38.086","0","0","0","0","36408","0","0","0","N","0","0","0","3","36408","0","","1","01","N","N","0","","0","0","1","0","0","","1500","0","2","0","0","1","0","0","2","0","2","N","","","","","","","","","","","","03","  ","","",""
"0723","0","0","0","0","0","0","0","0","0","1","1","","36","02","2019","2019026282","5","40.1137","-76.2489","0712","08","0","0","0","0","0","1","0","0","2","0","1","0","07","1","2","02","2","40 06:49.394","6","00","76 14:56.107","3","0","0","0","36101","0","0","0","N","0","0","0","2","36101","1","","1","01","N","N","0","","1","0","1","0","0","Y","0708","2","2","0","0","0","0","0","3","0","2","N","","","","","","","","","","","","03","  ","","",""
"1235","3","0","0","0","0","0","0","0","0","1","0","","36","02","2019","2019026283","5","40.057","-76.3058","1230","08","0","0","1","0","1","0","0","1","1","0","0","0","12","1","4","00","2","40 03:25.109","2","00","76 18:20.790","3","0","0","0","36101","0","0","0","N","0","0","0","6","36101","0","","1","01","N","N","0","","4","0","1","0","0","N","1228","4","4","0","0","0","0","0","3","0","4","N","","","","","","","","","","","","03","  ","","",""
"1610","3","0","0","0","0","0","0","0","0","1","0","","36","02","2019","2019026284","5","40.0804","-76.2785","1605","08","0","0","0","0","0","0","0","0","1","0","0","0","16","1","1","00","2","40 04:49.564","2","00","76 16:42.568","8","0","0","0","36101","0","0","0","N","0","0","0","5","36101","0","","1","01","N","N","0","","0","0","0","0","0","N","1603","1","3","0","0","0","1","3","3","0","3","N","","","","","","","","","","","","03","  ","","",""
"1231","1","0","0","0","0","0","0","0","0","1","2","","36","03","2019","2019026285","3","40.0493","-76.405","1226","08","0","0","0","0","0","0","1","0","1","0","0","0","12","1","1","00","2","40 02:57.517","3","00","76 24:17.882","3","0","0","0","36214","0","0","0","N","0","0","0","3","36214","0","","1","01","N","N","0","","1","0","0","0","0","N","1220","1","3","0","0","0","0","0","3","2","3","N","","","","","","","","","","","","03","  ","","",""
"1515","1","0","0","0","0","0","0","0","0","1","0","","36","03","2019","2019026286","3","40.0752","-76.4081","1511","08","0","1","0","0","0","0","0","1","","0","0","0","15","1","1","01","0","40 04:30.799","","00","76 24:29.104","3","0","0","0","36214","0","0","0","N","0","0","0","3","36214","0","","1","01","N","N","0","","1","0","1","0","0","","1506","1","2","0","0","0","0","0","3","0","2","N","","","","","","","","","","","","03","  ","","",""
"2026","1","0","0","0","0","0","0","0","0","6","0","","36","03","2019","2019026287","3","40.0255","-76.3799","2021","08","0","0","0","0","1","1","0","0","","0","0","0","20","2","2","00","0","40 01:31.800","","00","76 22:47.800","8","0","0","0","36223","0","0","0","N","0","0","0","3","36223","0","","1","01","N","N","0","","0","0","1","0","0","","2019","2","2","0","0","0","2","0","1","0","2","N","","","","","","","","","","","","03","  ","","",""
"0632","0","0","0","0","0","0","0","0","0","1","0","","36","03","2019","2019026311","4","40.2369","-76.135","0624","08","0","0","0","0","0","0","0","0","1","0","0","0","06","1","0","00","2","40 14:12.847","6","00","76 08:05.894","0","0","0","0","36405","0","0","0","N","0","0","0","2","36210","0","","6","01","N","N","0","","0","0","2","0","0","Y","0623","0","2","0","0","0","0","0","1","0","2","N","","","","","","","","","","","","03","  ","","",""
"2001","1","0","0","0","0","0","0","0","0","5","1","","36","03","2019","2019026330","1","40.0447","-76.4901","1955","08","0","0","0","0","0","0","0","0","1","0","1","0","19","2","1","00","1","40 02:40.878","4","00","76 29:24.402","8","0","0","0","36404","0","0","0","N","1","0","0","2","36404","0","","1","07","N","N","0","","0","0","0","0","0","N","1952","1","3","0","0","0","1","0","3","0","2","N","","","","","","","","","","","","10","  ","","",""
"1216","2","0","0","0","0","0","0","0","0","4","0","","36","02","2019","2019026341","4","40.0463","-76.3029","1144","08","0","0","0","0","0","0","0","0","","0","0","0","11","1","1","01","0","40 02:46.631","","00","76 18:10.345","3","0","0","0","36301","0","0","0","N","0","0","0","2","36301","0","","1","07","N","N","0","","1","0","0","3","2","","1142","1","2","0","0","0","0","0","3","0","2","N","","","","","","","","","","","","10","  ","","",""
"1448","0","0","0","0","0","0","0","0","0","1","1","","36","03","2019","2019026360","3","39.9901","-76.2651","1445","08","0","0","0","0","0","1","0","0","2","0","0","0","14","1","0","02","1","39 59:24.536","4","00","76 15:54.473","0","0","0","0","36240","0","0","0","N","0","0","0","3","36240","0","","1","01","N","N","1","","0","0","1","3","3","N","1441","0","3","0","0","0","0","0","1","0","3","N","","","","","","","","","","","","03","  ","","",""
"1201","2","0","0","0","0","0","0","0","0","1","0","","36","02","2019","2019026362","5","40.0548","-76.2687","1155","08","0","0","0","1","0","0","0","0","","0","0","0","11","1","0","07","0","40 03:17.128","","02","76 16:07.498","0","0","0","0","36301","0","0","0","N","0","0","0","3","36301","0","","1","01","N","N","0","","0","0","0","3","4","","1125","0","2","0","0","0","0","0","3","0","2","N","","","","","","","","","","","","03","  ","","",""
"1253","1","0","0","0","0","0","0","0","0","4","1","","36","03","2019","2019026530","2","40.1568","-76.3815","1244","08","0","0","1","0","0","0","0","0","","0","1","0","12","1","0","01","0","40 09:24.452","","00","76 22:53.324","0","0","0","0","36227","0","0","0","N","0","0","0","3","36506","0","","1","09","N","N","0","","0","0","0","3","3","","1244","0","2","0","0","0","0","0","1","0","2","N","","","","","","","","","","","","03","  ","","",""
"1114","1","0","0","0","0","0","0","0","0","6","0","","36","03","2019","2019026535","3","40.0336","-76.4627","1111","08","0","0","0","0","0","1","0","1","","0","0","0","11","1","0","00","0","40 02:00.850","","00","76 27:45.866","0","0","0","0","36239","0","0","0","N","0","0","0","4","36239","0","","1","01","N","N","0","","0","0","1","0","0","","1111","0","2","0","0","1","0","0","3","0","2","N","","","","","","","","","","","","03","  ","","",""
"1031","1","0","0","0","0","0","0","0","0","4","0","","36","02","2019","2019026587","6","40.017","-76.1651","1020","08","0","0","0","0","0","2","0","0","3","0","0","0","10","1","1","01","1","40 01:01.087","1","00","76 09:54.311","3","0","0","0","36215","0","0","0","N","0","0","0","2","36215","0","","1","06","N","N","0","","1","0","0","3","2","N","1017","1","2","0","0","0","0","0","1","1","2","N","","","","","","","","","","","","10","  ","","",""
"0803","0","0","0","0","0","0","0","0","0","8","0","","36","03","2019","2019026588","2","40.0631","-76.1569","0803","08","0","0","0","0","0","1","0","0","","0","0","0","07","2","1","01","0","40 03:47.143","","00","76 09:24.928","3","0","0","0","36234","1","0","0","N","1","0","0","2","36215","0","","1","06","N","N","1","","1","0","0","3","3","","0700","1","2","0","0","0","0","0","1","0","1","N","","","","","","","","","","","","03","  ","","",""
"0904","1","0","0","0","0","0","0","0","0","1","0","","36","03","2019","2019026589","2","40.0856","-76.1889","0858","08","0","0","0","0","0","1","0","0","1","0","0","0","08","1","0","00","1","40 05:08.227","1","00","76 11:20.024","0","0","0","0","36234","0","0","0","N","0","0","0","3","36215","0","","1","01","N","N","0","","0","0","1","0","0","N","0854","0","2","0","0","0","0","0","1","0","2","N","","","","","","","","","","","","03","  ","","",""
"1324","0","0","0","0","0","0","0","0","0","7","0","","36","03","2019","2019026590","1","39.9723","-76.2641","1312","08","0","0","0","0","0","0","1","0","","0","0","0","13","1","0","00","0","39 58:20.203","","00","76 15:50.931","0","0","0","0","36240","0","0","0","N","0","0","0","1","36240","0","","5","01","N","N","1","","0","0","0","0","0","","1308","0","1","0","0","1","0","0","1","0","1","N","","","","","","","","","","","","03","  ","","",""
"1843","0","0","0","0","0","0","0","0","0","7","0","","36","03","2019","2019026607","1","40.2498","-76.0854","1838","08","0","0","0","0","0","0","0","0","2","0","0","0","18","2","4","00","1","40 14:59.109","6","00","76 05:07.570","3","0","0","0","36210","0","0","0","N","0","0","0","5","36210","0","","5","07","N","N","0","","4","0","0","0","0","Y","1835","4","1","0","0","0","0","0","1","1","1","N","","","","","","","","","","","","10","  ","","",""
"2110","1","0","0","0","0","0","0","0","0","8","0","","36","02","2019","2019026616","1","40.0375","-76.3098","2108","08","0","0","0","0","0","0","0","0","","0","0","0","21","3","1","00","0","40 02:15.079","","00","76 18:35.120","2","0","0","0","36301","1","0","1","N","1","0","1","2","36301","0","","1","09","N","N","0","","0","1","0","0","0","","2106","1","2","0","0","0","0","1","3","0","1","N","","","","","","","","","","","","07","  ","","",""
"2035","1","0","0","0","0","0","0","0","0","7","0","","36","03","2019","2019026618","1","40.2502","-76.0854","2027","08","0","0","0","0","1","0","0","0","2","0","0","0","20","2","0","00","1","40 15:00.796","4","00","76 05:07.590","0","0","0","0","36210","0","0","0","N","0","0","0","2","36210","0","","5","07","N","N","0","","0","0","0","0","0","N","2016","0","1","0","0","0","0","0","1","0","1","N","","","","","","","","","","","","10","  ","","",""
"0128","1","0","0","0","0","0","0","0","0","7","0","","36","02","2019","2019026647","6","39.8954","-76.1547","0123","08","0","0","0","0","0","0","0","0","","0","0","0","01","2","0","00","0","39 53:43.302","","00","76 09:16.886","0","0","0","0","36416","0","0","0","N","0","0","0","1","36416","0","","4","01","N","N","0","","0","0","0","0","0","","0100","0","1","0","0","0","0","0","1","0","1","N","","","","","","","","","","","","03","  ","","",""
"1948","1","0","0","0","0","0","0","0","0","1","0","","36","03","2019","2019026676","7","40.0268","-76.3056","1948","08","0","0","0","0","0","0","1","0","2","0","0","0","19","3","1","00","1","40 01:36.543","2","00","76 18:20.227","4","0","0","0","36301","0","0","0","N","0","0","0","4","36301","1","","1","01","N","N","0","","0","0","1","0","0","Y","1943","1","2","0","0","0","0","0","3","0","2","N","","","","","","","","","","","","03","  ","","",""
"1852","1","0","0","0","0","0","0","0","0","4","0","","36","03","2019","2019026780","4","39.9706","-76.2732","1842","08","0","0","0","0","1","0","0","0","","0","0","0","18","3","1","01","0","39 58:14.115","","00","76 16:23.451","3","0","0","0","36240","0","0","0","N","0","0","0","3","36240","0","","1","01","N","N","0","","1","0","1","3","2","","1842","1","2","0","0","0","0","0","1","0","2","N","","","","","","","","","","","","03","  ","","",""
"0219","3","0","0","0","0","0","0","0","0","1","0","","36","03","2019","2019026783","5","40.0415","-76.3195","0214","08","0","0","0","0","0","0","0","0","3","0","0","0","02","3","1","02","2","40 02:29.349","4","00","76 19:10.239","3","0","0","0","36301","0","0","0","N","0","0","0","1","36301","0","","1","01","N","N","0","","1","0","0","3","3","N","0214","1","3","0","0","1","0","0","3","0","3","N","","","","","","","","","","","","03","  ","","",""
"1835","2","0","0","0","0","0","0","0","0","4","0","","36","03","2019","2019026801","4","40.1136","-76.2827","1824","08","0","0","0","0","0","0","1","0","2","0","0","0","17","2","0","00","1","40 06:49.110","2","00","76 16:57.770","0","0","0","0","36101","0","0","0","N","0","0","0","3","36101","0","","1","02","N","N","0","","0","0","0","0","0","N","1750","0","2","0","0","0","0","0","3","0","2","N","","","","","","","","","","","","03","  ","","",""
"1650","0","0","0","0","0","0","0","0","0","7","0","","36","02","2019","2019026802","5","39.9998","-76.4741","1642","08","0","0","0","0","1","0","0","0","2","0","0","0","16","4","0","00","2","39 59:59.385","5","00","76 28:26.729","0","0","0","0","36223","0","0","0","N","0","0","0","1","36223","0","","4","01","N","N","0","","0","0","1","0","0","Y","1640","0","1","0","0","0","0","0","1","0","1","N","","","","","","","","","","","","03","  ","","",""
"1733","1","0","0","0","0","0","0","0","0","1","0","","36","02","2019","2019026803","3","40.0195","-76.3548","1727","08","0","0","0","0","0","0","0","0","2","0","0","0","17","4","1","00","2","40 01:10.035","5","00","76 21:17.291","3","0","0","0","36223","0","0","0","N","0","0","0","4","36223","0","","1","01","N","N","0","","1","0","1","0","0","Y","1724","1","2","0","0","0","0","0","1","0","2","N","","","","","","","","","","","","03","  ","","",""
"1420","3","0","0","0","0","0","0","0","0","1","0","","36","03","2019","2019026810","4","40.0545","-76.2692","1415","08","0","0","0","0","0","2","0","0","2","0","0","0","14","1","0","00","1","40 03:16.211","3","00","76 16:08.974","9","0","0","0","36301","0","0","0","N","0","0","0","3","36301","0","","1","01","N","N","0","","0","0","0","0","0","N","1415","0","3","0","0","0","0","3","3","0","3","N","","","","","","","","","","","","03","  ","","",""