"ARRIVAL_TM","AUTOMOBILE_COUNT","BELTED_DEATH_COUNT","BELTED_SUSP_SERIOUS_INJ_COUNT","BICYCLE_COUNT","BICYCLE_DEATH_COUNT","BICYCLE_SUSP_SERIOUS_INJ_COUNT","BUS_COUNT","CHLDPAS_DEATH_COUNT","CHLDPAS_SUSP_SERIOUS_INJ_COUNT","COLLISION_TYPE","COMM_VEH_COUNT","CONS_ZONE_SPD_LIM","COUNTY","CRASH_MONTH","CRASH_YEAR","CRN","DAY_OF_WEEK","DEC_LAT","DEC_LONG","DISPATCH_TM","DISTRICT","DRIVER_COUNT_16YR","DRIVER_COUNT_17YR","DRIVER_COUNT_18YR","DRIVER_COUNT_19YR","DRIVER_COUNT_20YR","DRIVER_COUNT_50_64YR","DRIVER_COUNT_65_74YR","DRIVER_COUNT_75PLUS","EST_HRS_CLOSED","FATAL_COUNT","HEAVY_TRUCK_COUNT","HORSE_BUGGY_COUNT","HOUR_OF_DAY","ILLUMINATION","INJURY_COUNT","INTERSECT_TYPE","LANE_CLOSED","LATITUDE","LN_CLOSE_DIR","LOCATION_TYPE","LONGITUDE","MAX_SEVERITY_LEVEL","MCYCLE_DEATH_COUNT","MCYCLE_SUSP_SERIOUS_INJ_COUNT","MOTORCYCLE_COUNT","MUNICIPALITY","NONMOTR_COUNT","NONMOTR_DEATH_COUNT","NONMOTR_SUSP_SERIOUS_INJ_COUNT","NTFY_HIWY_MAINT","PED_COUNT","PED_DEATH_COUNT","PED_SUSP_SERIOUS_INJ_COUNT","PERSON_COUNT","POLICE_AGCY","POSSIBLE_INJ_COUNT","RDWY_SURF_TYPE_CD","RELATION_TO_ROAD","ROAD_CONDITION","SCH_BUS_IND","SCH_ZONE_IND","SMALL_TRUCK_COUNT","SPEC_JURIS_CD","SUSP_MINOR_INJ_COUNT","SUSP_SERIOUS_INJ_COUNT","SUV_COUNT","TCD_FUNC_CD","TCD_TYPE","TFC_DETOUR_IND","TIME_OF_DAY","TOT_INJ_COUNT","TOTAL_UNITS","UNB_DEATH_COUNT","UNB_SUSP_SERIOUS_INJ_COUNT","UNBELTED_OCC_COUNT","UNK_INJ_DEG_COUNT","UNK_INJ_PER_COUNT","URBAN_RURAL","VAN_COUNT","VEHICLE_COUNT","WORK_ZONE_IND","WORK_ZONE_LOC","WORK_ZONE_TYPE","WORKERS_PRES","WZ_CLOSE_DETOUR","WZ_FLAGGER","WZ_LAW_OFFCR_IND","WZ_LN_CLOSURE","WZ_MOVING","WZ_OTHER","WZ_SHLDER_MDN","ROADWAY_CLEARED","WEATHER1","WEATHER2","WZ_WORKERS_INJ_KILLED","SECONDARY_CRASH","INTERSECTION_RELATED"
"1538","1","0","0","0","0","0","0","0","0","7","0","","36","03","2019","2019026814","4","40.0783","-76.5371","1538","08","0","0","0","0","0","0","0","0","3","0","0","0","15","1","0","02","2","40 04:42.020","5","00","76 32:13.568","0","0","0","0","36211","0","0","0","N","0","0","0","1","36504","0","","5","02","N","N","0","","0","0","0","0","0","Y","1538","0","1","0","0","0","0","0","1","0","1","N","","","","","","","","","","","","03","  ","","",""
"0646","1","0","0","0","0","0","0","0","0","7","0","","36","03","2019","2019026815","6","40.2523","-76.1231","0636","08","0","0","0","0","0","0","0","0","1","0","0","0","06","1","1","00","1","40 15:08.278","1","00","76 07:23.230","4","0","0","0","36210","0","0","0","N","0","0","0","1","36210","1","","2","07","N","N","0","","0","0","0","0","0","N","0634","1","1","0","0","0","0","0","1","0","1","N","","","","","","","","","","","","10","  ","","",""
"1600","1","0","0","0","0","0","0","0","0","4","0","","36","03","2019","2019026822","1","40.0412","-76.4553","1547","08","0","0","0","0","0","0","1","0","2","0","0","0","15","1","0","02","1","40 02:28.311","1","00","76 27:19.254","0","0","0","0","36239","0","0","0","N","0","0","0","3","36239","0","","1","09","N","N","0","","0","0","1","3","3","N","1547","0","2","0","0","0","0","0","3","0","2","N","","","","","","","","","","","","07","  ","","",""
"0948","1","0","0","0","0","0","0","0","0","4","0","","36","02","2019","2019026831","4","39.8986","-76.1594","0946","08","0","0","0","0","0","0","1","0","1","0","0","0","09","1","2","02","1","39 53:54.818","3","00","76 09:33.785","4","0","0","0","36416","0","0","0","N","0","0","0","3","36416","1","","1","01","N","N","0","","0","0","1","3","3","N","0945","2","2","0","0","1","1","0","1","0","2","N","","","","","","","","","","","","03","  ","","",""
"1258","0","0","0","0","0","0","0","0","0","1","0","","36","02","2019","2019026832","6","40.0608","-76.5367","1253","08","0","0","0","0","0","0","2","0","1","0","0","0","12","1","1","01","1","40 03:39.038","6","00","76 32:12.059","3","0","0","0","36211","0","0","0","N","0","0","0","3","36504","0","","1","01","N","N","1","","1","0","2","3","2","Y","1245","1","3","0","0","0","0","0","1","0","3","N","","","","","","","","","","","","03","  ","","",""
"2322","0","0","0","0","0","0","0","0","0","7","0","","36","03","2019","2019026851","4","40.2184","-76.2216","2308","08","0","0","0","0","0","0","0","0","2","0","0","0","23","2","1","00","1","40 13:06.400","2","00","76 13:17.700","3","0","0","0","36204","0","0","0","N","0","0","0","1","36506","0","","4","02","N","N","0","","1","0","1","0","0","Y","2308","1","1","0","0","0","0","0","1","0","1","N","","","","","","","","","","","","03","  ","","",""
"2143","1","0","0","0","0","0","0","0","0","2","0","","36","03","2019","2019026852","4","40.131","-76.2505","2132","08","0","0","1","0","0","0","0","0","2","0","0","0","21","2","1","00","2","40 07:51.758","5","00","76 15:01.622","3","0","0","0","36235","0","0","0","N","0","0","0","3","36506","0","","1","02","N","N","0","","1","0","1","0","0","Y","2132","1","2","0","0","0","0","0","1","0","2","N","","","","","","","","","","","","03","  ","","",""
"1640","0","0","0","0","0","0","0","0","0","7","0","","36","03","2019","2019026856","4","40.1604","-76.3548","1623","08","0","0","0","0","0","0","0","0","","0","0","0","16","1","0","00","0","40 09:37.585","","00","76 21:17.305","0","0","0","0","36227","0","0","0","N","0","0","0","1","36506","0","","4","07","N","N","0","","0","0","1","0","0","","1623","0","1","0","0","0","0","0","1","0","1","N","","","","","","","","","","","","10","  ","","",""
"0733","1","0","0","0","0","0","0","0","0","4","0","","36","03","2019","2019026873","5","40.0381","-76.3215","0731","08","1","0","0","0","1","0","0","0","1","0","0","0","07","1","0","02","2","40 02:17.091","1","00","76 19:17.471","0","0","0","0","36301","0","0","0","N","0","0","0","2","36301","0","","1","01","N","N","0","","0","0","1","3","2","Y","0730","0","2","0","0","0","0","0","3","0","2","N","","","","","","","","","","","","03","  ","","",""
"1935","0","0","0","0","0","0","0","0","0","7","0","","36","03","2019","2019026883","4","40.1437","-76.0456","1935","08","0","0","0","0","0","0","0","0","","0","0","0","19","2","0","00","0","40 08:37.263","","00","76 02:44.163","0","0","0","0","36213","0","0","0","N","0","0","0","1","36213","0","","5","02","N","N","0","","0","0","1","0","0","","1930","0","1","0","0","0","0","0","1","0","1","N","","","","","","","","","","","","03","  ","","",""
"0925","0","0","0","0","0","0","0","0","0","7","0","","36","02","2019","2019026949","2","40.141","-76.6763","0910","08","0","1","0","0","0","0","0","0","3","0","0","0","09","1","1","00","2","40 08:27.616","6","00","76 40:34.635","8","0","0","0","36207","0","0","0","N","0","0","0","1","36504","0","","5","02","N","N","0","","0","0","0","0","0","Y","0905","1","1","0","0","0","1","0","1","1","1","N","","","","","","","","","","","","10","  ","","",""
"1007","0","0","0","0","0","0","0","0","0","4","1","","36","03","2019","2019026951","4","40.1767","-76.3889","1005","08","0","0","0","0","0","1","1","0","1","0","1","0","10","1","0","01","1","40 10:36.116","2","00","76 23:19.996","0","0","0","0","36227","0","0","0","N","0","0","0","2","36506","0","","1","01","N","N","0","","0","0","1","3","3","N","1005","0","2","0","0","0","0","0","1","0","2","N","","","","","","","","","","","","03","  ","","",""
"1710","0","0","0","0","0","0","0","0","0","4","0","","36","02","2019","2019027050","5","40.0916","-76.1618","1658","08","0","1","0","0","0","0","0","0","2","0","0","0","16","1","0","00","2","40 05:29.812","4","00","76 09:42.303","0","0","0","0","36234","0","0","0","N","0","0","0","3","36215","0","","1","01","N","N","1","","0","0","1","0","0","Y","1658","0","2","0","0","0","0","0","1","0","2","N","","","","","","","","","","","","03","  ","","",""
"0919","0","0","0","0","0","0","0","0","0","6","0","","36","03","2019","2019027051","3","40.081","-76.2401","0916","08","0","0","0","0","1","1","0","0","5","0","0","0","09","1","0","00","2","40 04:51.763","6","00","76 14:24.287","0","0","0","0","36215","0","0","0","N","0","0","0","2","36215","0","","1","01","N","N","0","","0","0","1","0","0","Y","0913","0","2","0","0","0","0","0","1","1","2","N","","","","","","","","","","","","03","  ","","",""
"2115","1","0","0","0","0","0","0","0","0","7","0","","36","03","2019","2019027085","1","40.0935","-76.4052","2115","08","0","0","0","0","0","0","0","0","","0","0","0","21","3","0","00","0","40 05:36.646","","00","76 24:18.641","0","0","0","0","36214","0","0","0","N","0","0","0","1","36214","0","","5","07","N","N","0","","0","0","0","0","0","","2114","0","1","0","0","0","0","0","3","0","1","N","","","","","","","","","","","","10","  ","","",""
"2116","0","0","0","0","0","0","0","0","0","6","1","","36","03","2019","2019027095","4","40.1103","-76.4134","2113","08","0","0","0","0","0","1","0","0","","0","1","0","21","2","0","00","0","40 06:36.900","","00","76 24:48.300","0","0","0","0","36214","0","0","0","N","0","0","0","2","36214","0","","1","01","N","N","0","","0","0","0","0","0","","2111","0","2","0","0","0","0","0","3","1","2","N","","","","","","","","","","","","03","  ","","",""
"1815","1","0","0","0","0","0","0","0","0","2","0","","36","03","2019","2019027110","5","40.0827","-76.3872","1815","08","0","0","0","0","0","2","0","0","","0","0","0","18","4","1","02","0","40 04:57.665","","00","76 23:13.991","3","0","0","0","36214","0","0","0","N","0","0","0","2","36214","0","","1","01","N","N","0","","1","0","1","0","0","","1814","1","2","0","0","0","0","0","3","0","2","N","","","","","","","","","","","","03","  ","","",""
"0045","0","0","0","0","0","0","0","0","0","0","0","","36","03","2019","2019027125","5","40.1332","-76.0471","0041","08","0","0","0","0","0","0","0","0","2","0","0","0","00","2","1","00","2","40 07:59.698","5","00","76 02:49.496","8","0","0","0","36213","0","0","0","N","0","0","0","3","36213","0","","1","02","N","N","0","","0","0","1","0","0","Y","0039","1","1","0","0","2","1","0","1","0","1","N","","","","","","","","","","","","03","  ","","",""
"1036","0","0","0","0","0","0","0","0","0","7","1","","36","03","2019","2019027239","3","40.1546","-76.5979","1036","08","0","0","0","0","0","0","0","0","3","0","1","0","10","1","0","01","2","40 09:16.676","7","00","76 35:52.370","0","0","0","0","36407","0","0","0","N","0","0","0","1","36407","0","","5","01","N","N","0","","0","0","0","0","0","Y","1035","0","1","0","0","0","0","0","2","0","1","N","","","","","","","","","","","","03","  ","","",""
"0803","2","0","0","0","0","0","0","0","0","1","0","","36","02","2019","2019027318","3","40.2263","-76.3029","0756","08","0","0","0","1","0","0","0","0","2","0","0","0","07","1","0","00","1","40 13:34.669","4","00","76 18:10.403","0","0","0","0","36217","0","0","0","Y","0","0","0","2","68J01","0","","1","09","N","N","0","","0","0","0","3","2","N","0755","0","2","0","0","0","0","0","1","0","2","N","","","","","","","","","","","","07","  ","","",""
"1503","2","0","0","0","0","0","0","0","0","4","0","","36","03","2019","2019027398","6","39.9922","-76.2857","1459","08","0","0","0","0","0","0","1","0","2","0","0","0","14","1","2","01","1","39 59:32.071","2","00","76 17:09.342","8","0","0","0","36240","0","0","0","N","0","0","0","2","36240","0","","1","09","N","N","0","","0","0","0","3","2","N","1457","2","2","0","0","0","2","0","1","0","2","N","","","","","","","","","","","","10","  ","","",""
"1218","2","0","0","0","0","0","0","0","0","4","0","","36","03","2019","2019027441","1","40.1317","-76.5651","1218","08","0","0","0","0","0","0","0","1","2","0","0","0","12","1","1","00","1","40 07:53.991","3","07","76 33:54.415","8","0","0","0","36225","0","0","0","N","0","0","0","4","36505","0","","1","01","N","N","0","","0","0","0","0","0","N","1216","1","2","0","0","0","1","0","2","0","2","N","","","","","","","","","","","","03","  ","","",""
"0822","1","0","0","0","0","0","0","0","0","7","0","","36","02","2019","2019027472","7","40.1502","-76.3149","0815","08","0","0","0","0","0","0","0","0","","0","0","0","02","2","0","00","0","40 09:00.738","","00","76 18:53.709","0","0","0","0","36409","0","0","0","N","0","0","0","1","36409","0","","5","01","N","N","0","","0","0","0","0","0","","0230","0","1","0","0","0","0","0","3","0","1","N","","","","","","","","","","","","03","  ","","",""
"0907","1","0","0","0","0","0","0","0","0","7","0","","36","02","2019","2019027500","2","39.7838","-76.1811","0858","08","0","0","0","0","0","0","0","0","","0","0","0","08","1","0","00","0","39 47:01.805","","00","76 10:51.872","0","0","0","0","36219","0","0","0","N","0","0","0","1","68J01","0","","4","07","N","N","0","","0","0","0","0","0","","0855","0","1","0","0","0","0","0","1","0","1","N","","","","","","","","","","","","10","  ","","",""
"1554","0","0","0","0","0","0","0","0","0","7","0","","36","02","2019","2019027507","5","39.9837","-76.0185","1540","08","0","0","0","0","0","1","0","0","","0","0","0","15","1","0","00","0","39 59:01.160","","00","76 01:06.530","0","0","0","0","36232","0","0","0","N","0","0","0","1","68J01","0","","5","01","N","N","0","","0","0","1","0","0","","1529","0","1","0","0","0","0","0","1","0","1","N","","","","","","","","","","","","03","  ","","",""
"0500","0","0","0","0","0","0","0","0","0","7","0","","36","02","2019","2019027508","7","40.2071","-76.035","0440","08","0","0","0","0","0","0","0","0","3","0","0","0","04","2","1","00","1","40 12:25.511","4","00","76 02:05.841","3","0","0","0","36202","0","0","0","N","0","0","0","1","68J01","0","","4","01","N","N","1","","1","0","0","0","0","N","0439","1","1","0","0","0","0","0","1","0","1","N","","","","","","","","","","","","03","  ","","",""
"1755","1","0","0","0","0","0","0","0","0","1","0","","36","02","2019","2019027511","3","39.922","-76.081","1732","08","0","0","0","0","1","0","0","0","","0","0","0","17","1","0","02","0","39 55:19.190","","00","76 04:51.589","0","0","0","0","36201","0","0","0","N","0","0","0","6","68J01","0","","1","01","N","N","0","","0","0","2","0","0","","1725","0","3","0","0","0","0","0","1","0","3","N","","","","","","","","","","","","03","  ","","",""
"1356","1","0","0","0","0","0","0","0","0","6","0","","36","02","2019","2019027512","4","40.0381","-76.1066","1345","08","0","0","0","0","0","0","0","1","","0","0","0","13","1","0","01","0","40 02:16.917","","00","76 06:22.923","0","0","0","0","36221","0","0","0","N","0","0","0","3","68J01","0","","1","01","N","N","1","","0","0","0","3","3","","1344","0","2","0","0","0","0","0","1","0","2","N","","","","","","","","","","","","03","  ","","",""
"1328","2","0","0","0","0","0","0","0","0","1","0","","36","03","2019","2019027560","2","40.0709","-76.3176","1328","08","0","0","0","0","0","0","0","0","","0","0","0","12","1","1","01","0","40 04:15.221","","00","76 19:03.325","4","0","0","0","36101","0","0","0","N","0","0","0","3","36101","1","","1","01","N","N","0","","0","0","0","3","2","","1259","1","2","0","0","0","0","0","3","0","2","N","","","","","","","","","","","","03","  ","","",""
"1632","2","0","0","0","0","0","0","0","0","4","0","","36","03","2019","2019027561","3","40.0547","-76.2968","1632","08","0","0","0","0","0","0","1","0","","0","0","0","16","1","0","01","0","40 03:17.096","","00","76 17:48.451","0","0","0","0","36101","0","0","0","N","0","0","0","2","36101","0","","1","01","N","N","0","","0","0","0","0","0","","1624","0","2","0","0","0","0","0","3","0","2","N","","","","","","","","","","","","03","  ","","",""
"1340","2","0","0","0","0","0","0","0","0","4","0","","36","03","2019","2019027586","2","40.041","-76.2916","1338","08","0","0","0","0","0","1","0","0","1","0","0","0","13","1","0","01","1","40 02:27.689","4","00","76 17:29.630","0","0","0","0","36301","0","0","0","N","0","0","0","2","36301","0","","1","01","N","N","0","","0","0","0","3","2","N","1337","0","2","0","0","0","0","0","3","0","2","N","","","","","","","","","","","","03","  ","","",""
"1753","1","0","0","0","0","0","0","0","0","7","0","","36","03","2019","2019027597","1","40.1464","-76.6329","1748","08","0","0","0","0","1","0","0","0","","0","0","0","17","2","0","00","0","40 08:47.168","","00","76 37:58.610","0","0","0","0","36237","0","0","0","N","0","0","0","1","36505","0","","4","07","N","N","0","","0","0","0","0","0","N","1745","0","1","0","0","0","0","0","1","0","1","N","","","","","","","","","","","","10","  ","","",""
"0836","1","0","0","0","0","0","0","0","0","8","0","","36","03","2019","2019027606","6","40.0501","-76.3059","0836","08","0","0","0","0","0","0","0","0","1","0","0","0","08","1","1","01","2","40 03:00.304","2","00","76 18:21.344","8","0","0","0","36301","1","0","0","N","1","0","0","2","36301","0","","1","01","N","N","0","","0","0","0","3","2","Y","0836","1","2","0","0","0","1","0","3","0","1","N","","","","","","","","","","","","03","  ","","",""
"1835","1","0","0","0","0","0","0","0","0","7","0","","36","03","2019","2019027609","1","40.1809","-76.5301","1830","08","0","0","0","0","0","1","0","0","","0","0","0","18","2","1","00","0","40 10:51.131","","00","76 31:48.294","8","0","0","0","36225","0","0","0","N","0","0","0","1","36505","0","","5","07","N","N","0","","0","0","0","0","0","N","1825","1","1","0","0","0","1","0","2","0","1","N","","","","","","","","","","","","10","  ","","",""
"1716","2","0","0","0","0","0","0","0","0","1","0","","36","02","2019","2019027616","5","40.1655","-76.1596","1711","08","0","0","0","0","1","0","0","0","","0","0","0","17","4","0","01","0","40 09:55.667","","00","76 09:34.569","0","0","0","0","36218","0","0","0","N","0","0","0","2","36408","0","","1","01","N","N","0","","0","0","0","3","2","","1711","0","2","0","0","0","0","0","1","0","2","N","","","","","","","","","","","","03","  ","","",""
"0710","1","0","0","0","0","0","0","0","0","7","0","","36","03","2019","2019027625","5","40.1191","-76.637","0704","08","0","0","0","0","0","0","0","0","1","0","0","0","07","1","0","00","1","40 07:08.675","5","00","76 38:13.183","0","0","0","0","36237","0","0","0","Y","0","0","0","1","36505","0","","4","07","N","N","0","","0","0","0","0","0","N","0700","0","1","0","0","0","0","0","1","0","1","N","","","","","","","","","","","","03","  ","","",""
"1158","0","0","0","0","0","0","0","0","0","7","0","","36","03","2019","2019027628","7","40.0823","-76.0181","1150","08","0","0","0","0","0","1","0","0","2","0","0","0","11","1","0","00","2","40 04:56.190","5","00","76 01:05.297","0","0","0","0","36213","0","0","0","N","0","0","0","1","36213","0","","5","01","N","N","0","","0","0","1","0","0","Y","1144","0","1","0","0","0","0","0","1","0","1","N","","","","","","","","","","","","03","  ","","",""
"1459","1","0","0","0","0","0","0","0","0","4","1","","36","03","2019","2019027634","6","40.0526","-76.3045","1455","08","0","0","0","0","0","1","0","0","2","0","0","0","14","1","0","00","1","40 03:09.334","4","00","76 18:16.275","0","0","0","0","36301","0","0","0","N","0","0","0","3","36301","0","","1","01","N","N","0","","0","0","0","0","0","N","1453","0","2","0","0","0","0","0","3","0","2","N","","","","","","","","","","","","03","  ","","",""
"1643","2","0","0","0","0","0","0","0","0","4","0","","36","03","2019","2019027670","6","40.1886","-76.1892","1637","08","0","0","0","0","0","0","0","0","2","0","0","0","16","1","0","01","1","40 11:18.916","1","00","76 11:21.037","0","0","0","0","36408","0","0","0","N","0","0","0","2","36408","0","","1","09","N","N","0","","0","0","0","3","3","N","1635","0","2","0","0","0","0","0","2","0","2","N","","","","","","","","","","","","10","  ","","",""
"1657","2","0","0","0","0","0","0","0","0","1","0","","36","03","2019","2019027677","6","40.1886","-76.1892","1657","08","0","0","0","0","0","1","0","0","1","0","0","0","16","1","1","01","1","40 11:18.916","2","00","76 11:21.037","4","0","0","0","36408","0","0","0","N","0","0","0","3","36408","1","","1","09","N","N","0","","0","0","1","0","0","N","1657","1","3","0","0","0","0","0","2","0","3","N","","","","","","","","","","","","10","  ","","",""
"1745","0","0","0","0","0","0","0","0","0","1","0","","36","03","2019","2019027712","2","40.0824","-76.3278","1745","08","0","0","0","0","0","1","0","0","","0","0","0","15","1","1","02","0","40 04:56.755","","00","76 19:40.155","3","0","0","0","36101","0","0","0","N","0","0","0","2","36101","0","","1","01","N","N","0","","1","0","2","0","0","","1525","1","2","0","0","0","0","0","3","0","2","N","","","","","","","","","","","","03","  ","","",""
"0147","1","0","0","0","0","0","0","0","0","7","0","","36","03","2019","2019027757","7","40.0651","-76.5748","0147","08","0","0","0","0","0","0","0","0","2","0","0","0","01","2","0","00","1","40 03:54.532","1","00","76 34:29.130","0","0","0","0","36211","0","0","0","N","0","0","0","2","36504","0","","2","01","N","N","0","","0","0","0","0","0","N","0147","0","1","0","0","0","0","0","1","0","1","N","","","","","","","","","","","","03","  ","","",""
"2315","0","0","0","0","0","0","0","0","0","7","1","","36","02","2019","2019027785","3","40.2412","-76.2493","2256","08","0","0","0","0","0","1","0","0","2","0","1","0","22","2","1","00","2","40 14:28.248","4","00","76 14:57.352","4","0","0","0","36204","0","0","0","N","0","0","0","1","68T06","1","","4","01","N","N","0","","0","0","0","0","0","N","2256","1","1","0","0","0","0","0","1","0","1","N","","","","","","","","","","","","03","  ","","",""
"1955","4","0","1","0","0","0","0","0","0","5","0","","36","03","2019","2019027837","6","40.0395","-76.2927","1950","08","0","0","0","0","1","1","0","0","1","0","0","0","19","3","2","00","2","40 02:22.235","3","00","76 17:33.815","2","0","0","0","36301","0","0","0","N","0","0","0","5","36301","1","","1","09","N","N","1","","0","1","1","0","0","Y","1949","2","7","0","0","2","0","1","3","1","7","N","","","","","","","","","","","","03","  ","","",""
"1830","1","0","0","0","0","0","0","0","0","1","0","","36","03","2019","2019027855","6","40.2167","-76.2497","1824","08","0","0","0","0","0","1","0","0","","0","0","0","18","2","0","00","0","40 13:00.158","","00","76 14:58.750","0","0","0","0","36204","0","0","0","N","0","0","0","3","36506","0","","1","09","N","N","0","","0","0","1","3","2","","1824","0","2","0","0","0","0","0","1","0","2","N","","","","","","","","","","","","10","  ","","",""
"1511","1","0","0","0","0","0","0","0","0","8","0","","36","03","2019","2019027861","7","40.0393","-76.3081","1511","08","0","0","0","0","0","0","0","1","","0","0","0","15","1","2","01","0","40 02:21.470","","00","76 18:29.050","3","0","0","0","36301","2","0","0","N","2","0","0","3","36301","0","","1","01","N","N","0","","2","0","0","3","2","","1511","2","3","0","0","0","0","0","3","0","1","N","","","","","","","","","","","","03","  ","","",""
"1200","2","0","0","0","0","0","0","0","0","4","0","","36","03","2019","2019027863","7","40.1228","-76.023","1154","08","0","0","0","0","0","0","0","1","1","0","0","0","11","1","0","02","2","40 07:22.117","6","00","76 01:22.865","0","0","0","0","36213","0","0","0","N","0","0","0","4","36213","0","","1","01","N","N","0","","0","0","0","3","3","Y","1150","0","2","0","0","0","0","0","1","0","2","N","","","","","","","","","","","","03","  ","","",""
"0612","1","0","0","0","0","0","0","0","0","7","0","","36","03","2019","2019027930","3","40.2428","-76.2077","0608","08","0","0","0","0","0","0","0","0","2","0","0","0","06","5","0","00","1","40 14:34.253","3","00","76 12:27.593","0","0","0","0","36236","0","0","0","N","0","0","0","1","36408","0","","4","01","N","N","0","","0","0","0","0","0","N","0608","0","1","0","0","0","0","0","1","0","1","N","","","","","","","","","","","","03","  ","","",""
"0855","2","0","0","0","0","0","0","0","0","1","0","","36","03","2019","2019027951","6","40.0737","-76.5391","0852","08","0","0","0","0","0","0","0","1","2","0","0","0","08","1","0","10","1","40 04:25.361","3","00","76 32:20.793","0","0","0","0","36211","0","0","0","N","0","0","0","4","36504","0","","1","01","N","N","0","","0","0","0","0","0","N","0845","0","2","0","0","0","0","0","1","0","2","N","","","","","","","","","","","","03","  ","","",""
"0714","1","0","0","0","0","0","0","0","0","4","0","","36","03","2019","2019027985","3","40.1127","-76.31","0703","08","0","1","0","0","0","0","0","0","2","0","0","0","07","1","0","00","1","40 06:45.860","3","00","76 18:36.050","0","0","0","0","36101","1","0","0","N","0","0","0","2","36101","0","","1","01","N","N","0","","0","0","1","0","0","N","0700","0","2","0","0","0","0","0","3","0","2","N","","","","","","","","","","","","03","  ","","",""
"0905","1","0","0","0","0","0","0","0","0","7","0","","36","03","2019","2019027986","3","40.0442","-76.275","0900","08","0","0","0","0","0","0","0","0","2","0","0","0","08","1","1","00","2","40 02:39.170","5","00","76 16:30.100","3","0","0","0","36220","0","0","0","N","0","0","0","1","36101","0","","4","02","N","N","0","","1","0","0","0","0","N","0858","1","1","0","0","0","0","0","3","0","1","N","","","","","","","","","","","","03","  ","","",""
"1834","1","0","0","0","0","0","0","0","0","7","0","","36","03","2019","2019028014","7","40.1088","-76.6561","1825","08","0","0","0","0","0","0","0","0","2","0","0","0","18","2","0","02","2","40 06:31.694","5","00","76 39:22.071","0","0","0","0","36207","0","0","0","N","0","0","0","1","36504","0","","5","01","N","N","0","","0","0","0","0","0","Y","1824","0","1","0","0","0","0","0","1","0","1","N","","","","","","","","","","","","03","  ","","",""
"1924","0","0","0","0","0","0","0","0","0","7","0","","36","03","2019","2019028051","2","40.0358","-76.3159","1921","08","0","0","0","0","0","0","0","0","","0","0","0","19","3","0","01","0","40 02:08.854","","00","76 18:57.128","0","0","0","0","36301","0","0","0","N","0","0","0","1","36301","0","","5","02","N","N","0","","0","0","0","0","0","","1919","0","1","0","0","0","0","0","3","1","1","N","","","","","","","","","","","","10","  ","","",""
"0411","1","0","0","0","0","0","0","0","0","7","0","","36","03","2019","2019028139","1","40.0377","-76.4216","0405","08","0","0","0","0","0","0","0","0","3","0","0","0","04","3","0","00","2","40 02:15.800","6","00","76 25:17.810","0","0","0","0","36239","0","0","0","N","0","0","0","1","36239","0","","4","09","N","N","0","","0","0","0","0","0","Y","0403","0","1","0","0","0","0","0","3","0","1","N","","","","","","","","","","","","07","  ","","",""
"0225","1","0","0","0","0","0","0","0","0","5","0","","36","03","2019","2019028146","3","40.0393","-76.3083","0129","08","0","0","0","0","0","0","0","0","2","0","0","0","01","3","2","00","2","40 02:21.454","4","00","76 18:29.826","3","0","0","0","36301","0","0","0","N","0","0","0","3","36301","0","","6","01","N","N","0","","2","0","1","0","0","Y","0129","2","2","0","0","2","0","1","3","0","2","N","","","","","","","","","","","","03","  ","","",""
"0826","0","0","0","0","0","0","0","0","0","7","0","","36","03","2019","2019028162","6","40.277","-76.0939","0817","08","0","0","0","0","0","0","0","0","2","0","0","0","08","1","0","00","1","40 16:37.225","1","00","76 05:37.910","0","0","0","0","36210","0","0","0","N","0","0","0","2","36210","0","","2","07","N","N","0","","0","0","1","0","0","N","0815","0","2","0","0","0","0","0","1","0","1","N","","","","","","","","","","","","10","  ","","",""
"1733","1","0","0","0","0","0","0","0","0","7","0","","36","03","2019","2019028166","6","40.0534","-76.3246","1729","08","0","0","0","0","0","0","0","0","2","0","0","0","17","1","1","00","1","40 03:12.175","4","00","76 19:28.683","3","0","0","0","36101","0","0","0","N","0","0","0","1","36101","0","","2","09","N","N","0","","1","0","0","0","0","Y","1727","1","1","0","0","0","0","0","3","0","1","N","","","","","","","","","","","","10","  ","","",""
"1028","1","0","0","0","0","0","0","0","0","1","0","","36","03","2019","2019028167","7","40.0381","-76.3428","1027","08","0","0","0","0","0","0","0","0","1","0","0","0","10","1","3","00","2","40 02:17.004","6","03","76 20:34.036","4","0","0","0","36220","0","0","0","N","0","0","0","3","36101","3","","1","01","N","N","0","","0","0","1","0","0","Y","1024","3","2","0","0","0","0","0","3","0","2","N","","","","","","","","","","","","03","  ","","",""
"1952","1","0","0","0","0","0","0","0","0","4","0","","36","03","2019","2019028168","7","40.1093","-76.2501","1950","08","0","0","0","0","0","0","0","0","1","0","0","0","19","2","1","01","2","40 06:33.403","1","00","76 15:00.444","4","0","0","0","36101","0","0","0","N","0","0","0","2","36101","1","","1","01","N","N","0","","0","0","1","3","3","N","1949","1","2","0","0","0","0","0","3","0","2","N","","","","","","","","","","","","03","  ","","",""