"ARRIVAL_TM","AUTOMOBILE_COUNT","BELTED_DEATH_COUNT","BELTED_SUSP_SERIOUS_INJ_COUNT","BICYCLE_COUNT","BICYCLE_DEATH_COUNT","BICYCLE_SUSP_SERIOUS_INJ_COUNT","BUS_COUNT","CHLDPAS_DEATH_COUNT","CHLDPAS_SUSP_SERIOUS_INJ_COUNT","COLLISION_TYPE","COMM_VEH_COUNT","CONS_ZONE_SPD_LIM","COUNTY","CRASH_MONTH","CRASH_YEAR","CRN","DAY_OF_WEEK","DEC_LAT","DEC_LONG","DISPATCH_TM","DISTRICT","DRIVER_COUNT_16YR","DRIVER_COUNT_17YR","DRIVER_COUNT_18YR","DRIVER_COUNT_19YR","DRIVER_COUNT_20YR","DRIVER_COUNT_50_64YR","DRIVER_COUNT_65_74YR","DRIVER_COUNT_75PLUS","EST_HRS_CLOSED","FATAL_COUNT","HEAVY_TRUCK_COUNT","HORSE_BUGGY_COUNT","HOUR_OF_DAY","ILLUMINATION","INJURY_COUNT","INTERSECT_TYPE","LANE_CLOSED","LATITUDE","LN_CLOSE_DIR","LOCATION_TYPE","LONGITUDE","MAX_SEVERITY_LEVEL","MCYCLE_DEATH_COUNT","MCYCLE_SUSP_SERIOUS_INJ_COUNT","MOTORCYCLE_COUNT","MUNICIPALITY","NONMOTR_COUNT","NONMOTR_DEATH_COUNT","NONMOTR_SUSP_SERIOUS_INJ_COUNT","NTFY_HIWY_MAINT","PED_COUNT","PED_DEATH_COUNT","PED_SUSP_SERIOUS_INJ_COUNT","PERSON_COUNT","POLICE_AGCY","POSSIBLE_INJ_COUNT","RDWY_SURF_TYPE_CD","RELATION_TO_ROAD","ROAD_CONDITION","SCH_BUS_IND","SCH_ZONE_IND","SMALL_TRUCK_COUNT","SPEC_JURIS_CD","SUSP_MINOR_INJ_COUNT","SUSP_SERIOUS_INJ_COUNT","SUV_COUNT","TCD_FUNC_CD","TCD_TYPE","TFC_DETOUR_IND","TIME_OF_DAY","TOT_INJ_COUNT","TOTAL_UNITS","UNB_DEATH_COUNT","UNB_SUSP_SERIOUS_INJ_COUNT","UNBELTED_OCC_COUNT","UNK_INJ_DEG_COUNT","UNK_INJ_PER_COUNT","URBAN_RURAL","VAN_COUNT","VEHICLE_COUNT","WORK_ZONE_IND","WORK_ZONE_LOC","WORK_ZONE_TYPE","WORKERS_PRES","WZ_CLOSE_DETOUR","WZ_FLAGGER","WZ_LAW_OFFCR_IND","WZ_LN_CLOSURE","WZ_MOVING","WZ_OTHER","WZ_SHLDER_MDN","ROADWAY_CLEARED","WEATHER1","WEATHER2","WZ_WORKERS_INJ_KILLED","SECONDARY_CRASH","INTERSECTION_RELATED"
"0510","0","0","0","0","0","0","0","0","0","7","0","","36","03","2019","2019028169","1","40.1039","-76.2543","0500","08","0","0","0","0","0","0","0","0","3","0","0","0","04","2","0","00","2","40 06:14.024","2","03","76 15:15.350","0","0","0","0","36101","0","0","0","N","0","0","0","1","36101","0","","3","09","N","N","0","","0","0","1","0","0","Y","0455","0","1","0","0","0","0","0","3","0","1","N","","","","","","","","","","","","07","  ","","",""
"0915","1","0","0","0","0","0","0","0","0","4","0","","36","03","2019","2019028170","6","40.0934","-76.4202","0912","08","0","0","0","0","0","0","0","0","","0","0","0","09","1","1","01","0","40 05:36.373","","00","76 25:12.604","3","0","0","0","36214","0","0","0","N","0","0","0","3","36214","0","","1","01","N","N","0","","1","0","0","3","3","","0911","1","2","0","0","0","0","0","3","1","2","N","","","","","","","","","","","","03","  ","","",""
"1645","3","0","0","0","0","0","0","0","0","4","0","","36","03","2019","2019028237","7","40.0314","-76.3065","1638","08","0","0","0","1","0","1","0","0","1","0","0","0","16","1","0","01","2","40 01:52.926","2","00","76 18:23.456","0","0","0","0","36301","0","0","0","N","0","0","0","4","36301","0","","1","01","N","N","0","","0","0","1","3","3","N","1638","0","4","0","0","0","0","0","3","0","4","N","","","","","","","","","","","","03","  ","","",""
"1736","1","0","0","0","0","0","0","0","0","7","0","","36","03","2019","2019028295","1","40.2338","-76.3183","1727","08","0","0","0","0","0","0","0","0","1","0","0","0","17","4","1","00","1","40 14:01.526","4","00","76 19:05.908","3","0","0","0","36217","0","0","0","N","0","0","0","1","68T06","0","","4","06","N","N","0","","1","0","0","0","0","N","1727","1","1","0","0","0","0","0","1","0","1","N","","","","","","","","","","","","10","  ","","",""
"1827","1","0","0","0","0","0","0","0","0","4","0","","36","03","2019","2019028402","7","40.0778","-76.2957","1825","08","0","0","0","0","0","1","1","0","","0","0","0","18","3","0","03","0","40 04:40.099","","00","76 17:44.509","0","0","0","0","36101","0","0","0","N","0","0","0","2","36101","0","","1","01","N","N","0","","0","0","1","0","0","","1823","0","2","0","0","0","0","0","3","0","2","N","","","","","","","","","","","","03","  ","","",""
"2123","0","0","0","0","0","0","0","0","0","4","0","","36","03","2019","2019028403","1","40.0606","-76.2768","2119","08","0","0","0","0","0","2","0","0","2","0","0","0","21","3","4","01","2","40 03:38.398","6","02","76 16:37.304","4","0","0","0","36101","0","0","0","N","0","0","0","6","36101","3","","1","09","N","N","0","","0","0","1","3","2","N","2117","4","2","0","0","4","1","0","3","1","2","N","","","","","","","","","","","","03","  ","","",""
"0725","1","0","0","0","0","0","0","0","0","1","1","","36","03","2019","2019028428","4","40.0436","-76.5129","0717","08","0","0","0","0","0","0","0","0","","0","1","0","07","1","2","01","0","40 02:37.342","","00","76 30:46.650","4","0","0","0","36239","0","0","0","N","0","0","0","5","36239","2","","1","01","N","N","0","","0","0","1","0","0","N","0714","2","3","0","0","0","0","0","3","0","3","N","","","","","","","","","","","","03","  ","","",""
"0742","1","0","0","0","0","0","0","0","0","7","0","","36","03","2019","2019028461","5","40.2294","-76.1791","0742","08","0","0","0","0","0","0","0","0","","0","0","0","07","1","0","00","0","40 13:45.748","","00","76 10:44.687","0","0","0","0","36236","0","0","0","N","0","0","0","1","36408","0","","5","02","N","N","0","","0","0","0","0","0","","0735","0","1","0","0","0","0","0","1","0","1","N","","","","","","","","","","","","03","  ","","",""
"2103","1","0","0","0","0","0","0","0","0","4","0","","36","03","2019","2019028468","7","40.1636","-76.1524","2101","08","0","0","0","1","0","0","0","0","2","0","0","0","20","3","1","01","1","40 09:49.309","3","02","76 09:08.375","8","0","0","0","36218","0","0","0","N","0","0","0","2","36408","0","","1","01","N","N","0","","0","0","1","3","2","N","2055","1","2","0","0","0","1","0","1","0","2","N","","","","","","","","","","","","03","  ","","",""
"1752","1","0","0","0","0","0","0","0","0","1","0","","36","03","2019","2019028550","2","40.1091","-76.4951","1751","08","0","0","0","0","0","0","0","0","1","0","0","0","17","1","1","00","1","40 06:32.771","3","00","76 29:42.304","3","0","0","0","36413","0","0","0","N","0","0","0","1","36413","0","","6","01","N","N","0","","1","0","1","0","0","Y","1749","1","2","0","0","1","0","0","2","0","2","N","","","","","","","","","","","","03","  ","","",""
"1506","2","0","0","0","0","0","0","0","0","4","0","","36","03","2019","2019028579","2","40.1663","-76.3686","1503","08","0","0","1","0","0","0","0","0","1","0","0","0","15","1","0","02","1","40 09:58.759","1","00","76 22:06.938","0","0","0","0","36227","0","0","0","N","0","0","0","2","36506","0","","1","01","N","N","0","","0","0","0","0","0","N","1500","0","2","0","0","0","0","0","1","0","2","N","","","","","","","","","","","","03","  ","","",""
"0610","0","0","0","0","0","0","0","0","0","7","0","","36","03","2019","2019028608","3","40.2543","-76.212","0558","08","0","0","0","0","1","0","0","0","3","0","0","0","05","2","0","00","2","40 15:15.634","1","00","76 12:43.183","0","0","0","0","36236","0","0","0","N","0","0","0","2","36408","0","","5","01","N","N","0","","0","0","1","0","0","Y","0556","0","1","0","0","0","0","0","1","0","1","N","","","","","","","","","","","","03","  ","","",""
"1520","0","0","0","0","0","0","0","0","0","7","0","","36","03","2019","2019028626","4","40.0783","-76.5371","1515","08","0","0","0","0","0","1","0","0","3","0","0","0","15","1","0","02","2","40 04:42.020","6","00","76 32:13.568","0","0","0","0","36211","0","0","0","N","0","0","0","1","36504","0","","5","02","N","N","1","","0","0","0","0","0","Y","1510","0","1","0","0","0","0","0","1","0","1","N","","","","","","","","","","","","10","  ","","",""
"1621","1","0","0","0","0","0","1","0","0","4","1","","36","03","2019","2019028720","2","40.1163","-76.523","1617","08","0","0","0","0","0","0","0","1","2","0","0","0","16","1","2","01","2","40 06:58.646","7","00","76 31:22.976","3","0","0","0","36413","0","0","0","N","0","0","0","3","36413","1","","1","01","Y","N","0","","1","0","0","3","3","Y","1615","2","2","0","0","0","0","0","2","0","2","N","","","","","","","","","","","","03","  ","","",""
"0735","2","0","0","0","0","0","0","0","0","4","0","","36","03","2019","2019028730","3","40.1326","-76.347","0722","08","0","0","0","0","0","2","0","1","2","0","0","0","07","1","0","01","2","40 07:57.364","7","00","76 20:49.148","0","0","0","0","36227","0","0","0","N","0","0","0","3","36506","0","","1","01","N","N","0","","0","0","1","0","0","Y","0719","0","3","0","0","0","0","0","1","0","3","N","","","","","","","","","","","","03","  ","","",""
"1544","1","0","0","0","0","0","0","0","0","2","0","","36","01","2019","2019028746","4","40.0775","-76.2026","1525","08","0","0","0","0","0","0","0","0","2","0","0","0","15","1","0","00","2","40 04:38.978","5","00","76 12:09.373","0","0","0","0","36234","0","0","0","N","0","0","0","3","36215","0","","1","07","N","N","0","","0","0","2","0","0","Y","1525","0","3","0","0","0","0","0","1","0","3","N","","","","","","","","","","","","10","  ","","",""
"1611","1","0","0","0","0","0","0","0","0","1","0","","36","02","2019","2019028747","2","40.0166","-76.1633","1602","08","0","0","0","0","0","0","1","0","","0","0","0","16","1","0","00","0","40 00:59.815","","00","76 09:47.934","0","0","0","0","36215","0","0","0","N","0","0","0","4","36215","0","","1","01","N","N","0","","0","0","2","3","2","","1602","0","3","0","0","0","0","0","1","0","3","N","","","","","","","","","","","","03","  ","","",""
"1256","2","0","0","0","0","0","0","0","0","1","0","","36","03","2019","2019028748","5","40.0776","-76.2587","1249","08","0","1","0","0","0","0","1","0","","0","0","0","12","1","1","02","0","40 04:39.294","","00","76 15:31.416","4","0","0","0","36215","0","0","0","N","0","0","0","2","36215","1","","1","01","N","N","0","","0","0","0","3","3","","1246","1","2","0","0","0","0","0","1","0","2","N","","","","","","","","","","","","03","  ","","",""
"1544","3","0","0","0","0","0","0","0","0","1","0","","36","03","2019","2019028749","6","40.0889","-76.1953","1535","08","0","0","0","0","0","1","0","0","","0","0","0","15","1","0","00","0","40 05:20.054","","00","76 11:42.961","0","0","0","0","36234","0","0","0","N","0","0","0","6","36215","0","","1","09","N","N","0","","0","0","0","0","0","","1533","0","3","0","0","0","0","0","1","0","3","N","","","","","","","","","","","","10","  ","","",""
"1108","2","0","0","0","0","0","0","0","0","4","0","","36","03","2019","2019028750","7","40.0263","-76.2121","1108","08","0","0","0","0","1","0","0","0","1","0","0","0","11","1","0","00","1","40 01:34.734","6","00","76 12:43.651","0","0","0","0","36215","0","0","0","N","0","0","0","4","36215","0","","1","01","N","N","0","","0","0","0","3","3","N","1106","0","2","0","0","0","0","0","1","0","2","N","","","","","","","","","","","","03","  ","","",""
"1823","3","0","0","1","0","0","0","0","0","5","0","","36","03","2019","2019028777","3","40.0304","-76.3063","1818","08","0","0","0","0","0","0","0","0","2","0","0","0","17","1","0","00","1","40 01:49.294","2","00","76 18:22.825","0","0","0","0","36301","0","0","0","N","0","0","0","3","36301","0","","1","01","N","N","0","","0","0","1","0","0","N","1743","0","5","0","0","0","0","0","3","0","4","N","","","","","","","","","","","","03","  ","","",""
"2048","1","0","0","0","0","0","0","0","0","8","0","","36","03","2019","2019028794","5","40.0423","-76.2898","2042","08","0","0","0","0","0","0","0","0","","0","0","0","15","1","1","00","0","40 02:32.200","","00","76 17:23.300","3","0","0","0","36301","1","0","0","N","1","0","0","2","36301","0","","5","01","N","Y","0","","1","0","0","0","0","","1530","1","2","0","0","0","0","1","3","0","1","N","","","","","","","","","","","","03","  ","","",""
"1921","1","0","0","0","0","0","0","0","0","4","0","","36","03","2019","2019028887","2","40.0526","-76.3231","1911","08","0","0","0","0","1","0","0","0","","0","0","0","18","3","0","00","0","40 03:09.253","","07","76 19:23.050","0","0","0","0","36101","0","0","0","N","0","0","0","2","36101","0","","1","01","N","N","0","","0","0","1","0","0","","1854","0","2","0","0","0","0","0","3","0","2","N","","","","","","","","","","","","03","  ","","",""
"1734","1","0","0","0","0","0","0","0","0","7","0","","36","03","2019","2019028888","3","40.0385","-76.3265","1729","08","0","0","0","1","0","0","0","0","2","0","0","0","17","1","1","00","1","40 02:18.534","3","00","76 19:35.257","3","0","0","0","36220","0","0","0","N","0","0","0","2","36101","0","","4","01","N","N","0","","1","0","0","0","0","N","1728","1","1","0","0","2","0","0","3","0","1","N","","","","","","","","","","","","03","  ","","",""
"1656","1","0","0","0","0","0","0","0","0","1","0","","36","03","2019","2019028889","1","40.1128","-76.3965","1648","08","0","0","0","0","0","1","0","0","2","0","0","0","16","1","0","01","1","40 06:45.982","1","00","76 23:47.576","0","0","0","0","36214","0","0","0","N","0","0","0","2","36214","0","","1","09","N","N","0","","0","0","1","0","0","N","1645","0","2","0","0","0","0","0","3","0","2","N","","","","","","","","","","","","10","  ","","",""
"1650","0","0","0","0","0","0","0","0","0","7","0","","36","03","2019","2019028890","4","40.0533","-76.3883","1643","08","0","0","0","0","1","0","0","0","1","0","0","0","16","1","1","00","1","40 03:11.718","3","00","76 23:17.911","3","0","0","0","36214","0","0","0","N","0","0","0","1","36214","0","","2","01","N","N","1","","1","0","0","0","0","N","1640","1","1","0","0","0","0","0","3","0","1","N","","","","","","","","","","","","03","  ","","",""
"0753","0","0","0","0","0","0","0","0","0","4","0","","36","03","2019","2019028891","5","40.0635","-76.3589","0748","08","0","0","0","0","0","0","0","0","","0","0","0","07","1","0","01","0","40 03:48.686","","00","76 21:32.100","0","0","0","0","36214","0","0","0","N","0","0","0","4","36214","0","","1","01","N","N","0","","0","0","2","3","2","","0746","0","2","0","0","0","0","0","3","0","2","N","","","","","","","","","","","","03","  ","","",""
"0843","1","0","0","0","0","0","0","0","0","7","0","","36","03","2019","2019028892","5","40.1138","-76.3874","0835","08","0","0","0","0","0","1","0","0","1","0","0","0","08","1","0","00","1","40 06:49.580","4","00","76 23:14.660","0","0","0","0","36214","0","0","0","N","0","0","0","1","36214","0","","5","02","N","N","0","","0","0","0","0","0","N","0831","0","1","0","0","0","0","0","3","0","1","N","","","","","","","","","","","","03","  ","","",""
"1714","1","0","0","0","0","0","0","0","0","4","0","","36","03","2019","2019028906","2","40.1669","-76.1997","1710","08","0","0","0","1","0","0","0","0","2","0","0","0","17","1","3","00","2","40 10:00.778","5","00","76 11:59.006","3","0","0","0","36408","0","0","0","N","0","0","0","4","36408","2","","1","01","N","N","0","","1","0","1","0","0","Y","1708","3","2","0","0","1","0","0","2","0","2","N","","","","","","","","","","","","03","  ","","",""
"2258","1","0","0","0","0","0","0","0","0","0","0","","36","03","2019","2019028933","3","40.033","-76.506","2255","08","0","1","0","0","0","0","0","0","1","0","0","0","22","3","0","01","1","40 01:58.979","3","00","76 30:21.554","0","0","0","0","36404","0","0","0","N","0","0","0","1","36404","0","","1","01","N","N","0","","0","0","0","0","0","N","2255","0","1","0","0","0","0","0","3","0","1","N","","","","","","","","","","","","03","  ","","",""
"2231","0","0","0","0","0","0","0","0","0","4","0","","36","03","2019","2019028951","6","40.0274","-76.4893","2226","08","0","0","0","0","0","1","0","0","","0","0","0","22","3","0","02","0","40 01:38.582","","00","76 29:21.303","0","0","0","0","36404","0","0","0","N","0","0","0","1","36404","0","","1","01","N","N","0","","0","0","2","0","0","","2226","0","2","0","0","0","0","0","3","0","2","N","","","","","","","","","","","","03","  ","","",""
"0716","1","0","0","0","0","0","0","0","0","4","0","","36","03","2019","2019028984","4","40.148","-76.2817","0710","08","0","1","0","0","0","0","0","0","1","0","0","0","07","1","1","02","1","40 08:52.873","1","00","76 16:54.225","8","0","0","0","36235","0","0","0","N","0","0","0","3","36506","0","","1","01","N","N","0","","0","0","1","0","0","N","0710","1","2","0","0","0","1","2","1","0","2","N","","","","","","","","","","","","03","  ","","",""
"1048","2","0","0","0","0","0","0","0","0","4","0","","36","03","2019","2019028997","4","40.214","-76.1583","1032","08","0","0","0","0","0","0","2","0","1","0","0","0","10","1","0","01","1","40 12:50.227","5","00","76 09:29.728","0","0","0","0","36236","0","0","0","N","0","0","0","4","36408","0","","1","01","N","N","0","","0","0","0","3","3","Y","1032","0","2","0","0","0","0","0","1","0","2","N","","","","","","","","","","","","03","  ","","",""
"0205","0","0","0","0","0","0","0","0","0","7","0","","36","03","2019","2019029014","4","40.0695","-76.2703","0201","08","0","0","0","0","0","1","0","0","2","0","0","0","01","3","0","00","2","40 04:10.332","5","00","76 16:13.027","0","0","0","0","36101","0","0","0","N","0","0","0","1","36101","0","","5","01","N","N","0","","0","0","0","0","0","Y","0156","0","1","0","0","0","0","0","3","1","1","N","","","","","","","","","","","","03","  ","","",""
"2204","2","0","0","0","0","0","0","0","0","4","0","","36","03","2019","2019029017","3","40.0429","-76.3046","2202","08","0","0","0","0","0","0","0","0","","0","0","0","21","3","1","01","0","40 02:34.358","","00","76 18:16.407","3","0","0","0","36301","0","0","0","N","0","0","0","3","36301","0","","1","01","","","0","","1","0","0","3","2","","2159","1","2","0","0","0","0","0","3","0","2","N","","","","","","","","","","","","03","  ","","",""
"0135","2","0","0","0","0","0","0","0","0","2","0","","36","03","2019","2019029103","1","40.0469","-76.3185","0132","08","0","0","0","0","0","0","0","0","3","0","0","0","01","3","0","00","1","40 02:48.800","1","00","76 19:06.500","0","0","0","0","36301","0","0","0","N","0","0","0","1","36301","0","","6","09","N","N","0","","0","0","0","0","0","N","0131","0","2","0","0","0","0","0","3","0","2","N","","","","","","","","","","","","07","  ","","",""
"1651","1","0","0","0","0","0","0","0","0","1","0","","36","03","2019","2019029112","6","40.1392","-76.2044","1646","08","0","0","0","0","0","0","0","0","","0","0","0","16","1","0","00","0","40 08:21.299","","00","76 12:15.811","0","0","0","0","36238","0","0","0","N","0","0","0","4","36238","0","","1","01","N","N","1","","0","0","1","0","0","","1643","0","3","0","0","0","0","0","3","0","3","N","","","","","","","","","","","","03","  ","","",""
"2133","2","0","0","0","0","0","0","0","0","4","0","","36","03","2019","2019029200","6","40.1637","-76.1523","2128","08","0","0","0","1","0","1","0","0","1","0","0","0","21","3","0","01","1","40 09:49.333","3","02","76 09:08.451","0","0","0","0","36218","0","0","0","N","0","0","0","3","36408","0","","1","01","N","N","0","","0","0","0","3","2","N","2120","0","2","0","0","0","0","0","1","0","2","N","","","","","","","","","","","","03","  ","","",""
"1941","2","0","0","0","0","0","0","0","0","4","0","","36","03","2019","2019029201","7","40.1284","-76.2158","1938","08","0","0","0","0","0","1","0","0","","0","0","0","19","3","0","02","0","40 07:42.825","","02","76 12:57.100","0","0","0","0","36238","0","0","0","N","0","0","0","3","36238","0","","1","01","N","N","0","","0","0","0","3","2","","1936","0","2","0","0","0","0","0","3","0","2","N","","","","","","","","","","","","03","  ","","",""
"1542","1","0","0","0","0","0","0","0","0","1","1","","36","03","2019","2019029216","4","40.0559","-76.3594","1542","08","0","0","0","0","0","1","0","0","","0","1","0","15","1","1","03","0","40 03:21.349","","00","76 21:33.740","4","0","0","0","36214","0","0","0","N","0","0","0","2","36214","1","","1","01","N","N","0","","0","0","0","0","0","","1540","1","2","0","0","0","0","0","3","0","2","N","","","","","","","","","","","","03","  ","","",""
"1825","0","0","0","0","0","0","0","0","0","7","0","","36","03","2019","2019029217","4","40.052","-76.3572","1818","08","0","0","0","0","0","0","0","0","1","0","0","0","18","1","2","00","2","40 03:07.287","6","00","76 21:25.919","8","0","0","0","36214","0","0","0","N","0","0","0","2","36214","0","","5","01","N","N","1","","0","0","0","0","0","Y","1815","2","1","0","0","2","2","0","3","0","1","N","","","","","","","","","","","","03","  ","","",""
"2152","1","0","0","0","0","0","0","0","0","4","0","","36","03","2019","2019029218","4","40.038","-76.3517","2130","08","0","0","0","0","0","0","0","0","","0","0","0","21","3","0","00","0","40 02:16.791","","00","76 21:06.166","0","0","0","0","36214","0","0","0","N","0","0","0","5","36214","0","","1","01","N","N","0","","0","0","1","0","0","","2128","0","2","0","0","0","0","0","3","0","2","N","","","","","","","","","","","","03","  ","","",""
"0753","1","0","0","0","0","0","0","0","0","7","0","","36","03","2019","2019029219","1","40.1562","-76.3188","0746","08","0","0","0","0","0","0","0","0","","0","0","0","07","8","0","03","0","40 09:22.300","","00","76 19:07.600","0","0","0","0","36409","0","0","0","N","0","0","0","1","36409","0","","2","09","N","N","0","","0","0","0","0","0","","0746","0","1","0","0","0","0","0","3","0","1","N","","","","","","","","","","","","07","  ","","",""
"0847","1","0","0","0","0","0","0","0","0","7","0","","36","03","2019","2019029229","4","40.1167","-76.2336","0835","08","0","0","0","0","0","0","0","0","3","0","0","0","08","1","1","00","1","40 06:59.962","5","00","76 14:01.091","4","0","0","0","36235","0","0","0","Y","0","0","0","1","36506","1","","3","01","N","N","0","","0","0","0","0","0","N","0835","1","1","0","0","0","0","0","1","0","1","N","","","","","","","","","","","","03","  ","","",""
"1234","0","0","0","0","0","0","0","0","0","4","0","","36","03","2019","2019029231","4","40.1288","-76.3118","1228","08","0","0","0","0","0","0","0","1","2","0","0","0","12","1","0","02","1","40 07:43.586","6","00","76 18:42.454","0","0","0","0","36235","0","0","0","N","0","0","0","3","36506","0","","1","01","N","N","0","","0","0","1","3","2","N","1228","0","2","0","0","0","0","0","1","1","2","N","","","","","","","","","","","","03","  ","","",""
"0608","0","0","0","0","0","0","0","0","0","8","0","","36","02","2019","2019029245","5","39.8945","-76.1709","0559","08","0","0","0","0","0","0","0","0","4","1","0","0","05","3","0","00","2","39 53:40.190","6","00","76 10:15.270","1","0","0","0","36416","1","1","0","N","1","1","0","2","36416","0","2","1","01","N","N","0","0","0","0","1","0","0","Y","0557","0","2","0","0","0","0","0","1","0","1","N","","","","","","","","","","","","03","  ","","",""
"0811","0","0","0","0","0","0","0","0","0","4","0","","36","03","2019","2019029248","5","40.1546","-76.5979","0808","08","0","0","0","0","0","0","0","0","2","0","0","0","08","1","0","01","2","40 09:16.676","7","00","76 35:52.370","0","0","0","0","36407","0","0","0","N","0","0","0","2","36407","0","","1","01","N","N","1","","0","0","1","3","3","Y","0807","0","2","0","0","0","0","0","2","0","2","N","","","","","","","","","","","","03","  ","","",""
"1042","3","0","0","0","0","0","0","0","0","4","0","","36","03","2019","2019029271","5","40.1776","-76.1805","1041","08","0","0","0","0","0","0","1","0","2","0","0","0","10","1","2","01","2","40 10:39.273","7","00","76 10:49.908","8","0","0","0","36408","0","0","0","N","0","0","0","3","36408","0","","1","01","N","N","0","","0","0","0","3","2","Y","1040","2","3","0","0","1","2","0","2","0","3","N","","","","","","","","","","","","03","  ","","",""
"0828","0","0","0","0","0","0","0","0","0","4","1","","36","03","2019","2019029278","4","40.039","-76.3108","0828","08","0","0","0","0","0","1","0","0","2","0","1","0","08","1","0","01","2","40 02:20.496","7","00","76 18:38.878","0","0","0","0","36301","0","0","0","N","0","0","0","2","36301","0","","1","01","N","Y","0","","0","0","0","3","2","Y","0826","0","2","0","0","0","0","0","3","1","2","N","","","","","","","","","","","","03","  ","","",""
"0754","0","0","0","0","0","0","0","0","0","4","0","","36","03","2019","2019029476","4","40.0323","-76.3246","0752","08","0","0","0","0","0","0","0","0","2","0","0","0","07","1","1","01","1","40 01:56.136","2","00","76 19:28.579","3","0","0","0","36220","0","0","0","N","0","0","0","4","36101","0","","1","01","N","Y","0","","1","0","3","3","3","N","0750","1","3","0","0","0","0","0","3","0","3","N","","","","","","","","","","","","03","  ","","",""
"0943","0","0","0","0","0","0","0","0","0","1","0","","36","03","2019","2019029477","4","40.1074","-76.2485","0927","08","0","0","0","0","0","2","0","0","","0","0","0","09","1","0","00","0","40 06:26.765","","00","76 14:54.738","0","0","0","0","36101","0","0","0","N","0","0","0","2","36101","0","","1","01","N","N","0","","0","0","1","0","0","","0925","0","2","0","0","0","0","0","3","1","2","N","","","","","","","","","","","","03","  ","","",""
"1825","1","0","0","0","0","0","0","0","0","4","0","","36","03","2019","2019029510","6","40.2363","-76.0736","1817","08","0","0","0","0","0","0","1","0","","0","0","0","18","4","0","02","0","40 14:10.655","","00","76 04:24.882","0","0","0","0","36401","0","0","0","N","0","0","0","2","36408","0","","1","01","N","N","0","","0","0","0","0","0","","1817","0","2","0","0","0","0","0","1","1","2","N","","","","","","","","","","","","03","  ","","",""
"1752","1","0","0","0","0","0","0","0","0","7","0","","36","03","2019","2019029527","5","40.2086","-76.2247","1750","08","0","0","0","0","0","0","0","0","1","0","0","0","17","1","1","00","1","40 12:30.923","4","00","76 13:28.815","4","0","0","0","36204","0","0","0","N","0","0","0","1","36506","1","","5","01","N","N","0","","0","0","0","0","0","Y","1750","1","1","0","0","0","0","0","1","0","1","N","","","","","","","","","","","","03","  ","","",""
"2104","1","0","0","0","0","0","0","0","0","7","0","","36","03","2019","2019029528","5","40.1587","-76.3252","2055","08","0","1","0","0","0","0","0","0","1","0","0","0","20","2","0","00","1","40 09:31.400","1","00","76 19:30.800","0","0","0","0","36235","0","0","0","N","0","0","0","1","36506","0","","4","01","N","N","0","","0","0","0","0","0","Y","2055","0","1","0","0","0","0","0","1","0","1","N","","","","","","","","","","","","03","  ","","",""
"2019","0","0","0","0","0","0","0","0","0","7","0","","36","03","2019","2019029529","5","40.1311","-76.2519","2013","08","0","0","0","0","0","0","0","0","","0","0","0","20","2","0","00","0","40 07:52.041","","00","76 15:06.699","0","0","0","0","36235","0","0","0","N","0","0","0","1","36506","0","","5","01","N","N","0","","0","0","1","0","0","","2013","0","1","0","0","0","0","0","1","0","1","N","","","","","","","","","","","","03","  ","","",""
"1649","0","0","0","0","0","0","0","0","0","8","0","","36","01","2019","2019029632","1","39.9872","-76.1916","1646","08","0","0","0","0","0","1","0","0","2","1","0","0","16","4","0","02","2","39 59:14.022","5","00","76 11:29.626","1","0","0","0","36417","1","1","0","N","1","1","0","2","36417","0","2","1","01","N","N","0","0","0","0","1","0","0","Y","1646","0","2","0","0","0","0","0","1","0","1","N","","","","","","","","","","","","03","  ","","",""
"0047","3","0","0","0","0","0","0","0","0","1","0","","36","03","2019","2019029673","1","40.0465","-76.2925","0040","08","0","0","0","0","0","0","0","1","","0","0","0","00","3","0","00","0","40 02:47.291","","00","76 17:33.118","0","0","0","0","36301","0","0","0","N","0","0","0","1","36301","0","","4","09","N","N","0","","0","0","0","0","0","","0037","0","3","0","0","0","0","0","3","0","3","N","","","","","","","","","","","","07","  ","","",""
"1746","0","0","0","0","0","0","0","0","0","1","0","","36","03","2019","2019029829","5","40.092","-76.3483","1742","08","0","0","0","0","0","1","0","0","","0","0","0","17","1","0","00","0","40 05:31.040","","00","76 20:53.795","0","0","0","0","36406","0","0","0","N","0","0","0","5","36101","0","","1","01","N","N","2","","0","0","1","3","2","","1742","0","3","0","0","0","0","0","3","0","3","N","","","","","","","","","","","","03","  ","","",""
"0015","1","0","0","0","0","0","0","0","0","7","0","","36","03","2019","2019029830","6","40.0612","-76.3547","0015","08","0","0","0","0","0","0","0","0","1","0","0","0","00","3","0","00","2","40 03:40.462","6","00","76 21:17.024","0","0","0","0","36214","0","0","0","N","0","0","0","1","36214","0","","3","01","N","N","0","","0","0","0","0","0","N","0015","0","1","0","0","0","0","0","3","0","1","N","","","","","","","","","","","","03","  ","","",""
"1948","1","0","0","0","0","0","0","0","0","7","0","","36","03","2019","2019029831","4","40.0969","-76.2148","1948","08","0","0","0","0","0","0","0","0","3","0","0","0","19","2","0","00","2","40 05:48.950","5","00","76 12:53.360","0","0","0","0","36234","0","0","0","N","0","0","0","1","36215","0","","4","07","N","N","0","","0","0","0","0","0","Y","1948","0","1","0","0","0","0","0","1","0","1","N","","","","","","","","","","","","98","  ","","",""