"ARRIVAL_TM","AUTOMOBILE_COUNT","BELTED_DEATH_COUNT","BELTED_SUSP_SERIOUS_INJ_COUNT","BICYCLE_COUNT","BICYCLE_DEATH_COUNT","BICYCLE_SUSP_SERIOUS_INJ_COUNT","BUS_COUNT","CHLDPAS_DEATH_COUNT","CHLDPAS_SUSP_SERIOUS_INJ_COUNT","COLLISION_TYPE","COMM_VEH_COUNT","CONS_ZONE_SPD_LIM","COUNTY","CRASH_MONTH","CRASH_YEAR","CRN","DAY_OF_WEEK","DEC_LAT","DEC_LONG","DISPATCH_TM","DISTRICT","DRIVER_COUNT_16YR","DRIVER_COUNT_17YR","DRIVER_COUNT_18YR","DRIVER_COUNT_19YR","DRIVER_COUNT_20YR","DRIVER_COUNT_50_64YR","DRIVER_COUNT_65_74YR","DRIVER_COUNT_75PLUS","EST_HRS_CLOSED","FATAL_COUNT","HEAVY_TRUCK_COUNT","HORSE_BUGGY_COUNT","HOUR_OF_DAY","ILLUMINATION","INJURY_COUNT","INTERSECT_TYPE","LANE_CLOSED","LATITUDE","LN_CLOSE_DIR","LOCATION_TYPE","LONGITUDE","MAX_SEVERITY_LEVEL","MCYCLE_DEATH_COUNT","MCYCLE_SUSP_SERIOUS_INJ_COUNT","MOTORCYCLE_COUNT","MUNICIPALITY","NONMOTR_COUNT","NONMOTR_DEATH_COUNT","NONMOTR_SUSP_SERIOUS_INJ_COUNT","NTFY_HIWY_MAINT","PED_COUNT","PED_DEATH_COUNT","PED_SUSP_SERIOUS_INJ_COUNT","PERSON_COUNT","POLICE_AGCY","POSSIBLE_INJ_COUNT","RDWY_SURF_TYPE_CD","RELATION_TO_ROAD","ROAD_CONDITION","SCH_BUS_IND","SCH_ZONE_IND","SMALL_TRUCK_COUNT","SPEC_JURIS_CD","SUSP_MINOR_INJ_COUNT","SUSP_SERIOUS_INJ_COUNT","SUV_COUNT","TCD_FUNC_CD","TCD_TYPE","TFC_DETOUR_IND","TIME_OF_DAY","TOT_INJ_COUNT","TOTAL_UNITS","UNB_DEATH_COUNT","UNB_SUSP_SERIOUS_INJ_COUNT","UNBELTED_OCC_COUNT","UNK_INJ_DEG_COUNT","UNK_INJ_PER_COUNT","URBAN_RURAL","VAN_COUNT","VEHICLE_COUNT","WORK_ZONE_IND","WORK_ZONE_LOC","WORK_ZONE_TYPE","WORKERS_PRES","WZ_CLOSE_DETOUR","WZ_FLAGGER","WZ_LAW_OFFCR_IND","WZ_LN_CLOSURE","WZ_MOVING","WZ_OTHER","WZ_SHLDER_MDN","ROADWAY_CLEARED","WEATHER1","WEATHER2","WZ_WORKERS_INJ_KILLED","SECONDARY_CRASH","INTERSECTION_RELATED"
"0419","0","0","0","0","0","0","0","0","0","7","0","","36","02","2019","2019029832","7","40.2021","-76.4959","0400","08","0","0","0","0","0","0","0","0","1","0","0","0","03","2","0","00","1","40 12:07.410","1","00","76 29:45.260","0","0","0","0","36230","0","0","0","N","0","0","0","1","36410","0","","4","01","N","N","0","","0","0","1","0","0","N","0340","0","1","0","0","0","0","0","1","0","1","N","","","","","","","","","","","","03","  ","","",""
"1501","0","0","0","0","0","0","0","0","0","0","0","","36","02","2019","2019029833","7","40.1275","-76.476","1453","08","0","0","0","0","0","0","0","0","3","0","0","0","14","1","0","00","2","40 07:39.164","5","00","76 28:33.493","0","0","0","0","36230","0","0","0","N","0","0","0","1","36410","0","","1","01","N","N","1","","0","0","0","0","0","Y","1451","0","1","0","0","0","0","0","1","0","1","N","","","","","","","","","","","","03","  ","","",""
"1335","2","0","0","0","0","0","0","0","0","1","0","","36","03","2019","2019029834","7","40.113","-76.4464","1321","08","0","0","0","0","0","0","0","0","2","0","0","0","13","1","0","00","1","40 06:46.811","3","00","76 26:46.913","0","0","0","0","36230","0","0","0","N","0","0","0","2","36410","0","","1","09","N","N","0","","0","0","0","0","0","N","1316","0","2","0","0","0","0","0","1","0","2","N","","","","","","","","","","","","10","  ","","",""
"1955","1","0","0","0","0","0","0","0","0","7","0","","36","03","2019","2019029835","1","40.1294","-76.4439","1943","08","0","0","0","0","0","0","0","0","","0","0","0","19","2","0","00","0","40 07:45.961","","00","76 26:37.946","0","0","0","0","36230","0","0","0","N","0","0","0","1","36410","0","","4","07","N","N","0","","0","0","0","0","0","","1941","0","1","0","0","0","0","0","1","0","1","N","","","","","","","","","","","","10","  ","","",""
"2335","0","0","0","0","0","0","0","0","0","7","0","","36","03","2019","2019029836","2","40.2207","-76.4371","2023","08","0","0","0","0","0","0","0","0","2","0","0","0","20","2","0","02","2","40 13:14.520","6","00","76 26:13.672","0","0","0","0","36230","0","0","0","N","0","0","0","1","36410","0","","4","01","N","N","1","","0","0","0","0","0","Y","2020","0","1","0","0","0","0","0","1","0","1","N","","","","","","","","","","","","03","  ","","",""
"2147","1","0","0","0","0","0","0","0","0","7","0","","36","03","2019","2019029837","2","40.133","-76.4336","2136","08","0","0","0","1","0","0","0","0","2","0","0","0","21","2","0","00","1","40 07:58.755","3","00","76 26:00.854","0","0","0","0","36230","0","0","0","N","0","0","0","2","36410","0","","4","02","N","N","0","","0","0","1","0","0","N","2132","0","2","0","0","2","0","0","1","0","2","N","","","","","","","","","","","","03","  ","","",""
"1859","1","0","0","0","0","0","0","0","0","7","0","","36","03","2019","2019029838","4","40.1367","-76.4156","1851","08","0","0","0","0","0","0","0","0","1","0","0","0","18","2","1","00","2","40 08:11.940","5","00","76 24:56.040","8","0","0","0","36230","0","0","0","N","0","0","0","1","36410","0","","5","02","N","N","0","","0","0","0","0","0","N","1850","1","1","0","0","0","1","0","1","0","1","N","","","","","","","","","","","","03","  ","","",""
"1553","0","0","0","0","0","0","0","0","0","1","0","","36","03","2019","2019029839","1","40.1515","-76.4116","1550","08","0","0","0","1","0","0","0","0","2","0","0","0","15","1","4","00","2","40 09:05.432","6","00","76 24:41.785","3","0","0","0","36230","0","0","0","N","0","0","0","4","36410","3","","1","01","N","N","1","","1","0","0","0","0","Y","1548","4","2","0","0","1","0","0","1","1","2","N","","","","","","","","","","","","03","  ","","",""
"0745","1","0","0","0","0","0","0","0","0","1","0","","36","03","2019","2019029841","4","40.177","-76.4027","0742","08","0","0","0","0","0","1","0","0","","0","0","0","07","1","0","00","0","40 10:37.068","","00","76 24:09.731","0","0","0","0","36230","0","0","0","N","0","0","0","2","36410","0","","1","01","N","N","0","","0","0","1","0","0","","0740","0","2","0","0","0","0","0","1","0","2","N","","","","","","","","","","","","03","  ","","",""
"0834","1","0","0","0","0","0","0","0","0","4","0","","36","03","2019","2019029842","4","40.172","-76.3979","0831","08","0","0","0","0","0","0","1","0","","0","0","0","08","1","1","01","0","40 10:19.156","","00","76 23:52.317","8","0","0","0","36230","0","0","0","N","0","0","0","2","36410","0","","1","01","N","N","0","","0","0","1","3","3","","0830","1","2","0","0","1","1","0","1","0","2","N","","","","","","","","","","","","03","  ","","",""
"2147","0","0","0","0","0","0","0","0","0","7","0","","36","01","2019","2019029901","5","39.9277","-76.1335","2141","08","0","0","0","0","0","0","0","1","","0","0","0","21","2","1","00","0","39 55:39.888","","00","76 08:00.713","3","0","0","0","36216","0","0","0","N","0","0","0","1","68J01","0","","4","02","N","N","0","","1","0","1","0","0","","2135","1","1","0","0","0","0","0","1","0","1","N","","","","","","","","","","","","98","  ","","",""
"1622","0","0","1","0","0","0","0","0","0","7","0","","36","02","2019","2019029904","3","39.8035","-76.2508","1551","08","0","0","0","0","0","0","0","0","2","0","0","0","15","1","2","00","2","39 48:12.500","6","00","76 15:02.700","2","0","0","0","36208","0","0","0","N","0","0","0","4","68J01","0","","4","2","N","N","0","","0","1","0","0","0","N","1543","2","1","0","0","0","1","0","1","1","1","N","","","","","","","","","","","","03","  ","","",""
"1836","1","0","0","0","0","0","0","0","0","4","0","","36","02","2019","2019029905","3","39.9888","-75.9854","1816","08","0","0","0","0","0","0","0","0","","0","0","0","17","2","1","00","0","39 59:19.559","","00","75 59:07.619","4","0","0","0","36232","0","0","0","N","0","0","0","2","68J01","1","","1","01","N","N","1","","0","0","0","0","0","","1754","1","2","0","0","0","0","0","1","0","2","N","","","","","","","","","","","","03","  ","","",""
"1249","0","0","0","0","0","0","0","0","0","7","0","","36","02","2019","2019029909","2","39.9636","-76.3326","1239","08","0","0","0","0","0","0","0","0","","0","0","0","12","1","0","00","0","39 57:48.920","","00","76 19:57.180","0","0","0","0","36206","0","0","0","N","0","0","0","2","68J01","0","","4","01","N","N","0","","0","0","1","0","0","","1238","0","1","0","0","0","0","0","1","0","1","N","","","","","","","","","","","","03","  ","","",""
"1033","0","0","0","0","0","0","0","0","0","1","0","","36","02","2019","2019029911","4","40.0341","-75.9879","1008","08","0","0","0","0","0","0","0","0","2","0","0","1","10","1","1","00","1","40 02:02.854","3","00","75 59:16.563","4","0","0","0","36232","4","0","0","N","0","0","0","7","68J01","1","","1","07","N","N","0","","0","0","1","0","0","N","1005","1","2","0","0","0","0","0","1","0","1","N","","","","","","","","","","","","10","  ","","",""
"0812","0","0","0","0","0","0","0","0","0","7","0","","36","02","2019","2019029914","3","40.1285","-75.934","0758","08","0","0","0","0","0","1","0","0","","0","0","0","07","5","0","00","0","40 07:42.668","","00","75 56:02.478","0","0","0","0","36203","0","0","0","N","0","0","0","1","68J01","0","","4","01","N","N","0","","0","0","1","0","0","","0755","0","1","0","0","0","0","0","1","0","1","N","","","","","","","","","","","","03","  ","","",""
"0238","1","0","0","0","0","0","0","0","0","7","0","","36","03","2019","2019029915","6","39.8726","-76.2286","0233","08","0","0","0","0","0","0","0","0","","0","0","0","02","3","0","02","0","39 52:21.285","","00","76 13:43.327","0","0","0","0","36208","0","0","0","N","0","0","0","1","68J01","0","","4","02","N","N","0","","0","0","0","0","0","","0229","0","1","0","0","0","0","0","1","0","1","N","","","","","","","","","","","","10","  ","","",""
"1542","1","0","0","0","0","0","0","0","0","1","0","","36","03","2019","2019029917","6","39.9856","-76.0349","1527","08","0","0","0","0","0","0","0","0","2","0","0","1","15","1","1","00","1","39 59:08.035","4","00","76 02:05.601","3","0","0","0","36232","1","0","0","N","0","0","0","2","68J01","0","","1","01","N","N","0","","1","0","0","0","0","N","1524","1","2","0","0","0","0","0","1","0","1","N","","","","","","","","","","","","03","  ","","",""
"2002","0","0","0","0","0","0","0","0","0","0","1","","36","03","2019","2019029919","1","39.9208","-76.1897","1924","08","0","0","0","0","0","0","0","0","3","0","1","0","19","2","0","00","2","39 55:14.930","5","00","76 11:22.887","0","0","0","0","36229","0","0","0","N","0","0","0","1","68J01","0","","4","07","N","N","0","","0","0","0","0","0","Y","1921","0","1","0","0","0","0","0","1","0","1","N","","","","","","","","","","","","10","  ","","",""
"2012","1","0","0","0","0","0","0","0","0","0","0","","36","03","2019","2019029920","1","39.9457","-75.9946","1942","08","0","0","0","1","0","0","0","0","","0","0","0","19","2","0","00","0","39 56:44.450","","00","75 59:40.670","0","0","0","0","36403","0","0","0","N","0","0","0","1","68J01","0","","1","07","N","N","0","","0","0","0","0","0","","1926","0","1","0","0","0","0","0","1","0","1","N","","","","","","","","","","","","10","  ","","",""
"1800","1","0","0","0","0","0","0","0","0","6","0","","36","03","2019","2019029925","4","40.0438","-76.0635","1747","08","0","0","0","0","0","0","0","0","3","0","0","0","17","1","0","03","2","40 02:37.694","7","00","76 03:48.771","0","0","0","0","36221","0","0","0","N","0","0","0","2","68J01","0","","1","02","N","N","0","","0","0","0","0","0","Y","1745","0","2","0","0","0","0","0","1","1","2","N","","","","","","","","","","","","98","  ","","",""
"1235","2","0","0","0","0","0","0","0","0","4","0","","36","03","2019","2019029933","7","40.0592","-76.069","1223","08","0","0","0","0","0","1","0","0","3","0","0","0","12","1","2","01","2","40 03:33.201","5","00","76 04:08.417","3","0","0","0","36221","0","0","0","N","0","0","0","5","68J01","0","","1","01","N","N","0","","2","0","0","3","3","Y","1219","2","2","0","0","0","0","0","1","0","2","N","","","","","","","","","","","","03","  ","","",""
"2331","0","0","0","0","0","0","0","0","0","5","0","","36","03","2019","2019029972","3","40.0261","-76.3055","2325","08","0","0","0","0","0","0","0","0","3","0","0","0","23","3","0","00","1","40 01:33.892","2","00","76 18:19.745","0","0","0","0","36301","0","0","0","N","0","0","0","2","36301","0","","6","01","N","N","0","","0","0","3","3","2","N","2325","0","3","0","0","0","0","0","3","0","3","N","","","","","","","","","","","","03","  ","","",""
"0838","2","0","0","0","0","0","0","0","0","4","0","","36","03","2019","2019030015","7","40.025","-76.3053","0837","08","0","0","0","0","0","0","0","0","","0","0","0","08","1","0","01","0","40 01:30.140","","00","76 18:19.122","0","0","0","0","36301","0","0","0","N","0","0","0","2","36301","0","","1","01","N","N","0","","0","0","0","3","3","N","0837","0","2","0","0","1","0","0","3","0","2","N","","","","","","","","","","","","03","  ","","",""
"1034","1","0","0","0","0","0","0","0","0","1","1","","36","03","2019","2019030048","7","40.0384","-76.4584","1031","08","0","0","0","0","0","1","2","0","3","0","1","0","10","1","0","00","1","40 02:18.079","4","00","76 27:30.278","0","0","0","0","36239","0","0","0","N","0","0","0","4","36239","0","","1","01","N","N","0","","0","0","1","0","0","N","1030","0","3","0","0","1","0","0","3","0","3","N","","","","","","","","","","","","03","  ","","",""
"1128","1","0","0","0","0","0","0","0","0","4","1","","36","03","2019","2019030095","4","40.1713","-76.1481","1125","08","0","0","0","0","0","1","1","0","","0","1","0","11","1","0","00","0","40 10:16.614","","00","76 08:53.237","0","0","0","0","36218","0","0","0","N","0","0","0","2","36408","0","","1","01","N","N","0","","0","0","0","0","0","","1125","0","2","0","0","0","0","0","1","0","2","N","","","","","","","","","","","","03","  ","","",""
"2007","0","0","0","0","0","0","0","0","0","1","0","","36","03","2019","2019030115","5","40.0685","-76.3029","1956","08","0","0","0","0","0","0","1","0","","0","0","0","19","3","0","00","0","40 04:06.491","","00","76 18:10.333","0","0","0","0","36101","0","0","0","N","0","0","0","2","36101","0","","1","01","N","N","0","","0","0","2","3","2","","1950","0","2","0","0","0","0","0","3","0","2","N","","","","","","","","","","","","03","  ","","",""
"1546","1","0","0","0","0","0","0","0","0","4","0","","36","03","2019","2019030116","6","40.0674","-76.3072","1545","08","0","0","0","0","0","0","0","0","2","0","0","0","15","1","1","02","1","40 04:02.790","1","00","76 18:26.089","3","0","0","1","36101","0","0","0","N","0","0","0","3","36101","0","","1","09","N","N","0","","1","0","1","0","0","N","1544","1","3","0","0","0","0","0","3","0","3","N","","","","","","","","","","","","07","  ","","",""
"2355","0","0","0","0","0","0","0","0","0","4","0","","36","03","2019","2019030130","3","40.031","-76.3209","2350","08","0","0","0","0","0","1","0","0","","0","0","0","23","3","2","01","0","40 01:51.430","","00","76 19:15.123","3","0","0","0","36301","0","0","0","N","0","0","0","3","36301","1","","1","01","N","N","0","","1","0","1","3","2","","2347","2","2","0","0","0","0","0","3","1","2","N","","","","","","","","","","","","03","  ","","",""
"0743","2","0","0","0","0","0","0","0","0","4","0","","36","03","2019","2019030135","5","40.1424","-76.3044","0740","08","0","0","0","1","0","0","0","0","1","0","0","0","07","1","0","10","2","40 08:32.707","2","00","76 18:15.685","0","0","0","0","36409","0","0","0","N","0","0","0","2","36409","0","","1","01","N","N","0","","0","0","0","0","0","N","0738","0","2","0","0","0","0","0","3","0","2","N","","","","","","","","","","","","03","  ","","",""
"0351","0","0","0","0","0","0","0","0","0","7","0","","36","03","2019","2019030212","3","40.1213","-76.2341","0346","08","0","0","0","0","0","1","0","0","2","0","0","0","03","2","0","00","1","40 07:16.846","2","00","76 14:02.679","0","0","0","0","36238","0","0","0","Y","0","0","0","1","36238","0","","5","01","N","N","0","","0","0","0","0","0","N","0344","0","1","0","0","0","0","0","3","1","1","N","","","","","","","","","","","","03","  ","","",""
"1930","0","0","0","0","0","0","0","0","0","7","0","","36","03","2019","2019030217","6","40.1603","-76.152","1924","08","0","0","0","0","0","0","0","0","","0","0","0","19","2","0","00","0","40 09:37.255","","00","76 09:07.276","0","0","0","0","36238","0","0","0","Y","0","0","0","1","36238","0","","3","09","N","N","0","","0","0","1","0","0","","1910","0","1","0","0","0","0","0","3","0","1","N","","","","","","","","","","","","07","  ","","",""
"1800","1","0","0","0","0","0","0","0","0","4","0","","36","03","2019","2019030221","6","40.0413","-76.3847","1526","08","0","0","0","0","0","1","0","1","","0","0","0","15","1","1","00","0","40 02:28.691","","07","76 23:05.003","8","0","0","0","36223","0","0","0","N","0","0","0","3","36223","0","","1","09","N","N","0","","0","0","1","0","0","","1523","1","2","0","0","0","1","0","1","0","2","N","","","","","","","","","","","","03","  ","","",""
"1822","2","0","0","0","0","0","0","0","0","1","0","","36","03","2019","2019030222","7","40.0258","-76.3628","1822","08","0","0","0","0","0","0","1","0","2","0","0","0","18","1","1","00","1","40 01:32.856","5","07","76 21:46.109","3","0","0","0","36223","0","0","0","N","0","0","0","2","36223","0","","1","01","N","N","0","","1","0","0","0","0","N","1819","1","2","0","0","0","0","0","1","0","2","N","","","","","","","","","","","","03","  ","","",""
"0745","0","0","0","0","0","0","0","0","0","7","0","","36","03","2019","2019030239","6","40.1951","-76.204","0741","08","0","0","0","0","0","0","0","0","2","0","0","0","07","1","0","00","2","40 11:42.503","5","00","76 12:14.389","0","0","0","0","36408","0","0","0","N","0","0","0","1","36408","0","","4","09","N","N","0","","0","0","1","0","0","Y","0741","0","1","0","0","0","0","0","2","0","1","N","","","","","","","","","","","","03","  ","","",""
"1202","2","0","0","0","0","0","0","0","0","1","0","","36","03","2019","2019030243","6","40.0336","-76.4989","9999","08","0","0","0","0","0","0","0","0","1","0","0","0","12","1","2","00","2","40 02:01.105","5","00","76 29:56.152","4","0","0","0","36404","0","0","0","N","0","0","0","4","36404","1","","1","01","N","N","0","","0","0","0","0","0","Y","1202","2","2","0","0","0","1","0","3","0","2","N","","","","","","","","","","","","03","  ","","",""
"1523","1","0","0","0","0","0","0","0","0","4","0","","36","03","2019","2019030250","6","40.0344","-76.504","9999","08","0","0","1","0","0","0","0","0","","0","0","0","15","1","0","00","0","40 02:03.669","","07","76 30:14.474","0","0","0","0","36404","0","0","0","N","0","0","0","3","36404","0","","1","01","N","N","0","","0","0","1","0","0","","1523","0","2","0","0","0","0","0","3","0","2","N","","","","","","","","","","","","03","  ","","",""
"1115","2","0","0","0","0","0","0","0","0","4","0","","36","03","2019","2019030263","2","40.1316","-76.5649","1114","08","0","0","0","0","0","1","1","0","1","0","0","0","11","1","1","00","1","40 07:53.711","3","00","76 33:53.546","4","0","0","0","36225","0","0","0","N","0","0","0","2","36505","1","","1","01","N","N","0","","0","0","0","0","0","N","1109","1","2","0","0","0","0","0","2","0","2","N","","","","","","","","","","","","03","  ","","",""
"1910","0","0","0","0","0","0","0","0","0","7","0","","36","03","2019","2019030314","7","39.976","-76.2436","1901","08","0","0","0","0","0","0","1","0","3","0","0","0","18","4","1","00","2","39 58:33.672","6","00","76 14:36.883","3","0","0","0","36240","0","0","0","N","0","0","0","1","36240","0","","4","01","N","N","1","","1","0","0","0","0","Y","1854","1","1","0","0","0","0","0","1","0","1","N","","","","","","","","","","","","03","  ","","",""
"1227","1","0","0","0","0","0","0","0","0","7","0","","36","03","2019","2019030343","2","40.1191","-76.3411","1214","08","0","0","0","0","0","1","0","0","","0","0","0","12","1","0","00","0","40 07:08.791","","00","76 20:28.076","0","0","0","0","36101","0","0","0","N","0","0","0","1","36101","0","","4","01","N","N","0","","0","0","0","0","0","","1205","0","1","0","0","0","0","0","3","0","1","N","","","","","","","","","","","","03","  ","","",""
"2111","1","0","0","0","0","0","0","0","0","4","0","","36","03","2019","2019030344","2","40.0638","-76.3405","2106","08","0","0","0","0","0","0","0","0","2","0","0","0","21","3","2","01","1","40 03:49.773","3","02","76 20:26.398","8","0","0","0","36101","0","0","0","N","0","0","0","3","36101","0","","1","01","N","N","0","","0","0","1","3","2","N","2103","2","2","0","0","0","2","0","3","0","2","N","","","","","","","","","","","","03","  ","","",""
"1456","1","0","0","0","0","0","0","0","0","4","0","","36","03","2019","2019030345","7","40.0689","-76.3305","1445","08","0","0","0","1","0","0","0","0","1","0","0","0","14","1","0","02","1","40 04:08.215","2","00","76 19:49.760","0","0","0","0","36101","0","0","0","N","0","0","0","2","36101","0","","1","01","N","N","0","","0","0","1","3","2","N","1438","0","2","0","0","0","0","0","3","0","2","N","","","","","","","","","","","","03","  ","","",""
"0141","1","0","0","0","0","0","0","0","0","7","0","","36","03","2019","2019030347","1","40.0459","-76.4557","0141","08","0","0","0","0","0","0","0","0","","0","0","0","01","2","0","00","0","40 02:45.382","","00","76 27:20.619","0","0","0","0","36239","0","0","0","Y","0","0","0","1","36239","0","","2","01","N","N","0","","0","0","0","0","0","","0141","0","1","0","0","0","0","0","3","0","1","N","","","","","","","","","","","","03","  ","","",""
"2030","0","0","0","0","0","0","0","0","0","5","0","","36","03","2019","2019030466","1","40.0812","-76.5847","2020","08","0","0","0","0","0","1","0","0","1","0","0","0","20","3","0","00","1","40 04:52.413","4","00","76 35:04.781","0","0","0","0","36211","0","0","0","N","0","0","0","1","36504","0","","6","01","N","N","1","","0","0","1","0","0","N","2015","0","3","0","0","0","0","0","1","1","3","N","","","","","","","","","","","","03","  ","","",""
"2126","1","0","0","0","0","0","0","0","0","2","0","","36","03","2019","2019030469","1","40.0197","-76.3318","2121","08","0","0","0","0","0","0","0","0","1","0","0","0","21","2","0","02","1","40 01:11.096","7","00","76 19:54.476","0","0","0","0","36220","0","0","0","N","0","0","0","2","36101","0","","1","07","N","N","0","","0","0","1","0","0","N","2118","0","2","0","0","0","0","0","3","0","2","N","","","","","","","","","","","","10","  ","","",""
"0816","2","0","0","0","0","0","0","0","0","1","0","","36","03","2019","2019030470","2","40.0691","-76.3113","0814","08","0","0","0","0","0","0","0","0","","0","0","0","08","1","0","00","0","40 04:08.936","","00","76 18:40.806","0","0","0","0","36101","0","0","0","N","0","0","0","2","36101","0","","1","01","N","N","0","","0","0","0","0","0","","0811","0","2","0","0","0","0","0","3","0","2","N","","","","","","","","","","","","03","  ","","",""
"1757","2","0","0","0","0","0","0","0","0","4","0","","36","03","2019","2019030471","6","40.0525","-76.323","1740","08","0","0","0","0","0","0","0","0","","0","0","0","17","1","0","00","0","40 03:09.122","","00","76 19:22.791","0","0","0","0","36101","0","0","0","N","0","0","0","4","36101","0","","1","09","N","N","0","","0","0","0","0","0","","1738","0","2","0","0","0","0","0","3","0","2","N","","","","","","","","","","","","07","  ","","",""
"1141","2","0","0","0","0","0","0","0","0","4","0","","36","03","2019","2019030472","7","40.0412","-76.3902","1141","08","0","0","1","0","0","1","0","0","1","0","0","0","11","1","2","01","1","40 02:28.220","7","00","76 23:24.681","3","0","0","0","36214","0","0","0","N","0","0","0","2","36223","0","","1","01","N","N","0","","2","0","0","3","2","N","1141","2","2","0","0","0","0","0","3","0","2","N","","","","","","","","","","","","03","  ","","",""
"2030","1","0","0","0","0","0","0","0","0","1","0","","36","03","2019","2019030482","7","40.0306","-76.4901","2028","08","0","0","1","0","0","0","0","0","1","0","0","0","20","3","1","00","2","40 01:50.100","3","00","76 29:24.500","8","0","0","0","36404","0","0","0","N","0","0","0","1","36404","0","","6","01","N","N","0","","0","0","3","0","0","Y","2028","1","4","0","0","0","1","0","3","0","4","N","","","","","","","","","","","","03","  ","","",""
"0855","1","0","0","0","0","0","0","0","0","1","0","","36","03","2019","2019030523","2","40.0501","-76.3059","0844","08","0","0","0","0","0","0","0","0","","0","0","0","08","1","2","01","0","40 03:00.422","","00","76 18:21.367","4","0","0","0","36301","0","0","0","N","0","0","0","3","36301","2","","1","01","N","N","0","","0","0","0","3","2","","0843","2","2","0","0","0","0","0","3","1","2","N","","","","","","","","","","","","03","  ","","",""
"0657","0","0","0","0","0","0","1","0","0","4","1","","36","03","2019","2019030564","4","40.0925","-76.6638","0650","08","0","0","0","0","0","0","1","0","2","0","0","0","06","1","0","01","2","40 05:33.143","5","00","76 39:49.645","0","0","0","0","36207","0","0","0","N","0","0","0","4","36504","0","","1","01","N","N","0","","0","0","1","3","3","Y","0635","0","2","0","0","0","0","0","1","0","2","N","","","","","","","","","","","","03","  ","","",""
"1327","1","0","0","0","0","0","0","0","0","4","0","","36","03","2019","2019030626","2","40.1315","-76.1479","1319","08","0","0","0","0","0","0","0","0","2","0","0","0","13","1","0","01","1","40 07:53.254","6","00","76 08:52.441","0","0","0","0","36238","0","0","0","N","0","0","0","3","36238","0","","1","01","N","N","0","","0","0","1","3","3","Y","1317","0","2","0","0","0","0","0","3","0","2","N","","","","","","","","","","","","03","  ","","",""
"1535","1","0","0","0","0","0","0","0","0","0","1","","36","03","2019","2019030641","5","40.1062","-76.3352","1535","08","0","0","0","0","0","0","0","0","","0","0","0","15","1","0","00","0","40 06:22.296","","00","76 20:06.564","9","0","0","0","36101","0","0","0","N","0","0","0","1","36101","0","","2","01","N","N","0","","0","0","0","0","0","","1517","0","2","0","0","0","0","1","3","0","2","N","","","","","","","","","","","","03","  ","","",""
"0645","1","0","0","0","0","0","0","0","0","4","0","","36","03","2019","2019030642","2","40.0403","-76.245","0642","08","0","0","0","0","0","0","1","0","2","0","0","0","06","3","2","02","1","40 02:25.231","4","00","76 14:41.992","3","0","0","0","36215","0","0","0","N","0","0","0","5","36215","0","","1","01","N","N","1","","2","0","0","0","0","N","0640","2","2","0","0","1","0","0","1","0","2","N","","","","","","","","","","","","03","  ","","",""
"1714","1","0","0","0","0","0","0","0","0","2","0","","36","03","2019","2019030643","6","40.0406","-76.2528","1711","08","0","0","0","0","0","2","0","0","3","0","0","0","17","1","0","01","2","40 02:26.267","5","00","76 15:10.183","0","0","0","0","36215","0","0","0","N","0","0","0","10","36215","0","","1","01","N","N","1","","0","0","3","3","2","Y","1709","0","5","0","0","0","0","0","1","0","5","N","","","","","","","","","","","","03","  ","","",""
"2019","0","0","0","0","0","0","0","0","0","4","0","","36","03","2019","2019030656","1","39.9724","-76.2739","2003","08","0","0","0","0","0","1","0","0","","0","0","0","20","3","0","02","0","39 58:20.589","","00","76 16:25.897","9","0","0","0","36240","0","0","0","N","0","0","0","3","36240","0","","1","07","N","N","1","","0","0","1","0","0","","2000","0","2","0","0","0","0","1","1","0","2","N","","","","","","","","","","","","10","  ","","",""
"1215","1","0","0","0","0","0","0","0","0","4","0","","36","03","2019","2019030747","5","40.1628","-76.1499","1205","08","0","0","0","1","0","0","0","0","1","0","0","0","12","1","0","01","2","40 09:46.140","1","00","76 08:59.472","0","0","0","0","36218","0","0","0","N","0","0","0","3","36408","0","","1","01","N","N","0","","0","0","1","3","2","N","1202","0","2","0","0","0","0","0","1","0","2","N","","","","","","","","","","","","03","  ","","",""
"0448","1","0","0","0","0","0","0","0","0","5","0","","36","03","2019","2019030760","7","40.0424","-76.3065","0444","08","0","0","0","0","0","0","0","0","2","0","0","0","04","3","0","00","1","40 02:32.806","1","00","76 18:23.540","0","0","0","0","36301","0","0","0","N","0","0","0","1","36301","0","","6","01","N","N","0","","0","0","1","0","0","N","0444","0","2","0","0","0","0","0","3","0","2","N","","","","","","","","","","","","03","  ","","",""
"2148","2","0","0","0","0","0","0","0","0","4","0","","36","03","2019","2019030871","4","40.0397","-76.3643","2146","08","0","0","0","0","0","0","0","0","1","0","0","0","21","3","0","01","1","40 02:22.764","3","00","76 21:51.574","0","0","0","0","36223","0","0","0","N","0","0","0","2","36223","0","","1","01","N","N","0","","0","0","0","3","2","Y","2142","0","2","0","0","0","0","0","1","0","2","N","","","","","","","","","","","","03","  ","","",""
"1307","0","0","0","0","0","0","0","0","0","1","0","","36","03","2019","2019030923","2","40.0641","-76.3386","1252","08","0","0","0","0","0","1","0","0","","0","0","0","12","1","0","00","0","40 03:50.836","","00","76 20:18.868","0","0","0","0","36301","0","0","0","N","0","0","0","2","36301","0","","1","01","N","N","0","","0","0","2","0","0","","1252","0","2","0","0","0","0","0","3","0","2","N","","","","","","","","","","","","03","  ","","",""