"ARRIVAL_TM","AUTOMOBILE_COUNT","BELTED_DEATH_COUNT","BELTED_SUSP_SERIOUS_INJ_COUNT","BICYCLE_COUNT","BICYCLE_DEATH_COUNT","BICYCLE_SUSP_SERIOUS_INJ_COUNT","BUS_COUNT","CHLDPAS_DEATH_COUNT","CHLDPAS_SUSP_SERIOUS_INJ_COUNT","COLLISION_TYPE","COMM_VEH_COUNT","CONS_ZONE_SPD_LIM","COUNTY","CRASH_MONTH","CRASH_YEAR","CRN","DAY_OF_WEEK","DEC_LAT","DEC_LONG","DISPATCH_TM","DISTRICT","DRIVER_COUNT_16YR","DRIVER_COUNT_17YR","DRIVER_COUNT_18YR","DRIVER_COUNT_19YR","DRIVER_COUNT_20YR","DRIVER_COUNT_50_64YR","DRIVER_COUNT_65_74YR","DRIVER_COUNT_75PLUS","EST_HRS_CLOSED","FATAL_COUNT","HEAVY_TRUCK_COUNT","HORSE_BUGGY_COUNT","HOUR_OF_DAY","ILLUMINATION","INJURY_COUNT","INTERSECT_TYPE","LANE_CLOSED","LATITUDE","LN_CLOSE_DIR","LOCATION_TYPE","LONGITUDE","MAX_SEVERITY_LEVEL","MCYCLE_DEATH_COUNT","MCYCLE_SUSP_SERIOUS_INJ_COUNT","MOTORCYCLE_COUNT","MUNICIPALITY","NONMOTR_COUNT","NONMOTR_DEATH_COUNT","NONMOTR_SUSP_SERIOUS_INJ_COUNT","NTFY_HIWY_MAINT","PED_COUNT","PED_DEATH_COUNT","PED_SUSP_SERIOUS_INJ_COUNT","PERSON_COUNT","POLICE_AGCY","POSSIBLE_INJ_COUNT","RDWY_SURF_TYPE_CD","RELATION_TO_ROAD","ROAD_CONDITION","SCH_BUS_IND","SCH_ZONE_IND","SMALL_TRUCK_COUNT","SPEC_JURIS_CD","SUSP_MINOR_INJ_COUNT","SUSP_SERIOUS_INJ_COUNT","SUV_COUNT","TCD_FUNC_CD","TCD_TYPE","TFC_DETOUR_IND","TIME_OF_DAY","TOT_INJ_COUNT","TOTAL_UNITS","UNB_DEATH_COUNT","UNB_SUSP_SERIOUS_INJ_COUNT","UNBELTED_OCC_COUNT","UNK_INJ_DEG_COUNT","UNK_INJ_PER_COUNT","URBAN_RURAL","VAN_COUNT","VEHICLE_COUNT","WORK_ZONE_IND","WORK_ZONE_LOC","WORK_ZONE_TYPE","WORKERS_PRES","WZ_CLOSE_DETOUR","WZ_FLAGGER","WZ_LAW_OFFCR_IND","WZ_LN_CLOSURE","WZ_MOVING","WZ_OTHER","WZ_SHLDER_MDN","ROADWAY_CLEARED","WEATHER1","WEATHER2","WZ_WORKERS_INJ_KILLED","SECONDARY_CRASH","INTERSECTION_RELATED"
"0857","2","0","0","0","0","0","0","0","0","1","0","","36","03","2019","2019030929","3","40.1091","-76.4956","0857","08","0","0","0","0","0","0","0","0","1","0","0","0","08","1","1","00","1","40 06:32.842","6","00","76 29:44.152","3","0","0","0","36413","0","0","0","N","0","0","0","1","36413","0","","1","01","N","N","0","","1","0","0","0","0","Y","0857","1","2","0","0","0","0","0","2","0","2","N","","","","","","","","","","","","03","  ","","",""
"0916","1","0","0","0","0","0","0","0","0","9","0","","36","03","2019","2019030943","3","40.1619","-76.2214","0909","08","0","0","0","0","0","0","0","0","","0","0","0","09","1","1","00","0","40 09:42.888","","00","76 13:17.187","8","0","0","0","36218","0","0","0","N","0","0","0","1","36408","0","","5","01","N","N","0","","0","0","0","0","0","","0900","1","1","0","0","0","1","0","1","0","1","N","","","","","","","","","","","","03","  ","","",""
"0545","3","0","0","0","0","0","0","0","0","1","0","","36","03","2019","2019031105","7","40.0234","-76.303","0542","08","0","0","0","0","0","0","0","0","2","0","0","0","05","5","1","01","2","40 01:24.125","1","00","76 18:10.733","3","0","0","0","36301","0","0","0","N","0","0","0","1","36301","0","","2","01","","","0","","1","0","0","3","3","Y","0539","1","3","0","0","0","0","0","3","0","3","N","","","","","","","","","","","","03","  ","","",""
"2222","1","0","0","0","0","0","0","0","0","8","0","","36","03","2019","2019031127","3","40.1442","-76.3746","2018","08","0","0","0","0","0","0","0","1","","0","0","0","20","2","1","00","0","40 08:39.082","","00","76 22:28.485","8","0","0","0","36227","1","0","0","N","1","0","0","2","36506","0","","1","01","N","N","0","","0","0","0","0","0","","2018","1","2","0","0","0","1","0","1","0","1","N","","","","","","","","","","","","03","  ","","",""
"0532","1","0","0","0","0","0","0","0","0","4","0","","36","03","2019","2019031206","3","40.0296","-76.3062","0528","08","0","0","0","0","0","0","0","0","1","0","0","0","05","3","2","02","1","40 01:46.396","2","00","76 18:22.322","3","0","0","0","36301","0","0","0","N","0","0","0","4","36301","0","","1","01","N","N","1","","2","0","0","3","2","Y","0525","2","2","0","0","0","0","0","3","0","2","N","","","","","","","","","","","","03","  ","","",""
"1228","2","0","0","0","0","0","0","0","0","5","0","","36","03","2019","2019031220","2","40.0528","-76.3815","1228","08","0","0","0","0","0","2","0","0","1","0","0","0","12","1","0","00","2","40 03:10.037","4","00","76 22:53.416","0","0","0","0","36214","0","0","0","N","0","0","0","5","36214","0","","1","01","N","N","1","","0","0","1","0","0","N","1228","0","4","0","0","0","0","0","3","0","4","N","","","","","","","","","","","","03","  ","","",""
"0803","1","0","0","0","0","0","0","0","0","1","0","","36","03","2019","2019031221","3","40.0837","-76.3675","0800","08","0","0","0","0","0","1","0","0","3","0","0","0","07","1","0","00","2","40 05:01.173","3","00","76 22:03.137","0","0","0","0","36214","0","0","0","N","0","0","0","3","36214","0","","1","01","N","N","0","","0","0","2","0","0","N","0755","0","3","0","0","0","0","0","3","0","3","N","","","","","","","","","","","","03","  ","","",""
"1557","0","0","0","0","0","0","0","0","0","1","0","","36","03","2019","2019031222","3","40.0371","-76.4139","1554","08","0","0","0","0","0","0","0","1","2","0","0","0","15","1","0","00","2","40 02:13.641","6","00","76 24:50.139","0","0","0","0","36223","0","0","0","N","0","0","0","3","36223","0","","1","01","N","N","1","","0","0","0","0","0","Y","1547","0","2","0","0","0","0","0","1","1","2","N","","","","","","","","","","","","03","  ","","",""
"0800","1","0","0","0","0","0","1","0","0","4","1","","36","03","2019","2019031247","6","40.0392","-76.2951","0752","08","0","0","0","0","0","0","1","0","1","0","0","0","07","1","1","01","1","40 02:20.968","1","00","76 17:42.317","4","0","0","0","36301","0","0","0","N","0","0","0","3","36301","1","","1","01","N","N","0","","0","0","0","3","2","Y","0751","1","2","0","0","0","0","0","3","0","2","N","","","","","","","","","","","","03","  ","","",""
"1220","1","0","0","0","0","0","0","0","0","7","0","","36","03","2019","2019031248","7","40.0614","-76.3596","1216","08","0","0","0","0","0","0","0","0","","0","0","0","12","1","0","06","0","40 03:41.041","","02","76 21:34.607","0","0","0","0","36214","0","0","0","N","0","0","0","1","36214","0","","5","01","N","N","0","","0","0","0","0","0","","1216","0","1","0","0","0","0","0","3","0","1","N","","","","","","","","","","","","03","  ","","",""
"1554","0","0","0","0","0","0","0","0","0","1","0","","36","03","2019","2019031297","7","40.033","-76.3068","1548","08","0","0","0","1","0","0","0","0","","0","0","0","15","1","1","01","0","40 01:58.902","","00","76 18:24.637","8","0","0","0","36301","0","0","0","N","0","0","0","5","36301","0","","1","01","N","N","1","","0","0","1","3","2","N","1548","1","2","0","0","0","1","0","3","0","2","N","","","","","","","","","","","","03","  ","","",""
"1755","1","0","0","0","0","0","0","0","0","1","0","","36","03","2019","2019031307","5","40.063","-76.3235","1738","08","0","0","0","0","0","1","0","0","1","0","0","0","17","1","1","00","1","40 03:46.719","1","00","76 19:24.767","4","0","0","0","36301","0","0","0","N","0","0","0","2","36301","1","","1","01","N","N","0","","0","0","1","0","0","Y","1736","1","2","0","0","0","0","0","3","0","2","N","","","","","","","","","","","","03","  ","","",""
"1517","2","0","0","0","0","0","0","0","0","2","0","","36","03","2019","2019031311","1","40.154","-76.5996","1514","08","0","0","0","0","0","0","0","0","2","0","0","0","15","1","2","01","2","40 09:14.241","7","00","76 35:58.636","4","0","0","0","36407","0","0","0","N","0","0","0","2","36407","1","","1","01","N","N","0","","0","0","0","3","3","Y","1514","2","2","0","0","0","1","0","2","0","2","N","","","","","","","","","","","","03","  ","","",""
"1650","0","0","0","0","0","0","0","0","0","7","0","","36","02","2019","2019031321","3","39.9685","-75.9892","1637","08","0","0","0","0","0","0","0","0","","0","0","0","16","1","1","00","0","39 58:06.604","","00","75 59:21.210","8","0","0","1","36231","0","0","0","N","0","0","0","1","68J01","0","","4","01","N","N","0","","0","0","0","0","0","","1636","1","1","0","0","0","1","0","1","0","1","N","","","","","","","","","","","","03","  ","","",""
"1443","1","0","0","0","0","0","0","0","0","7","0","","36","02","2019","2019031322","1","40.0307","-76.0633","1433","08","0","0","0","0","0","0","0","0","2","0","0","0","14","1","0","03","2","40 01:50.638","7","00","76 03:47.783","0","0","0","0","36221","0","0","0","N","0","0","0","2","68J01","0","","4","01","N","N","0","","0","0","0","3","3","N","1423","0","1","0","0","0","0","0","1","0","1","N","","","","","","","","","","","","03","  ","","",""
"1437","0","0","0","0","0","0","0","0","0","7","0","","36","02","2019","2019031328","4","39.9017","-76.3642","1412","08","0","0","0","0","0","0","0","0","9","0","0","0","13","1","0","00","2","39 54:06.270","5","00","76 21:51.060","9","0","0","0","36206","0","0","0","N","0","0","0","1","68J01","0","","9","2","N","N","1","","0","0","0","0","0","N","1352","0","1","0","0","0","0","1","1","0","1","N","","","","","","","","","","","","99","  ","","",""
"0515","0","0","0","0","0","0","0","0","0","7","0","","36","03","2019","2019031330","7","39.9065","-76.0843","0435","08","0","1","0","0","0","0","0","0","","0","0","0","03","2","0","01","0","39 54:23.288","","00","76 05:03.526","0","0","0","0","36201","0","0","0","N","0","0","0","1","68J01","0","","2","02","N","N","1","","0","0","0","0","0","","0329","0","1","0","0","0","0","0","1","0","1","N","","","","","","","","","","","","10","  ","","",""
"1351","0","0","0","0","0","0","0","0","0","1","0","","36","03","2019","2019031332","3","40.2431","-76.2983","1327","08","0","1","0","0","0","0","1","0","2","0","0","0","13","1","1","00","1","40 14:35.098","2","00","76 17:53.793","3","0","0","0","36217","0","0","0","N","0","0","0","3","68J01","0","","1","01","N","N","1","","1","0","1","3","8","N","1325","1","2","0","0","0","0","0","1","0","2","N","","","","","","","","","","","","03","  ","","",""
"0128","1","0","0","0","0","0","0","0","0","7","0","","36","03","2019","2019031335","7","39.8299","-76.1881","0114","08","0","0","0","0","1","0","0","0","","0","0","0","00","2","1","00","0","39 49:47.600","","00","76 11:17.000","3","0","0","0","36212","0","0","0","N","0","0","0","1","68J01","0","","4","09","N","N","0","","1","0","0","0","0","","0017","1","1","0","0","0","0","0","1","0","1","N","","","","","","","","","","","","05","  ","","",""
"1458","0","0","1","0","0","0","0","0","0","0","1","","36","03","2019","2019031336","7","39.9948","-76.0281","1446","08","0","0","0","0","0","1","0","0","3","0","1","0","14","1","1","00","1","39 59:41.450","4","00","76 01:41.108","2","0","0","0","36232","0","0","0","Y","0","0","0","1","68J01","0","","1","01","N","N","0","","0","1","0","3","2","Y","1428","1","1","0","0","0","0","0","1","0","1","N","","","","","","","","","","","","03","  ","","",""
"0750","0","0","0","0","0","0","0","0","0","9","0","","36","03","2019","2019031341","4","40.2255","-76.3004","0725","08","0","0","0","0","0","0","1","0","","0","0","0","07","1","0","00","0","40 13:31.738","","00","76 18:01.417","0","0","0","0","36217","0","0","0","N","0","0","0","2","68J01","0","","1","01","N","N","0","","0","0","1","0","0","","0710","0","1","0","0","0","0","0","1","0","1","N","","","","","","","","","","","","03","  ","","",""
"1430","0","0","0","0","0","0","0","0","0","4","0","","36","03","2019","2019031343","4","39.8735","-76.2289","1408","08","0","0","0","0","0","1","1","0","","0","0","0","13","1","0","00","0","39 52:24.506","","00","76 13:44.167","0","0","0","0","36208","0","0","0","N","0","0","0","2","68J01","0","","1","01","N","N","0","","0","0","1","0","0","","1359","0","2","0","0","0","0","0","1","1","2","N","","","","","","","","","","","","03","  ","","",""
"1542","1","0","0","0","0","0","0","0","0","4","0","","36","03","2019","2019031344","4","39.8146","-76.1284","1536","08","0","0","0","0","0","0","1","0","2","0","0","0","15","1","1","05","1","39 48:52.593","2","00","76 07:42.259","3","0","0","0","36222","0","0","0","N","0","0","0","2","68J01","0","","1","01","N","N","0","","1","0","1","3","3","N","1529","1","2","0","0","0","0","0","1","0","2","N","","","","","","","","","","","","03","  ","","",""
"1931","1","0","0","0","0","0","0","0","0","7","0","","36","03","2019","2019031345","5","39.9364","-76.382","1927","08","0","0","0","0","0","1","0","0","3","0","0","0","19","2","1","00","1","39 56:10.906","4","00","76 22:55.169","8","0","0","0","36206","0","0","0","N","0","0","0","1","68J01","0","","5","01","N","N","0","","0","0","0","0","0","N","1921","1","1","0","0","0","1","0","1","0","1","N","","","","","","","","","","","","03","  ","","",""
"2131","1","0","0","0","0","0","0","0","0","4","0","","36","03","2019","2019031346","5","40.0125","-75.9973","2127","08","0","0","0","1","0","0","0","0","","0","0","0","21","2","1","02","0","40 00:45.012","","00","75 59:50.285","3","0","0","0","36232","0","0","0","N","0","0","0","4","68J01","0","","1","01","N","N","1","","1","0","0","3","3","","2122","1","2","0","0","0","0","1","1","0","2","N","","","","","","","","","","","","03","  ","","",""
"1421","2","0","0","0","0","0","0","0","0","1","0","","36","03","2019","2019031377","4","40.152","-76.2981","1421","08","0","0","0","0","0","0","1","1","","0","0","0","14","1","0","03","0","40 09:07.135","","00","76 17:53.314","0","0","0","0","36409","0","0","0","N","0","0","0","2","36409","0","","1","01","N","N","0","","0","0","0","3","4","","1421","0","2","0","0","0","0","0","3","0","2","N","","","","","","","","","","","","03","  ","","",""
"1857","0","0","0","0","0","0","0","0","0","4","0","","36","03","2019","2019031401","3","40.0936","-76.3506","1853","08","0","0","0","0","0","1","0","0","2","0","0","0","18","4","1","01","1","40 05:36.817","1","00","76 21:02.132","4","0","0","0","36406","0","0","0","N","0","0","0","2","36101","1","","1","01","N","N","0","","0","0","2","3","2","N","1845","1","2","0","0","0","0","0","3","0","2","N","","","","","","","","","","","","03","  ","","",""
"2111","1","0","0","0","0","0","0","0","0","4","0","","36","03","2019","2019031402","3","40.0388","-76.3303","2108","08","0","0","0","0","0","1","0","0","2","0","0","0","21","3","1","02","2","40 02:19.591","6","07","76 19:49.247","3","0","0","0","36220","0","0","0","N","0","0","0","2","36101","0","","1","01","N","N","0","","1","0","1","3","2","Y","2107","1","2","0","0","0","0","0","3","0","2","N","","","","","","","","","","","","03","  ","","",""
"1528","0","0","0","0","0","0","0","0","0","7","0","","36","03","2019","2019031403","5","40.0594","-76.2161","1523","08","0","0","0","0","0","1","0","0","2","0","0","0","15","1","1","00","2","40 03:33.700","5","00","76 12:58.000","4","0","0","0","36215","0","0","0","N","0","0","0","1","36215","1","","4","01","N","N","0","","0","0","1","0","0","Y","1520","1","1","0","0","0","0","0","1","0","1","N","","","","","","","","","","","","03","  ","","",""
"1009","1","0","0","0","0","0","0","0","0","4","0","","36","03","2019","2019031404","2","40.0331","-76.2452","1003","08","0","0","0","0","0","1","0","0","2","0","0","0","10","1","2","01","1","40 01:59.084","3","00","76 14:42.829","2","0","0","0","36215","0","0","0","N","0","0","0","2","36215","0","","1","01","N","N","0","","1","1","1","3","2","N","1003","2","2","0","1","1","0","0","1","0","2","N","","","","","","","","","","","","03","  ","","",""
"0601","0","0","0","0","0","0","0","0","0","2","0","","36","03","2019","2019031405","3","40.0395","-76.2096","0557","08","0","0","0","0","0","2","0","0","2","0","0","0","05","3","0","00","1","40 02:22.379","4","00","76 12:34.614","0","0","0","0","36215","0","0","0","N","0","0","0","3","36215","0","","1","01","N","N","0","","0","0","2","0","0","N","0555","0","2","0","0","0","0","0","1","0","2","N","","","","","","","","","","","","03","  ","","",""
"1523","3","0","0","0","0","0","0","0","0","1","0","","36","03","2019","2019031422","4","40.068","-76.316","1523","08","0","0","0","0","0","1","0","0","1","0","0","0","15","1","0","00","1","40 04:04.777","2","00","76 18:57.653","0","0","0","0","36301","0","0","0","N","0","0","0","3","36301","0","","1","01","N","N","0","","0","0","0","0","0","N","1523","0","3","0","0","0","0","0","3","0","3","N","","","","","","","","","","","","03","  ","","",""
"0727","3","0","0","0","0","0","0","0","0","5","0","","36","03","2019","2019031557","5","40.0418","-76.3158","0719","08","0","0","0","0","0","0","0","0","3","0","0","0","07","1","0","00","1","40 02:30.597","4","00","76 18:56.974","0","0","0","0","36301","0","0","0","N","0","0","0","2","36301","0","","6","09","N","N","0","","0","0","0","0","0","N","0717","0","4","0","0","0","0","0","3","1","4","N","","","","","","","","","","","","07","  ","","",""
"0840","0","0","0","0","0","0","0","0","0","0","1","","36","01","2019","2019031613","5","40.224","-76.065","0810","08","0","0","0","0","0","0","0","0","","0","1","0","08","1","0","00","0","40 13:26.221","","00","76 03:53.870","0","0","0","0","36202","0","0","0","N","0","0","0","1","68J01","0","","1","01","N","N","0","","0","0","0","0","0","","0808","0","1","0","0","0","0","0","1","0","1","N","","","","","","","","","","","","03","  ","","",""
"0304","0","0","0","0","0","0","0","0","0","7","1","","36","03","2019","2019031622","2","39.782","-76.0888","0221","08","0","0","0","0","0","1","0","0","3","0","1","0","02","2","1","00","2","39 46:55.261","6","00","76 05:19.524","4","0","0","0","36222","0","0","0","N","0","0","0","1","68J01","1","","4","02","N","N","0","","0","0","0","0","0","N","0217","1","1","0","0","0","0","0","1","0","1","N","","","","","","","","","","","","10","  ","","",""
"1513","1","0","0","0","0","0","0","0","0","4","0","","36","03","2019","2019031630","6","39.8146","-76.1284","1437","08","0","0","0","0","0","0","0","1","","0","0","0","14","1","0","01","0","39 48:52.593","","00","76 07:42.259","0","0","0","0","36222","0","0","0","N","0","0","0","3","68J01","0","","1","01","N","N","0","","0","0","1","3","3","","1429","0","2","0","0","0","0","0","1","0","2","N","","","","","","","","","","","","03","  ","","",""
"1048","1","0","0","0","0","0","0","0","0","4","0","","36","03","2019","2019031631","7","40.2261","-76.3024","1016","08","0","1","0","0","0","0","0","0","","0","0","0","10","1","0","01","0","40 13:34.012","","00","76 18:08.758","0","0","0","0","36217","0","0","0","N","0","0","0","3","68J01","0","","1","01","N","N","0","","0","0","1","0","0","","1013","0","2","0","0","0","0","0","1","0","2","N","","","","","","","","","","","","03","  ","","",""
"1235","1","0","0","0","0","0","0","0","0","4","1","","36","03","2019","2019031648","6","40.0392","-76.0644","1229","08","0","0","0","0","0","1","0","0","1","0","1","0","12","1","2","01","2","40 02:21.008","6","00","76 03:51.801","3","0","0","0","36221","0","0","0","N","0","0","0","2","68J01","1","","1","01","N","N","0","","1","0","0","3","3","Y","1227","2","2","0","0","0","0","0","1","0","2","N","","","","","","","","","","","","03","  ","","",""
"1325","0","0","0","0","0","0","0","0","0","1","0","","36","03","2019","2019031649","6","40.0053","-76.1073","1315","08","0","0","1","0","0","1","0","0","","0","0","0","13","1","3","00","0","40 00:19.092","","00","76 06:26.281","3","0","0","0","36226","0","0","0","N","0","0","0","6","68J01","0","","1","01","N","N","0","","3","0","2","0","0","","1313","3","3","0","0","0","0","0","1","1","3","N","","","","","","","","","","","","03","  ","","",""
"2128","1","0","0","0","0","0","0","0","0","7","0","","36","03","2019","2019031650","6","39.7802","-76.112","2046","08","0","0","0","0","0","1","0","0","3","0","0","0","20","2","0","00","2","39 46:48.840","6","00","76 06:43.294","9","0","0","0","36222","0","0","0","N","0","0","0","1","68J01","0","","4","09","N","N","0","","0","0","0","0","0","Y","2043","0","1","0","0","0","0","1","1","0","1","N","","","","","","","","","","","","07","  ","","",""
"2312","1","0","0","0","0","0","0","0","0","4","0","","36","03","2019","2019031651","7","39.7766","-76.1528","2245","08","0","0","1","0","0","0","0","0","1","0","1","0","22","2","0","01","1","39 46:35.766","3","00","76 09:10.067","0","0","0","0","36219","0","0","0","N","0","0","0","2","68J01","0","","1","01","N","N","0","","0","0","0","3","3","N","2243","0","2","0","0","0","0","0","1","0","2","N","","","","","","","","","","","","03","  ","","",""
"0621","1","0","0","0","0","0","0","0","0","7","0","","36","03","2019","2019031652","1","40.0024","-76.0924","0612","08","0","0","0","0","0","0","0","0","","0","0","0","06","2","0","03","0","40 00:08.574","","00","76 05:32.772","9","0","0","0","36226","0","0","0","N","0","0","0","1","68J01","0","","5","01","N","N","0","","0","0","0","0","0","","0603","0","1","0","0","0","0","1","1","0","1","N","","","","","","","","","","","","03","  ","","",""
"1802","0","0","0","0","0","0","0","0","0","4","0","","36","03","2019","2019031660","2","39.9298","-76.0547","1751","08","0","0","0","0","0","2","0","0","2","0","0","0","17","1","1","01","2","39 55:47.340","2","00","76 03:17.055","3","0","0","0","36201","0","0","0","N","0","0","0","2","68J01","0","","1","01","N","N","1","","1","0","1","3","3","N","1749","1","2","0","0","0","0","0","1","0","2","N","","","","","","","","","","","","03","  ","","",""
"0942","0","0","0","0","0","0","0","0","0","7","1","","36","03","2019","2019031662","3","39.9602","-76.1891","0920","08","0","0","0","0","0","1","0","0","3","0","0","0","09","1","0","00","2","39 57:36.679","6","00","76 11:20.887","0","0","0","0","36233","0","0","0","N","0","0","0","1","68J01","0","","4","01","N","N","1","","0","0","0","0","0","N","0912","0","1","0","0","0","0","0","1","0","1","N","","","","","","","","","","","","03","  ","","",""
"0752","1","0","0","0","0","0","0","0","0","4","0","","36","03","2019","2019031674","4","39.8677","-76.1992","0721","08","0","0","0","0","0","0","0","0","2","0","0","0","07","1","2","03","1","39 52:03.603","6","00","76 11:57.211","4","0","0","0","36212","0","0","0","N","0","0","0","4","68J01","2","","1","01","N","N","0","","0","0","1","0","0","N","0719","2","2","0","0","0","0","0","1","0","2","N","","","","","","","","","","","","03","  ","","",""
"1415","0","0","0","0","0","0","0","0","0","4","0","","36","03","2019","2019031678","4","39.9615","-76.1028","1357","08","0","0","0","0","0","0","1","1","2","0","0","0","13","1","1","01","1","39 57:41.266","1","00","76 06:10.058","3","0","0","0","36226","0","0","0","N","0","0","0","2","68J01","0","","1","01","N","N","0","","1","0","0","3","3","N","1347","1","2","0","0","0","0","0","1","2","2","N","","","","","","","","","","","","03","  ","","",""
"0757","1","0","0","0","0","0","0","0","0","1","0","","36","03","2019","2019031746","4","40.0756","-76.3361","0735","08","0","0","0","0","1","0","0","1","1","0","0","0","07","1","0","00","1","40 04:32.066","3","00","76 20:09.986","0","0","0","0","36101","0","0","0","N","0","0","0","4","36101","0","","1","01","N","N","0","","0","0","1","0","0","N","0734","0","2","0","0","0","0","0","3","0","2","N","","","","","","","","","","","","03","  ","","",""
"1543","1","0","0","0","0","0","0","0","0","1","0","","36","03","2019","2019031747","5","40.0784","-76.2818","1535","08","0","0","0","0","0","1","1","0","1","0","0","0","15","1","1","00","1","40 04:42.141","2","00","76 16:54.405","3","0","0","0","36101","0","0","0","N","0","0","0","2","36101","0","","1","01","N","N","1","","1","0","0","0","0","N","1532","1","2","0","0","0","0","0","3","0","2","N","","","","","","","","","","","","03","  ","","",""
"1635","1","0","0","0","0","0","0","0","0","1","0","","36","03","2019","2019031748","4","40.0391","-76.2805","1631","08","0","0","0","0","0","1","0","0","2","0","0","0","16","1","1","00","1","40 02:20.748","4","00","76 16:49.762","3","0","0","0","36220","0","0","0","N","0","0","0","2","36101","0","","1","01","N","Y","0","","1","0","1","0","0","N","1630","1","2","0","0","0","0","0","3","0","2","N","","","","","","","","","","","","03","  ","","",""
"1415","0","0","0","0","0","0","0","0","0","4","0","","36","03","2019","2019031749","6","40.0232","-76.197","1411","08","0","0","0","0","0","1","0","0","1","0","0","0","14","1","1","02","1","40 01:23.698","6","07","76 11:49.071","3","0","0","0","36215","0","0","0","N","0","0","0","4","36215","0","","1","01","N","N","0","","1","0","2","3","2","N","1409","1","2","0","0","0","0","0","1","0","2","N","","","","","","","","","","","","03","  ","","",""
"2021","0","0","0","0","0","0","0","0","0","4","0","","36","03","2019","2019031862","5","40.1514","-76.2508","2012","08","0","0","0","0","0","1","0","0","","0","0","0","20","3","0","00","0","40 09:05.186","","07","76 15:02.897","0","0","0","0","36235","0","0","0","N","0","0","0","2","36506","0","","1","09","N","N","0","","0","0","2","0","0","","2012","0","2","0","0","0","0","0","1","0","2","N","","","","","","","","","","","","07","  ","","",""
"1135","0","0","0","0","0","0","0","0","0","4","0","","36","03","2019","2019031870","4","40.0373","-76.4082","1128","08","0","0","0","0","0","0","0","1","","0","0","0","11","1","1","01","0","40 02:14.323","","00","76 24:29.659","4","0","0","0","36223","0","0","0","N","0","0","0","2","36223","1","","1","01","N","N","0","","0","0","2","3","2","","1124","1","2","0","0","0","0","0","1","0","2","N","","","","","","","","","","","","03","  ","","",""
"0135","1","0","0","0","0","0","0","0","0","7","0","","36","03","2019","2019031877","5","40.1336","-76.5634","0131","08","0","0","0","0","0","0","0","0","","0","0","0","01","3","1","00","0","40 08:00.884","","00","76 33:48.086","4","0","0","0","36225","0","0","0","N","0","0","0","1","36505","1","","5","01","","","0","","0","0","0","0","0","","0127","1","1","0","0","1","0","0","2","0","1","N","","","","","","","","","","","","03","  ","","",""
"0714","2","0","0","0","0","0","0","0","0","5","0","","36","03","2019","2019031887","6","40.0398","-76.2995","0710","08","0","0","0","0","0","0","0","0","1","0","0","0","07","5","0","00","1","40 02:23.100","2","00","76 17:58.200","0","0","0","0","36301","0","0","0","N","0","0","0","1","36301","0","","1","09","N","N","0","","0","0","3","0","0","N","0707","0","5","0","0","0","0","0","3","0","5","N","","","","","","","","","","","","07","  ","","",""
"1239","2","0","0","0","0","0","0","0","0","1","0","","36","03","2019","2019031906","5","40.1802","-76.3158","1235","08","0","0","1","0","0","0","0","0","","0","0","0","12","1","0","00","0","40 10:48.808","","00","76 18:57.054","0","0","0","0","36235","0","0","0","N","0","0","0","3","36506","0","","1","01","N","N","0","","0","0","0","0","0","","1235","0","2","0","0","0","0","0","1","0","2","N","","","","","","","","","","","","03","  ","","",""
"2057","0","0","0","0","0","0","0","0","0","5","2","","36","03","2019","2019032031","5","40.2276","-76.3748","2034","08","0","0","0","0","0","1","0","0","3","0","2","0","20","2","1","00","1","40 13:39.445","4","00","76 22:29.329","4","0","0","0","36227","0","0","0","N","0","0","0","2","68T06","1","","1","01","N","N","0","","0","0","0","0","0","N","2030","1","2","0","0","0","0","0","1","0","2","N","","","","","","","","","","","","03","  ","","",""
"1555","1","0","0","0","0","0","0","0","0","0","0","","36","03","2019","2019032042","5","39.7213","-76.1544","1510","08","0","0","0","0","0","0","0","0","","0","0","0","14","1","0","00","0","39 43:16.788","","00","76 09:15.701","0","0","0","0","36219","0","0","0","N","0","0","0","1","68J01","0","","1","09","N","N","0","","0","0","0","0","0","","1458","0","1","0","0","0","0","0","1","0","1","N","","","","","","","","","","","","07","  ","","",""
"2012","1","0","0","0","0","0","0","0","0","2","0","","36","03","2019","2019032045","5","39.9851","-76.019","1952","08","0","0","0","1","0","0","0","0","1","0","0","0","19","2","0","02","1","39 59:06.182","2","00","76 01:08.559","0","0","0","0","36232","0","0","0","N","0","0","0","5","68J01","0","","1","09","N","N","0","","0","0","1","3","3","Y","1948","0","2","0","0","0","0","0","1","0","2","N","","","","","","","","","","","","07","  ","","",""
"1055","1","0","0","0","0","0","0","0","0","4","0","","36","03","2019","2019032049","2","40.2609","-76.1141","1053","08","0","0","0","0","0","0","1","1","","0","0","0","10","1","0","01","0","40 15:39.288","","00","76 06:50.920","0","0","0","0","36210","0","0","0","N","0","0","0","3","36408","0","","1","01","N","N","0","","0","0","1","3","3","","1043","0","2","0","0","0","0","0","1","0","2","N","","","","","","","","","","","","03","  ","","",""