"ARRIVAL_TM","AUTOMOBILE_COUNT","BELTED_DEATH_COUNT","BELTED_SUSP_SERIOUS_INJ_COUNT","BICYCLE_COUNT","BICYCLE_DEATH_COUNT","BICYCLE_SUSP_SERIOUS_INJ_COUNT","BUS_COUNT","CHLDPAS_DEATH_COUNT","CHLDPAS_SUSP_SERIOUS_INJ_COUNT","COLLISION_TYPE","COMM_VEH_COUNT","CONS_ZONE_SPD_LIM","COUNTY","CRASH_MONTH","CRASH_YEAR","CRN","DAY_OF_WEEK","DEC_LAT","DEC_LONG","DISPATCH_TM","DISTRICT","DRIVER_COUNT_16YR","DRIVER_COUNT_17YR","DRIVER_COUNT_18YR","DRIVER_COUNT_19YR","DRIVER_COUNT_20YR","DRIVER_COUNT_50_64YR","DRIVER_COUNT_65_74YR","DRIVER_COUNT_75PLUS","EST_HRS_CLOSED","FATAL_COUNT","HEAVY_TRUCK_COUNT","HORSE_BUGGY_COUNT","HOUR_OF_DAY","ILLUMINATION","INJURY_COUNT","INTERSECT_TYPE","LANE_CLOSED","LATITUDE","LN_CLOSE_DIR","LOCATION_TYPE","LONGITUDE","MAX_SEVERITY_LEVEL","MCYCLE_DEATH_COUNT","MCYCLE_SUSP_SERIOUS_INJ_COUNT","MOTORCYCLE_COUNT","MUNICIPALITY","NONMOTR_COUNT","NONMOTR_DEATH_COUNT","NONMOTR_SUSP_SERIOUS_INJ_COUNT","NTFY_HIWY_MAINT","PED_COUNT","PED_DEATH_COUNT","PED_SUSP_SERIOUS_INJ_COUNT","PERSON_COUNT","POLICE_AGCY","POSSIBLE_INJ_COUNT","RDWY_SURF_TYPE_CD","RELATION_TO_ROAD","ROAD_CONDITION","SCH_BUS_IND","SCH_ZONE_IND","SMALL_TRUCK_COUNT","SPEC_JURIS_CD","SUSP_MINOR_INJ_COUNT","SUSP_SERIOUS_INJ_COUNT","SUV_COUNT","TCD_FUNC_CD","TCD_TYPE","TFC_DETOUR_IND","TIME_OF_DAY","TOT_INJ_COUNT","TOTAL_UNITS","UNB_DEATH_COUNT","UNB_SUSP_SERIOUS_INJ_COUNT","UNBELTED_OCC_COUNT","UNK_INJ_DEG_COUNT","UNK_INJ_PER_COUNT","URBAN_RURAL","VAN_COUNT","VEHICLE_COUNT","WORK_ZONE_IND","WORK_ZONE_LOC","WORK_ZONE_TYPE","WORKERS_PRES","WZ_CLOSE_DETOUR","WZ_FLAGGER","WZ_LAW_OFFCR_IND","WZ_LN_CLOSURE","WZ_MOVING","WZ_OTHER","WZ_SHLDER_MDN","ROADWAY_CLEARED","WEATHER1","WEATHER2","WZ_WORKERS_INJ_KILLED","SECONDARY_CRASH","INTERSECTION_RELATED"
"1610","1","0","0","0","0","0","0","0","0","4","0","","36","03","2019","2019032053","1","39.9876","-76.2766","1606","08","0","1","0","0","0","1","0","0","3","0","0","0","16","1","2","01","2","39 59:15.198","7","00","76 16:35.769","8","0","0","0","36240","0","0","0","N","0","0","0","2","36240","0","","1","01","N","N","1","","0","0","0","3","2","Y","1603","2","2","0","0","0","2","0","1","0","2","N","","","","","","","","","","","","03","  ","","",""
"1035","0","0","0","0","0","0","0","0","0","1","0","","36","03","2019","2019032125","2","40.0788","-76.3464","1031","08","0","0","0","0","0","1","0","0","","0","1","0","10","1","0","00","0","40 04:43.741","","00","76 20:46.999","0","0","0","0","36101","0","0","0","N","0","0","0","2","36101","0","","1","01","N","N","0","","0","0","1","3","3","","1015","0","2","0","0","0","0","0","3","0","2","N","","","","","","","","","","","","03","  ","","",""
"2113","2","0","0","0","0","0","0","0","0","4","0","","36","03","2019","2019032126","3","39.9994","-76.2909","2107","08","0","0","0","0","0","0","0","1","2","0","0","0","21","2","0","02","2","40 00:00.859","5","00","76 17:28.931","0","0","0","0","36240","0","0","0","N","0","0","0","2","36240","0","","1","01","N","N","0","","0","0","0","3","3","Y","2107","0","2","0","0","0","0","0","1","0","2","N","","","","","","","","","","","","03","  ","","",""
"1558","2","0","0","0","0","0","0","0","0","4","0","","36","03","2019","2019032139","6","40.1305","-76.3062","1549","08","0","0","0","0","0","0","0","0","","0","0","0","15","1","0","02","0","40 07:49.800","","00","76 18:22.400","0","0","0","0","36235","0","0","0","N","0","0","0","3","36506","0","","1","01","N","N","0","","0","0","0","3","3","","1549","0","2","0","0","1","0","0","1","0","2","N","","","","","","","","","","","","03","  ","","",""
"1545","1","0","0","0","0","0","0","0","0","4","0","","36","03","2019","2019032149","4","39.9599","-76.2451","1539","08","1","0","0","0","0","1","0","0","2","0","0","0","15","1","1","02","2","39 57:35.731","5","00","76 14:42.440","3","0","0","0","36240","0","0","0","N","0","0","0","3","36240","0","","1","01","N","N","1","","1","0","0","3","3","Y","1535","1","2","0","0","0","0","0","1","0","2","N","","","","","","","","","","","","03","  ","","",""
"0938","2","0","0","0","0","0","0","0","0","4","0","","36","03","2019","2019032254","4","40.0628","-76.3058","0934","08","0","0","0","0","0","0","0","0","","0","0","0","09","1","1","00","0","40 03:45.903","","07","76 18:20.837","3","0","0","0","36101","0","0","0","N","0","0","0","2","36101","0","","2","01","N","N","0","","1","0","0","0","0","","0932","1","2","0","0","0","0","0","3","0","2","N","","","","","","","","","","","","03","  ","","",""
"0639","1","0","0","0","0","0","0","0","0","7","0","","36","03","2019","2019032273","3","40.0358","-76.5018","0639","08","0","0","0","0","0","1","0","0","","0","0","0","06","3","0","01","0","40 02:09.013","","00","76 30:06.445","0","0","0","0","36404","0","0","0","N","0","0","0","1","36404","0","","5","01","N","N","0","","0","0","0","3","8","","0636","0","1","0","0","0","0","0","3","0","1","N","","","","","","","","","","","","03","  ","","",""
"1345","0","0","0","0","0","0","0","0","0","8","0","","36","03","2019","2019032275","6","40.038","-76.3057","1345","08","0","0","0","0","0","1","0","0","1","0","0","0","13","1","1","00","1","40 02:16.808","1","00","76 18:20.445","3","0","0","0","36301","1","0","0","N","1","0","0","2","36301","0","","1","01","N","N","1","","1","0","0","3","2","Y","1345","1","2","0","0","0","0","0","3","0","1","N","","","","","","","","","","","","03","  ","","",""
"0636","0","0","0","0","0","0","0","0","0","9","0","","36","03","2019","2019032305","4","40.2221","-76.4234","0626","08","0","0","0","0","0","0","0","0","1","0","0","0","06","2","0","02","1","40 13:19.405","4","00","76 25:24.126","0","0","0","0","36227","0","0","0","N","0","0","0","1","36506","0","","1","01","N","N","1","","0","0","0","0","0","Y","0626","0","1","0","0","0","0","0","1","0","1","N","","","","","","","","","","","","03","  ","","",""
"1906","1","0","0","0","0","0","0","0","0","8","0","","36","03","2019","2019032307","7","40.1299","-76.3047","1858","08","0","0","0","0","0","0","0","0","","0","0","0","18","3","1","00","0","40 07:47.789","","07","76 18:17.092","4","0","0","0","36235","1","0","0","N","1","0","0","2","36506","1","","1","01","N","N","0","","0","0","0","3","3","","1858","1","2","0","0","1","0","0","1","0","1","N","","","","","","","","","","","","03","  ","","",""
"0440","2","0","0","0","0","0","0","0","0","1","0","","36","03","2019","2019032362","2","40.0318","-76.5024","0430","08","0","0","0","1","0","0","0","0","","0","0","0","04","3","0","00","0","40 01:54.300","","00","76 30:08.700","0","0","0","0","36404","0","0","0","N","0","0","0","1","36404","0","","6","01","N","N","0","","0","0","0","3","2","","0415","0","2","0","0","0","0","0","3","0","2","N","","","","","","","","","","","","03","  ","","",""
"0712","0","0","0","0","0","0","0","0","0","1","1","","36","03","2019","2019032505","3","40.0606","-76.2768","0706","08","0","0","0","0","0","0","0","0","1","0","0","0","06","1","0","07","1","40 03:38.456","4","02","76 16:37.244","0","0","0","0","36101","0","0","0","N","0","0","0","3","36101","0","","1","01","N","N","1","","0","0","1","9","4","N","0657","0","2","0","0","0","0","0","3","0","2","N","","","","","","","","","","","","03","  ","","",""
"0558","2","0","0","0","0","0","0","0","0","4","0","","36","03","2019","2019032609","6","40.0606","-76.2768","0551","08","0","0","0","0","0","0","0","0","2","0","0","0","05","3","3","01","2","40 03:38.398","4","02","76 16:37.304","3","0","0","0","36101","0","0","0","N","0","0","0","3","36101","1","","1","09","N","N","0","","1","0","0","3","2","N","0548","3","2","0","0","0","1","0","3","0","2","N","","","","","","","","","","","","07","  ","","",""
"2034","2","0","0","0","0","0","0","0","0","4","0","","36","03","2019","2019032610","7","40.0396","-76.3636","2033","08","0","0","0","0","0","0","0","0","1","0","0","0","20","2","0","00","1","40 02:22.390","4","07","76 21:49.037","0","0","0","0","36214","0","0","0","N","0","0","0","9","36214","0","","1","01","N","N","0","","0","0","1","0","0","N","2030","0","3","0","0","0","0","0","3","0","3","N","","","","","","","","","","","","03","  ","","",""
"1250","2","0","0","0","0","0","0","0","0","4","0","","36","03","2019","2019032649","7","40.1968","-76.1692","1246","08","0","0","0","0","0","0","0","0","1","0","0","0","12","1","2","01","1","40 11:48.459","3","00","76 10:08.984","3","0","0","0","36218","0","0","0","N","0","0","0","6","36408","0","","1","01","N","N","0","","2","0","0","9","1","N","1246","2","2","0","0","1","0","0","1","0","2","N","","","","","","","","","","","","03","  ","","",""
"1542","1","0","0","0","0","0","0","0","0","4","0","","36","03","2019","2019032755","6","40.0316","-76.2976","1540","08","0","0","0","0","0","0","0","1","1","0","0","0","15","1","3","00","1","40 01:53.773","2","07","76 17:51.212","3","0","0","0","36301","0","0","0","N","0","0","0","5","36301","0","","1","01","N","N","0","","3","0","1","3","3","N","1540","3","2","0","0","1","0","0","3","0","2","N","","","","","","","","","","","","03","  ","","",""
"1537","1","0","0","0","0","0","0","0","0","7","0","","36","03","2019","2019032768","3","40.1026","-76.3542","1532","08","0","0","0","0","0","0","0","0","2","0","0","0","15","1","1","02","2","40 06:09.216","2","00","76 21:15.274","4","0","0","0","36406","0","0","0","N","0","0","0","3","36101","1","","4","01","N","N","0","","0","0","0","0","0","Y","1530","1","1","0","0","0","0","0","3","0","1","N","","","","","","","","","","","","03","  ","","",""
"1028","1","0","0","0","0","0","0","0","0","4","1","","36","03","2019","2019032769","6","40.0792","-76.3387","1019","08","0","0","0","0","0","1","0","0","1","0","1","0","10","1","0","00","1","40 04:44.963","2","00","76 20:19.323","0","0","0","0","36101","0","0","0","N","0","0","0","2","36101","0","","1","01","N","N","0","","0","0","0","0","0","N","1016","0","2","0","0","1","0","0","3","0","2","N","","","","","","","","","","","","03","  ","","",""
"1818","1","0","0","0","0","0","0","0","0","4","0","","36","03","2019","2019032783","1","40.0974","-76.4455","1812","08","0","0","0","1","0","1","0","0","2","0","0","0","18","1","1","03","2","40 05:50.684","5","00","76 26:43.764","8","0","0","0","36239","0","0","0","N","0","0","0","2","36239","0","","1","01","N","N","1","","0","0","0","3","3","Y","1812","1","2","0","0","0","1","0","3","0","2","N","","","","","","","","","","","","03","  ","","",""
"2206","1","0","0","0","0","0","0","0","0","9","0","","36","03","2019","2019032799","1","40.0765","-76.0441","2156","08","0","1","0","0","0","0","0","0","2","0","0","0","21","2","0","00","2","40 04:35.300","5","00","76 02:38.600","0","0","0","0","36213","0","0","0","N","0","0","0","4","36213","0","","1","01","N","N","0","","0","0","0","0","0","Y","2150","0","1","0","0","0","0","0","1","0","1","N","","","","","","","","","","","","03","  ","","",""
"0112","1","0","0","0","0","0","0","0","0","0","0","","36","03","2019","2019032864","6","40.0672","-76.288","0109","08","0","0","0","0","0","0","0","0","","0","0","0","01","3","0","00","0","40 04:01.811","","00","76 17:16.925","0","0","0","0","36101","0","0","0","N","0","0","0","1","36101","0","","1","01","N","N","0","","0","0","0","0","0","","0107","0","1","0","0","0","0","0","3","0","1","N","","","","","","","","","","","","03","  ","","",""
"1455","1","0","0","0","0","0","0","0","0","1","0","","36","03","2019","2019032865","5","40.1042","-76.3095","1455","08","0","0","0","0","0","0","0","0","1","0","0","0","14","1","1","00","2","40 06:15.161","6","07","76 18:34.308","4","0","0","0","36101","0","0","0","N","0","0","0","3","36101","1","","6","01","N","N","1","","0","0","0","0","0","Y","1453","1","2","0","0","2","0","0","3","0","2","N","","","","","","","","","","","","03","  ","","",""
"0732","1","0","0","0","0","0","0","0","0","7","0","","36","03","2019","2019032866","1","40.0546","-76.3805","0725","08","0","0","0","0","0","0","0","1","1","0","0","0","07","5","0","00","1","40 03:16.507","3","00","76 22:49.881","0","0","0","0","36214","0","0","0","N","0","0","0","1","36214","0","","4","01","N","N","0","","0","0","0","0","0","N","0721","0","1","0","0","0","0","0","3","0","1","N","","","","","","","","","","","","03","  ","","",""
"0603","2","0","0","0","0","0","0","0","0","4","0","","36","03","2019","2019032918","4","40.1556","-76.6086","0601","08","0","0","0","0","0","1","0","0","2","0","0","0","06","3","0","01","1","40 09:20.038","1","00","76 36:31.087","0","0","0","0","36407","0","0","0","N","0","0","0","7","36407","0","","1","01","N","N","1","","0","0","0","3","3","Y","0601","0","3","0","0","0","0","0","2","0","3","N","","","","","","","","","","","","03","  ","","",""
"0912","0","0","0","0","0","0","0","0","0","1","0","","36","03","2019","2019032923","2","40.1808","-76.134","0909","08","0","0","0","0","0","0","0","0","","0","0","0","09","1","0","00","0","40 10:50.966","","00","76 08:02.466","0","0","0","0","36218","0","0","0","N","0","0","0","2","36408","0","","1","01","N","N","0","","0","0","2","0","0","","0909","0","2","0","0","0","0","0","1","0","2","N","","","","","","","","","","","","03","  ","","",""
"2138","0","0","0","0","0","0","0","0","0","7","0","","36","03","2019","2019032954","6","40.1742","-75.943","2115","08","0","0","0","0","0","0","0","0","","0","0","0","20","2","0","00","0","40 10:27.052","","00","75 56:34.776","0","0","0","0","36203","0","0","0","N","0","0","0","1","68T06","0","","4","01","N","N","0","","0","0","1","0","0","","2045","0","1","0","0","0","0","0","1","0","1","N","","","","","","","","","","","","03","  ","","",""
"1919","1","0","0","0","0","0","0","0","0","7","0","","36","03","2019","2019032976","5","40.2277","-76.3736","0906","08","0","0","0","0","0","0","0","0","","0","0","0","09","1","2","00","0","40 13:39.692","","00","76 22:24.862","8","0","0","0","36217","0","0","0","N","0","0","0","2","68T06","0","","3","09","N","N","0","","0","0","0","0","0","","0906","2","1","0","0","0","2","0","1","0","1","N","","","","","","","","","","","","07","  ","","",""
"0813","2","0","0","0","0","0","0","0","0","4","0","","36","03","2019","2019033039","2","40.0562","-76.2921","0807","08","0","0","0","0","0","0","1","0","1","0","0","0","08","1","1","00","2","40 03:22.380","5","00","76 17:31.580","4","0","0","0","36101","0","0","0","N","0","0","0","2","36101","1","","1","01","N","N","0","","0","0","0","0","0","Y","0804","1","2","0","0","0","0","0","3","0","2","N","","","","","","","","","","","","03","  ","","",""
"0626","0","0","0","0","0","0","0","0","0","9","0","","36","03","2019","2019033040","5","40.0844","-76.2721","0617","08","0","0","0","0","0","1","0","0","","0","0","0","06","2","0","00","0","40 05:03.956","","00","76 16:19.473","0","0","0","0","36101","0","0","0","N","0","0","0","1","36101","0","","1","09","N","N","0","","0","0","1","0","0","","0614","0","1","0","0","0","0","0","3","0","1","N","","","","","","","","","","","","07","  ","","",""
"1745","0","0","0","0","0","0","0","0","0","7","0","","36","03","2019","2019033041","5","40.0655","-76.2728","1741","08","0","0","0","0","0","0","0","0","2","0","0","0","17","1","2","00","2","40 03:55.827","6","00","76 16:22.058","3","0","0","0","36101","0","0","0","N","0","0","0","2","36101","1","","5","09","N","N","0","","1","0","1","0","0","N","1739","2","1","0","0","0","0","0","3","0","1","N","","","","","","","","","","","","07","  ","","",""
"1921","1","0","0","0","0","0","0","0","0","7","0","","36","03","2019","2019033042","5","40.0773","-76.3277","1914","08","0","0","0","0","1","0","0","0","2","0","0","0","19","4","0","00","1","40 04:38.200","4","00","76 19:39.700","0","0","0","0","36101","0","0","0","N","0","0","0","2","36101","0","","5","09","N","N","0","","0","0","0","0","0","N","1912","0","1","0","0","0","0","0","3","0","1","N","","","","","","","","","","","","07","  ","","",""
"0451","1","0","0","0","0","0","0","0","0","7","0","","36","03","2019","2019033043","6","40.0881","-76.329","0438","08","0","0","0","0","0","0","0","0","2","0","0","0","04","2","0","00","1","40 05:17.138","3","00","76 19:44.324","0","0","0","0","36101","0","0","0","N","0","0","0","1","36101","0","","5","09","N","N","0","","0","0","0","0","0","N","0434","0","1","0","0","0","0","0","3","0","1","N","","","","","","","","","","","","07","  ","","",""
"2033","1","0","0","0","0","0","0","0","0","1","0","","36","03","2019","2019033044","7","40.0709","-76.3176","2028","08","0","0","0","0","0","0","0","0","2","0","0","0","20","3","2","05","1","40 04:15.221","1","00","76 19:03.325","3","0","0","0","36101","0","0","0","N","0","0","0","4","36101","0","","1","01","N","N","0","","2","0","0","3","4","N","2026","2","2","0","0","0","0","0","3","1","2","N","","","","","","","","","","","","03","  ","","",""
"1510","1","0","0","0","0","0","1","0","0","4","1","","36","03","2019","2019033045","6","40.0399","-76.2243","1506","08","0","0","0","0","0","1","0","0","2","0","0","0","15","1","1","02","2","40 02:23.651","6","00","76 13:27.552","3","0","0","0","36215","0","0","0","N","0","0","0","31","36215","0","","1","01","Y","N","0","","1","0","1","3","3","Y","1503","1","3","0","0","0","0","0","1","0","3","N","","","","","","","","","","","","03","  ","","",""
"1723","2","0","0","0","0","0","0","0","0","4","0","","36","03","2019","2019033046","1","40.0631","-76.1569","1718","08","1","0","0","0","0","0","0","0","2","0","0","0","17","1","1","01","2","40 03:47.143","5","00","76 09:24.928","3","0","0","0","36234","0","0","0","N","0","0","0","4","36215","0","","1","01","N","N","0","","1","0","0","3","3","Y","1716","1","2","0","0","0","0","0","1","0","2","N","","","","","","","","","","","","03","  ","","",""
"1615","0","0","0","0","0","0","0","0","0","8","0","","36","03","2019","2019033047","3","39.9806","-76.1955","1612","08","0","0","0","0","0","0","0","0","1","0","0","0","16","1","1","00","2","39 58:50.084","6","00","76 11:44.165","8","0","0","0","36417","1","0","0","N","1","0","0","2","36417","0","","1","01","N","N","0","","0","0","1","0","0","Y","1612","1","2","0","0","0","1","0","1","0","1","N","","","","","","","","","","","","03","  ","","",""
"0720","0","0","0","0","0","0","0","0","0","5","0","","36","03","2019","2019033069","5","40.0391","-76.4535","0715","08","0","0","0","0","0","1","0","0","","0","0","0","07","1","0","00","0","40 02:20.851","","00","76 27:12.739","0","0","0","0","36414","0","0","0","N","0","0","0","2","36239","0","","1","09","N","N","0","","0","0","2","0","0","","0715","0","2","0","0","0","0","0","3","0","2","N","","","","","","","","","","","","07","  ","","",""
"1803","1","0","0","0","0","0","0","0","0","4","0","","36","03","2019","2019033087","5","40.1466","-76.5981","1759","08","0","0","0","0","0","1","0","0","","0","1","0","17","1","0","01","0","40 08:47.939","","00","76 35:53.109","0","0","0","0","36407","0","0","0","N","0","0","0","3","36407","0","","1","09","N","N","0","","0","0","0","3","3","","1757","0","2","0","0","0","0","0","2","0","2","N","","","","","","","","","","","","07","  ","","",""
"0700","0","0","1","0","0","0","0","0","0","1","2","","36","03","2019","2019033123","5","40.2287","-76.1173","0638","08","0","0","0","0","0","0","0","0","3","0","2","0","06","1","1","00","2","40 13:43.485","3","00","76 07:02.413","2","0","0","0","36210","0","0","0","N","0","0","0","2","68T06","0","","1","01","N","N","0","","0","1","0","0","0","N","0635","1","2","0","0","0","0","0","1","0","2","N","","","","","","","","","","","","03","  ","","",""
"0358","1","0","0","0","0","0","0","0","0","5","0","","36","03","2019","2019033182","2","40.0261","-76.3055","0354","08","0","0","0","0","0","0","0","0","2","0","0","0","03","3","1","00","2","40 01:33.794","2","00","76 18:19.728","4","0","0","0","36301","0","0","0","N","0","0","0","1","36301","1","","6","01","N","N","0","","0","0","1","0","0","N","0352","1","2","0","0","0","0","0","3","0","2","N","","","","","","","","","","","","03","  ","","",""
"2316","0","0","0","0","0","0","0","0","0","7","0","","36","03","2019","2019033184","2","40.1037","-76.6083","2305","08","0","0","0","0","0","0","0","0","","0","0","0","22","2","1","00","0","40 06:13.167","","00","76 36:29.749","3","0","0","0","36237","0","0","0","N","0","0","0","1","36505","0","","5","09","N","N","0","","1","0","1","0","0","","2252","1","1","0","0","0","0","0","1","0","1","N","","","","","","","","","","","","03","  ","","",""
"1329","3","0","0","0","0","0","0","0","0","1","0","","36","03","2019","2019033197","5","40.051","-76.3199","1320","08","0","0","0","0","0","2","0","0","3","0","0","0","12","1","2","00","1","40 03:03.508","3","00","76 19:11.670","3","0","0","0","36101","0","0","0","N","0","0","0","6","36101","0","","1","09","N","N","0","","2","0","0","3","2","N","1247","2","3","0","0","0","0","0","3","0","3","N","","","","","","","","","","","","07","  ","","",""
"1840","1","0","0","0","0","0","0","0","0","4","0","","36","03","2019","2019033198","2","40.1131","-76.2431","1831","08","0","0","0","0","0","0","0","0","1","0","0","0","18","4","1","00","2","40 06:47.196","1","00","76 14:35.032","3","0","0","0","36101","0","0","0","N","0","0","0","2","36101","0","","1","09","N","N","1","","1","0","0","0","0","N","1828","1","2","0","0","0","0","0","3","0","2","N","","","","","","","","","","","","07","  ","","",""
"2009","2","0","0","0","0","0","0","0","0","2","0","","36","03","2019","2019033199","2","40.0245","-76.3309","1957","08","0","0","0","0","0","1","0","0","2","0","0","0","19","3","0","02","1","40 01:28.028","3","00","76 19:51.268","0","0","0","0","36220","0","0","0","N","0","0","0","3","36101","0","","1","09","N","N","0","","0","0","0","3","2","N","1955","0","2","0","0","0","0","0","3","0","2","N","","","","","","","","","","","","07","  ","","",""
"0021","2","0","0","0","0","0","0","0","0","1","0","","36","02","2019","2019033223","6","40.1604","-76.5781","0021","08","0","0","0","0","0","1","0","0","","0","0","0","00","2","2","00","0","40 09:37.301","","00","76 34:41.318","3","0","0","0","36225","0","0","0","N","0","0","0","2","36505","0","","1","01","N","N","0","","2","0","0","0","0","N","0021","2","2","0","0","0","0","0","2","0","2","N","","","","","","","","","","","","03","  ","","",""
"0934","1","0","0","0","0","0","0","0","0","2","0","","36","03","2019","2019033225","2","40.1095","-76.4828","0929","08","0","0","0","0","0","0","0","0","2","0","0","0","09","1","1","00","2","40 06:34.259","6","07","76 28:58.001","4","0","0","0","36413","0","0","0","N","0","0","0","2","36413","1","","1","09","N","N","0","","0","0","0","0","0","Y","0929","1","2","0","0","0","0","0","2","1","2","N","","","","","","","","","","","","07","  ","","",""
"1355","1","0","1","0","0","0","0","0","0","6","1","","36","03","2019","2019033227","7","40.1288","-76.2197","1352","08","0","0","0","0","0","0","0","0","2","0","1","0","13","1","2","00","2","40 07:43.687","5","00","76 13:10.985","2","0","0","0","36238","0","0","0","N","0","0","0","4","36238","0","","1","01","N","N","0","","0","1","0","0","0","Y","1350","2","2","0","0","0","1","0","3","0","2","N","","","","","","","","","","","","03","  ","","",""
"1457","1","0","0","0","0","0","0","0","0","4","0","","36","03","2019","2019033246","5","40.0334","-76.4962","1453","08","0","0","0","0","0","0","0","0","1","0","0","0","14","1","0","00","2","40 02:00.400","2","00","76 29:46.200","0","0","0","0","36404","0","0","0","N","0","0","0","3","36404","0","","1","09","N","N","0","","0","0","1","0","0","N","1450","0","2","0","0","0","0","0","3","0","2","N","","","","","","","","","","","","07","  ","","",""
"1624","1","0","0","0","0","0","0","0","0","1","0","","36","03","2019","2019033247","2","40.1105","-76.5068","1618","08","0","0","0","0","0","0","1","0","1","0","0","0","16","1","0","01","1","40 06:37.841","4","00","76 30:24.342","0","0","0","0","36413","0","0","0","N","0","0","0","2","36413","0","","1","09","N","N","0","","0","0","1","3","2","N","1618","0","2","0","0","0","0","0","2","0","2","N","","","","","","","","","","","","07","  ","","",""
"0936","0","0","0","0","0","0","0","0","0","6","0","","36","03","2019","2019033257","2","39.9841","-76.2913","0931","08","0","0","0","0","0","0","1","0","","0","0","0","09","1","0","01","0","39 59:02.813","","00","76 17:28.847","0","0","0","0","36228","0","0","0","N","0","0","0","2","36503","0","","1","01","N","N","0","","0","0","2","3","2","N","0930","0","2","0","0","0","0","0","1","0","2","N","","","","","","","","","","","","03","  ","","",""
"1832","0","0","0","0","0","0","0","0","0","4","0","","36","03","2019","2019033393","7","40.1378","-76.562","1827","08","0","0","0","0","0","0","0","0","1","0","0","0","18","3","0","01","1","40 08:15.923","4","00","76 33:43.088","0","0","0","0","36225","0","0","0","N","0","0","0","2","36505","0","","1","01","N","N","1","","0","0","1","3","2","N","1825","0","2","0","0","0","0","0","2","0","2","N","","","","","","","","","","","","03","  ","","",""
"1846","2","0","0","0","0","0","0","0","0","6","0","","36","03","2019","2019033397","1","40.1697","-76.6051","1838","08","0","0","1","0","0","0","0","0","","0","0","0","18","3","0","00","0","40 10:10.900","","00","76 36:18.328","0","0","0","0","36225","0","0","0","N","0","0","0","2","36505","0","","1","07","N","N","0","","0","0","0","0","0","","1828","0","2","0","0","0","0","0","2","0","2","N","","","","","","","","","","","","10","  ","","",""
"0750","1","0","0","0","0","0","0","0","0","4","0","","36","03","2019","2019033425","4","40.0855","-76.3284","0747","08","0","0","0","0","0","0","0","0","1","0","0","0","07","1","0","00","2","40 05:07.779","1","00","76 19:42.212","0","0","0","0","36101","0","0","0","N","0","0","0","2","36101","0","","1","01","N","N","0","","0","0","1","0","0","Y","0746","0","2","0","0","0","0","0","3","0","2","N","","","","","","","","","","","","03","  ","","",""
"1754","1","0","0","0","0","0","0","0","0","4","0","","36","03","2019","2019033491","3","40.0823","-76.3976","1751","08","0","1","0","0","0","0","0","0","1","0","0","0","17","1","0","01","1","40 04:56.251","2","00","76 23:51.349","0","0","0","0","36214","0","0","0","N","0","0","0","3","36214","0","","1","01","N","N","0","","0","0","0","3","3","N","1750","0","2","0","0","0","0","0","3","1","2","N","","","","","","","","","","","","03","  ","","",""
"1123","2","0","0","0","0","0","0","0","0","4","0","","36","03","2019","2019033627","2","40.0444","-76.363","1115","08","0","0","0","0","0","0","0","0","","0","0","0","11","1","0","00","0","40 02:39.860","","00","76 21:46.640","0","0","0","0","36214","0","0","0","N","0","0","0","2","36214","0","","1","01","N","N","0","","0","0","0","0","0","","1113","0","2","0","0","0","0","0","3","0","2","N","","","","","","","","","","","","03","  ","","",""
"1134","0","0","0","0","0","0","0","0","0","1","0","","36","03","2019","2019033628","2","40.0412","-76.3902","1129","08","0","0","0","0","0","1","1","0","1","0","0","0","11","1","0","01","1","40 02:28.220","4","00","76 23:24.681","0","0","0","0","36214","0","0","0","N","0","0","0","2","36214","0","","1","01","N","N","0","","0","0","1","3","2","N","1128","0","2","0","0","0","0","0","3","1","2","N","","","","","","","","","","","","03","  ","","",""
"0845","1","0","0","0","0","0","0","0","0","4","0","","36","03","2019","2019033653","4","40.2371","-76.1352","0834","08","0","0","0","0","0","1","1","0","","0","0","0","08","1","0","01","0","40 14:13.452","","00","76 08:06.889","0","0","0","0","36405","0","0","0","N","0","0","0","2","36210","0","","1","01","N","N","0","","0","0","1","0","0","","0830","0","2","0","0","0","0","0","1","0","2","N","","","","","","","","","","","","03","  ","","",""
"1220","3","0","0","0","0","0","0","0","0","5","0","","36","03","2019","2019033687","4","40.0473","-76.2981","1218","08","0","0","0","1","0","0","0","0","2","0","0","0","11","1","0","00","2","40 02:50.400","2","00","76 17:53.000","0","0","0","0","36301","0","0","0","N","0","0","0","1","36301","0","","6","01","N","N","0","","0","0","0","0","0","N","1150","0","3","0","0","0","0","0","3","0","3","N","","","","","","","","","","","","03","  ","","",""
"1617","1","0","0","0","0","0","0","0","0","4","0","","36","03","2019","2019033802","3","40.0606","-76.2768","1611","08","0","0","0","0","0","1","0","1","2","0","0","0","16","1","1","01","1","40 03:38.263","1","00","76 16:36.564","3","0","0","0","36101","0","0","0","N","0","0","0","2","36101","0","","1","01","N","N","0","","1","0","1","3","2","N","1611","1","2","0","0","0","0","0","3","0","2","N","","","","","","","","","","","","03","  ","","",""
"1442","1","0","0","0","0","0","0","0","0","1","0","","36","03","2019","2019033803","6","40.0052","-76.305","1430","08","0","0","0","0","0","0","0","0","","0","0","0","14","1","0","02","0","40 00:18.747","","00","76 18:18.078","0","0","0","0","36220","0","0","0","N","0","0","0","2","36101","0","","1","01","N","N","1","","0","0","0","0","0","","1430","0","2","0","0","0","0","0","3","0","2","N","","","","","","","","","","","","03","  ","","",""