"ARRIVAL_TM","AUTOMOBILE_COUNT","BELTED_DEATH_COUNT","BELTED_SUSP_SERIOUS_INJ_COUNT","BICYCLE_COUNT","BICYCLE_DEATH_COUNT","BICYCLE_SUSP_SERIOUS_INJ_COUNT","BUS_COUNT","CHLDPAS_DEATH_COUNT","CHLDPAS_SUSP_SERIOUS_INJ_COUNT","COLLISION_TYPE","COMM_VEH_COUNT","CONS_ZONE_SPD_LIM","COUNTY","CRASH_MONTH","CRASH_YEAR","CRN","DAY_OF_WEEK","DEC_LAT","DEC_LONG","DISPATCH_TM","DISTRICT","DRIVER_COUNT_16YR","DRIVER_COUNT_17YR","DRIVER_COUNT_18YR","DRIVER_COUNT_19YR","DRIVER_COUNT_20YR","DRIVER_COUNT_50_64YR","DRIVER_COUNT_65_74YR","DRIVER_COUNT_75PLUS","EST_HRS_CLOSED","FATAL_COUNT","HEAVY_TRUCK_COUNT","HORSE_BUGGY_COUNT","HOUR_OF_DAY","ILLUMINATION","INJURY_COUNT","INTERSECT_TYPE","LANE_CLOSED","LATITUDE","LN_CLOSE_DIR","LOCATION_TYPE","LONGITUDE","MAX_SEVERITY_LEVEL","MCYCLE_DEATH_COUNT","MCYCLE_SUSP_SERIOUS_INJ_COUNT","MOTORCYCLE_COUNT","MUNICIPALITY","NONMOTR_COUNT","NONMOTR_DEATH_COUNT","NONMOTR_SUSP_SERIOUS_INJ_COUNT","NTFY_HIWY_MAINT","PED_COUNT","PED_DEATH_COUNT","PED_SUSP_SERIOUS_INJ_COUNT","PERSON_COUNT","POLICE_AGCY","POSSIBLE_INJ_COUNT","RDWY_SURF_TYPE_CD","RELATION_TO_ROAD","ROAD_CONDITION","SCH_BUS_IND","SCH_ZONE_IND","SMALL_TRUCK_COUNT","SPEC_JURIS_CD","SUSP_MINOR_INJ_COUNT","SUSP_SERIOUS_INJ_COUNT","SUV_COUNT","TCD_FUNC_CD","TCD_TYPE","TFC_DETOUR_IND","TIME_OF_DAY","TOT_INJ_COUNT","TOTAL_UNITS","UNB_DEATH_COUNT","UNB_SUSP_SERIOUS_INJ_COUNT","UNBELTED_OCC_COUNT","UNK_INJ_DEG_COUNT","UNK_INJ_PER_COUNT","URBAN_RURAL","VAN_COUNT","VEHICLE_COUNT","WORK_ZONE_IND","WORK_ZONE_LOC","WORK_ZONE_TYPE","WORKERS_PRES","WZ_CLOSE_DETOUR","WZ_FLAGGER","WZ_LAW_OFFCR_IND","WZ_LN_CLOSURE","WZ_MOVING","WZ_OTHER","WZ_SHLDER_MDN","ROADWAY_CLEARED","WEATHER1","WEATHER2","WZ_WORKERS_INJ_KILLED","SECONDARY_CRASH","INTERSECTION_RELATED"
"2114","1","0","0","0","0","0","0","0","0","7","0","","36","03","2019","2019033804","1","40.2238","-76.432","2106","08","0","0","0","0","0","0","0","0","1","0","0","0","21","2","0","00","1","40 13:25.653","2","00","76 25:55.096","0","0","0","0","36230","0","0","0","N","0","0","0","1","36410","0","","4","07","N","N","0","","0","0","0","0","0","N","2102","0","1","0","0","0","0","0","1","0","1","N","","","","","","","","","","","","10","  ","","",""
"0833","0","0","0","0","0","0","0","0","0","4","1","","36","03","2019","2019033805","5","40.1328","-76.4339","0824","08","0","0","0","0","0","0","0","0","3","0","1","0","08","1","1","00","2","40 07:58.103","6","00","76 26:01.945","3","0","0","0","36230","0","0","0","N","0","0","0","2","36410","0","","1","02","N","N","0","","1","0","1","3","8","Y","0822","1","2","0","0","0","0","0","1","0","2","N","","","","","","","","","","","","03","  ","","",""
"1220","1","0","0","0","0","0","0","0","0","1","0","99","36","03","2019","2019033806","5","40.1785","-76.4034","1215","08","0","0","0","0","0","0","1","0","1","0","0","0","12","1","0","00","2","40 10:42.669","5","00","76 24:12.063","0","0","0","0","36230","0","0","0","N","0","0","0","2","36410","0","","1","01","N","N","0","","0","0","1","3","7","N","1210","0","2","0","0","1","0","0","1","0","2","Y","4","3","Y","","Y","N","Y","Y","","","","03","  ","","",""
"0226","1","0","0","0","0","0","0","0","0","1","0","","36","03","2019","2019033807","7","40.1642","-76.3996","0224","08","0","0","1","0","0","0","0","0","2","0","0","0","02","3","0","00","2","40 09:51.270","6","00","76 23:58.500","0","0","0","0","36410","0","0","0","N","0","0","0","1","36410","0","","6","01","N","N","1","","0","0","0","0","0","Y","0222","0","2","0","0","0","0","0","2","0","2","N","","","","","","","","","","","","03","  ","","",""
"2214","2","0","0","0","0","0","0","0","0","4","0","","36","03","2019","2019033808","1","40.1909","-76.4542","2210","08","1","0","0","0","1","0","0","0","1","0","0","0","22","2","1","01","1","40 11:27.368","3","00","76 27:15.106","8","0","0","0","36230","0","0","0","N","0","0","0","6","36410","0","","1","01","N","N","0","","0","0","0","3","3","N","2207","1","2","0","0","0","1","0","1","0","2","N","","","","","","","","","","","","03","  ","","",""
"1407","1","0","0","0","0","0","0","0","0","7","0","","36","03","2019","2019033809","7","40.1571","-76.396","1354","08","0","1","0","0","0","0","0","0","","0","0","0","13","1","0","00","0","40 09:25.450","","00","76 23:45.750","9","0","0","0","36410","0","0","0","N","0","0","0","1","36410","0","","5","01","N","N","0","","0","0","0","0","0","","1352","0","1","0","0","0","0","1","2","0","1","N","","","","","","","","","","","","03","  ","","",""
"1852","1","0","0","0","0","0","0","0","0","4","0","","36","03","2019","2019033845","4","40.1326","-76.347","1842","08","0","0","0","0","0","1","1","0","2","0","0","0","18","1","2","01","2","40 07:57.364","7","00","76 20:49.148","8","0","0","0","36227","0","0","0","N","0","0","0","2","36506","0","","1","01","N","N","0","","0","0","1","3","3","Y","1842","2","2","0","0","0","2","0","1","0","2","N","","","","","","","","","","","","03","  ","","",""
"0457","0","0","0","0","0","0","0","0","0","7","0","","36","03","2019","2019033918","6","40.1838","-76.191","0456","08","0","0","0","0","0","0","0","0","","0","0","0","04","3","0","00","0","40 11:01.578","","00","76 11:27.526","0","0","0","0","36408","0","0","0","N","0","0","0","2","36408","0","","5","07","N","N","1","","0","0","0","0","0","","0455","0","1","0","0","0","0","0","2","0","1","N","","","","","","","","","","","","10","  ","","",""
"1127","0","0","0","0","0","0","0","0","0","4","0","","36","03","2019","2019033946","4","40.0775","-76.3378","1120","08","0","0","0","0","0","1","1","0","2","0","0","0","11","1","0","06","1","40 04:39.032","1","02","76 20:16.078","0","0","0","0","36101","0","0","0","N","0","0","0","2","36101","0","","7","01","N","N","0","","0","0","1","3","4","N","1116","0","2","0","0","0","0","0","3","1","2","N","","","","","","","","","","","","03","  ","","",""
"1518","1","0","0","0","0","0","0","0","0","7","0","","36","03","2019","2019033947","4","40.1084","-76.4357","1510","08","0","0","0","0","1","0","0","0","","0","0","0","15","1","0","00","0","40 06:30.216","","00","76 26:08.493","0","0","0","0","36214","0","0","0","N","0","0","0","1","36214","0","","4","01","N","N","0","","0","0","0","0","0","","1505","0","2","0","0","0","0","0","3","0","1","N","","","","","","","","","","","","03","  ","","",""
"0116","1","0","0","0","0","0","0","0","0","7","0","","36","03","2019","2019033948","5","40.0531","-76.3746","0115","08","0","0","0","1","0","0","0","0","1","0","0","0","01","2","0","00","1","40 03:11.206","4","00","76 22:28.691","0","0","0","0","36214","0","0","0","N","0","0","0","1","36214","0","","3","01","N","N","0","","0","0","0","0","0","N","0112","0","1","0","0","0","0","0","3","0","1","N","","","","","","","","","","","","03","  ","","",""
"1333","1","0","0","0","0","0","0","0","0","6","1","","36","03","2019","2019033959","4","40.2033","-76.1456","1328","08","0","0","0","0","0","1","0","1","1","0","1","0","13","1","1","00","1","40 12:11.700","3","00","76 08:44.100","4","0","0","0","36210","0","0","0","N","0","0","0","3","36210","1","","1","01","N","N","0","","0","0","0","0","0","N","1324","1","2","0","0","0","0","0","1","0","2","N","","","","","","","","","","","","03","  ","","",""
"1559","1","0","0","0","0","0","0","0","0","4","1","","36","03","2019","2019034099","4","40.0939","-76.3042","1556","08","0","0","0","0","0","0","0","0","2","0","1","0","15","1","0","02","2","40 05:37.914","1","00","76 18:15.156","0","0","0","0","36101","0","0","0","N","0","0","0","2","36101","0","","1","01","N","N","0","","0","0","0","3","3","Y","1553","0","2","0","0","0","0","0","3","0","2","N","","","","","","","","","","","","03","  ","","",""
"2124","0","0","0","0","0","0","0","0","0","9","0","","36","03","2019","2019034100","4","40.115","-76.2395","2117","08","0","0","0","0","0","0","0","0","","0","0","0","21","2","0","00","0","40 06:53.892","","00","76 14:22.127","0","0","0","0","36101","0","0","0","N","0","0","0","2","36101","0","","1","01","N","N","0","","0","0","1","0","0","","2115","0","1","0","0","0","0","0","3","0","1","N","","","","","","","","","","","","03","  ","","",""
"2023","1","0","0","0","0","0","0","0","0","7","0","","36","03","2019","2019034101","1","40.0308","-76.2364","2019","08","0","0","0","0","0","0","0","0","","0","0","0","20","3","0","00","0","40 01:50.739","","00","76 14:11.032","0","0","0","0","36215","0","0","0","Y","0","0","0","2","36215","0","","2","01","N","N","0","","0","0","0","0","0","","2017","0","1","0","0","0","0","0","1","0","1","N","","","","","","","","","","","","03","  ","","",""
"1618","2","0","0","0","0","0","0","0","0","4","0","","36","03","2019","2019034123","5","40.153","-76.607","1616","08","0","0","0","0","1","0","0","0","2","0","0","0","16","1","1","01","1","40 09:10.953","1","00","76 36:25.168","8","0","0","0","36407","0","0","0","N","0","0","0","2","36407","0","","1","01","N","N","0","","0","0","0","3","3","N","1613","1","2","0","0","1","1","0","2","0","2","N","","","","","","","","","","","","03","  ","","",""
"0007","2","0","0","0","0","0","0","0","0","2","0","","36","03","2019","2019034246","7","40.035","-76.3031","0004","08","0","0","0","0","0","0","0","0","2","0","0","0","00","3","1","03","1","40 02:06.092","2","00","76 18:11.102","4","0","0","0","36301","0","0","0","N","0","0","0","1","36301","1","","4","01","N","N","0","","0","0","0","0","0","Y","0004","1","2","0","0","0","0","0","3","0","2","N","","","","","","","","","","","","03","  ","","",""
"1846","2","0","0","0","0","0","0","0","0","4","0","","36","03","2019","2019034251","4","40.1085","-76.3356","1838","08","0","0","0","0","0","2","0","0","1","0","0","0","18","1","0","02","1","40 06:30.499","3","00","76 20:08.332","0","0","0","0","36101","0","0","0","N","0","0","0","2","36101","0","","1","01","N","N","0","","0","0","0","3","3","N","1834","0","2","0","0","0","0","0","3","0","2","N","","","","","","","","","","","","03","  ","","",""
"2246","1","0","0","0","0","0","0","0","0","4","0","","36","03","2019","2019034252","6","40.0936","-76.3558","2243","08","0","0","0","0","0","0","0","0","2","0","0","0","22","2","1","02","2","40 05:37.039","5","00","76 21:20.797","3","0","0","0","36214","0","0","0","N","0","0","0","5","36214","0","","1","01","N","N","0","","1","0","1","3","3","Y","2241","1","2","0","0","0","0","0","3","0","2","N","","","","","","","","","","","","03","  ","","",""
"1138","0","0","1","0","0","0","0","0","0","4","0","","36","03","2019","2019034254","7","40.133","-76.1129","1135","08","0","0","1","0","0","0","0","0","1","0","0","0","11","1","1","01","2","40 07:58.926","6","00","76 06:46.330","2","0","0","0","36209","0","0","0","N","0","0","0","2","36415","0","","1","01","N","N","0","","0","1","1","3","3","Y","1134","1","2","0","0","0","0","0","1","1","2","N","","","","","","","","","","","","03","  ","","",""
"0821","1","0","0","0","0","0","0","0","0","4","0","","36","03","2019","2019034255","2","40.133","-76.1129","0817","08","0","0","0","0","0","1","0","0","3","0","0","0","08","1","2","01","2","40 07:58.926","6","00","76 06:46.330","3","0","0","0","36209","0","0","0","N","0","0","0","2","36415","0","","1","01","N","N","1","","2","0","0","3","3","Y","0816","2","2","0","0","1","0","0","1","0","2","N","","","","","","","","","","","","03","  ","","",""
"0021","1","0","0","0","0","0","0","0","0","2","0","","36","03","2019","2019034256","1","40.1559","-76.1086","0015","08","0","0","0","0","0","0","0","0","2","0","0","1","00","2","0","00","2","40 09:21.342","6","00","76 06:31.124","0","0","0","0","36209","1","0","0","N","0","0","0","2","36415","0","","1","01","N","N","0","","0","0","0","0","0","Y","0014","0","2","0","0","0","0","0","1","0","1","N","","","","","","","","","","","","03","  ","","",""
"0000","1","0","0","0","0","0","0","0","0","7","0","","36","03","2019","2019034257","4","40.1165","-76.0718","0000","08","0","0","0","0","0","0","0","0","","0","0","0","11","1","0","03","0","40 06:59.486","","00","76 04:18.551","0","0","0","0","36209","0","0","0","N","0","0","0","1","36415","0","","5","01","N","N","0","","0","0","0","0","0","","1130","0","1","0","0","0","0","0","1","0","1","N","","","","","","","","","","","","03","  ","","",""
"1615","1","0","0","0","0","0","0","0","0","1","0","","36","03","2019","2019034263","2","40.1494","-76.6046","1612","08","0","1","0","0","0","1","0","0","","0","0","0","16","1","1","00","0","40 08:57.993","","00","76 36:16.670","4","0","0","0","36407","0","0","0","N","0","0","0","3","36407","1","","1","09","N","N","0","","0","0","1","0","0","","1612","1","2","0","0","0","0","0","2","0","2","N","","","","","","","","","","","","07","  ","","",""
"0817","1","0","0","0","0","0","0","0","0","1","0","","36","03","2019","2019034289","2","40.0516","-76.2598","0817","08","0","0","0","0","0","0","0","0","","0","0","0","08","1","1","00","0","40 03:05.934","","00","76 15:35.389","4","0","0","0","36301","0","0","0","N","0","0","0","3","36301","1","","1","01","N","N","0","","0","0","1","0","0","","0805","1","2","0","0","0","0","1","3","0","2","N","","","","","","","","","","","","03","  ","","",""
"1405","1","0","0","0","0","0","0","0","0","4","0","","36","03","2019","2019034311","6","40.1895","-76.31","1400","08","0","0","0","0","0","0","1","1","2","0","0","0","14","1","0","01","1","40 11:22.225","1","00","76 18:36.138","0","0","0","0","36235","0","0","0","N","0","0","0","2","36506","0","","1","01","N","N","0","","0","0","1","0","0","Y","1400","0","2","0","0","0","0","0","1","0","2","N","","","","","","","","","","","","03","  ","","",""
"1841","0","0","0","0","0","0","0","0","0","4","0","","36","03","2019","2019034434","5","40.0606","-76.2768","1831","08","0","0","0","0","0","1","0","0","3","0","0","0","18","1","1","01","1","40 03:38.263","3","00","76 16:36.564","4","0","0","0","36101","0","0","0","N","0","0","0","7","36101","1","","1","01","N","N","0","","0","0","1","3","2","N","1825","1","2","0","0","0","0","0","3","1","2","N","","","","","","","","","","","","03","  ","","",""
"1139","2","0","0","0","0","0","0","0","0","1","0","","36","03","2019","2019034435","4","40.0406","-76.3933","1132","08","0","0","0","0","0","1","0","0","","0","0","0","11","1","2","01","0","40 02:26.272","","00","76 23:35.824","4","0","0","0","36223","0","0","0","N","0","0","0","3","36223","1","","1","01","N","N","0","","0","0","1","3","2","","1128","2","3","0","0","0","1","0","1","0","3","N","","","","","","","","","","","","03","  ","","",""
"1620","1","0","0","0","0","0","0","0","0","4","0","","36","03","2019","2019034523","5","40.2437","-76.0547","1615","08","0","1","0","0","0","0","0","0","","0","0","0","16","1","0","01","0","40 14:37.154","","00","76 03:16.847","0","0","0","0","36401","0","0","0","N","0","0","0","2","36408","0","","1","09","N","N","0","","0","0","0","3","3","","1615","0","2","0","0","0","0","0","1","1","2","N","","","","","","","","","","","","07","  ","","",""
"1610","0","0","0","0","0","0","0","0","0","1","0","","36","03","2019","2019034533","5","40.0872","-76.3808","1604","08","0","0","0","0","0","0","0","0","","0","0","0","16","1","0","00","0","40 05:14.041","","00","76 22:50.873","0","0","0","0","36214","0","0","0","N","0","0","0","2","36214","0","","1","09","N","N","1","","0","0","1","0","0","","1604","0","2","0","0","0","0","0","3","0","2","N","","","","","","","","","","","","07","  ","","",""
"0233","2","0","0","0","0","0","0","0","0","1","0","","36","03","2019","2019034546","7","40.0473","-76.3054","0229","08","0","0","0","0","0","0","0","0","","0","0","0","02","3","0","00","0","40 02:50.389","","00","76 18:19.462","0","0","0","0","36301","0","0","0","N","0","0","0","3","36301","0","","4","01","N","N","1","","0","0","0","0","0","","0224","0","3","0","0","0","0","0","3","0","3","N","","","","","","","","","","","","03","  ","","",""
"1205","0","0","0","0","0","0","0","0","0","4","0","","36","03","2019","2019034548","6","40.2077","-76.1403","1158","08","0","0","0","0","0","1","1","0","2","0","0","0","11","1","1","01","1","40 12:27.845","2","00","76 08:25.012","4","0","0","0","36210","0","0","0","N","0","0","0","2","36210","1","","1","01","N","N","0","","0","0","1","3","3","N","1156","1","2","0","0","0","0","0","1","1","2","N","","","","","","","","","","","","03","  ","","",""
"1622","0","0","0","0","0","0","0","0","0","4","0","","36","03","2019","2019034553","4","40.0369","-76.3254","1619","08","0","1","0","0","0","1","0","0","2","0","0","0","16","1","1","00","2","40 02:12.840","7","00","76 19:31.580","4","0","0","0","36220","0","0","0","N","0","0","0","2","36101","1","","1","01","N","N","0","","0","0","2","0","0","Y","1618","1","2","0","0","0","0","0","3","0","2","N","","","","","","","","","","","","03","  ","","",""
"1848","0","0","0","0","0","0","0","0","0","4","0","","36","03","2019","2019034554","3","40.0677","-76.2898","1844","08","0","0","0","0","0","0","0","1","2","0","0","0","18","1","1","07","1","40 04:02.587","2","02","76 17:19.151","4","0","0","0","36101","0","0","0","N","0","0","0","3","36101","1","","5","01","N","N","1","","0","0","1","0","0","N","1842","1","2","0","0","0","0","0","3","0","2","N","","","","","","","","","","","","03","  ","","",""
"2012","0","0","0","0","0","0","0","0","0","5","0","","36","03","2019","2019034555","3","40.0756","-76.3369","2000","08","0","0","0","0","0","0","1","0","2","0","0","0","19","1","0","02","1","40 04:31.844","2","07","76 20:13.046","0","0","0","0","36101","0","0","0","N","0","0","0","2","36101","0","","1","01","N","N","1","","0","0","1","3","8","N","1957","0","2","0","0","0","0","0","3","0","2","N","","","","","","","","","","","","03","  ","","",""
"1234","2","0","0","0","0","0","0","0","0","1","0","","36","02","2019","2019034556","5","40.0954","-76.1098","1224","08","0","0","0","0","0","0","0","0","","0","0","0","12","1","1","00","0","40 05:43.343","","00","76 06:35.434","8","0","0","0","36209","0","0","0","N","0","0","0","3","36415","0","","1","01","N","N","0","","0","0","0","0","0","","1222","1","2","0","0","0","1","0","1","0","2","N","","","","","","","","","","","","03","  ","","",""
"0546","1","0","0","0","0","0","0","0","0","1","0","","36","03","2019","2019034560","6","40.2198","-76.1022","0542","08","0","0","0","0","0","0","0","0","2","0","0","0","05","2","3","00","1","40 13:11.458","2","07","76 06:07.786","3","0","0","0","36210","0","0","0","N","0","0","0","3","36210","2","","1","01","N","N","0","","1","0","2","0","0","N","0540","3","3","0","0","0","0","0","1","0","3","N","","","","","","","","","","","","03","  ","","",""
"1245","1","0","0","0","0","0","0","0","0","7","0","","36","03","2019","2019034572","6","40.0564","-76.4304","1242","08","0","0","0","0","1","0","0","0","","0","0","0","12","1","0","00","0","40 03:22.900","","00","76 25:49.400","0","0","0","0","36239","0","0","0","N","0","0","0","1","36239","0","","5","09","N","N","0","","0","0","0","0","0","","1233","0","1","0","0","0","0","0","3","0","1","N","","","","","","","","","","","","07","  ","","",""
"1510","2","0","0","0","0","0","0","0","0","4","0","","36","03","2019","2019034676","3","40.1233","-76.3753","1459","08","0","0","0","0","0","0","1","0","","0","0","0","14","1","0","01","0","40 07:23.702","","00","76 22:31.147","0","0","0","0","36214","0","0","0","N","0","0","0","4","36214","0","","1","01","N","N","0","","0","0","0","3","3","","1458","0","2","0","0","0","0","0","3","0","2","N","","","","","","","","","","","","03","  ","","",""
"1524","2","0","0","0","0","0","0","0","0","1","0","","36","03","2019","2019034677","6","40.0387","-76.3573","1519","08","0","0","0","0","0","0","0","0","","0","0","0","15","1","0","00","0","40 02:19.151","","00","76 21:26.166","0","0","0","0","36214","0","0","0","N","0","0","0","2","36214","0","","1","01","N","N","0","","0","0","0","0","0","","1519","0","2","0","0","0","0","0","3","0","2","N","","","","","","","","","","","","03","  ","","",""
"2227","2","0","0","0","0","0","0","0","0","4","0","","36","03","2019","2019034731","6","40.0375","-76.3098","2224","08","0","0","0","0","0","0","0","0","2","0","0","0","22","3","1","00","2","40 02:15.051","3","07","76 18:35.386","3","0","0","0","36301","0","0","0","N","0","0","0","2","36301","0","","1","01","N","N","0","","1","0","1","0","0","Y","2222","1","3","0","0","1","0","0","3","0","3","N","","","","","","","","","","","","03","  ","","",""
"2057","1","0","0","0","0","0","0","0","0","1","0","","36","03","2019","2019034758","6","40.0695","-76.3076","2055","08","0","0","0","0","0","0","0","0","2","0","0","0","20","3","0","01","1","40 04:10.226","2","00","76 18:28.241","9","0","0","0","36101","0","0","0","N","0","0","0","2","36101","0","","1","01","N","N","0","","0","0","0","3","2","N","2053","0","2","0","0","0","0","1","3","0","2","N","","","","","","","","","","","","03","  ","","",""
"1150","1","0","0","0","0","0","0","0","0","4","0","","36","03","2019","2019034759","6","40.0378","-76.3637","1143","08","0","0","0","0","1","0","0","0","","0","0","0","11","1","2","01","0","40 02:16.155","","00","76 21:49.258","3","0","0","0","36223","0","0","0","N","0","0","0","3","36223","0","","1","01","N","N","0","","2","0","1","3","3","","1140","2","2","0","0","0","0","0","1","0","2","N","","","","","","","","","","","","07","  ","","",""
"1340","2","0","0","0","0","0","0","0","0","4","0","","36","03","2019","2019034777","7","40.0687","-76.3429","1335","08","0","0","0","0","0","1","0","0","1","0","0","0","13","1","1","02","1","40 04:07.251","2","00","76 20:34.310","3","0","0","0","36301","0","0","0","N","0","0","0","3","36301","0","","1","01","N","N","0","","1","0","0","3","2","N","1333","1","2","0","0","1","0","0","3","0","2","N","","","","","","","","","","","","03","  ","","",""
"1741","1","0","0","0","0","0","0","0","0","4","0","","36","03","2019","2019034781","7","40.0963","-76.446","1736","08","0","0","0","0","0","0","0","0","2","0","0","0","17","1","0","03","2","40 05:46.701","3","00","76 26:45.689","0","0","0","1","36239","0","0","0","N","0","0","0","2","36239","0","","1","01","","","0","","0","0","0","0","0","Y","1736","0","2","0","0","0","0","0","3","0","2","N","","","","","","","","","","","","03","  ","","",""
"0906","0","0","0","0","0","0","0","0","0","1","1","","36","03","2019","2019034788","5","40.0615","-76.5586","0903","08","0","0","0","0","0","0","0","0","3","0","1","0","09","1","1","01","2","40 03:41.533","5","00","76 33:30.806","8","0","0","0","36211","0","0","0","N","0","0","0","3","36504","0","","1","01","N","N","1","","0","0","1","0","0","Y","0900","1","3","0","0","0","1","0","1","0","3","N","","","","","","","","","","","","03","  ","","",""
"0628","0","0","0","0","0","0","0","0","0","7","1","","36","03","2019","2019034810","5","40.054","-76.2959","0608","08","0","0","0","0","0","0","0","0","3","0","1","0","06","3","2","00","2","40 03:14.525","5","01","76 17:45.232","3","0","0","0","36301","0","0","0","N","0","0","0","2","36301","0","","1","01","N","N","0","","2","0","0","0","0","Y","0604","2","1","0","0","2","0","0","3","0","1","N","","","","","","","","","","","","03","  ","","",""
"1310","1","0","0","0","0","0","0","0","0","4","0","","36","03","2019","2019034816","7","40.0402","-76.2996","1310","08","0","0","0","0","0","0","0","0","2","0","0","0","13","1","0","01","1","40 02:24.765","4","00","76 17:58.504","0","0","0","0","36301","0","0","0","N","0","0","0","3","36301","0","","1","01","N","N","0","","0","0","1","3","3","N","1308","0","2","0","0","0","0","0","3","0","2","N","","","","","","","","","","","","03","  ","","",""
"1531","2","0","0","0","0","0","0","0","0","4","0","","36","03","2019","2019034820","6","40.1789","-76.6008","1522","08","0","0","0","0","0","0","0","0","2","0","0","0","15","1","0","00","1","40 10:44.179","2","00","76 36:02.783","0","0","0","0","36225","0","0","0","Y","0","0","0","2","36505","0","","1","01","N","N","0","","0","0","0","3","2","N","1519","0","2","0","0","0","0","0","2","0","2","N","","","","","","","","","","","","03","  ","","",""
"1503","1","0","0","0","0","0","0","0","0","4","0","","36","03","2019","2019034858","7","40.0515","-76.3039","1448","08","0","0","0","0","0","1","0","0","","0","0","0","14","1","0","01","0","40 03:05.233","","00","76 18:13.882","0","0","0","0","36301","0","0","0","N","0","0","0","4","36301","0","","1","01","N","N","0","","0","0","1","3","2","","1448","0","2","0","0","1","0","0","3","0","2","N","","","","","","","","","","","","03","  ","","",""
"0857","1","0","0","0","0","0","0","0","0","4","0","","36","03","2019","2019034907","6","40.0388","-76.3304","0850","08","0","0","0","0","0","0","0","1","1","0","0","0","08","1","0","02","1","40 02:19.596","4","00","76 19:49.426","0","0","0","0","36220","0","0","0","N","0","0","0","2","36101","0","","1","09","N","N","0","","0","0","0","3","2","Y","0849","0","2","0","0","0","0","0","3","1","2","N","","","","","","","","","","","","10","  ","","",""
"1319","1","0","0","0","0","0","0","0","0","1","0","","36","03","2019","2019034908","2","40.0288","-76.339","1310","08","0","0","0","0","0","0","0","0","2","0","0","0","13","1","0","00","1","40 01:43.580","4","00","76 20:20.460","0","0","0","0","36220","0","0","0","N","0","0","0","2","36101","0","","1","09","N","N","0","","0","0","1","0","0","N","1308","0","2","0","0","0","0","0","3","0","2","N","","","","","","","","","","","","07","  ","","",""
"1808","1","0","1","0","0","0","0","0","0","7","0","","36","03","2019","2019034909","2","40.0545","-76.2789","1801","08","0","0","0","1","0","0","0","0","3","0","0","0","17","1","1","00","2","40 03:16.270","5","00","76 16:43.920","2","0","0","0","36101","0","0","0","N","0","0","0","1","36101","0","","5","09","N","N","0","","0","1","0","0","0","Y","1758","1","1","0","0","0","0","0","3","0","1","N","","","","","","","","","","","","07","  ","","",""
"1625","0","0","0","0","0","0","0","0","0","7","0","","36","03","2019","2019034910","7","40.0459","-76.3389","1620","08","0","1","0","0","0","0","0","0","","0","0","0","16","1","0","00","0","40 02:45.200","","00","76 20:20.000","0","0","0","0","36220","0","0","0","N","0","0","0","1","36101","0","","4","01","N","N","0","","0","0","1","0","0","","1616","0","1","0","0","0","0","0","3","0","1","N","","","","","","","","","","","","03","  ","","",""
"1635","0","0","0","0","0","0","0","0","0","7","0","","36","03","2019","2019034911","7","40.0608","-76.3598","1626","08","0","0","0","0","0","0","0","0","2","0","0","0","16","1","1","01","2","40 03:38.802","3","01","76 21:35.222","2","0","1","1","36214","0","0","0","N","0","0","0","1","36214","0","","3","01","N","N","0","","0","1","0","0","0","Y","1625","1","1","0","0","0","0","0","3","0","1","N","","","","","","","","","","","","03","  ","","",""
"2048","2","0","0","0","0","0","0","0","0","1","0","","36","03","2019","2019034912","1","40.0055","-76.4107","2038","08","0","0","0","0","0","0","0","0","2","0","0","0","20","2","1","00","2","40 00:19.766","3","00","76 24:38.432","8","0","0","0","36223","0","0","0","N","0","0","0","2","36223","0","","1","01","N","N","0","","0","0","0","0","0","N","2038","1","2","0","0","1","1","0","1","0","2","N","","","","","","","","","","","","03","  ","","",""
"0442","2","0","0","0","0","0","0","0","0","4","0","","36","03","2019","2019034978","1","40.1553","-76.2958","0442","08","0","0","0","0","0","0","0","0","2","0","0","0","04","3","0","00","1","40 09:19.000","4","00","76 17:44.707","0","0","0","0","36409","0","0","0","N","0","0","0","1","36409","0","","6","01","N","N","0","","0","0","0","0","0","N","0442","0","2","0","0","0","0","0","3","0","2","N","","","","","","","","","","","","03","  ","","",""
"1948","0","0","0","0","0","0","0","0","0","1","0","","36","03","2019","2019035006","3","40.2289","-76.1329","1946","08","0","0","0","0","0","0","0","0","2","0","0","0","19","3","2","03","2","40 13:43.862","6","00","76 07:58.598","3","0","0","0","36405","0","0","0","N","0","0","0","3","36210","1","","1","01","N","N","0","","1","0","1","0","0","Y","1945","2","2","0","0","0","0","0","1","1","2","N","","","","","","","","","","","","03","  ","","",""
"1927","3","0","0","0","0","0","0","0","0","4","0","","36","03","2019","2019035009","6","40.0371","-76.3007","1927","08","0","0","0","0","0","0","0","0","","0","0","0","19","1","0","00","0","40 02:13.500","","00","76 18:02.600","0","0","0","0","36301","0","0","0","N","0","0","0","1","36301","0","","6","01","N","N","0","","0","0","1","0","0","","1925","0","5","0","0","0","0","0","3","1","5","N","","","","","","","","","","","","03","  ","","",""