"ARRIVAL_TM","AUTOMOBILE_COUNT","BELTED_DEATH_COUNT","BELTED_SUSP_SERIOUS_INJ_COUNT","BICYCLE_COUNT","BICYCLE_DEATH_COUNT","BICYCLE_SUSP_SERIOUS_INJ_COUNT","BUS_COUNT","CHLDPAS_DEATH_COUNT","CHLDPAS_SUSP_SERIOUS_INJ_COUNT","COLLISION_TYPE","COMM_VEH_COUNT","CONS_ZONE_SPD_LIM","COUNTY","CRASH_MONTH","CRASH_YEAR","CRN","DAY_OF_WEEK","DEC_LAT","DEC_LONG","DISPATCH_TM","DISTRICT","DRIVER_COUNT_16YR","DRIVER_COUNT_17YR","DRIVER_COUNT_18YR","DRIVER_COUNT_19YR","DRIVER_COUNT_20YR","DRIVER_COUNT_50_64YR","DRIVER_COUNT_65_74YR","DRIVER_COUNT_75PLUS","EST_HRS_CLOSED","FATAL_COUNT","HEAVY_TRUCK_COUNT","HORSE_BUGGY_COUNT","HOUR_OF_DAY","ILLUMINATION","INJURY_COUNT","INTERSECT_TYPE","LANE_CLOSED","LATITUDE","LN_CLOSE_DIR","LOCATION_TYPE","LONGITUDE","MAX_SEVERITY_LEVEL","MCYCLE_DEATH_COUNT","MCYCLE_SUSP_SERIOUS_INJ_COUNT","MOTORCYCLE_COUNT","MUNICIPALITY","NONMOTR_COUNT","NONMOTR_DEATH_COUNT","NONMOTR_SUSP_SERIOUS_INJ_COUNT","NTFY_HIWY_MAINT","PED_COUNT","PED_DEATH_COUNT","PED_SUSP_SERIOUS_INJ_COUNT","PERSON_COUNT","POLICE_AGCY","POSSIBLE_INJ_COUNT","RDWY_SURF_TYPE_CD","RELATION_TO_ROAD","ROAD_CONDITION","SCH_BUS_IND","SCH_ZONE_IND","SMALL_TRUCK_COUNT","SPEC_JURIS_CD","SUSP_MINOR_INJ_COUNT","SUSP_SERIOUS_INJ_COUNT","SUV_COUNT","TCD_FUNC_CD","TCD_TYPE","TFC_DETOUR_IND","TIME_OF_DAY","TOT_INJ_COUNT","TOTAL_UNITS","UNB_DEATH_COUNT","UNB_SUSP_SERIOUS_INJ_COUNT","UNBELTED_OCC_COUNT","UNK_INJ_DEG_COUNT","UNK_INJ_PER_COUNT","URBAN_RURAL","VAN_COUNT","VEHICLE_COUNT","WORK_ZONE_IND","WORK_ZONE_LOC","WORK_ZONE_TYPE","WORKERS_PRES","WZ_CLOSE_DETOUR","WZ_FLAGGER","WZ_LAW_OFFCR_IND","WZ_LN_CLOSURE","WZ_MOVING","WZ_OTHER","WZ_SHLDER_MDN","ROADWAY_CLEARED","WEATHER1","WEATHER2","WZ_WORKERS_INJ_KILLED","SECONDARY_CRASH","INTERSECTION_RELATED"
"2011","0","0","0","0","0","0","0","0","0","4","0","","36","03","2019","2019035011","7","40.2162","-76.1551","2008","08","0","0","0","0","0","1","0","0","2","0","0","0","20","2","0","01","2","40 12:58.351","5","00","76 09:18.305","0","0","0","0","36210","0","0","0","Y","0","0","0","2","36210","0","","1","01","N","N","2","","0","0","1","3","3","Y","2006","0","3","0","0","0","0","0","1","0","3","N","","","","","","","","","","","","03","  ","","",""
"1450","0","0","0","0","0","0","0","0","0","0","0","","36","03","2019","2019035021","1","40.0105","-76.3751","1443","08","0","0","0","0","0","0","0","0","","0","0","0","14","1","2","02","0","40 00:37.670","","00","76 22:30.306","8","0","0","1","36223","0","0","0","N","0","0","0","2","36223","0","","1","01","N","N","0","","0","0","0","0","0","","1440","2","1","0","0","0","2","0","1","0","1","N","","","","","","","","","","","","03","  ","","",""
"1053","1","0","0","0","0","0","0","0","0","4","0","","36","03","2019","2019035039","5","40.043","-76.2879","1046","08","0","0","0","0","1","0","0","0","1","0","0","0","10","1","2","01","1","40 02:34.960","4","00","76 17:16.322","4","0","0","0","36301","0","0","0","N","0","0","0","3","36301","2","","1","01","N","N","0","","0","0","1","3","2","N","1044","2","2","0","0","0","0","0","3","0","2","N","","","","","","","","","","","","03","  ","","",""
"1026","0","0","0","0","0","0","0","0","0","7","0","","36","04","2019","2019035100","2","40.0451","-76.2826","1020","08","0","0","0","0","0","0","0","0","1","0","0","0","03","2","0","00","1","40 02:42.520","4","00","76 16:57.511","0","0","0","0","36301","0","0","0","N","0","0","0","1","36301","0","","4","01","N","N","0","","0","0","1","0","0","N","0330","0","1","0","0","0","0","0","3","0","1","N","","","","","","","","","","","","03","  ","","",""
"1925","0","0","0","0","0","0","0","0","0","4","0","","36","03","2019","2019035233","7","40.0335","-76.3246","1922","08","0","0","0","0","0","1","0","0","2","0","0","0","19","1","2","01","2","40 02:00.452","1","00","76 19:28.588","3","0","0","0","36220","0","0","0","N","0","0","0","3","36101","0","","1","01","N","N","0","","2","0","2","3","3","Y","1920","2","2","0","0","0","0","0","3","0","2","N","","","","","","","","","","","","03","  ","","",""
"0638","2","0","0","0","0","0","0","0","0","5","0","","36","04","2019","2019035234","2","40.1233","-76.3753","0620","08","0","0","0","0","0","0","0","0","","0","0","0","06","5","1","01","0","40 07:23.702","","00","76 22:31.147","3","0","0","0","36214","0","0","0","N","0","0","0","2","36214","0","","1","01","N","N","0","","1","0","0","0","0","","0615","1","2","0","0","0","0","0","3","0","2","N","","","","","","","","","","","","03","  ","","",""
"1057","1","0","0","0","0","0","0","0","0","0","0","","36","04","2019","2019035235","2","40.0889","-76.3805","1053","08","0","0","0","0","0","0","1","0","","0","0","0","10","1","1","00","0","40 05:20.172","","00","76 22:49.893","3","0","0","0","36214","0","0","0","N","0","0","0","2","36214","0","","1","01","N","N","1","","1","0","0","0","0","","1040","1","2","0","0","0","0","0","3","0","2","N","","","","","","","","","","","","03","  ","","",""
"0617","1","0","0","0","0","0","0","0","0","5","1","","36","03","2019","2019035236","5","40.1306","-76.488","0609","08","0","0","0","0","0","0","0","0","","0","1","0","05","3","0","00","0","40 07:50.176","","00","76 29:16.651","0","0","0","0","36230","0","0","0","N","0","0","0","1","36410","0","","2","01","N","N","0","","0","0","0","0","0","","0555","0","2","0","0","0","0","0","1","0","2","N","","","","","","","","","","","","03","  ","","",""
"1515","1","0","0","0","0","0","0","0","0","1","0","","36","03","2019","2019035237","7","40.1247","-76.4686","1509","08","0","0","1","0","0","1","0","0","1","0","0","0","15","1","2","00","1","40 07:28.969","6","00","76 28:07.046","8","0","0","0","36230","0","0","0","N","0","0","0","5","36410","0","","1","01","N","N","0","","0","0","1","0","0","Y","1507","2","2","0","0","0","2","0","1","0","2","N","","","","","","","","","","","","03","  ","","",""
"0325","2","0","0","0","0","0","0","0","0","1","0","","36","03","2019","2019035333","7","40.0445","-76.4896","0325","08","0","0","0","0","0","0","0","0","2","0","0","0","03","3","2","00","2","40 02:40.287","3","00","76 29:22.711","3","0","0","0","36404","0","0","0","N","0","0","0","2","36404","0","","1","01","N","N","0","","1","0","0","0","0","Y","0323","2","2","0","0","0","1","0","3","0","2","N","","","","","","","","","","","","03","  ","","",""
"1417","0","0","0","0","0","0","0","0","0","0","0","","36","03","2019","2019035360","1","40.1602","-76.1238","1412","08","0","0","0","0","0","0","0","0","2","0","0","0","14","1","1","00","2","40 09:36.866","6","00","76 07:25.608","3","0","0","1","36218","0","0","0","N","0","0","0","1","36408","0","","1","01","N","N","0","","1","0","0","0","0","Y","1410","1","1","0","0","0","0","0","1","0","1","N","","","","","","","","","","","","03","  ","","",""
"1931","0","0","0","0","0","0","0","0","0","4","0","","36","03","2019","2019035365","5","40.0325","-76.4952","1925","08","0","0","0","0","0","0","0","0","1","0","0","0","19","4","0","03","2","40 01:57.032","6","00","76 29:42.854","0","0","0","0","36404","0","0","0","N","0","0","0","2","36404","0","","1","01","N","N","0","","0","0","1","3","3","Y","1925","0","2","0","0","0","0","0","3","1","2","N","","","","","","","","","","","","03","  ","","",""
"0944","0","0","1","0","0","0","0","0","0","4","0","","36","03","2019","2019035375","7","40.0619","-76.4988","0939","08","0","0","0","1","0","0","0","0","3","0","0","0","09","1","3","01","2","40 03:42.752","7","00","76 29:55.590","2","0","0","0","36239","0","0","0","Y","0","0","0","5","36239","0","","1","01","N","N","0","","0","3","2","3","3","Y","0938","3","2","0","0","0","0","2","3","0","2","N","","","","","","","","","","","","03","  ","","",""
"1127","1","0","0","0","0","0","0","0","0","4","0","","36","03","2019","2019035391","5","40.0711","-76.2918","1119","08","0","0","0","0","0","1","1","0","1","0","0","0","11","1","1","01","2","40 04:15.780","4","00","76 17:30.397","3","0","0","0","36101","0","0","0","N","0","0","0","2","36101","0","","1","01","N","N","0","","1","0","1","3","3","N","1116","1","2","0","0","0","0","0","3","0","2","N","","","","","","","","","","","","03","  ","","",""
"1722","0","0","0","0","0","0","0","0","0","1","0","","36","03","2019","2019035392","5","40.0983","-76.3289","1712","08","0","0","0","0","0","1","1","0","2","0","0","0","17","1","0","00","1","40 05:53.904","1","00","76 19:43.938","0","0","0","0","36101","0","0","0","N","0","0","0","2","36101","0","","1","01","N","N","0","","0","0","0","0","0","N","1706","0","2","0","0","0","0","0","3","2","2","N","","","","","","","","","","","","03","  ","","",""
"0748","0","0","0","0","0","0","0","0","0","7","0","","36","04","2019","2019035393","2","40.0707","-76.3206","0742","08","0","0","1","0","0","0","0","0","2","0","0","0","07","1","1","00","1","40 04:14.440","3","00","76 19:14.105","3","0","0","0","36101","0","0","0","N","0","0","0","1","36101","0","","4","01","N","N","1","","1","0","0","0","0","N","0740","1","1","0","0","0","0","0","3","0","1","N","","","","","","","","","","","","03","  ","","",""
"1710","0","0","0","0","0","0","0","0","0","7","0","","36","03","2019","2019035439","1","40.0283","-76.2994","1700","08","0","0","0","0","0","0","0","0","2","0","0","0","17","1","0","00","1","40 01:41.800","3","00","76 17:57.800","0","0","0","0","36301","0","0","0","N","0","0","0","1","36301","0","","2","01","N","N","1","","0","0","0","0","0","N","1700","0","1","0","0","0","0","0","3","0","1","N","","","","","","","","","","","","03","  ","","",""
"1551","0","0","0","0","0","0","0","0","0","8","0","","36","04","2019","2019035670","3","40.109","-76.4886","1543","08","0","0","0","0","0","0","0","0","1","0","0","0","15","1","1","01","1","40 06:32.505","4","00","76 29:18.977","3","0","0","0","36413","1","0","0","N","1","0","0","2","36413","0","","1","01","N","N","0","","1","0","1","3","2","Y","1543","1","2","0","0","1","0","0","2","0","1","N","","","","","","","","","","","","03","  ","","",""
"0820","3","0","0","0","0","0","0","0","0","1","0","","36","04","2019","2019035561","3","40.0543","-76.2662","0818","08","0","0","0","0","0","3","0","0","","0","0","0","08","1","0","07","0","40 03:15.536","","02","76 15:58.216","0","0","0","0","36301","0","0","0","N","0","0","0","4","36301","0","","1","01","N","N","0","","0","0","1","0","0","","0818","0","4","0","0","0","0","0","3","0","4","N","","","","","","","","","","","","03","  ","","",""
"1604","2","0","0","0","0","0","0","0","0","4","0","","36","04","2019","2019035665","3","40.043","-76.2879","1600","08","0","0","0","0","0","0","0","0","","0","0","0","15","1","0","01","0","40 02:34.960","","00","76 17:16.322","0","0","0","0","36301","0","0","0","N","0","0","0","2","36301","0","","1","01","N","N","0","","0","0","0","3","2","","1558","0","2","0","0","0","0","0","3","0","2","N","","","","","","","","","","","","03","  ","","",""
"1902","1","0","0","0","0","0","0","0","0","4","0","","36","04","2019","2019035695","2","40.0756","-76.3369","1858","08","0","0","0","0","0","0","0","0","2","0","0","0","18","1","1","02","2","40 04:31.597","2","00","76 20:12.920","3","0","0","0","36101","0","0","0","N","0","0","0","3","36101","0","","1","01","N","N","0","","1","0","1","3","2","N","1857","1","2","0","0","0","0","0","3","0","2","N","","","","","","","","","","","","03","  ","","",""
"1340","0","0","0","0","0","0","0","0","0","5","0","","36","03","2019","2019035696","1","40.0988","-76.4116","1333","08","0","0","0","0","0","0","0","0","","0","0","0","13","1","1","00","0","40 05:55.652","","00","76 24:41.832","3","0","0","1","36214","0","0","0","N","0","0","0","2","36214","0","","1","01","N","N","0","","1","0","0","0","0","","1330","1","2","0","0","0","0","1","3","0","2","N","","","","","","","","","","","","03","  ","","",""
"0213","0","0","0","0","0","0","0","0","0","7","0","","36","03","2019","2019035697","7","40.0405","-76.3938","0211","08","0","0","0","0","0","1","0","0","4","0","0","0","02","3","0","00","1","40 02:25.843","6","00","76 23:37.801","0","0","0","0","36223","0","0","0","N","0","0","0","1","36223","0","","4","01","N","N","0","","0","0","1","0","0","Y","0207","0","1","0","0","0","0","0","1","0","1","N","","","","","","","","","","","","03","  ","","",""
"1451","1","0","0","0","0","0","0","0","0","7","0","","36","03","2019","2019035775","7","40.2283","-76.3629","1429","08","0","0","0","0","0","0","0","0","","0","0","0","14","1","0","00","0","40 13:41.859","","00","76 21:46.551","0","0","0","0","36217","0","0","0","N","0","0","0","1","68T06","0","","4","01","N","N","0","","0","0","0","0","0","","1429","0","1","0","0","0","0","0","1","0","1","N","","","","","","","","","","","","03","  ","","",""
"2044","2","0","0","0","0","0","0","0","0","4","0","","36","03","2019","2019035852","5","40.009","-76.4293","2031","08","0","0","0","0","1","0","0","0","1","0","0","0","20","2","0","01","1","40 00:32.544","3","00","76 25:45.623","0","0","0","0","36223","0","0","0","N","0","0","0","3","36223","0","","1","01","N","N","0","","0","0","0","9","3","N","2029","0","2","0","0","0","0","0","1","0","2","N","","","","","","","","","","","","03","  ","","",""
"1222","0","0","0","0","0","0","0","0","0","7","0","","36","04","2019","2019035853","2","39.9452","-76.4135","1209","08","0","0","0","0","0","0","0","0","2","0","0","0","12","1","1","00","2","39 56:42.837","5","00","76 24:48.501","4","0","0","0","36223","0","0","0","N","0","0","0","1","36223","1","","4","01","N","N","0","","0","0","1","0","0","Y","1206","1","1","0","0","0","0","0","1","0","1","N","","","","","","","","","","","","03","  ","","",""
"2023","2","0","0","0","0","0","0","0","0","1","0","","36","03","2019","2019035858","5","40.1408","-76.5987","2022","08","0","0","0","0","0","0","0","0","","0","0","0","20","3","2","00","0","40 08:26.716","","00","76 35:55.480","8","0","0","0","36407","0","0","0","N","0","0","0","4","36407","0","","1","01","N","N","0","","0","0","0","0","0","","2020","2","2","0","0","0","2","0","2","0","2","N","","","","","","","","","","","","03","  ","","",""
"0841","3","0","0","0","0","0","0","0","0","1","0","","36","03","2019","2019035997","5","40.0786","-76.2546","0841","08","0","0","0","1","1","1","0","0","","0","0","0","08","1","0","00","0","40 04:43.117","","00","76 15:16.559","0","0","0","0","36215","0","0","0","N","0","0","0","3","36215","0","","1","01","N","N","0","","0","0","0","0","0","","0835","0","3","0","0","0","0","0","1","0","3","N","","","","","","","","","","","","03","  ","","",""
"2011","1","0","0","0","0","0","0","0","0","1","0","","36","03","2019","2019035998","5","40.0224","-76.3616","2005","08","0","0","0","0","1","1","0","0","2","0","0","0","20","3","1","01","1","40 01:20.679","1","00","76 21:41.606","3","0","0","0","36223","0","0","0","N","0","0","0","2","36223","0","","1","01","N","N","0","","1","0","1","3","1","N","2002","1","2","0","0","0","0","0","1","0","2","N","","","","","","","","","","","","03","  ","","",""
"2101","1","0","0","0","0","0","0","0","0","5","0","","36","03","2019","2019035999","5","39.9818","-76.1839","2059","08","0","0","0","0","0","0","0","0","","0","0","0","20","3","0","00","0","39 58:54.500","","00","76 11:02.100","0","0","0","0","36417","0","0","0","N","0","0","0","1","36417","0","","6","01","N","N","0","","0","0","1","0","0","","2055","0","2","0","0","0","0","0","1","0","2","N","","","","","","","","","","","","03","  ","","",""
"0117","1","0","0","0","0","0","0","0","0","7","0","","36","04","2019","2019036131","5","40.1099","-76.0054","0111","08","0","0","0","0","0","0","0","0","3","0","0","0","01","3","0","00","2","40 06:35.699","6","00","76 00:19.495","0","0","0","0","36213","0","0","0","N","0","0","0","1","36213","0","","4","01","N","N","0","","0","0","0","0","0","Y","0108","0","1","0","0","0","0","0","1","0","1","N","","","","","","","","","","","","03","  ","","",""
"2002","3","0","0","0","0","0","0","0","0","1","0","","36","03","2019","2019036145","6","40.0406","-76.3641","1954","08","0","0","1","0","0","0","0","1","2","0","0","0","19","3","3","00","2","40 02:26.334","2","00","76 21:50.674","3","0","0","0","36214","0","0","0","N","0","0","0","6","36214","2","","1","01","N","N","0","","1","0","0","0","0","N","1950","3","3","0","0","0","0","0","3","0","3","N","","","","","","","","","","","","03","  ","","",""
"0712","1","0","0","0","0","0","0","0","0","8","0","","36","04","2019","2019036152","4","40.145","-76.6011","0712","08","0","0","0","0","0","1","0","0","","0","0","0","07","1","1","02","0","40 08:42.146","","00","76 36:03.911","3","0","0","0","36407","1","0","0","N","1","0","0","2","36407","0","","1","01","N","N","0","","1","0","0","3","2","","0710","1","2","0","0","0","0","0","2","0","1","N","","","","","","","","","","","","03","  ","","",""
"1403","2","0","0","0","0","0","0","0","0","1","0","","36","04","2019","2019036155","4","40.1491","-76.6044","1400","08","0","0","0","0","1","1","0","0","","0","0","0","14","1","0","01","0","40 08:56.743","","00","76 36:15.856","0","0","0","0","36407","0","0","0","N","0","0","0","2","36407","0","","1","01","N","N","0","","0","0","0","0","0","","1400","0","2","0","0","0","0","0","2","0","2","N","","","","","","","","","","","","03","  ","","",""
"1016","1","0","0","0","0","0","0","0","0","4","0","","36","03","2019","2019036167","6","40.0402","-76.3152","1012","08","0","0","0","0","0","0","1","0","1","0","0","0","10","1","1","01","1","40 02:24.734","3","00","76 18:54.712","3","0","0","0","36301","0","0","0","N","0","0","0","3","36301","0","","1","01","N","N","0","","1","0","0","3","3","Y","1010","1","2","0","0","0","0","0","3","1","2","N","","","","","","","","","","","","03","  ","","",""
"2208","2","0","0","0","0","0","0","0","0","4","0","","36","03","2019","2019036327","6","40.0755","-76.297","2204","08","0","0","0","0","0","1","0","0","","0","0","0","21","3","0","00","0","40 04:31.870","","07","76 17:49.132","0","0","0","0","36101","0","0","0","N","0","0","0","2","36101","0","","1","01","N","N","0","","0","0","0","0","0","","2154","0","2","0","0","0","0","0","3","0","2","N","","","","","","","","","","","","03","  ","","",""
"1210","0","0","0","0","0","0","0","0","0","0","0","","36","03","2019","2019036328","7","40.069","-76.3049","1206","08","0","0","0","0","0","1","0","0","","0","0","0","12","1","1","00","0","40 04:08.363","","00","76 18:17.677","3","0","0","1","36101","0","0","0","N","0","0","0","1","36101","0","","1","01","N","N","0","","1","0","0","0","0","","1204","1","1","0","0","0","0","0","3","0","1","N","","","","","","","","","","","","03","  ","","",""
"1715","1","0","0","0","0","0","0","0","0","7","0","","36","03","2019","2019036330","7","40.0871","-76.2617","1710","08","0","0","0","0","0","0","0","0","","0","0","0","16","1","0","00","0","40 05:13.430","","00","76 15:42.020","0","0","0","0","36101","0","0","0","N","0","0","0","1","36101","0","","2","01","N","N","0","","0","0","0","0","0","","1656","0","1","0","0","0","0","0","3","0","1","N","","","","","","","","","","","","03","  ","","",""
"1748","0","0","0","0","0","0","0","0","0","4","0","","36","03","2019","2019036331","1","40.0012","-76.3307","1748","08","0","0","0","0","0","1","1","0","2","0","0","0","17","1","2","00","2","40 00:04.488","5","00","76 19:50.415","3","0","0","0","36220","0","0","0","N","0","0","0","4","36101","0","","1","01","N","N","0","","2","0","2","0","0","Y","1748","2","2","0","0","0","0","0","3","0","2","N","","","","","","","","","","","","03","  ","","",""
"0659","0","0","0","0","0","0","0","0","0","1","0","","36","04","2019","2019036332","4","40.0609","-76.2766","0653","08","0","0","0","1","0","0","1","0","","0","0","0","06","1","0","06","0","40 03:39.239","","02","76 16:35.613","0","0","0","0","36101","0","0","0","N","0","0","0","2","36101","0","","7","01","N","N","0","","0","0","2","0","0","","0651","0","2","0","0","0","0","0","3","0","2","N","","","","","","","","","","","","03","  ","","",""
"0812","0","0","0","0","0","0","0","0","0","1","0","","36","04","2019","2019036333","4","40.0719","-76.3186","0803","08","0","0","1","0","0","0","1","0","","0","0","0","07","1","0","00","0","40 04:18.663","","00","76 19:06.836","0","0","0","0","36101","0","0","0","N","0","0","0","4","36101","0","","1","01","N","N","1","","0","0","2","3","2","","0755","0","3","0","0","1","0","0","3","0","3","N","","","","","","","","","","","","03","  ","","",""
"0814","0","0","0","0","0","0","0","0","0","1","1","","36","04","2019","2019036334","4","40.0757","-76.3364","0807","08","0","0","0","0","0","0","0","0","2","0","1","0","07","1","0","00","1","40 04:32.571","3","00","76 20:11.082","0","0","0","0","36101","0","0","0","N","0","0","0","6","36101","0","","1","01","N","N","1","","0","0","0","0","0","N","0754","0","3","0","0","0","0","0","3","1","3","N","","","","","","","","","","","","03","  ","","",""
"0806","0","0","1","0","0","0","0","0","0","4","0","","36","03","2019","2019036336","4","40.0268","-76.2173","0802","08","0","0","0","0","0","1","1","0","2","0","0","0","08","1","2","00","1","40 01:36.601","3","07","76 13:02.170","2","0","0","0","36215","0","0","0","N","0","0","0","2","36215","0","","1","01","N","N","1","","1","1","1","3","2","N","0802","2","2","0","0","0","0","0","1","0","2","N","","","","","","","","","","","","03","  ","","",""
"1606","0","0","0","0","0","0","0","0","0","4","0","","36","03","2019","2019036337","6","40.0279","-76.2237","1604","08","0","0","0","0","0","0","0","0","","0","0","0","16","1","1","02","0","40 01:40.475","","00","76 13:25.360","3","0","0","0","36215","0","0","0","N","0","0","0","2","36215","0","","1","09","N","N","1","","1","0","1","3","3","","1603","1","2","0","0","0","0","0","1","0","2","N","","","","","","","","","","","","03","  ","","",""
"1642","0","0","0","0","0","0","0","0","0","7","0","","36","03","2019","2019036338","4","40.1909","-76.4542","1638","08","0","0","0","0","0","0","1","0","4","0","0","0","16","1","2","01","2","40 11:27.368","7","00","76 27:15.106","2","0","0","0","36230","1","0","1","N","1","0","1","2","36410","0","","5","01","N","N","1","","1","1","0","3","3","Y","1637","2","2","0","0","0","0","0","1","0","1","N","","","","","","","","","","","","03","  ","","",""
"1336","0","0","0","0","0","0","0","0","0","4","1","","36","03","2019","2019036339","5","40.1307","-76.4399","1331","08","0","0","0","0","0","1","1","0","2","0","0","0","13","1","1","00","2","40 07:50.555","6","00","76 26:23.582","8","0","0","0","36230","0","0","0","N","0","0","0","2","36410","0","","1","01","N","N","1","","0","0","1","0","0","Y","1328","1","2","0","0","0","1","0","1","0","2","N","","","","","","","","","","","","03","  ","","",""
"2019","0","0","0","0","0","0","0","0","0","2","0","","36","03","2019","2019036340","7","40.1117","-76.4517","2011","08","0","0","0","0","0","0","0","0","2","0","1","0","20","3","2","01","1","40 06:42.025","7","00","76 27:06.017","3","0","0","0","36230","0","0","0","N","0","0","0","2","36410","0","","1","01","N","N","0","","2","0","1","3","2","Y","2010","2","2","0","0","0","0","0","1","0","2","N","","","","","","","","","","","","03","  ","","",""
"1209","0","0","0","0","0","0","0","0","0","4","0","","36","04","2019","2019036341","2","40.1161","-76.4503","1200","08","0","0","0","0","0","0","0","1","","0","0","0","11","1","0","01","0","40 06:57.989","","00","76 27:01.129","0","0","0","0","36230","0","0","0","N","0","0","0","2","36410","0","","1","01","N","N","0","","0","0","2","3","3","","1158","0","2","0","0","1","0","0","1","0","2","N","","","","","","","","","","","","03","  ","","",""
"1759","1","0","0","0","0","0","0","0","0","4","0","","36","03","2019","2019036445","1","40.0394","-76.3626","1759","08","0","0","0","0","0","0","2","0","","0","0","0","17","1","0","00","0","40 02:21.877","","07","76 21:45.515","0","0","0","0","36223","0","0","0","N","0","0","0","2","36223","0","","1","01","N","N","0","","0","0","1","0","0","","1748","0","2","0","0","0","0","0","1","0","2","N","","","","","","","","","","","","03","  ","","",""
"0812","2","0","0","0","0","0","0","0","0","1","0","","36","04","2019","2019036490","3","40.0529","-76.2629","0805","08","0","0","0","0","0","0","0","0","","0","0","0","07","1","1","00","0","40 03:10.540","","00","76 15:46.335","4","0","0","0","36301","0","0","0","N","0","0","0","2","36301","1","","1","01","N","N","0","","0","0","0","0","0","","0758","1","2","0","0","0","0","0","3","0","2","N","","","","","","","","","","","","03","  ","","",""
"1511","1","0","0","0","0","0","0","0","0","7","0","","36","04","2019","2019036493","5","40.1388","-76.5871","1501","08","0","0","0","0","0","0","0","1","1","0","0","0","14","1","0","00","1","40 08:19.608","6","00","76 35:13.557","0","0","0","0","36225","0","0","0","Y","0","0","0","1","36505","0","","4","01","N","N","0","","0","0","0","0","0","N","1455","0","1","0","0","0","0","0","2","0","1","N","","","","","","","","","","","","03","  ","","",""
"0824","0","0","0","0","0","0","0","0","0","7","0","","36","04","2019","2019036497","5","40.1534","-76.3733","0817","08","0","0","0","0","0","0","1","0","2","0","0","0","08","1","1","00","1","40 09:12.186","5","00","76 22:23.706","4","0","0","0","36227","0","0","0","N","0","0","0","1","36506","1","","4","01","N","N","0","","0","0","0","0","0","Y","0817","1","1","0","0","0","0","0","1","1","1","N","","","","","","","","","","","","03","  ","","",""
"1105","0","0","0","0","0","0","0","0","0","4","0","","36","02","2019","2019036527","4","39.8146","-76.1284","1046","08","0","0","0","0","0","1","0","0","","0","0","0","10","1","1","05","0","39 48:52.593","","00","76 07:42.259","3","0","0","0","36222","0","0","0","N","0","0","0","2","68J01","0","","1","07","N","N","2","","1","0","0","3","3","","1026","1","2","0","0","0","0","0","1","0","2","N","","","","","","","","","","","","10","  ","","",""
"2150","1","0","0","0","0","0","0","0","0","0","0","","36","03","2019","2019036535","7","39.9028","-76.0818","2139","08","0","0","0","0","0","0","0","0","2","0","0","0","21","2","1","00","2","39 54:10.160","5","00","76 04:54.430","3","0","0","0","36201","0","0","0","N","0","0","0","1","68J01","0","","1","01","N","N","0","","1","0","0","0","0","Y","2134","1","1","0","0","0","0","0","1","0","1","N","","","","","","","","","","","","03","  ","","",""
"1258","2","0","0","0","0","0","0","0","0","4","0","","36","04","2019","2019036650","6","40.135","-76.6526","1250","08","0","0","0","0","0","0","1","1","1","0","0","0","12","1","2","00","1","40 08:06.073","5","00","76 39:09.527","8","0","0","0","36237","0","0","0","N","0","0","0","2","36505","0","","1","09","N","N","0","","0","0","0","0","0","N","1245","2","2","0","0","0","2","0","1","0","2","N","","","","","","","","","","","","07","  ","","",""
"1708","1","0","0","0","0","0","0","0","0","1","0","","36","04","2019","2019036661","3","40.0252","-76.2067","1700","08","0","0","0","0","0","0","0","0","2","0","0","0","17","1","0","00","1","40 01:30.728","1","07","76 12:24.129","0","0","0","0","36215","0","0","0","N","0","0","0","3","36215","0","","1","01","N","N","1","","0","0","0","3","4","N","1700","0","2","0","0","0","0","0","1","0","2","N","","","","","","","","","","","","03","  ","","",""
"1608","1","0","0","0","0","0","0","0","0","7","0","","36","04","2019","2019036662","5","40.0557","-76.2689","1558","08","0","0","0","0","0","0","0","0","","0","0","0","15","1","0","00","0","40 03:20.377","","00","76 16:08.219","0","0","0","0","36215","0","0","0","N","0","0","0","2","36215","0","","1","01","N","N","0","","0","0","0","0","0","","1541","0","1","0","0","0","0","0","1","0","1","N","","","","","","","","","","","","03","  ","","",""
"0654","0","0","0","0","0","0","0","0","0","7","0","","36","04","2019","2019036663","6","40.0079","-76.2432","0648","08","0","0","0","0","0","0","0","0","","0","0","0","06","1","0","00","0","40 00:28.460","","00","76 14:35.650","0","0","0","0","36240","0","0","0","N","0","0","0","1","36240","0","","5","01","N","N","0","","0","0","1","0","0","","0647","0","1","0","0","0","0","0","1","0","1","N","","","","","","","","","","","","03","  ","","",""
"1310","0","0","0","0","0","0","0","0","0","0","0","","36","04","2019","2019036739","6","40.138","-76.5619","1259","08","0","0","0","0","0","1","0","0","","0","1","0","12","1","0","00","0","40 08:16.893","","00","76 33:42.799","0","0","0","0","36225","0","0","0","N","0","0","0","2","36505","0","","1","01","N","N","0","","0","0","0","0","0","","1257","0","1","0","0","0","0","0","2","0","1","N","","","","","","","","","","","","07","  ","","",""
"1757","0","0","0","0","0","0","0","0","0","4","0","","36","04","2019","2019036757","6","40.0389","-76.5105","1757","08","0","0","0","0","0","0","0","0","1","0","0","0","17","1","0","01","1","40 02:20.202","5","02","76 30:37.819","0","0","0","0","36404","0","0","0","N","0","0","0","3","36404","0","","1","09","N","N","0","","0","0","2","3","2","Y","1753","0","2","0","0","0","0","0","3","0","2","N","","","","","","","","","","","","07","  ","","",""