"ARRIVAL_TM","AUTOMOBILE_COUNT","BELTED_DEATH_COUNT","BELTED_SUSP_SERIOUS_INJ_COUNT","BICYCLE_COUNT","BICYCLE_DEATH_COUNT","BICYCLE_SUSP_SERIOUS_INJ_COUNT","BUS_COUNT","CHLDPAS_DEATH_COUNT","CHLDPAS_SUSP_SERIOUS_INJ_COUNT","COLLISION_TYPE","COMM_VEH_COUNT","CONS_ZONE_SPD_LIM","COUNTY","CRASH_MONTH","CRASH_YEAR","CRN","DAY_OF_WEEK","DEC_LAT","DEC_LONG","DISPATCH_TM","DISTRICT","DRIVER_COUNT_16YR","DRIVER_COUNT_17YR","DRIVER_COUNT_18YR","DRIVER_COUNT_19YR","DRIVER_COUNT_20YR","DRIVER_COUNT_50_64YR","DRIVER_COUNT_65_74YR","DRIVER_COUNT_75PLUS","EST_HRS_CLOSED","FATAL_COUNT","HEAVY_TRUCK_COUNT","HORSE_BUGGY_COUNT","HOUR_OF_DAY","ILLUMINATION","INJURY_COUNT","INTERSECT_TYPE","LANE_CLOSED","LATITUDE","LN_CLOSE_DIR","LOCATION_TYPE","LONGITUDE","MAX_SEVERITY_LEVEL","MCYCLE_DEATH_COUNT","MCYCLE_SUSP_SERIOUS_INJ_COUNT","MOTORCYCLE_COUNT","MUNICIPALITY","NONMOTR_COUNT","NONMOTR_DEATH_COUNT","NONMOTR_SUSP_SERIOUS_INJ_COUNT","NTFY_HIWY_MAINT","PED_COUNT","PED_DEATH_COUNT","PED_SUSP_SERIOUS_INJ_COUNT","PERSON_COUNT","POLICE_AGCY","POSSIBLE_INJ_COUNT","RDWY_SURF_TYPE_CD","RELATION_TO_ROAD","ROAD_CONDITION","SCH_BUS_IND","SCH_ZONE_IND","SMALL_TRUCK_COUNT","SPEC_JURIS_CD","SUSP_MINOR_INJ_COUNT","SUSP_SERIOUS_INJ_COUNT","SUV_COUNT","TCD_FUNC_CD","TCD_TYPE","TFC_DETOUR_IND","TIME_OF_DAY","TOT_INJ_COUNT","TOTAL_UNITS","UNB_DEATH_COUNT","UNB_SUSP_SERIOUS_INJ_COUNT","UNBELTED_OCC_COUNT","UNK_INJ_DEG_COUNT","UNK_INJ_PER_COUNT","URBAN_RURAL","VAN_COUNT","VEHICLE_COUNT","WORK_ZONE_IND","WORK_ZONE_LOC","WORK_ZONE_TYPE","WORKERS_PRES","WZ_CLOSE_DETOUR","WZ_FLAGGER","WZ_LAW_OFFCR_IND","WZ_LN_CLOSURE","WZ_MOVING","WZ_OTHER","WZ_SHLDER_MDN","ROADWAY_CLEARED","WEATHER1","WEATHER2","WZ_WORKERS_INJ_KILLED","SECONDARY_CRASH","INTERSECTION_RELATED"
"1302","0","0","0","0","0","0","0","0","0","1","0","","36","04","2019","2019036788","3","40.116","-76.3057","1257","08","0","0","0","0","0","0","1","0","1","0","0","0","12","1","2","00","1","40 06:57.511","1","00","76 18:20.408","3","0","0","0","36101","0","0","0","N","0","0","0","3","36101","0","","1","01","N","N","2","","2","0","0","0","0","N","1255","2","2","0","0","0","0","0","3","0","2","N","","","","","","","","","","","","03","  ","","",""
"1636","1","0","0","0","0","0","0","0","0","6","0","","36","04","2019","2019036801","6","40.0451","-76.413","1632","08","0","0","0","0","0","0","0","0","2","0","0","0","16","1","0","00","1","40 02:42.291","4","00","76 24:46.815","0","0","0","0","36239","0","0","0","N","0","0","0","3","36239","0","","1","09","N","N","1","","0","0","0","0","0","Y","1630","0","2","0","0","1","0","0","3","0","2","N","","","","","","","","","","","","07","  ","","",""
"0700","3","0","0","0","0","0","0","0","0","5","0","","36","04","2019","2019036813","3","40.0303","-76.3133","0655","08","0","0","0","0","0","0","0","0","1","0","0","0","06","1","0","00","2","40 01:49.100","6","00","76 18:47.900","0","0","0","0","36301","0","0","0","N","0","0","0","1","36301","0","","4","01","N","N","0","","0","0","2","0","0","Y","0653","0","5","0","0","0","0","0","3","0","5","N","","","","","","","","","","","","03","  ","","",""
"0804","2","0","0","0","0","0","0","0","0","5","0","","36","04","2019","2019036815","7","40.0289","-76.304","0755","08","1","0","0","0","0","0","0","0","","0","0","0","07","1","0","00","0","40 01:43.987","","00","76 18:14.433","9","0","0","0","36301","0","0","0","N","0","0","0","2","36301","0","","1","01","N","N","0","","0","0","0","0","0","","0751","0","2","0","0","0","0","1","3","0","2","N","","","","","","","","","","","","03","  ","","",""
"1547","0","0","0","0","0","0","0","0","0","4","0","","36","04","2019","2019036833","4","40.0358","-76.3103","1514","08","0","0","0","0","0","0","0","0","","0","0","0","15","1","1","05","0","40 02:09.042","","00","76 18:37.036","3","0","0","1","36301","0","0","0","N","0","0","0","2","36301","0","","1","01","N","N","0","","1","0","1","3","3","","1514","1","2","0","0","0","0","0","3","0","2","N","","","","","","","","","","","","03","  ","","",""
"1131","1","0","0","0","0","0","0","0","0","7","0","","36","04","2019","2019036891","7","40.0964","-76.5165","1117","08","0","0","0","0","0","0","1","0","","0","0","0","11","1","0","00","0","40 05:47.006","","00","76 30:59.529","0","0","0","0","36211","0","0","0","N","0","0","0","1","36504","0","","4","01","N","N","0","","0","0","0","0","0","","1117","0","1","0","0","0","0","0","1","0","1","N","","","","","","","","","","","","03","  ","","",""
"1350","1","0","0","0","0","0","0","0","0","4","0","","36","04","2019","2019036902","3","40.285","-76.1797","1346","08","0","0","0","0","0","1","0","0","2","0","0","0","13","1","1","02","1","40 17:06.026","3","00","76 10:46.930","8","0","0","0","36236","0","0","0","N","0","0","0","3","36408","0","","1","01","N","N","1","","0","0","0","0","0","N","1346","1","2","0","0","1","1","0","1","0","2","N","","","","","","","","","","","","03","  ","","",""
"1524","0","0","0","0","0","0","0","0","0","0","0","","36","04","2019","2019036991","7","40.1523","-76.5986","1520","08","0","0","0","0","0","0","0","0","2","0","0","0","15","1","1","02","2","40 09:08.251","7","00","76 35:54.956","8","0","0","1","36407","0","0","0","N","0","0","0","1","36407","0","","1","01","N","N","0","","0","0","0","3","3","Y","1519","1","1","0","0","0","1","0","2","0","1","N","","","","","","","","","","","","03","  ","","",""
"2333","1","0","0","0","0","0","0","0","0","9","0","","36","04","2019","2019037008","7","40.1098","-76.0167","2333","08","0","0","0","0","0","0","0","0","2","0","0","0","23","2","2","00","2","40 06:35.345","6","00","76 01:00.194","4","0","0","0","36213","0","0","0","N","0","0","0","3","36213","2","","1","01","N","N","0","","0","0","0","0","0","Y","2330","2","1","0","0","0","0","0","1","0","1","N","","","","","","","","","","","","03","  ","","",""
"1940","2","0","0","0","0","0","0","0","0","1","0","","36","04","2019","2019037021","6","40.0693","-76.3066","1940","08","0","0","0","0","0","0","0","0","2","0","0","0","19","3","0","00","2","40 04:09.419","4","00","76 18:23.700","0","0","0","0","36101","0","0","0","N","0","0","0","3","36101","0","","1","09","N","N","0","","0","0","1","0","0","N","1940","0","3","0","0","0","0","0","3","0","3","N","","","","","","","","","","","","07","  ","","",""
"1208","1","0","0","0","0","0","0","0","0","1","0","","36","04","2019","2019037022","7","40.0783","-76.2819","1157","08","1","0","0","0","0","1","0","0","2","0","0","0","11","1","3","00","1","40 04:41.854","2","00","76 16:54.862","4","0","0","0","36101","0","0","0","N","0","0","0","3","36101","3","","1","01","N","N","0","","0","0","1","0","0","N","1155","3","2","0","0","0","0","0","3","0","2","N","","","","","","","","","","","","03","  ","","",""
"1734","1","0","0","0","0","0","0","0","0","1","0","","36","04","2019","2019037023","7","40.0695","-76.3311","1725","08","0","0","2","0","0","0","0","0","2","0","0","0","17","1","0","01","2","40 04:09.893","2","00","76 19:52.423","0","0","0","0","36101","0","0","0","N","0","0","0","4","36101","0","","1","01","N","N","0","","0","0","1","3","2","N","1723","0","2","0","0","0","0","0","3","0","2","N","","","","","","","","","","","","03","  ","","",""
"1805","1","0","0","0","0","0","0","0","0","1","0","","36","04","2019","2019037024","7","40.0837","-76.3678","1800","08","0","0","0","0","0","1","0","0","3","0","0","0","17","1","0","00","2","40 05:01.348","3","00","76 22:04.120","0","0","0","0","36214","0","0","0","N","0","0","0","19","36214","0","","1","01","N","N","1","","0","0","1","0","0","N","1757","0","5","0","0","2","0","0","3","2","5","N","","","","","","","","","","","","03","  ","","",""
"1104","2","0","0","0","0","0","0","0","0","4","0","","36","04","2019","2019037026","6","40.0669","-76.3044","1100","08","0","0","0","0","1","1","0","0","2","0","0","0","10","1","0","02","1","40 04:00.689","3","00","76 18:15.730","0","0","0","0","36101","0","0","0","N","0","0","0","2","36101","0","","1","01","N","N","0","","0","0","0","3","2","N","1058","0","2","0","0","0","0","0","3","0","2","N","","","","","","","","","","","","03","  ","","",""
"1324","1","0","0","0","0","0","0","0","0","7","0","","36","04","2019","2019037048","7","40.2386","-76.0645","1316","08","0","0","0","0","0","0","0","0","2","0","0","0","13","1","1","02","2","40 14:18.914","2","00","76 03:52.290","8","0","0","0","36401","0","0","0","N","0","0","0","3","36408","0","","5","01","N","N","0","","0","0","0","0","0","Y","1316","1","1","0","0","3","1","0","1","0","1","N","","","","","","","","","","","","03","  ","","",""
"0741","2","0","0","0","0","0","0","0","0","1","0","","36","04","2019","2019037049","1","39.9924","-76.2859","0734","08","0","0","0","0","1","1","0","0","","0","0","0","07","1","0","01","0","39 59:32.484","","00","76 17:09.068","0","0","0","0","36240","0","0","0","N","0","0","0","3","36240","0","","1","01","N","N","0","","0","0","0","3","2","","0734","0","2","0","0","0","0","0","1","0","2","N","","","","","","","","","","","","03","  ","","",""
"1332","1","0","0","0","0","0","0","0","0","1","0","","36","04","2019","2019037135","7","40.0475","-76.3629","1331","08","0","0","0","0","0","1","0","0","","0","0","0","13","1","0","01","0","40 02:50.996","","00","76 21:46.341","0","0","0","0","36214","0","0","0","N","0","0","0","4","36214","0","","1","01","N","N","1","","0","0","0","3","2","","1329","0","2","0","0","0","0","0","3","0","2","N","","","","","","","","","","","","03","  ","","",""
"1935","1","0","0","0","0","0","0","0","0","7","0","","36","04","2019","2019037196","7","40.2275","-76.1884","1926","08","0","0","0","0","0","0","0","0","3","0","0","0","19","1","1","02","2","40 13:38.870","5","00","76 11:18.268","4","0","0","0","36236","0","0","0","N","0","0","0","1","36408","1","","5","01","N","N","0","","0","0","0","0","0","Y","1925","1","1","0","0","0","0","0","1","0","1","N","","","","","","","","","","","","03","  ","","",""
"2011","2","0","0","0","0","0","0","0","0","4","0","","36","03","2019","2019037329","4","40.1145","-76.6467","2003","08","0","0","1","0","0","0","0","0","2","0","0","0","20","2","2","01","2","40 06:52.206","5","00","76 38:48.287","3","0","0","0","36237","0","0","0","N","0","0","0","2","36505","0","","1","01","N","N","0","","2","0","0","3","3","Y","2003","2","2","0","0","0","0","0","1","0","2","N","","","","","","","","","","","","03","  ","","",""
"1912","2","0","0","0","0","0","0","0","0","1","0","","36","03","2019","2019037400","1","40.0406","-76.2954","1907","08","0","0","0","0","0","1","0","0","","0","0","0","18","4","2","01","0","40 02:26.313","","00","76 17:43.349","3","0","0","0","36301","0","0","0","N","0","0","0","4","36301","1","","1","01","N","N","0","","1","0","0","3","2","","1839","2","2","0","0","0","0","0","3","0","2","N","","","","","","","","","","","","03","  ","","",""
"0913","0","0","0","0","0","0","0","0","0","7","1","","36","04","2019","2019037420","4","40.1707","-76.1493","0906","08","0","0","0","0","0","1","0","0","5","1","1","0","09","1","1","00","2","40 10:14.427","2","00","76 08:57.354","1","0","0","0","36218","0","0","0","N","0","0","0","3","36408","0","2","5","01","N","N","0","0","0","0","1","0","0","N","0904","1","2","0","0","0","1","0","1","0","2","N","","","","","","","","","","","","03","  ","","",""
"2100","0","0","0","0","0","0","0","0","0","1","0","","36","03","2019","2019037522","2","40.1712","-76.1482","2056","08","0","0","0","0","0","1","0","0","","0","0","0","20","2","0","00","0","40 10:16.446","","00","76 08:53.415","0","0","0","0","36218","0","0","0","N","0","0","0","2","36408","0","","1","01","N","N","0","","0","0","2","0","0","","2054","0","2","0","0","0","0","0","1","0","2","N","","","","","","","","","","","","03","  ","","",""
"1333","0","0","0","0","0","0","0","0","0","4","0","","36","03","2019","2019037549","7","39.9703","-76.2744","1328","08","0","0","0","0","0","0","0","1","2","0","0","0","13","1","1","02","2","39 58:13.047","6","00","76 16:27.940","8","0","0","0","36228","0","0","0","N","0","0","0","4","36503","0","","1","01","N","N","1","","0","0","1","2","3","Y","1326","1","2","0","0","0","1","0","1","0","2","N","","","","","","","","","","","","03","  ","","",""
"1838","0","0","0","0","0","0","0","0","0","4","0","","36","01","2019","2019037551","4","40.119","-76.5376","1828","08","0","0","0","0","0","0","0","0","2","0","0","0","18","2","2","02","1","40 07:08.553","7","01","76 32:15.426","3","0","0","0","36225","0","0","0","N","0","0","0","6","36504","0","","1","01","N","N","1","","2","0","1","3","3","Y","1824","2","2","0","0","0","0","0","2","0","2","N","","","","","","","","","","","","03","  ","","",""
"1357","1","0","0","0","0","0","0","0","0","1","0","","36","04","2019","2019037579","2","40.1655","-76.1596","1350","08","0","0","0","0","0","0","2","0","","0","0","0","13","1","1","02","0","40 09:55.667","","00","76 09:34.569","4","0","0","0","36218","0","0","0","N","0","0","0","4","36408","1","","1","01","N","N","0","","0","0","0","3","2","","1345","1","2","0","0","0","0","0","1","1","2","N","","","","","","","","","","","","03","  ","","",""
"1225","2","0","0","0","0","0","0","0","0","1","0","","36","04","2019","2019037582","2","40.0279","-76.3218","1225","08","0","0","0","0","1","0","0","1","","0","0","0","12","1","1","00","0","40 01:40.344","","00","76 19:18.574","8","0","0","0","36301","0","0","0","N","0","0","0","4","36301","0","","1","01","N","N","0","","0","0","0","0","0","","1216","1","2","0","0","0","1","0","3","0","2","N","","","","","","","","","","","","03","  ","","",""
"0600","0","0","0","0","0","0","0","0","0","7","0","","36","04","2019","2019037598","2","39.9437","-76.3043","0554","08","0","0","0","0","0","0","0","0","2","0","0","0","05","2","0","00","1","39 56:37.351","1","00","76 18:15.365","0","0","0","0","36228","0","0","0","N","0","0","0","1","36503","0","","4","09","N","N","0","","0","0","1","0","0","N","0554","0","1","0","0","1","0","0","1","0","1","N","","","","","","","","","","","","03","  ","","",""
"1630","1","0","0","1","1","0","0","0","0","1","0","","36","04","2019","2019037647","2","40.1399","-76.5766","1627","08","0","0","0","0","0","1","0","0","4","1","0","0","16","1","0","00","2","40 08:23.662","6","00","76 34:35.781","1","0","0","0","36225","1","1","0","N","0","0","0","2","36505","0","2","1","01","N","N","0","0","0","0","0","0","0","Y","1624","0","2","0","0","0","0","0","2","0","1","N","","","","","","","","","","","","03","  ","","",""
"1614","1","0","0","0","0","0","0","0","0","4","0","","36","04","2019","2019037728","1","40.1018","-76.6727","1603","08","0","0","0","0","0","0","0","0","","0","0","0","16","1","1","01","0","40 06:06.624","","00","76 40:21.755","3","0","0","1","36207","0","0","0","N","0","0","0","2","36504","0","","1","01","N","N","0","","1","0","0","3","3","","1603","1","2","0","0","0","0","0","1","0","2","N","","","","","","","","","","","","03","  ","","",""
"2252","2","0","0","0","0","0","0","0","0","4","0","","36","03","2019","2019037770","7","40.0191","-76.3212","2247","08","0","0","0","0","0","0","0","0","2","0","0","0","22","3","4","00","2","40 01:08.937","7","07","76 19:16.277","3","0","0","0","36220","0","0","0","N","0","0","0","4","36101","0","","1","01","N","N","0","","4","0","0","0","0","Y","2245","4","2","0","0","0","0","0","3","0","2","N","","","","","","","","","","","","03","  ","","",""
"0912","1","0","0","0","0","0","0","0","0","7","0","","36","03","2019","2019037771","1","40.0446","-76.3273","0906","08","0","0","0","0","0","0","0","0","","0","0","0","09","1","0","02","0","40 02:40.579","","00","76 19:38.450","0","0","0","0","36220","0","0","0","N","0","0","0","1","36101","0","","4","09","N","N","0","","0","0","0","0","0","","0903","0","1","0","0","1","0","0","3","0","1","N","","","","","","","","","","","","07","  ","","",""
"1401","0","0","0","0","0","0","0","0","0","0","0","","36","03","2019","2019037772","3","40.0406","-76.2507","1356","08","0","0","0","0","0","0","1","0","","0","0","0","13","1","1","02","0","40 02:26.142","","00","76 15:02.656","2","0","1","1","36215","0","0","0","N","0","0","0","1","36215","0","","1","01","N","N","0","","0","1","0","3","3","","1355","1","1","0","0","0","0","0","1","0","1","N","","","","","","","","","","","","03","  ","","",""
"1721","0","0","0","0","0","0","0","0","0","1","0","","36","03","2019","2019037773","6","40.0917","-76.1607","1717","08","0","0","0","0","0","1","0","0","2","0","0","1","17","1","1","00","1","40 05:30.141","3","00","76 09:38.377","3","0","0","0","36234","1","0","0","N","0","0","0","2","36215","0","","2","01","N","N","0","","1","0","1","0","0","N","1712","1","2","0","0","1","0","0","1","0","1","N","","","","","","","","","","","","03","  ","","",""
"2003","0","0","0","0","0","0","0","0","0","1","0","","36","03","2019","2019037774","6","40.062","-76.2446","2000","08","0","0","0","0","0","0","0","0","2","0","0","1","19","2","2","00","2","40 03:43.100","5","00","76 14:40.400","3","0","0","0","36215","2","0","0","N","0","0","0","3","36215","1","","1","01","N","N","0","","1","0","1","0","0","Y","1958","2","2","0","0","0","0","0","1","0","1","N","","","","","","","","","","","","03","  ","","",""
"2054","0","0","0","0","0","0","0","0","0","1","1","","36","03","2019","2019037775","6","40.03","-76.2312","2046","08","0","0","0","0","0","0","0","0","","0","1","0","20","3","0","00","0","40 01:47.854","","00","76 13:52.156","9","0","0","0","36215","0","0","0","N","0","0","0","2","36215","0","","1","01","N","N","0","","0","0","1","0","0","","2044","0","2","0","0","0","0","1","1","0","2","N","","","","","","","","","","","","03","  ","","",""
"2335","2","0","0","0","0","0","0","0","0","1","0","","36","04","2019","2019037776","2","40.0549","-76.2601","2328","08","0","0","0","0","0","0","0","0","1","0","0","0","23","3","0","00","1","40 03:17.490","2","00","76 15:36.207","0","0","0","0","36301","0","0","0","N","0","0","0","1","36215","0","","1","01","N","N","0","","0","0","0","0","0","N","2323","0","2","0","0","0","0","0","3","0","2","N","","","","","","","","","","","","03","  ","","",""
"1408","1","0","0","0","0","0","0","0","0","4","0","","36","04","2019","2019037777","3","40.0308","-76.2364","1405","08","0","0","0","0","0","1","0","0","1","0","0","0","14","1","1","00","1","40 01:50.738","3","06","76 14:11.045","3","0","0","0","36215","0","0","0","N","0","0","0","2","36215","0","","1","01","N","N","0","","1","0","1","3","3","N","1403","1","2","0","0","0","0","0","1","0","2","N","","","","","","","","","","","","03","  ","","",""
"0718","0","0","0","0","0","0","0","0","0","1","0","","36","04","2019","2019037778","4","40.0143","-76.1514","0704","08","0","0","0","0","0","0","0","0","","0","0","0","07","1","0","00","0","40 00:51.479","","00","76 09:05.007","0","0","0","0","36215","0","0","0","N","0","0","0","2","36215","0","","1","01","N","N","0","","0","0","1","0","0","","0704","0","2","0","0","0","0","0","1","1","2","N","","","","","","","","","","","","03","  ","","",""
"0840","1","0","0","0","0","0","0","0","0","4","0","","36","04","2019","2019037779","4","40.0333","-76.2462","0837","08","0","0","0","0","0","1","0","0","2","0","0","0","08","1","0","00","1","40 01:59.702","3","07","76 14:46.332","0","0","0","0","36215","0","0","0","N","0","0","0","2","36215","0","","1","01","N","N","0","","0","0","1","0","0","N","0835","0","2","0","0","0","0","0","1","0","2","N","","","","","","","","","","","","03","  ","","",""
"1544","0","0","0","0","0","0","0","0","0","1","1","","36","04","2019","2019037780","4","40.0526","-76.2619","1539","08","0","0","0","1","0","0","0","0","","0","1","0","15","1","1","00","0","40 03:09.498","","03","76 15:42.689","4","0","0","0","36215","0","0","0","N","0","0","0","2","36215","1","","1","01","N","N","1","","0","0","0","0","0","","1538","1","2","0","0","0","0","0","1","0","2","N","","","","","","","","","","","","03","  ","","",""
"1521","2","0","0","0","0","0","0","0","0","1","0","","36","04","2019","2019037781","5","40.0843","-76.2239","1518","08","1","0","0","0","0","0","0","0","","0","0","0","15","1","1","01","0","40 05:03.562","","00","76 13:25.981","4","0","0","0","36234","0","0","0","N","0","0","0","2","36215","1","","1","01","N","N","0","","0","0","0","3","2","","1515","1","2","0","0","0","0","0","1","0","2","N","","","","","","","","","","","","03","  ","","",""
"2020","1","0","0","0","0","0","0","0","0","7","0","","36","04","2019","2019037782","5","40.0728","-76.2435","2014","08","0","0","0","0","0","1","0","0","1","0","0","0","20","2","0","00","1","40 04:22.100","1","00","76 14:36.600","0","0","0","0","36215","0","0","0","N","0","0","0","1","36215","0","","4","01","N","N","0","","0","0","0","0","0","N","2013","0","1","0","0","0","0","0","1","0","1","N","","","","","","","","","","","","03","  ","","",""
"1421","1","0","0","0","0","0","0","0","0","4","0","","36","04","2019","2019037783","6","40.0631","-76.1569","1417","08","0","0","0","0","0","1","0","1","2","0","0","0","14","1","0","01","2","40 03:47.080","2","00","76 09:24.814","0","0","0","0","36234","0","0","0","N","0","0","0","3","36215","0","","1","98","N","N","0","","0","0","1","3","3","Y","1415","0","2","0","0","0","0","0","1","0","2","N","","","","","","","","","","","","03","  ","","",""
"1558","2","0","0","0","0","0","0","0","0","4","0","","36","04","2019","2019037784","6","40.0846","-76.2206","1553","08","0","0","0","0","1","1","1","0","2","0","0","0","15","1","1","02","1","40 05:04.637","3","00","76 13:14.194","4","0","0","0","36234","0","0","0","N","0","0","0","4","36215","1","","1","09","N","N","0","","0","0","1","3","3","Y","1552","1","3","0","0","0","0","0","1","0","3","N","","","","","","","","","","","","07","  ","","",""
"1117","2","0","0","0","0","0","0","0","0","4","0","","36","03","2019","2019037916","4","40.1315","-76.1479","1110","08","0","0","0","0","0","1","1","0","2","0","0","0","11","1","2","01","1","40 07:53.254","7","00","76 08:52.441","8","0","0","0","36238","0","0","0","N","0","0","0","3","36238","0","","1","01","N","N","0","","0","0","0","3","3","N","1107","2","2","0","0","0","2","0","3","0","2","N","","","","","","","","","","","","03","  ","","",""
"2232","2","0","0","0","0","0","0","0","0","4","0","","36","04","2019","2019037935","3","40.0429","-76.2939","2227","08","0","0","0","0","0","0","0","0","2","0","0","0","22","3","0","00","1","40 02:34.557","1","00","76 17:37.862","0","0","0","0","36301","0","0","0","N","0","0","0","2","36301","0","","4","01","N","N","0","","0","0","0","0","0","Y","2227","0","2","0","0","0","0","0","3","0","2","N","","","","","","","","","","","","03","  ","","",""
"1131","1","0","0","0","0","0","0","0","0","4","0","","36","04","2019","2019037938","5","40.1173","-76.2093","1124","08","0","0","0","0","0","1","1","0","2","0","0","0","11","1","0","00","1","40 07:02.100","6","00","76 12:33.300","0","0","0","0","36238","0","0","0","N","0","0","0","2","36238","0","","1","01","N","N","0","","0","0","1","0","0","N","1122","0","2","0","0","0","0","0","3","0","2","N","","","","","","","","","","","","03","  ","","",""
"1258","2","0","0","0","0","0","0","0","0","1","0","","36","04","2019","2019037964","5","40.0379","-76.2737","1248","08","0","0","0","0","0","1","0","0","2","0","0","0","12","1","3","00","2","40 02:16.363","4","03","76 16:25.361","4","0","0","0","36220","0","0","0","N","0","0","0","5","36101","3","","1","01","N","N","0","","0","0","1","0","0","N","1247","3","3","0","0","0","0","0","3","0","3","N","","","","","","","","","","","","03","  ","","",""
"1255","1","0","0","0","0","0","0","0","0","4","0","","36","04","2019","2019037965","5","40.1161","-76.3007","1249","08","0","0","0","0","0","0","0","1","1","0","0","0","12","1","2","02","1","40 06:58.097","6","00","76 18:02.503","3","0","0","0","36101","0","0","0","N","0","0","0","2","36101","0","","1","01","N","N","0","","2","0","1","3","3","N","1247","2","2","0","0","0","0","0","3","0","2","N","","","","","","","","","","","","03","  ","","",""
"1713","2","0","0","0","0","0","0","0","0","4","0","","36","04","2019","2019037966","3","40.0791","-76.3465","1705","08","0","0","0","0","0","1","0","0","1","0","0","0","16","1","1","01","1","40 04:45.084","7","02","76 20:47.455","4","0","0","0","36101","0","0","0","N","0","0","0","2","36101","1","","1","01","N","N","0","","0","0","0","3","3","N","1646","1","2","0","0","0","0","0","3","0","2","N","","","","","","","","","","","","03","  ","","",""
"1734","0","0","0","0","0","0","0","0","0","4","0","","36","04","2019","2019037967","3","40.0523","-76.3225","1727","08","0","0","0","0","0","0","0","1","","0","0","0","17","1","1","00","0","40 03:08.272","","00","76 19:21.093","8","0","0","0","36101","0","0","0","N","0","0","0","3","36101","0","","1","01","N","N","0","","0","0","2","0","0","","1722","1","2","0","0","0","1","0","3","0","2","N","","","","","","","","","","","","03","  ","","",""
"1625","0","0","0","0","0","0","0","0","0","7","0","","36","04","2019","2019038004","6","40.2479","-76.1777","1624","08","0","0","0","0","0","0","0","0","1","0","0","0","16","1","2","00","1","40 14:52.390","1","00","76 10:39.804","3","0","0","0","36236","0","0","0","N","0","0","0","2","36408","0","","5","09","N","N","0","","2","0","1","0","0","N","1624","2","1","0","0","0","0","0","1","0","1","N","","","","","","","","","","","","07","  ","","",""
"0940","2","0","0","0","0","0","0","0","0","4","0","","36","04","2019","2019038015","7","40.0436","-76.3137","0940","08","0","0","0","0","0","0","0","0","","0","0","0","09","1","1","01","0","40 02:37.071","","00","76 18:49.309","4","0","0","0","36301","0","0","0","N","0","0","0","3","36301","1","","1","01","N","N","0","","0","0","0","3","2","","0940","1","2","0","0","0","0","0","3","0","2","N","","","","","","","","","","","","03","  ","","",""
"1231","2","0","0","0","0","0","0","0","0","4","0","","36","04","2019","2019038046","4","40.0406","-76.2875","1226","08","0","0","0","0","0","0","0","0","","0","0","0","11","1","0","02","0","40 02:26.318","","00","76 17:14.881","0","0","0","0","36301","0","0","0","N","0","0","0","2","36301","0","","1","01","N","N","0","","0","0","0","0","0","","1153","0","2","0","0","0","0","0","3","0","2","N","","","","","","","","","","","","03","  ","","",""
"0324","0","0","0","0","0","0","0","0","0","7","1","","36","04","2019","2019038119","3","40.01","-76.1326","0318","08","0","0","0","0","0","0","0","0","2","0","0","0","03","2","0","00","1","40 00:35.952","5","00","76 07:57.205","0","0","0","0","36226","0","0","0","N","0","0","0","1","68J01","0","","4","01","N","N","1","","0","0","0","0","0","N","0312","0","1","0","0","0","0","0","1","0","1","N","","","","","","","","","","","","03","  ","","",""
"1737","0","0","0","0","0","0","0","0","0","4","0","","36","04","2019","2019038128","4","39.9125","-76.1071","1724","08","1","0","0","0","0","0","1","0","1","0","0","0","17","1","0","00","1","39 54:44.979","3","00","76 06:25.405","0","0","0","0","36216","0","0","0","N","0","0","0","3","68J01","0","","1","01","N","N","0","","0","0","2","0","0","N","1720","0","2","0","0","1","0","0","1","0","2","N","","","","","","","","","","","","03","  ","","",""
"1727","0","0","0","0","0","0","0","0","0","0","0","","36","04","2019","2019038137","6","39.965","-76.1724","1707","08","0","0","0","0","0","0","0","0","","0","0","0","17","1","1","00","0","39 57:54.016","","00","76 10:20.768","3","0","0","0","36233","0","0","0","N","0","0","0","1","68J01","0","","1","09","N","N","0","","1","0","1","0","0","","1705","1","1","0","0","0","0","0","1","0","1","N","","","","","","","","","","","","07","  ","","",""
"1305","2","0","0","0","0","0","0","0","0","1","0","","36","04","2019","2019038166","4","40.0572","-76.3216","1259","08","0","0","0","0","0","0","0","0","1","0","0","0","12","1","1","00","1","40 03:25.785","4","00","76 19:17.857","4","0","0","0","36301","0","0","0","N","0","0","0","2","36301","1","","1","01","N","N","0","","0","0","0","0","0","N","1257","1","2","0","0","0","0","0","3","0","2","N","","","","","","","","","","","","03","  ","","",""
"1803","1","0","0","0","0","0","0","0","0","1","0","","36","04","2019","2019038194","6","40.0642","-76.3414","1759","08","0","0","0","0","0","1","1","0","","0","0","0","17","1","1","00","0","40 03:51.166","","00","76 20:29.090","4","0","0","0","36101","0","0","0","N","0","0","0","3","36101","1","","1","09","N","N","0","","0","0","1","3","2","","1755","1","2","0","0","0","0","0","3","0","2","N","","","","","","","","","","","","07","  ","","",""