"ARRIVAL_TM","AUTOMOBILE_COUNT","BELTED_DEATH_COUNT","BELTED_SUSP_SERIOUS_INJ_COUNT","BICYCLE_COUNT","BICYCLE_DEATH_COUNT","BICYCLE_SUSP_SERIOUS_INJ_COUNT","BUS_COUNT","CHLDPAS_DEATH_COUNT","CHLDPAS_SUSP_SERIOUS_INJ_COUNT","COLLISION_TYPE","COMM_VEH_COUNT","CONS_ZONE_SPD_LIM","COUNTY","CRASH_MONTH","CRASH_YEAR","CRN","DAY_OF_WEEK","DEC_LAT","DEC_LONG","DISPATCH_TM","DISTRICT","DRIVER_COUNT_16YR","DRIVER_COUNT_17YR","DRIVER_COUNT_18YR","DRIVER_COUNT_19YR","DRIVER_COUNT_20YR","DRIVER_COUNT_50_64YR","DRIVER_COUNT_65_74YR","DRIVER_COUNT_75PLUS","EST_HRS_CLOSED","FATAL_COUNT","HEAVY_TRUCK_COUNT","HORSE_BUGGY_COUNT","HOUR_OF_DAY","ILLUMINATION","INJURY_COUNT","INTERSECT_TYPE","LANE_CLOSED","LATITUDE","LN_CLOSE_DIR","LOCATION_TYPE","LONGITUDE","MAX_SEVERITY_LEVEL","MCYCLE_DEATH_COUNT","MCYCLE_SUSP_SERIOUS_INJ_COUNT","MOTORCYCLE_COUNT","MUNICIPALITY","NONMOTR_COUNT","NONMOTR_DEATH_COUNT","NONMOTR_SUSP_SERIOUS_INJ_COUNT","NTFY_HIWY_MAINT","PED_COUNT","PED_DEATH_COUNT","PED_SUSP_SERIOUS_INJ_COUNT","PERSON_COUNT","POLICE_AGCY","POSSIBLE_INJ_COUNT","RDWY_SURF_TYPE_CD","RELATION_TO_ROAD","ROAD_CONDITION","SCH_BUS_IND","SCH_ZONE_IND","SMALL_TRUCK_COUNT","SPEC_JURIS_CD","SUSP_MINOR_INJ_COUNT","SUSP_SERIOUS_INJ_COUNT","SUV_COUNT","TCD_FUNC_CD","TCD_TYPE","TFC_DETOUR_IND","TIME_OF_DAY","TOT_INJ_COUNT","TOTAL_UNITS","UNB_DEATH_COUNT","UNB_SUSP_SERIOUS_INJ_COUNT","UNBELTED_OCC_COUNT","UNK_INJ_DEG_COUNT","UNK_INJ_PER_COUNT","URBAN_RURAL","VAN_COUNT","VEHICLE_COUNT","WORK_ZONE_IND","WORK_ZONE_LOC","WORK_ZONE_TYPE","WORKERS_PRES","WZ_CLOSE_DETOUR","WZ_FLAGGER","WZ_LAW_OFFCR_IND","WZ_LN_CLOSURE","WZ_MOVING","WZ_OTHER","WZ_SHLDER_MDN","ROADWAY_CLEARED","WEATHER1","WEATHER2","WZ_WORKERS_INJ_KILLED","SECONDARY_CRASH","INTERSECTION_RELATED"
"0902","0","0","0","0","0","0","0","0","0","4","0","","36","04","2019","2019038196","7","40.0534","-76.2874","0858","08","0","0","0","0","0","0","1","0","1","0","0","0","08","1","1","02","2","40 03:12.218","6","00","76 17:14.749","3","0","0","1","36101","0","0","0","N","0","0","0","2","36101","0","","1","01","N","N","0","","1","0","1","0","0","N","0857","1","2","0","0","0","0","0","3","0","2","N","","","","","","","","","","","","03","  ","","",""
"1224","1","0","0","0","0","0","0","0","0","4","0","","36","04","2019","2019038197","7","40.0679","-76.3034","1221","08","0","0","0","0","0","0","0","0","1","0","0","0","12","1","0","01","1","40 04:04.462","1","00","76 18:12.202","0","0","0","0","36101","0","0","0","N","0","0","0","6","36101","0","","1","01","N","N","0","","0","0","1","3","2","N","1219","0","2","0","0","0","0","0","3","0","2","N","","","","","","","","","","","","03","  ","","",""
"0954","0","0","0","0","0","0","0","0","0","4","0","","36","04","2019","2019038199","1","40.0679","-76.3034","0953","08","0","0","0","0","0","0","1","0","2","0","0","0","09","1","1","01","2","40 04:04.462","3","00","76 18:12.202","3","0","0","0","36101","0","0","0","N","0","0","0","4","36101","0","","1","01","N","N","0","","1","0","2","3","2","N","0952","1","2","0","0","0","0","0","3","0","2","N","","","","","","","","","","","","03","  ","","",""
"2120","1","0","3","0","0","0","0","0","0","7","0","","36","04","2019","2019038205","1","40.2766","-76.0979","2113","08","0","0","0","1","0","0","0","0","3","0","0","0","21","2","3","00","2","40 16:35.922","5","00","76 05:52.368","2","0","0","0","36210","0","0","0","N","0","0","0","3","36210","0","","2","01","N","N","0","","0","3","0","0","0","Y","2112","3","1","0","0","0","0","0","1","0","1","N","","","","","","","","","","","","03","  ","","",""
"1444","1","0","0","0","0","0","0","0","0","1","0","","36","04","2019","2019038323","7","40.1336","-76.3477","1439","08","0","0","0","0","0","0","0","1","2","0","0","0","14","1","2","00","2","40 08:01.097","5","00","76 20:51.582","4","0","0","0","36227","1","0","0","N","0","0","0","3","36506","2","","2","01","N","N","1","","0","0","0","0","0","Y","1439","2","2","0","0","0","0","0","1","0","2","N","","","","","","","","","","","","03","  ","","",""
"1455","1","0","0","0","0","0","0","0","0","1","0","","36","03","2019","2019038327","4","40.161","-76.1988","1452","08","0","0","0","0","0","0","0","0","1","0","0","0","14","1","0","00","1","40 09:39.700","2","00","76 11:55.700","0","0","0","0","36402","0","0","0","N","0","0","0","1","36402","0","","2","01","N","N","0","","0","0","2","0","0","N","1450","0","3","0","0","0","0","0","2","0","3","N","","","","","","","","","","","","03","  ","","",""
"1735","0","0","0","0","0","0","0","0","0","7","0","","36","04","2019","2019038333","3","40.2434","-76.1904","1730","08","0","0","0","0","0","0","0","0","","0","0","0","17","1","0","00","0","40 14:36.135","","00","76 11:25.382","0","0","0","0","36236","0","0","0","N","0","0","0","1","36408","0","","4","01","N","N","0","","0","0","0","0","0","","1700","0","1","0","0","0","0","0","1","1","1","N","","","","","","","","","","","","03","  ","","",""
"1905","2","0","0","0","0","0","0","0","0","4","0","","36","04","2019","2019038361","4","40.0739","-76.3499","1900","08","0","0","0","0","1","0","0","1","2","0","0","0","18","1","0","01","1","40 04:25.930","7","00","76 20:59.798","0","0","0","0","36214","0","0","0","N","0","0","0","2","36214","0","","1","01","N","N","0","","0","0","0","3","3","Y","1855","0","2","0","0","1","0","0","3","0","2","N","","","","","","","","","","","","03","  ","","",""
"1618","0","0","0","0","0","0","0","0","0","1","0","","36","04","2019","2019038385","7","40.1647","-76.1568","1614","08","0","0","0","0","0","0","0","0","2","0","0","0","16","1","1","00","1","40 09:53.244","3","00","76 09:25.155","4","0","0","0","36218","0","0","0","N","0","0","0","10","36408","1","","1","01","N","N","1","","0","0","3","0","0","N","1612","1","4","0","0","0","0","0","1","0","4","N","","","","","","","","","","","","03","  ","","",""
"1752","0","0","0","0","0","0","0","0","0","8","0","","36","04","2019","2019038396","4","40.178","-76.181","1751","08","0","0","0","0","0","0","0","0","1","0","0","0","17","1","1","01","2","40 10:40.800","6","00","76 10:51.700","3","0","0","0","36408","1","0","0","N","1","0","0","3","36408","0","","1","01","N","N","0","","1","0","0","0","0","Y","1749","1","2","0","0","0","0","0","2","1","1","N","","","","","","","","","","","","03","  ","","",""
"0128","1","0","0","0","0","0","0","0","0","7","0","","36","04","2019","2019038401","1","40.0302","-76.4923","0125","08","0","0","0","0","0","0","0","0","1","0","0","0","01","3","0","00","1","40 01:48.884","4","00","76 29:32.316","9","0","0","0","36404","0","0","0","N","0","0","0","1","36404","0","","5","01","N","N","0","","0","0","0","0","0","N","0125","0","1","0","0","0","0","1","3","0","1","N","","","","","","","","","","","","03","  ","","",""
"0746","1","0","0","0","0","0","0","0","0","1","0","","36","04","2019","2019038493","5","40.1788","-76.6007","0735","08","0","0","0","0","0","1","0","0","","0","0","0","07","1","0","01","0","40 10:44.033","","02","76 36:02.842","0","0","0","0","36225","0","0","0","N","0","0","0","2","36505","0","","1","01","N","N","0","","0","0","1","3","2","N","0730","0","2","0","0","0","0","0","2","0","2","N","","","","","","","","","","","","03","  ","","",""
"1606","1","0","0","0","0","0","0","0","0","4","0","","36","04","2019","2019038530","4","40.0561","-76.2988","1603","08","0","0","0","0","1","1","0","0","2","0","0","0","16","1","2","01","1","40 03:21.855","6","00","76 17:55.661","4","0","0","0","36101","0","0","0","N","0","0","0","3","36101","2","","1","01","N","N","0","","0","0","1","0","0","N","1601","2","2","0","0","0","0","0","3","0","2","N","","","","","","","","","","","","03","  ","","",""
"1752","2","0","0","0","0","0","0","0","0","4","0","","36","04","2019","2019038531","7","40.0618","-76.1703","1746","08","0","0","0","0","0","0","1","0","2","0","0","0","17","1","3","01","2","40 03:42.602","7","00","76 10:12.961","3","0","0","0","36234","0","0","0","N","0","0","0","4","36215","0","","1","01","N","N","0","","3","0","0","3","3","Y","1746","3","2","0","0","0","0","0","1","0","2","N","","","","","","","","","","","","03","  ","","",""
"1453","1","0","0","0","0","0","0","0","0","5","1","","36","04","2019","2019038532","4","40.1214","-76.4627","1453","08","0","0","0","0","0","0","0","0","","0","1","0","14","1","1","00","0","40 07:17.198","","00","76 27:45.767","3","0","0","0","36230","0","0","0","N","0","0","0","3","36410","0","","1","01","N","N","0","","1","0","0","0","0","","1453","1","2","0","0","0","0","0","1","0","2","N","","","","","","","","","","","","03","  ","","",""
"0427","1","0","0","0","0","0","0","0","0","7","0","","36","04","2019","2019038533","7","40.1394","-76.503","0420","08","0","0","0","0","0","0","0","0","","0","0","0","02","2","0","00","0","40 08:21.991","","00","76 30:10.857","9","0","0","0","36230","0","0","0","N","0","0","0","1","36410","0","","4","09","N","N","0","","0","0","0","0","0","","0230","0","1","0","0","0","0","1","1","0","1","N","","","","","","","","","","","","03","  ","","",""
"1723","1","0","0","0","0","0","0","0","0","9","0","","36","04","2019","2019038534","4","40.1136","-76.4471","1713","08","0","0","0","0","0","1","0","0","","0","0","0","17","1","0","00","0","40 06:49.121","","00","76 26:49.543","0","0","0","0","36230","0","0","0","N","0","0","0","1","36410","0","","1","01","N","N","0","","0","0","0","0","0","","1711","0","1","0","0","0","0","0","1","0","1","N","","","","","","","","","","","","03","  ","","",""
"2334","0","0","0","0","0","0","0","0","0","7","0","","36","04","2019","2019038535","4","40.2251","-76.4555","2326","08","0","0","0","0","0","0","0","0","2","0","0","0","23","2","1","00","1","40 13:30.300","3","00","76 27:19.700","3","0","0","0","36230","0","0","0","N","0","0","0","1","36410","0","","4","01","N","N","0","","1","0","1","0","0","N","2325","1","1","0","0","1","0","0","1","0","1","N","","","","","","","","","","","","03","  ","","",""
"2027","1","0","0","0","0","0","0","0","0","4","0","","36","04","2019","2019038622","5","40.0361","-76.3075","2026","08","0","0","0","0","0","1","0","0","1","0","0","0","20","3","1","01","1","40 02:10.107","4","00","76 18:26.883","3","0","0","0","36301","0","0","0","N","0","0","0","2","36301","0","","1","01","N","N","0","","1","0","1","3","2","N","2021","1","2","0","0","0","0","0","3","0","2","N","","","","","","","","","","","","03","  ","","",""
"2146","1","0","0","0","0","0","0","0","0","4","0","","36","04","2019","2019038639","4","40.1559","-76.2054","2144","08","1","0","0","0","0","0","0","0","1","0","0","0","21","3","0","01","1","40 09:21.210","1","00","76 12:19.570","0","0","0","0","36402","0","0","0","N","0","0","0","2","36402","0","","1","01","N","N","0","","0","0","1","3","3","N","2143","0","2","0","0","0","0","0","2","0","2","N","","","","","","","","","","","","03","  ","","",""
"2012","0","0","0","0","0","0","0","0","0","4","1","","36","04","2019","2019038643","5","40.2225","-76.0968","2012","08","0","0","0","0","0","0","1","0","","0","1","0","20","3","0","01","0","40 13:20.882","","00","76 05:48.548","0","0","0","0","36210","0","0","0","N","0","0","0","2","36210","0","","1","01","N","N","0","","0","0","1","3","2","","2008","0","2","0","0","0","0","0","1","0","2","N","","","","","","","","","","","","03","  ","","",""
"2108","1","0","0","0","0","0","0","0","0","8","0","","36","04","2019","2019038646","5","40.0382","-76.3036","2100","08","0","0","0","0","0","0","0","0","1","0","0","0","21","3","1","01","2","40 02:17.489","7","00","76 18:12.922","3","0","0","0","36301","1","0","0","N","1","0","0","2","36301","0","","1","01","N","N","0","","1","0","0","3","2","N","2100","1","2","0","0","0","0","0","3","0","1","N","","","","","","","","","","","","03","  ","","",""
"1648","2","0","0","0","0","0","0","0","0","4","0","","36","03","2019","2019038656","3","40.1253","-76.0692","1643","08","0","0","0","0","0","0","0","0","1","0","0","0","16","1","0","02","2","40 07:31.197","6","00","76 04:09.057","0","0","0","0","36209","0","0","0","N","0","0","0","2","36415","0","","1","01","N","N","0","","0","0","0","0","0","Y","1643","0","2","0","0","0","0","0","1","0","2","N","","","","","","","","","","","","03","  ","","",""
"1813","0","0","0","0","0","0","0","0","0","7","0","","36","04","2019","2019038657","3","40.0784","-76.0724","1810","08","0","0","0","0","0","0","0","0","","0","0","0","18","1","0","00","0","40 04:42.196","","00","76 04:20.596","0","0","0","0","36209","0","0","0","N","0","0","0","1","36415","0","","4","01","N","N","0","","0","0","1","0","0","","1809","0","1","0","0","1","0","0","1","0","1","N","","","","","","","","","","","","03","  ","","",""
"1930","1","0","0","0","0","0","0","0","0","8","0","","36","04","2019","2019038658","4","40.106","-76.1117","1926","08","0","0","0","0","0","0","0","0","1","0","0","0","19","1","1","00","1","40 06:21.680","1","00","76 06:41.990","8","0","0","0","36209","1","0","0","N","1","0","0","2","36415","0","","1","01","N","N","0","","0","0","0","0","0","Y","1926","1","2","0","0","0","1","0","1","0","1","N","","","","","","","","","","","","03","  ","","",""
"0953","1","0","0","0","0","0","0","0","0","1","0","","36","04","2019","2019038659","3","40.0919","-76.1252","0950","08","0","0","0","0","0","1","1","1","","0","0","0","09","1","0","00","0","40 05:30.711","","00","76 07:30.563","0","0","0","0","36209","0","0","0","N","0","0","0","4","36415","0","","1","01","N","N","3","","0","0","0","0","0","","0947","0","4","0","0","0","0","0","1","0","4","N","","","","","","","","","","","","03","  ","","",""
"0732","0","0","0","0","0","0","0","0","0","8","0","","36","04","2019","2019038710","3","40.156","-76.5959","0732","08","0","0","0","0","0","0","0","0","","0","0","0","07","1","1","00","0","40 09:21.760","","07","76 35:45.145","4","0","0","0","36407","1","0","0","N","1","0","0","3","36407","1","","1","01","N","Y","0","","0","0","0","3","8","","0732","1","2","0","0","0","0","0","2","1","1","N","","","","","","","","","","","","03","  ","","",""
"1515","0","0","0","0","0","0","0","0","0","4","0","","36","04","2019","2019038779","6","40.0931","-76.4229","1506","08","0","0","0","0","0","1","0","0","","0","0","0","15","1","0","01","0","40 05:35.034","","00","76 25:22.429","0","0","0","0","36239","0","0","0","N","0","0","0","3","36239","0","","1","09","","","2","","0","0","0","3","3","","1500","0","2","0","0","0","0","0","3","0","2","N","","","","","","","","","","","","07","  ","","",""
"1150","1","0","0","0","0","0","0","0","0","4","0","","36","04","2019","2019038871","3","40.0695","-76.3137","1147","08","0","0","0","0","0","0","0","0","","0","0","0","11","1","1","03","0","40 04:10.054","","00","76 18:47.532","3","0","0","0","36101","0","0","0","N","0","0","0","3","36101","0","","1","01","N","N","1","","1","0","0","0","0","","1144","1","2","0","0","0","0","0","3","0","2","N","","","","","","","","","","","","03","  ","","",""
"1619","0","0","0","0","0","0","0","0","0","1","1","","36","04","2019","2019038872","3","40.0832","-76.274","1610","08","0","0","0","0","0","1","0","0","2","0","1","0","16","1","1","00","1","40 04:59.615","2","00","76 16:26.436","4","0","0","0","36101","0","0","0","N","0","0","0","2","36101","1","","1","01","N","N","0","","0","0","1","0","0","N","1609","1","2","0","0","0","0","0","3","0","2","N","","","","","","","","","","","","03","  ","","",""
"1655","1","0","0","0","0","0","0","0","0","1","0","","36","04","2019","2019038873","3","40.072","-76.3276","1633","08","0","0","0","1","0","0","0","0","","0","0","0","16","1","0","00","0","40 04:19.228","","00","76 19:39.281","0","0","0","0","36101","0","0","0","N","0","0","0","2","36101","0","","1","01","N","N","1","","0","0","0","0","0","","1627","0","2","0","0","0","0","0","3","0","2","N","","","","","","","","","","","","03","  ","","",""
"0630","1","0","0","0","0","0","0","0","0","9","0","","36","04","2019","2019038874","6","40.075","-76.2855","0625","08","0","0","0","0","0","0","1","0","","0","0","0","06","5","0","00","0","40 04:30.159","","00","76 17:07.642","0","0","0","0","36101","0","0","0","N","0","0","0","1","36101","0","","1","01","N","N","0","","0","0","0","0","0","","0617","0","1","0","0","0","0","0","3","0","1","N","","","","","","","","","","","","03","  ","","",""
"1312","0","0","0","0","0","0","0","0","0","1","0","","36","04","2019","2019038875","1","40.022","-76.1904","1309","08","0","0","0","1","0","0","0","0","1","0","0","0","13","1","1","00","1","40 01:19.065","3","00","76 11:25.412","2","0","1","1","36215","0","0","0","N","0","0","0","3","36215","0","","1","01","N","N","0","","0","1","1","0","0","N","1307","1","2","0","0","0","0","0","1","0","2","N","","","","","","","","","","","","03","  ","","",""
"1842","1","0","0","0","0","0","0","0","0","4","0","","36","04","2019","2019038876","4","40.0331","-76.2452","1839","08","0","0","0","0","0","0","0","0","1","0","0","0","18","1","1","01","2","40 01:59.084","3","00","76 14:42.829","8","0","0","1","36215","0","0","0","N","0","0","0","4","36215","0","","1","01","N","N","0","","0","0","0","3","2","Y","1837","1","2","0","0","0","1","0","1","0","2","N","","","","","","","","","","","","03","  ","","",""
"2247","2","0","0","0","0","0","0","0","0","4","0","","36","04","2019","2019038995","6","40.1273","-76.5611","2247","08","0","1","0","0","0","0","0","0","2","0","0","0","22","3","1","01","1","40 07:38.239","7","00","76 33:39.968","4","0","0","0","36237","0","0","0","N","0","0","0","2","36505","1","","1","09","N","N","0","","0","0","0","2","3","N","2244","1","2","0","0","1","0","0","1","0","2","N","","","","","","","","","","","","07","  ","","",""
"1728","1","0","0","0","0","0","0","0","0","1","0","","36","04","2019","2019039020","3","40.0633","-76.3405","1723","08","0","0","0","0","0","0","1","0","2","0","0","0","17","1","4","00","1","40 03:48.054","4","00","76 20:25.624","8","0","0","0","36101","0","0","0","N","0","0","0","4","36101","0","","1","01","N","N","1","","0","0","0","0","0","N","1717","4","3","0","0","0","4","0","3","1","3","N","","","","","","","","","","","","03","  ","","",""
"1903","1","0","0","0","0","0","0","0","0","5","0","","36","04","2019","2019039021","6","40.0702","-76.3273","1858","08","0","0","0","0","0","0","0","0","2","0","0","0","18","3","0","00","2","40 04:12.861","3","00","76 19:38.398","0","0","0","0","36101","0","0","0","N","0","0","0","4","36101","0","","1","09","N","N","1","","0","0","0","0","0","N","1855","0","2","0","0","0","0","0","3","0","2","N","","","","","","","","","","","","07","  ","","",""
"1826","0","0","0","0","0","0","0","0","0","1","0","","36","04","2019","2019039022","3","40.0802","-76.3829","1822","08","0","0","0","0","0","1","0","0","1","0","0","0","18","1","1","00","1","40 04:48.824","4","00","76 22:58.384","3","0","0","0","36214","0","0","0","N","0","0","0","4","36214","0","","1","01","N","N","0","","1","0","2","0","0","N","1820","1","2","0","0","0","0","0","3","0","2","N","","","","","","","","","","","","03","  ","","",""
"1503","1","0","0","0","0","0","0","0","0","7","0","","36","04","2019","2019039032","6","40.1634","-76.5553","1502","08","1","0","0","0","0","0","0","0","1","0","0","0","15","1","0","00","1","40 09:48.296","1","01","76 33:19.065","0","0","0","0","36225","0","0","0","Y","0","0","0","1","36505","0","","5","09","N","N","0","","0","0","0","0","0","N","1500","0","1","0","0","0","0","0","2","0","1","N","","","","","","","","","","","","07","  ","","",""
"0821","1","0","0","0","0","0","0","0","0","1","0","","36","04","2019","2019039045","2","39.8943","-76.1702","0818","08","0","0","0","0","0","0","2","0","1","0","0","0","08","1","1","00","1","39 53:39.400","1","07","76 10:12.600","8","0","0","0","36416","0","0","0","N","0","0","0","3","36416","0","","1","01","N","N","0","","0","0","1","0","0","N","0817","1","2","0","0","0","1","0","1","0","2","N","","","","","","","","","","","","03","  ","","",""
"1513","0","0","0","0","0","0","0","0","0","7","0","","36","04","2019","2019039052","2","40.1865","-76.1517","1509","08","0","0","0","0","0","0","0","1","2","0","0","0","15","1","0","00","1","40 11:11.400","4","00","76 09:06.000","0","0","0","0","36218","0","0","0","N","0","0","0","2","36408","0","","4","01","N","N","1","","0","0","0","0","0","Y","1509","0","1","0","0","0","0","0","1","0","1","N","","","","","","","","","","","","03","  ","","",""
"1406","1","0","0","0","0","0","0","0","0","4","1","","36","04","2019","2019039053","6","40.2394","-76.1718","1402","08","0","0","0","0","0","1","0","0","2","0","1","0","14","1","1","00","2","40 14:22.005","6","00","76 10:18.302","8","0","0","0","36236","0","0","0","N","0","0","0","2","36408","0","","1","09","N","N","0","","0","0","0","3","4","Y","1402","1","2","0","0","0","1","0","1","0","2","N","","","","","","","","","","","","07","  ","","",""
"1711","2","0","0","0","0","0","0","0","0","4","0","","36","04","2019","2019039056","6","39.9931","-76.2391","1704","08","0","1","0","0","0","0","1","0","","0","0","0","16","1","0","00","0","39 59:34.980","","00","76 14:20.583","0","0","0","0","36240","0","0","0","N","0","0","0","4","36240","0","","1","09","N","N","0","","0","0","0","0","0","","1658","0","2","0","0","0","0","0","1","0","2","N","","","","","","","","","","","","07","  ","","",""
"1505","0","0","0","0","0","0","0","0","0","4","0","","36","04","2019","2019039083","2","40.033","-76.506","1503","08","0","0","0","0","0","2","0","0","1","0","0","0","15","1","4","01","1","40 01:58.979","3","00","76 30:21.554","4","0","0","0","36404","0","0","0","N","0","0","0","4","36404","1","","1","01","N","N","0","","0","0","2","3","3","N","1501","4","2","0","0","1","3","0","3","0","2","N","","","","","","","","","","","","03","  ","","",""
"0825","2","0","0","0","0","0","0","0","0","1","0","","36","04","2019","2019039140","6","40.1596","-76.6094","0825","08","0","0","0","0","0","0","0","0","","0","0","0","08","1","0","01","0","40 09:34.505","","00","76 36:33.761","0","0","0","0","36407","0","0","0","N","0","0","0","3","36407","0","","1","01","N","N","0","","0","0","0","3","3","","0825","0","2","0","0","0","0","0","2","0","2","N","","","","","","","","","","","","03","  ","","",""
"1813","1","0","0","0","0","0","0","0","0","7","0","","36","04","2019","2019039167","5","40.0067","-76.3638","1805","08","0","0","0","0","0","0","0","0","1","0","0","0","18","1","0","00","1","40 00:24.108","4","00","76 21:49.812","0","0","0","0","36223","0","0","0","N","0","0","0","1","36223","0","","4","01","N","N","0","","0","0","0","0","0","N","1800","0","1","0","0","0","0","0","1","0","1","N","","","","","","","","","","","","03","  ","","",""
"1224","1","0","0","0","0","0","0","0","0","1","0","","36","04","2019","2019039168","6","40.1604","-76.3077","1220","08","0","0","0","0","0","0","0","0","","0","0","0","12","1","0","00","0","40 09:37.284","","00","76 18:27.556","0","0","0","0","36409","0","0","0","N","0","0","0","3","36409","0","","1","01","N","N","0","","0","0","1","3","2","","1218","0","2","0","0","0","0","0","3","0","2","N","","","","","","","","","","","","03","  ","","",""
"0904","1","0","0","0","0","0","0","0","0","1","0","","36","04","2019","2019039226","7","40.0764","-76.3374","0858","08","0","0","0","0","1","1","0","0","","0","0","0","08","1","0","00","0","40 04:34.886","","00","76 20:14.601","0","0","0","0","36101","0","0","0","N","0","0","0","2","36101","0","","1","09","N","N","0","","0","0","1","0","0","","0855","0","2","0","0","0","0","0","3","0","2","N","","","","","","","","","","","","03","  ","","",""
"0855","1","0","0","0","0","0","0","0","0","4","0","","36","02","2019","2019039242","7","40.0394","-76.2933","0850","08","0","0","1","0","0","0","0","0","2","0","0","0","08","1","1","01","1","40 02:21.963","3","00","76 17:35.707","3","0","0","0","36301","0","0","0","N","0","0","0","2","36301","0","","1","01","N","N","0","","1","0","1","3","3","Y","0850","1","2","0","0","0","0","0","3","0","2","N","","","","","","","","","","","","03","  ","","",""
"1521","1","0","0","0","0","0","0","0","0","4","0","","36","04","2019","2019039290","7","39.96","-76.323","1518","08","0","1","0","0","0","0","0","0","","0","0","0","15","1","3","02","0","39 57:35.983","","00","76 19:22.866","2","0","0","0","36228","0","0","0","N","0","0","0","3","36503","0","","1","01","N","N","1","","0","1","0","3","3","","1514","3","2","0","1","1","2","0","1","0","2","N","","","","","","","","","","","","03","  ","","",""
"1441","2","0","0","0","0","0","0","0","0","4","0","","36","04","2019","2019039324","7","40.0232","-76.2794","1436","08","0","0","0","0","0","1","0","0","2","0","0","0","14","1","1","02","1","40 01:23.555","2","00","76 16:45.844","4","0","0","0","36240","0","0","0","N","0","0","0","5","36240","1","","1","01","N","N","0","","0","0","0","0","0","Y","1429","1","2","0","0","0","0","0","1","0","2","N","","","","","","","","","","","","03","  ","","",""
"0653","2","0","0","0","0","0","0","0","0","4","0","","36","04","2019","2019039339","2","40.1298","-76.2166","0649","08","0","0","0","0","0","0","0","0","2","0","0","0","06","5","1","01","1","40 07:47.738","4","02","76 12:59.285","3","0","0","0","36238","0","0","0","N","0","0","0","2","36238","0","","1","01","N","N","0","","1","0","0","3","2","N","0645","1","2","0","0","0","0","0","3","0","2","N","","","","","","","","","","","","03","  ","","",""
"0810","1","0","0","0","0","0","0","0","0","1","1","","36","04","2019","2019039366","2","40.0809","-76.3501","0756","08","0","0","0","0","0","0","0","0","","0","1","0","07","1","0","00","0","40 04:51.388","","00","76 21:00.343","0","0","0","0","36101","0","0","0","N","0","0","0","2","36101","0","","1","01","N","N","0","","0","0","0","0","0","","0753","0","2","0","0","0","0","0","3","0","2","N","","","","","","","","","","","","03","  ","","",""
"1213","2","0","0","0","0","0","0","0","0","1","0","","36","04","2019","2019039367","7","40.0714","-76.2874","1206","08","0","0","0","0","0","0","0","0","","0","0","0","12","1","0","00","0","40 04:16.934","","00","76 17:14.461","0","0","0","0","36101","0","0","0","N","0","0","0","3","36101","0","","1","01","N","N","0","","0","0","0","0","0","","1205","0","3","0","0","0","0","0","3","1","3","N","","","","","","","","","","","","03","  ","","",""
"0301","1","0","0","0","0","0","0","0","0","7","0","","36","04","2019","2019039432","1","40.1638","-76.6088","0300","08","0","0","1","0","0","0","0","0","1","0","0","0","02","3","0","00","1","40 09:49.669","2","00","76 36:31.591","0","0","0","0","36225","0","0","0","N","0","0","0","1","36505","0","","5","01","N","N","0","","0","0","0","0","0","Y","0257","0","1","0","0","0","0","0","2","0","1","N","","","","","","","","","","","","03","  ","","",""
"1924","3","0","0","0","0","0","0","0","0","5","0","","36","04","2019","2019039461","5","40.0478","-76.3009","1922","08","0","0","0","0","0","0","1","0","","0","0","0","19","4","1","03","0","40 02:52.155","","00","76 18:03.250","3","0","0","1","36301","0","0","0","N","0","0","0","2","36301","0","","1","01","N","N","1","","1","0","0","3","3","","1921","1","5","0","0","0","0","0","3","0","5","N","","","","","","","","","","","","03","  ","","",""
"0440","4","0","0","0","0","0","0","0","0","1","0","","36","04","2019","2019039465","1","40.0371","-76.3136","0434","08","0","0","0","0","0","0","0","0","3","0","0","0","04","3","1","00","2","40 02:13.618","3","00","76 18:48.988","4","0","0","0","36301","0","0","0","N","0","0","0","2","36301","1","","6","01","N","N","0","","0","0","0","0","0","Y","0434","1","4","0","0","0","0","0","3","0","4","N","","","","","","","","","","","","03","  ","","",""
"1949","2","0","0","0","0","0","0","0","0","1","0","","36","04","2019","2019039472","7","40.0278","-76.3149","1949","08","0","0","0","0","0","1","0","0","","0","0","0","19","1","0","00","0","40 01:40.200","","00","76 18:53.500","0","0","0","0","36301","0","0","0","N","0","0","0","1","36301","0","","2","01","N","N","0","","0","0","0","0","0","","1949","0","2","0","0","0","0","0","3","0","2","N","","","","","","","","","","","","03","  ","","",""
"0405","2","0","0","0","0","0","0","0","0","4","0","","36","04","2019","2019039478","4","40.0406","-76.3193","0402","08","0","0","0","0","0","0","0","0","","0","0","0","04","3","1","00","0","40 02:25.984","","00","76 19:09.315","3","0","0","0","36301","0","0","0","N","0","0","0","1","36301","0","","6","01","N","N","0","","1","0","0","0","0","","0400","1","2","0","0","0","0","0","3","0","2","N","","","","","","","","","","","","03","  ","","",""
"1931","0","0","0","0","0","0","0","0","0","4","0","","36","04","2019","2019039480","1","40.0361","-76.3075","1931","08","1","0","1","0","0","0","0","0","","0","0","0","19","1","0","01","0","40 02:10.107","","00","76 18:26.883","0","0","0","0","36301","0","0","0","N","0","0","0","2","36301","0","","1","01","N","N","1","","0","0","1","3","2","","1926","0","2","0","0","0","0","0","3","0","2","N","","","","","","","","","","","","03","  ","","",""