"ARRIVAL_TM","AUTOMOBILE_COUNT","BELTED_DEATH_COUNT","BELTED_SUSP_SERIOUS_INJ_COUNT","BICYCLE_COUNT","BICYCLE_DEATH_COUNT","BICYCLE_SUSP_SERIOUS_INJ_COUNT","BUS_COUNT","CHLDPAS_DEATH_COUNT","CHLDPAS_SUSP_SERIOUS_INJ_COUNT","COLLISION_TYPE","COMM_VEH_COUNT","CONS_ZONE_SPD_LIM","COUNTY","CRASH_MONTH","CRASH_YEAR","CRN","DAY_OF_WEEK","DEC_LAT","DEC_LONG","DISPATCH_TM","DISTRICT","DRIVER_COUNT_16YR","DRIVER_COUNT_17YR","DRIVER_COUNT_18YR","DRIVER_COUNT_19YR","DRIVER_COUNT_20YR","DRIVER_COUNT_50_64YR","DRIVER_COUNT_65_74YR","DRIVER_COUNT_75PLUS","EST_HRS_CLOSED","FATAL_COUNT","HEAVY_TRUCK_COUNT","HORSE_BUGGY_COUNT","HOUR_OF_DAY","ILLUMINATION","INJURY_COUNT","INTERSECT_TYPE","LANE_CLOSED","LATITUDE","LN_CLOSE_DIR","LOCATION_TYPE","LONGITUDE","MAX_SEVERITY_LEVEL","MCYCLE_DEATH_COUNT","MCYCLE_SUSP_SERIOUS_INJ_COUNT","MOTORCYCLE_COUNT","MUNICIPALITY","NONMOTR_COUNT","NONMOTR_DEATH_COUNT","NONMOTR_SUSP_SERIOUS_INJ_COUNT","NTFY_HIWY_MAINT","PED_COUNT","PED_DEATH_COUNT","PED_SUSP_SERIOUS_INJ_COUNT","PERSON_COUNT","POLICE_AGCY","POSSIBLE_INJ_COUNT","RDWY_SURF_TYPE_CD","RELATION_TO_ROAD","ROAD_CONDITION","SCH_BUS_IND","SCH_ZONE_IND","SMALL_TRUCK_COUNT","SPEC_JURIS_CD","SUSP_MINOR_INJ_COUNT","SUSP_SERIOUS_INJ_COUNT","SUV_COUNT","TCD_FUNC_CD","TCD_TYPE","TFC_DETOUR_IND","TIME_OF_DAY","TOT_INJ_COUNT","TOTAL_UNITS","UNB_DEATH_COUNT","UNB_SUSP_SERIOUS_INJ_COUNT","UNBELTED_OCC_COUNT","UNK_INJ_DEG_COUNT","UNK_INJ_PER_COUNT","URBAN_RURAL","VAN_COUNT","VEHICLE_COUNT","WORK_ZONE_IND","WORK_ZONE_LOC","WORK_ZONE_TYPE","WORKERS_PRES","WZ_CLOSE_DETOUR","WZ_FLAGGER","WZ_LAW_OFFCR_IND","WZ_LN_CLOSURE","WZ_MOVING","WZ_OTHER","WZ_SHLDER_MDN","ROADWAY_CLEARED","WEATHER1","WEATHER2","WZ_WORKERS_INJ_KILLED","SECONDARY_CRASH","INTERSECTION_RELATED"
"1338","1","0","0","0","0","0","0","0","0","4","0","","36","04","2019","2019039496","7","40.0832","-76.2978","1336","08","0","0","0","0","0","0","0","0","2","0","0","0","13","1","0","01","1","40 04:59.527","5","00","76 17:52.184","0","0","0","0","36101","0","0","0","N","0","0","0","2","36101","0","","1","01","N","N","1","","0","0","0","3","3","N","1334","0","2","0","0","0","0","0","3","0","2","N","","","","","","","","","","","","03","  ","","",""
"0859","2","0","0","0","0","0","0","0","0","1","0","","36","04","2019","2019039497","5","40.0706","-76.3546","0856","08","0","0","0","0","0","0","0","1","2","0","0","0","08","1","1","00","1","40 04:14.306","4","00","76 21:16.690","3","0","0","0","36214","0","0","0","N","0","0","0","3","36214","0","","1","01","N","N","1","","1","0","0","0","0","N","0855","1","3","0","0","0","0","0","3","0","3","N","","","","","","","","","","","","03","  ","","",""
"1627","3","0","0","0","0","0","0","0","0","1","0","","36","04","2019","2019039509","5","40.078","-76.4211","1625","08","0","0","0","0","0","1","0","0","2","0","0","0","16","1","3","00","2","40 04:40.700","5","00","76 25:15.900","8","0","0","0","36239","0","0","0","N","0","0","0","6","36239","0","","1","01","N","N","0","","0","0","1","3","3","Y","1625","3","4","0","0","0","3","0","3","0","4","N","","","","","","","","","","","","03","  ","","",""
"1429","0","0","0","0","0","0","0","0","0","8","0","","36","04","2019","2019039514","4","40.033","-76.3068","1427","08","0","0","0","0","0","0","0","0","1","0","0","0","14","1","1","01","1","40 01:58.843","3","00","76 18:24.625","8","0","0","0","36301","1","0","0","N","1","0","0","2","36301","0","","1","01","N","N","0","","0","0","1","3","2","N","1421","1","2","0","0","0","1","0","3","0","1","N","","","","","","","","","","","","03","  ","","",""
"1539","1","0","0","0","0","0","0","0","0","7","0","","36","04","2019","2019039516","4","40.1832","-76.1918","1536","08","0","0","0","0","0","0","0","0","2","0","0","0","15","1","1","01","1","40 10:59.536","4","00","76 11:30.551","8","0","0","0","36408","0","0","0","N","0","0","0","1","36408","0","","5","01","N","N","0","","0","0","0","3","2","Y","1533","1","1","0","0","0","1","0","2","0","1","N","","","","","","","","","","","","03","  ","","",""
"1050","0","0","0","0","0","0","0","0","0","9","0","","36","04","2019","2019039692","2","40.0394","-76.3982","1028","08","0","0","0","0","0","0","1","0","","0","0","0","10","1","0","00","0","40 02:21.897","","00","76 23:53.496","0","0","0","0","36214","0","0","0","N","0","0","0","1","36214","0","","1","01","N","N","0","","0","0","1","0","0","","1025","0","1","0","0","0","0","0","3","0","1","N","","","","","","","","","","","","03","  ","","",""
"1713","1","0","0","0","0","0","0","0","0","1","1","","36","04","2019","2019039720","2","40.1423","-76.5573","1712","08","0","0","0","0","0","1","0","0","","0","1","0","17","1","1","03","0","40 08:32.411","","00","76 33:26.351","3","0","0","0","36225","0","0","0","N","0","0","0","2","36505","0","","1","01","","","0","","1","0","0","3","3","","1712","1","2","0","0","0","0","0","2","0","2","N","","","","","","","","","","","","03","  ","","",""
"1930","1","0","0","0","0","0","0","0","0","7","0","","36","04","2019","2019039790","6","40.2274","-76.3796","1911","08","0","0","0","0","0","0","0","0","","0","0","0","19","2","2","00","0","40 13:38.482","","00","76 22:46.497","8","0","0","0","36227","0","0","0","N","0","0","0","2","68T06","0","","2","09","N","N","0","","0","0","0","0","0","","1911","2","1","0","0","1","2","0","1","0","1","N","","","","","","","","","","","","07","  ","","",""
"1203","0","0","0","0","0","0","1","0","0","1","1","","36","04","2019","2019039853","5","40.1721","-76.1217","1157","08","0","1","0","0","0","0","0","0","2","0","0","0","11","1","0","00","2","40 10:19.623","2","00","76 07:18.115","0","0","0","0","36218","0","0","0","N","0","0","0","8","36408","0","","1","01","Y","N","1","","0","0","0","0","0","N","1156","0","2","0","0","1","0","0","1","0","2","N","","","","","","","","","","","","03","  ","","",""
"0215","0","0","0","0","0","0","0","0","0","1","0","","36","04","2019","2019039867","1","40.071","-76.2632","0208","08","0","0","0","0","0","1","0","0","","0","0","0","02","2","1","00","0","40 04:15.450","","00","76 15:47.640","3","0","0","0","36101","0","0","0","N","0","0","0","1","36101","0","","1","01","N","N","1","","1","0","0","0","0","","0208","1","2","0","0","0","0","0","3","1","2","N","","","","","","","","","","","","03","  ","","",""
"0731","1","0","0","0","0","0","0","0","0","1","0","","36","04","2019","2019039868","5","40.0922","-76.2629","0723","08","0","0","0","0","0","0","0","0","2","0","0","0","07","5","0","00","1","40 05:32.056","2","00","76 15:46.512","0","0","0","0","36101","0","0","0","N","0","0","0","2","36101","0","","1","01","N","N","0","","0","0","1","0","0","N","0718","0","2","0","0","0","0","0","3","0","2","N","","","","","","","","","","","","03","  ","","",""
"0710","2","0","0","0","0","0","0","0","0","1","0","","36","04","2019","2019039869","5","40.1033","-76.3883","0705","08","0","1","0","0","1","0","0","0","1","0","0","0","07","1","1","02","1","40 06:11.941","1","00","76 23:17.872","4","0","0","0","36214","0","0","0","N","0","0","0","3","36214","1","","1","01","N","N","0","","0","0","0","0","0","N","0700","1","2","0","0","0","0","0","3","0","2","N","","","","","","","","","","","","03","  ","","",""
"1113","1","0","0","0","0","0","0","0","0","7","0","","36","04","2019","2019039870","7","39.9998","-76.4202","1107","08","0","0","0","0","0","0","0","0","3","0","0","0","11","1","0","00","2","39 59:59.154","5","00","76 25:12.555","0","0","0","0","36223","0","0","0","N","0","0","0","1","36223","0","","4","01","N","N","0","","0","0","0","0","0","Y","1105","0","1","0","0","0","0","0","1","0","1","N","","","","","","","","","","","","03","  ","","",""
"0657","1","0","0","0","0","0","0","0","0","7","0","","36","04","2019","2019039871","5","40.0337","-76.4125","0656","08","0","0","0","0","0","0","0","0","2","0","0","0","06","1","1","00","2","40 02:01.390","6","00","76 24:44.890","3","0","0","0","36223","0","0","0","N","0","0","0","1","36223","0","","4","01","N","N","0","","1","0","0","0","0","Y","0654","1","1","0","0","0","0","0","1","0","1","N","","","","","","","","","","","","03","  ","","",""
"1531","2","0","0","0","0","0","0","0","0","4","0","","36","04","2019","2019039895","2","40.0435","-76.298","1529","08","0","0","0","0","0","1","0","0","2","0","0","0","15","1","1","01","1","40 02:36.541","4","00","76 17:52.639","4","0","0","0","36301","0","0","0","N","0","0","0","2","36301","1","","1","01","N","N","0","","0","0","0","3","2","N","1528","1","2","0","0","0","0","0","3","0","2","N","","","","","","","","","","","","03","  ","","",""
"0833","2","0","0","0","0","0","0","0","0","1","0","","36","04","2019","2019039906","4","40.0339","-76.3015","0826","08","0","0","0","0","0","1","0","0","1","0","0","0","08","1","0","00","2","40 02:02.166","3","00","76 18:05.223","0","0","0","0","36301","0","0","0","N","0","0","0","3","36301","0","","1","01","N","N","0","","0","0","1","0","0","Y","0826","0","3","0","0","0","0","0","3","0","3","N","","","","","","","","","","","","03","  ","","",""
"1534","1","0","0","0","0","0","0","0","0","1","0","","36","04","2019","2019040017","4","40.1791","-76.6007","1532","08","0","0","0","0","0","0","0","0","","0","0","0","15","1","0","00","0","40 10:44.875","","00","76 36:02.502","0","0","0","0","36225","0","0","0","N","0","0","0","2","36505","0","","1","01","N","N","0","","0","0","1","3","2","N","1530","0","2","0","0","0","0","0","2","0","2","N","","","","","","","","","","","","03","  ","","",""
"1640","2","0","0","0","0","0","0","0","0","1","0","","36","04","2019","2019040083","2","40.0545","-76.323","1627","08","0","0","0","0","0","1","2","0","2","0","0","0","15","1","1","00","1","40 03:16.337","2","00","76 19:22.689","3","0","0","0","36101","0","0","0","N","0","0","0","3","36101","0","","1","01","N","N","1","","1","0","0","3","2","N","1549","1","3","0","0","0","0","0","3","0","3","N","","","","","","","","","","","","03","  ","","",""
"1516","2","0","0","0","0","0","0","0","0","4","0","","36","04","2019","2019040084","6","40.0403","-76.245","1514","08","0","0","0","0","0","0","0","0","","0","0","0","15","1","2","02","0","40 02:25.231","","00","76 14:41.992","4","0","0","0","36215","0","0","0","N","0","0","0","3","36215","2","","1","09","N","N","0","","0","0","0","0","0","","1510","2","2","0","0","1","0","0","1","0","2","N","","","","","","","","","","","","03","  ","","",""
"2119","1","0","0","0","0","0","0","0","0","4","0","","36","04","2019","2019040085","6","40.0566","-76.215","2114","08","0","1","0","0","0","1","0","0","1","0","0","0","21","3","0","01","1","40 03:23.868","2","00","76 12:53.887","0","0","0","0","36215","0","0","0","N","0","0","0","2","36215","0","","1","09","N","N","0","","0","0","0","3","2","N","2111","0","2","0","0","0","0","0","1","1","2","N","","","","","","","","","","","","07","  ","","",""
"1618","1","0","0","0","0","0","0","0","0","1","1","","36","03","2019","2019040250","3","40.0787","-76.3464","1615","08","0","0","0","0","0","2","0","0","","0","1","0","16","1","1","00","0","40 04:43.395","","00","76 20:46.905","3","0","0","0","36101","0","0","0","N","0","0","0","2","36101","0","","1","01","N","N","0","","1","0","0","3","3","","1612","1","2","0","0","0","0","0","3","0","2","N","","","","","","","","","","","","03","  ","","",""
"1544","1","0","0","0","0","0","0","0","0","4","0","","36","04","2019","2019040251","3","40.0809","-76.2969","1440","08","0","0","0","0","0","0","1","1","","0","0","0","14","1","0","01","0","40 04:51.301","","00","76 17:48.771","0","0","0","0","36101","0","0","0","N","0","0","0","2","36101","0","","1","01","N","N","0","","0","0","1","3","3","","1435","0","2","0","0","0","0","0","3","0","2","N","","","","","","","","","","","","03","  ","","",""
"1530","1","0","0","0","0","0","0","0","0","1","0","","36","04","2019","2019040252","3","40.0383","-76.3393","1524","08","0","0","0","0","0","1","0","0","2","0","0","0","15","1","1","00","2","40 02:17.929","3","00","76 20:21.643","4","0","0","0","36220","0","0","0","N","0","0","0","2","36101","1","","1","01","N","N","0","","0","0","1","0","0","Y","1522","1","2","0","0","0","0","0","3","0","2","N","","","","","","","","","","","","03","  ","","",""
"1626","2","0","0","0","0","0","0","0","0","4","0","","36","03","2019","2019040253","1","40.1454","-76.1169","1623","08","0","0","0","0","0","1","0","0","","0","0","0","16","1","0","01","0","40 08:43.478","","00","76 07:00.846","0","0","0","0","36209","0","0","0","N","0","0","0","2","36415","0","","1","01","N","N","0","","0","0","0","9","2","","1621","0","2","0","0","0","0","0","1","0","2","N","","","","","","","","","","","","03","  ","","",""
"1647","1","0","0","1","0","0","0","0","0","4","0","","36","04","2019","2019040254","2","40.1292","-76.0717","1640","08","0","0","0","0","0","1","0","0","","0","0","0","16","1","1","00","0","40 07:45.200","","07","76 04:18.100","8","0","0","0","36209","1","0","0","N","0","0","0","2","36415","0","","1","01","N","N","0","","0","0","0","0","0","","1635","1","2","0","0","0","1","0","1","0","1","N","","","","","","","","","","","","03","  ","","",""
"1016","1","0","0","0","0","0","0","0","0","1","0","","36","04","2019","2019040255","3","40.1253","-76.0692","1011","08","0","0","0","0","0","0","0","0","1","0","0","0","10","1","1","02","1","40 07:31.197","4","00","76 04:09.057","3","0","0","0","36209","0","0","0","N","0","0","0","2","36415","0","","1","01","N","N","0","","1","0","1","0","0","Y","1010","1","2","0","0","0","0","0","1","0","2","N","","","","","","","","","","","","03","  ","","",""
"0145","0","0","0","0","0","0","0","0","0","1","0","","36","04","2019","2019040256","7","40.0993","-76.0956","0144","08","0","0","0","0","0","0","0","0","","0","0","0","01","6","0","00","0","40 05:57.460","","00","76 05:44.020","0","0","0","0","36415","1","0","0","N","0","0","0","2","36415","0","","6","09","N","N","1","","0","0","1","0","0","","0141","0","2","0","0","0","0","0","1","0","2","N","","","","","","","","","","","","03","  ","","",""
"1320","2","0","0","0","0","0","0","0","0","1","0","","36","04","2019","2019040257","7","40.0956","-76.1092","1315","08","0","1","0","0","0","1","0","0","","0","0","0","13","1","0","00","0","40 05:44.104","","00","76 06:33.244","0","0","0","0","36209","0","0","0","N","0","0","0","10","36415","0","","1","01","N","N","0","","0","0","1","0","0","","1313","0","3","0","0","0","0","0","1","0","3","N","","","","","","","","","","","","03","  ","","",""
"0705","2","0","0","0","0","0","0","0","0","1","0","","36","04","2019","2019040258","3","40.0941","-76.1134","0656","08","0","0","0","0","0","3","0","0","2","0","0","0","06","1","1","00","2","40 05:38.866","3","00","76 06:48.376","3","0","0","0","36209","0","0","0","N","0","0","0","3","36415","0","","1","01","N","N","0","","1","0","1","3","2","N","0655","1","3","0","0","0","0","0","1","0","3","N","","","","","","","","","","","","03","  ","","",""
"1802","1","0","0","0","0","0","0","0","0","7","0","","36","04","2019","2019040259","3","40.1085","-76.0702","1802","08","1","0","0","0","0","0","0","0","1","0","0","0","18","1","0","01","1","40 06:30.660","2","00","76 04:12.804","0","0","0","0","36415","0","0","0","N","0","0","0","1","36415","0","","5","01","N","N","0","","0","0","0","3","2","N","1802","0","1","0","0","0","0","0","1","0","1","N","","","","","","","","","","","","03","  ","","",""
"1423","2","0","0","0","0","0","0","0","0","4","0","","36","04","2019","2019040297","5","40.1624","-76.5318","1416","08","0","0","0","0","0","1","0","0","","0","0","0","14","1","0","01","0","40 09:44.624","","00","76 31:54.533","0","0","0","0","36225","0","0","0","N","0","0","0","2","36505","0","","1","01","N","N","0","","0","0","0","3","3","","1415","0","2","0","0","0","0","0","2","0","2","N","","","","","","","","","","","","03","  ","","",""
"0924","0","0","0","0","0","0","0","0","0","9","0","","36","04","2019","2019040406","7","40.0761","-76.337","0915","08","0","0","0","0","0","0","0","0","","0","0","0","09","1","1","00","0","40 04:34.022","","03","76 20:13.289","3","0","0","0","36101","0","0","0","N","0","0","0","2","36101","0","","1","01","N","N","0","","1","0","1","0","0","","0911","1","1","0","0","0","0","0","3","0","1","N","","","","","","","","","","","","03","  ","","",""
"1541","2","0","0","0","0","0","0","0","0","4","0","","36","04","2019","2019040407","1","40.064","-76.3067","1538","08","0","0","0","0","0","0","0","0","","0","0","0","15","1","0","02","0","40 03:50.229","","00","76 18:24.189","0","0","0","0","36101","0","0","0","N","0","0","0","2","36101","0","","1","01","N","N","0","","0","0","0","3","3","","1536","0","2","0","0","0","0","0","3","0","2","N","","","","","","","","","","","","03","  ","","",""
"1448","1","0","0","0","0","0","0","0","0","1","0","","36","04","2019","2019040408","3","40.0373","-76.4082","1444","08","0","0","0","0","0","0","1","1","1","0","0","0","14","1","2","01","2","40 02:14.323","5","00","76 24:29.659","4","0","0","0","36223","0","0","0","N","0","0","0","3","36214","2","","1","01","N","N","0","","0","0","1","3","2","N","1440","2","2","0","0","0","0","0","1","0","2","N","","","","","","","","","","","","03","  ","","",""
"1551","1","0","0","0","0","0","0","0","0","1","0","","36","04","2019","2019040409","6","40.0611","-76.3544","1528","08","0","0","0","0","0","0","1","0","","0","0","0","15","1","2","00","0","40 03:40.008","","00","76 21:15.802","4","0","0","0","36214","0","0","0","N","0","0","0","3","36214","2","","1","09","N","N","0","","0","0","0","0","0","","1515","2","2","0","0","0","0","0","3","1","2","N","","","","","","","","","","","","03","  ","","",""
"0746","0","0","0","0","0","0","0","0","0","1","1","","36","04","2019","2019040414","4","40.2093","-76.2267","0737","08","0","0","0","0","0","0","1","0","2","0","1","0","07","1","1","02","1","40 12:33.401","6","00","76 13:36.284","8","0","0","0","36204","0","0","0","N","0","0","0","2","36506","0","","1","01","N","N","1","","0","0","0","0","0","N","0737","1","2","0","0","0","1","0","1","0","2","N","","","","","","","","","","","","03","  ","","",""
"1457","1","0","0","0","0","0","0","0","0","1","1","","36","04","2019","2019040421","3","40.0157","-76.3496","1454","08","0","0","0","0","0","0","0","0","2","0","1","0","14","1","0","01","1","40 00:56.470","1","00","76 20:58.524","0","0","0","0","36412","0","0","0","N","0","0","0","2","36412","0","","1","01","N","N","0","","0","0","0","3","2","N","1454","0","2","0","0","0","0","0","3","0","2","N","","","","","","","","","","","","03","  ","","",""
"2020","1","0","0","0","0","0","0","0","0","1","0","","36","04","2019","2019040517","4","40.0978","-76.5156","2014","08","0","0","0","0","0","0","0","1","","0","0","0","20","3","0","10","0","40 05:52.065","","00","76 30:56.259","0","0","0","0","36211","0","0","0","N","0","0","0","2","36504","0","","1","01","N","N","0","","0","0","1","0","0","","2009","0","2","0","0","0","0","0","1","0","2","N","","","","","","","","","","","","03","  ","","",""
"1947","1","0","0","0","0","0","0","0","0","2","0","","36","04","2019","2019040525","2","40.0157","-76.3496","1944","08","0","0","0","0","0","0","1","0","3","0","0","0","19","3","2","01","2","40 00:56.470","5","00","76 20:58.524","2","0","1","1","36412","0","0","0","N","0","0","0","3","36412","0","","1","01","N","N","0","","1","1","0","3","2","Y","1940","2","3","0","0","0","0","0","3","0","2","N","","","","","","","","","","","","03","  ","","",""
"2130","1","0","0","0","0","0","0","0","0","4","0","","36","04","2019","2019040537","7","40.0668","-76.6001","2123","08","0","0","0","0","1","0","0","0","3","0","0","0","21","2","3","01","2","40 04:00.304","5","00","76 36:00.485","3","0","0","0","36211","0","0","0","N","0","0","0","4","36504","0","","1","01","N","N","0","","3","0","0","3","3","Y","2123","3","2","0","0","0","0","0","1","1","2","N","","","","","","","","","","","","03","  ","","",""
"2345","1","0","0","0","0","0","0","0","0","7","0","","36","03","2019","2019040569","5","40.0914","-76.5922","2337","08","0","0","0","0","0","0","0","0","","0","0","0","23","3","0","00","0","40 05:29.172","","00","76 35:31.953","0","0","0","0","36211","0","0","0","N","0","0","0","1","36504","0","","4","01","N","N","0","","0","0","0","0","0","","2337","0","1","0","0","0","0","0","1","0","1","N","","","","","","","","","","","","03","  ","","",""
"1406","1","0","0","0","0","0","0","0","0","1","0","","36","04","2019","2019040578","4","40.0531","-76.3919","1359","08","0","0","0","0","0","0","0","1","","0","0","0","13","1","0","06","0","40 03:11.802","","02","76 23:21.449","0","0","0","0","36214","0","0","0","N","0","0","0","2","36214","0","","7","01","N","N","0","","0","0","1","3","4","","1359","0","2","0","0","0","0","0","3","0","2","N","","","","","","","","","","","","03","  ","","",""
"1337","2","0","0","0","0","0","0","0","0","4","0","","36","04","2019","2019040579","5","40.0224","-76.3616","1336","08","0","0","0","0","0","0","1","0","1","0","0","0","13","1","0","01","1","40 01:20.679","2","00","76 21:41.606","0","0","0","0","36223","0","0","0","N","0","0","0","3","36223","0","","1","01","N","N","0","","0","0","0","3","2","N","1335","0","2","0","0","0","0","0","1","0","2","N","","","","","","","","","","","","03","  ","","",""
"1928","0","0","0","0","0","0","0","0","0","7","0","","36","04","2019","2019040683","6","40.2241","-76.0975","1914","08","0","0","0","0","0","0","0","0","","0","0","0","19","2","1","00","0","40 13:26.798","","00","76 05:50.959","3","0","0","0","36210","0","0","0","N","0","0","0","1","68T06","0","","4","09","N","N","0","","1","0","1","0","0","","1914","1","1","0","0","0","0","0","1","0","1","N","","","","","","","","","","","","07","  ","","",""
"0832","1","0","0","0","0","0","0","0","0","4","0","","36","04","2019","2019040759","4","40.035","-76.3115","0824","08","0","0","1","0","0","0","1","0","","0","0","0","08","1","0","00","0","40 02:05.862","","07","76 18:41.356","0","0","0","0","36301","0","0","0","N","0","0","0","2","36301","0","","1","01","N","N","0","","0","0","1","0","0","","0802","0","2","0","0","0","0","0","3","0","2","N","","","","","","","","","","","","03","  ","","",""
"1655","2","0","0","0","0","0","0","0","0","4","0","","36","04","2019","2019040770","4","40.0535","-76.3098","1654","08","0","0","0","0","0","1","0","0","2","0","0","0","16","1","0","02","1","40 03:12.400","3","00","76 18:34.788","0","0","0","0","36101","0","0","0","N","0","0","0","2","36101","0","","1","01","N","N","0","","0","0","0","0","0","N","1630","0","2","0","0","0","0","0","3","0","2","N","","","","","","","","","","","","03","  ","","",""
"1207","0","0","0","0","0","0","0","0","0","1","2","","36","04","2019","2019040771","2","40.0202","-76.1813","1202","08","0","0","0","0","0","1","0","0","1","0","2","0","11","1","1","00","1","40 01:12.707","4","00","76 10:52.789","3","0","0","0","36215","0","0","0","N","0","0","0","2","36215","0","","1","01","N","N","0","","1","0","0","0","0","N","1159","1","2","0","0","0","0","0","1","0","2","N","","","","","","","","","","","","03","  ","","",""
"1840","1","0","0","0","0","0","1","0","0","5","0","","36","04","2019","2019040824","5","40.0964","-76.0563","1831","08","0","0","0","0","0","0","1","1","2","0","0","0","18","1","0","00","1","40 05:47.144","2","00","76 03:22.731","0","0","0","0","36213","0","0","0","N","0","0","0","3","36213","0","","1","01","N","N","0","","0","0","0","0","0","N","1829","0","2","0","0","0","0","0","1","0","2","N","","","","","","","","","","","","03","  ","","",""
"2355","1","0","0","0","0","0","0","0","0","4","0","","36","04","2019","2019040854","4","40.1266","-76.3051","2355","08","0","0","0","0","0","1","0","0","2","0","0","0","23","3","0","01","1","40 07:35.600","7","00","76 18:18.296","0","0","0","0","36235","0","0","0","N","0","0","0","2","36506","0","","1","01","Y","N","1","","0","0","0","3","2","Y","2355","0","2","0","0","0","0","0","1","0","2","N","","","","","","","","","","","","03","  ","","",""
"2255","2","0","0","0","0","0","0","0","0","4","0","","36","04","2019","2019040865","4","40.0377","-76.3085","2252","08","0","0","0","0","0","1","0","0","","0","0","0","22","3","1","01","0","40 02:15.572","","00","76 18:30.512","3","0","0","0","36301","0","0","0","N","0","0","0","2","36301","0","","1","01","N","N","0","","1","0","0","3","2","","2251","1","2","0","0","0","0","0","3","0","2","N","","","","","","","","","","","","03","  ","","",""
"2311","1","0","0","0","0","0","0","0","0","5","1","","36","04","2019","2019040867","1","40.1632","-76.5818","2304","08","0","0","0","0","0","1","0","0","","0","1","0","23","2","0","00","0","40 09:47.472","","00","76 34:54.521","0","0","0","0","36225","0","0","0","N","0","0","0","1","36505","0","","2","01","N","N","0","","0","0","0","0","0","","2302","0","2","0","0","0","0","0","2","0","2","N","","","","","","","","","","","","03","  ","","",""
"0751","2","0","0","0","0","0","0","0","0","1","0","","36","04","2019","2019040908","4","40.038","-76.5112","0747","08","0","0","0","0","0","1","0","0","","0","0","0","07","1","0","06","0","40 02:17.546","","01","76 30:35.885","0","0","0","0","36404","0","0","0","N","0","0","0","2","36404","0","","1","01","N","N","0","","0","0","0","0","0","","0744","0","2","0","0","0","0","0","3","0","2","N","","","","","","","","","","","","03","  ","","",""
"0650","1","0","0","0","0","0","0","0","0","4","0","","36","04","2019","2019041003","5","40.1603","-76.6414","0645","08","0","0","0","0","0","0","0","0","1","0","0","0","06","1","1","00","1","40 09:36.900","2","07","76 38:29.100","3","0","0","0","36237","0","0","0","N","0","0","0","2","36505","0","","1","01","N","N","0","","1","0","1","3","3","N","0645","1","2","0","0","0","0","0","1","0","2","N","","","","","","","","","","","","03","  ","","",""
"0117","1","0","0","0","0","0","0","0","0","4","1","","36","04","2019","2019041034","6","40.0703","-76.3013","0114","08","0","0","0","0","0","1","0","0","1","0","1","0","01","2","0","01","2","40 04:12.969","4","00","76 18:04.751","0","0","0","0","36101","0","0","0","N","0","0","0","2","36101","0","","1","01","N","N","0","","0","0","0","3","2","N","0112","0","2","0","0","0","0","0","3","0","2","N","","","","","","","","","","","","03","  ","","",""
"1605","2","0","0","0","0","0","0","0","0","1","0","","36","04","2019","2019041090","6","40.0027","-76.3563","1603","08","0","0","0","0","0","0","0","0","","0","0","0","16","1","1","01","0","40 00:09.820","","00","76 21:22.613","8","0","0","0","36412","0","0","0","N","0","0","0","2","36412","0","","1","09","N","N","0","","0","0","0","3","2","","1603","1","2","0","0","0","1","0","3","0","2","N","","","","","","","","","","","","07","  ","","",""
"1532","0","0","0","0","0","0","0","0","0","1","0","","36","04","2019","2019041095","5","40.1694","-76.6053","1527","08","0","0","0","0","0","2","0","0","","0","0","0","15","1","0","00","0","40 10:09.665","","00","76 36:19.112","0","0","0","0","36225","0","0","0","N","0","0","0","2","36505","0","","1","01","","","1","","0","0","1","3","1","","1525","0","2","0","0","0","0","0","2","0","2","N","","","","","","","","","","","","03","  ","","",""
"1726","1","0","0","0","0","0","0","0","0","4","0","","36","04","2019","2019041133","3","40.0687","-76.4115","1718","08","0","0","0","0","0","1","0","0","2","0","0","0","17","1","0","00","1","40 04:07.235","4","00","76 24:41.435","0","0","0","0","36214","0","0","0","N","0","0","0","2","36214","0","","1","01","N","N","0","","0","0","1","0","0","N","1717","0","2","0","0","0","0","0","3","0","2","N","","","","","","","","","","","","03","  ","","",""
"0835","1","0","0","0","0","0","0","0","0","1","0","","36","04","2019","2019041146","3","40.149","-76.5629","0826","08","0","0","0","0","0","0","1","0","","0","0","0","08","1","1","00","0","40 08:56.224","","00","76 33:46.370","4","0","0","0","36225","0","0","0","N","0","0","0","3","36505","1","","1","01","N","N","0","","0","0","1","0","0","","0821","1","2","0","0","0","0","0","2","0","2","N","","","","","","","","","","","","03","  ","","",""
"1159","1","0","0","0","0","0","0","0","0","4","0","","36","04","2019","2019041157","6","40.1457","-76.5538","1154","08","0","0","0","0","1","0","1","0","1","0","0","0","11","1","0","02","2","40 08:44.735","5","00","76 33:13.582","0","0","0","0","36225","0","0","0","N","0","0","0","5","36505","0","","1","01","N","N","0","","0","0","1","3","3","N","1151","0","2","0","0","0","0","0","2","0","2","N","","","","","","","","","","","","03","  ","","",""
"0844","0","0","0","0","0","0","0","0","0","4","0","","36","04","2019","2019041162","7","40.0374","-76.3105","0841","08","0","0","0","0","0","0","1","0","","0","0","0","08","1","1","01","0","40 02:14.783","","00","76 18:37.926","8","0","0","0","36301","0","0","0","N","0","0","0","2","36301","0","","1","09","N","N","0","","0","0","2","3","2","","0839","1","2","0","0","0","1","0","3","0","2","N","","","","","","","","","","","","07","  ","","",""