"ARRIVAL_TM","AUTOMOBILE_COUNT","BELTED_DEATH_COUNT","BELTED_SUSP_SERIOUS_INJ_COUNT","BICYCLE_COUNT","BICYCLE_DEATH_COUNT","BICYCLE_SUSP_SERIOUS_INJ_COUNT","BUS_COUNT","CHLDPAS_DEATH_COUNT","CHLDPAS_SUSP_SERIOUS_INJ_COUNT","COLLISION_TYPE","COMM_VEH_COUNT","CONS_ZONE_SPD_LIM","COUNTY","CRASH_MONTH","CRASH_YEAR","CRN","DAY_OF_WEEK","DEC_LAT","DEC_LONG","DISPATCH_TM","DISTRICT","DRIVER_COUNT_16YR","DRIVER_COUNT_17YR","DRIVER_COUNT_18YR","DRIVER_COUNT_19YR","DRIVER_COUNT_20YR","DRIVER_COUNT_50_64YR","DRIVER_COUNT_65_74YR","DRIVER_COUNT_75PLUS","EST_HRS_CLOSED","FATAL_COUNT","HEAVY_TRUCK_COUNT","HORSE_BUGGY_COUNT","HOUR_OF_DAY","ILLUMINATION","INJURY_COUNT","INTERSECT_TYPE","LANE_CLOSED","LATITUDE","LN_CLOSE_DIR","LOCATION_TYPE","LONGITUDE","MAX_SEVERITY_LEVEL","MCYCLE_DEATH_COUNT","MCYCLE_SUSP_SERIOUS_INJ_COUNT","MOTORCYCLE_COUNT","MUNICIPALITY","NONMOTR_COUNT","NONMOTR_DEATH_COUNT","NONMOTR_SUSP_SERIOUS_INJ_COUNT","NTFY_HIWY_MAINT","PED_COUNT","PED_DEATH_COUNT","PED_SUSP_SERIOUS_INJ_COUNT","PERSON_COUNT","POLICE_AGCY","POSSIBLE_INJ_COUNT","RDWY_SURF_TYPE_CD","RELATION_TO_ROAD","ROAD_CONDITION","SCH_BUS_IND","SCH_ZONE_IND","SMALL_TRUCK_COUNT","SPEC_JURIS_CD","SUSP_MINOR_INJ_COUNT","SUSP_SERIOUS_INJ_COUNT","SUV_COUNT","TCD_FUNC_CD","TCD_TYPE","TFC_DETOUR_IND","TIME_OF_DAY","TOT_INJ_COUNT","TOTAL_UNITS","UNB_DEATH_COUNT","UNB_SUSP_SERIOUS_INJ_COUNT","UNBELTED_OCC_COUNT","UNK_INJ_DEG_COUNT","UNK_INJ_PER_COUNT","URBAN_RURAL","VAN_COUNT","VEHICLE_COUNT","WORK_ZONE_IND","WORK_ZONE_LOC","WORK_ZONE_TYPE","WORKERS_PRES","WZ_CLOSE_DETOUR","WZ_FLAGGER","WZ_LAW_OFFCR_IND","WZ_LN_CLOSURE","WZ_MOVING","WZ_OTHER","WZ_SHLDER_MDN","ROADWAY_CLEARED","WEATHER1","WEATHER2","WZ_WORKERS_INJ_KILLED","SECONDARY_CRASH","INTERSECTION_RELATED"
"1437","2","0","0","0","0","0","0","0","0","4","0","","36","04","2019","2019041226","5","40.1251","-76.0519","1432","08","0","0","0","0","0","0","0","2","1","0","0","0","14","1","0","00","1","40 07:30.464","3","00","76 03:06.820","0","0","0","0","36213","0","0","0","N","0","0","0","4","36213","0","","1","01","N","N","0","","0","0","0","0","0","N","1430","0","2","0","0","1","0","0","1","0","2","N","","","","","","","","","","","","03","  ","","",""
"1401","1","0","0","0","0","0","0","0","0","7","0","","36","04","2019","2019041233","6","40.013","-76.2629","1356","08","0","0","0","0","0","0","0","0","","0","0","0","13","1","0","00","0","40 00:46.800","","00","76 15:46.300","0","0","0","0","36240","0","0","0","N","0","0","0","1","36240","0","","5","09","N","N","0","","0","0","0","0","0","","1349","0","1","0","0","0","0","0","1","0","1","N","","","","","","","","","","","","07","  ","","",""
"1116","1","0","0","0","0","0","0","0","0","8","0","","36","04","2019","2019041239","5","40.1379","-76.5844","1110","08","0","0","0","0","0","1","0","0","","0","0","0","11","1","1","00","0","40 08:16.406","","00","76 35:03.890","8","0","0","0","36225","1","0","0","N","1","0","0","2","36505","0","","1","01","N","N","0","","0","0","0","0","0","","1105","1","2","0","0","0","1","0","2","0","1","N","","","","","","","","","","","","03","  ","","",""
"2319","1","0","0","0","0","0","0","0","0","7","0","","36","04","2019","2019041257","6","40.2078","-76.1188","2316","08","0","0","0","0","0","0","0","0","1","0","0","0","23","3","0","02","1","40 12:28.015","4","00","76 07:07.688","0","0","0","0","36210","0","0","0","N","0","0","0","1","36210","0","","5","09","N","N","0","","0","0","0","0","0","N","2316","0","1","0","0","0","0","0","1","0","1","N","","","","","","","","","","","","03","  ","","",""
"2312","1","0","0","1","0","0","0","0","0","4","0","","36","04","2019","2019041310","7","40.0412","-76.2896","2310","08","0","0","0","0","0","1","0","0","1","0","0","0","23","3","1","02","1","40 02:28.418","4","00","76 17:22.609","3","0","0","0","36301","1","0","0","N","0","0","0","2","36301","0","","1","01","N","N","0","","1","0","0","0","0","N","2310","1","2","0","0","0","0","0","3","0","1","N","","","","","","","","","","","","03","  ","","",""
"1634","1","0","0","0","0","0","0","0","0","0","0","","36","04","2019","2019041335","6","40.0542","-76.2864","1629","08","0","0","0","0","0","0","0","0","1","0","0","0","16","1","0","00","1","40 03:14.985","4","00","76 17:10.984","0","0","0","0","36101","0","0","0","N","0","0","0","1","36101","0","","1","09","N","N","0","","0","0","0","0","0","N","1627","0","1","0","0","0","0","0","3","0","1","N","","","","","","","","","","","","07","  ","","",""
"1909","2","0","0","0","0","0","0","0","0","4","0","","36","04","2019","2019041336","7","40.0379","-76.2745","1855","08","0","0","0","0","0","1","0","1","2","0","0","0","18","1","0","02","1","40 02:16.839","4","00","76 16:28.341","0","0","0","0","36220","0","0","0","N","0","0","0","5","36101","0","","1","01","N","N","0","","0","0","0","3","2","N","1851","0","2","0","0","0","0","0","3","0","2","N","","","","","","","","","","","","03","  ","","",""
"1454","0","0","0","0","0","0","0","0","0","4","0","","36","04","2019","2019041350","7","40.0508","-76.4575","1452","08","0","0","0","0","0","0","0","0","2","0","0","0","14","1","1","02","2","40 03:02.964","7","00","76 27:26.839","3","0","0","0","36239","0","0","0","N","0","0","0","3","36239","0","","1","01","N","N","2","","1","0","0","3","3","Y","1449","1","2","0","0","0","0","0","3","0","2","N","","","","","","","","","","","","03","  ","","",""
"1147","2","0","0","0","0","0","0","0","0","4","0","","36","04","2019","2019041362","7","40.043","-76.2879","1145","08","0","0","0","0","0","0","0","0","","0","0","0","11","1","1","01","0","40 02:34.960","","00","76 17:16.322","8","0","0","0","36301","0","0","0","N","0","0","0","3","36301","0","","1","01","N","N","0","","0","0","0","2","2","","1142","1","2","0","0","0","1","0","3","0","2","N","","","","","","","","","","","","03","  ","","",""
"1406","0","0","0","0","0","0","0","0","0","2","0","","36","04","2019","2019041367","3","40.1505","-76.2971","1403","08","0","0","0","0","0","0","1","0","2","0","0","0","14","1","0","01","2","40 09:01.789","4","00","76 17:49.635","0","0","0","0","36409","0","0","0","N","0","0","0","3","36409","0","","1","01","N","N","0","","0","0","1","3","3","Y","1402","0","2","0","0","0","0","0","3","1","2","N","","","","","","","","","","","","03","  ","","",""
"1757","2","0","0","0","0","0","0","0","0","4","0","","36","04","2019","2019041395","3","40.0364","-76.3003","1757","08","0","0","0","0","0","0","1","0","2","0","0","0","17","1","2","01","1","40 02:11.065","2","00","76 18:01.188","4","0","0","0","36301","0","0","0","Y","0","0","0","3","36301","2","","1","01","N","N","0","","0","0","0","3","3","Y","1757","2","2","0","0","0","0","0","3","0","2","N","","","","","","","","","","","","03","  ","","",""
"1358","1","0","0","0","0","0","0","0","0","1","0","","36","04","2019","2019041471","6","40.0615","-76.2788","1355","08","0","0","0","0","1","0","0","0","","0","0","0","13","1","1","00","0","40 03:41.469","","00","76 16:43.856","3","0","0","0","36101","0","0","0","N","0","0","0","2","36101","0","","1","09","N","N","0","","1","0","1","0","0","","1353","1","2","0","0","0","0","0","3","0","2","N","","","","","","","","","","","","07","  ","","",""
"1437","0","0","0","0","0","0","0","0","0","1","0","","36","04","2019","2019041472","7","40.0705","-76.3176","1431","08","0","0","0","0","0","0","0","0","","0","0","0","14","1","0","00","0","40 04:13.955","","00","76 19:03.798","0","0","0","0","36101","0","0","0","N","0","0","0","4","36101","0","","1","01","N","N","1","","0","0","1","0","0","","1402","0","2","0","0","0","0","0","3","0","2","N","","","","","","","","","","","","03","  ","","",""
"1438","1","0","0","0","0","0","0","0","0","1","0","","36","04","2019","2019041473","7","40.0708","-76.3196","1432","08","0","0","0","0","0","1","0","0","","0","0","0","14","1","0","00","0","40 04:15.021","","00","76 19:10.559","0","0","0","0","36101","0","0","0","N","0","0","0","6","36101","0","","1","01","N","N","0","","0","0","2","0","0","","1408","0","3","0","0","0","0","0","3","0","3","N","","","","","","","","","","","","03","  ","","",""
"0633","1","0","0","0","0","0","0","0","0","4","0","","36","04","2019","2019041474","7","40.0945","-76.4079","0629","08","0","0","0","0","0","0","0","0","2","0","0","0","06","5","0","00","2","40 05:40.023","4","00","76 24:28.614","0","0","0","0","36214","0","0","0","N","0","0","0","1","36214","0","","1","09","N","N","0","","0","0","1","0","0","N","0623","0","2","0","0","0","0","0","3","0","2","N","","","","","","","","","","","","03","  ","","",""
"0515","1","0","0","0","0","0","0","0","0","1","0","","36","04","2019","2019041475","1","40.1077","-76.3546","0512","08","0","0","0","0","0","1","0","0","","0","0","0","04","2","1","00","0","40 06:27.717","","00","76 21:16.654","3","0","0","1","36214","0","0","0","N","0","0","0","2","36214","0","","1","01","N","N","0","","1","0","0","0","0","","0447","1","2","0","0","0","0","1","3","0","2","N","","","","","","","","","","","","03","  ","","",""
"2034","0","0","0","0","0","0","0","0","0","0","0","","36","04","2019","2019041540","1","40.0421","-76.3134","2028","08","0","0","0","0","0","0","0","0","","0","0","0","20","3","1","01","0","40 02:31.437","","00","76 18:48.380","3","0","0","1","36301","0","0","0","N","0","0","0","2","36301","0","","1","01","N","N","0","","1","0","0","3","2","","2028","1","1","0","0","0","0","0","3","0","1","N","","","","","","","","","","","","03","  ","","",""
"1950","1","0","0","0","0","0","0","0","0","4","0","","36","04","2019","2019041543","1","40.0977","-76.057","1945","08","0","0","1","0","0","0","1","0","1","0","0","0","19","1","0","02","1","40 05:51.543","2","00","76 03:25.300","0","0","0","0","36213","0","0","0","N","0","0","0","2","36213","0","","1","01","N","N","0","","0","0","1","0","0","N","1943","0","2","0","0","0","0","0","1","0","2","N","","","","","","","","","","","","03","  ","","",""
"2212","1","0","0","0","0","0","0","0","0","5","0","","36","04","2019","2019041557","1","40.1358","-76.5663","2211","08","0","0","1","0","0","0","0","0","3","0","0","0","22","3","0","00","2","40 08:08.700","5","00","76 33:58.500","0","0","0","0","36225","0","0","0","N","0","0","0","1","36505","0","","6","01","","","0","","0","0","1","0","0","Y","2210","0","2","0","0","0","0","0","2","0","2","N","","","","","","","","","","","","03","  ","","",""
"2330","1","0","0","0","0","0","0","0","0","9","0","","36","04","2019","2019041559","1","40.1502","-76.565","2323","08","0","0","0","0","0","0","0","0","","0","0","0","23","2","0","00","0","40 09:00.765","","00","76 33:53.955","0","0","0","0","36225","0","0","0","N","0","0","0","1","36505","0","","1","01","N","N","0","","0","0","0","0","0","","2317","0","1","0","0","0","0","0","2","0","1","N","","","","","","","","","","","","03","  ","","",""
"2144","0","0","0","0","0","0","0","0","0","7","0","","36","04","2019","2019041564","1","40.2168","-76.1606","2135","08","0","0","0","0","0","0","0","0","","0","0","0","21","2","0","00","0","40 13:00.600","","00","76 09:38.200","0","0","0","0","36236","0","0","0","N","0","0","0","3","36408","0","","4","01","N","N","0","","0","0","1","0","0","","2133","0","1","0","0","0","0","0","1","0","1","N","","","","","","","","","","","","03","  ","","",""
"0544","1","0","0","0","0","0","0","0","0","7","0","","36","04","2019","2019041573","2","40.2187","-76.4702","0530","08","0","0","0","0","1","0","0","0","","0","0","0","05","2","0","00","0","40 13:07.374","","00","76 28:12.605","0","0","0","0","36225","0","0","0","N","0","0","0","1","36505","0","","2","01","N","N","0","","0","0","0","0","0","","0528","0","1","0","0","0","0","0","2","0","1","N","","","","","","","","","","","","03","  ","","",""
"1932","1","0","0","0","0","0","0","0","0","5","0","","36","04","2019","2019041577","5","40.0526","-76.3131","1928","08","0","0","0","0","0","0","0","0","1","0","0","0","19","1","1","00","1","40 03:09.300","4","00","76 18:47.190","3","0","0","1","36101","0","0","0","N","0","0","0","1","36101","0","","1","01","N","N","0","","1","0","0","0","0","N","1925","1","2","0","0","0","0","0","3","0","2","N","","","","","","","","","","","","03","  ","","",""
"1144","1","0","0","0","0","0","0","0","0","4","0","","36","04","2019","2019041578","1","40.1128","-76.3965","1139","08","0","0","0","0","0","1","1","0","2","0","0","0","11","1","3","01","2","40 06:45.982","5","00","76 23:47.576","8","0","0","0","36214","0","0","0","N","0","0","0","5","36214","0","","1","01","N","N","0","","0","0","1","3","3","Y","1137","3","2","0","0","1","3","0","3","0","2","N","","","","","","","","","","","","03","  ","","",""
"1420","1","0","0","0","0","0","0","0","0","4","0","","36","04","2019","2019041579","1","40.1139","-76.3863","1408","08","0","0","0","0","1","0","0","0","","0","0","0","14","1","1","01","0","40 06:50.151","","00","76 23:10.518","3","0","0","0","36214","0","0","0","N","0","0","0","9","36214","0","","1","01","N","N","0","","1","0","0","3","3","","1400","1","2","0","0","0","0","0","3","1","2","N","","","","","","","","","","","","03","  ","","",""
"1806","0","0","0","0","0","0","0","0","0","7","0","","36","04","2019","2019041580","2","40.1639","-76.2995","1802","08","0","0","0","0","0","0","0","0","2","0","0","0","18","1","0","00","2","40 09:49.930","7","00","76 17:58.040","9","0","0","0","36409","0","0","0","N","0","0","0","1","36409","0","","1","98","N","N","0","","0","0","1","0","0","Y","1802","0","1","0","0","0","0","1","3","0","1","N","","","","","","","","","","","","03","  ","","",""
"2128","0","0","0","0","0","0","0","0","0","7","0","","36","04","2019","2019041626","1","40.2463","-76.2146","2113","08","1","0","0","0","0","0","0","0","2","0","0","0","21","2","0","00","2","40 14:46.791","5","00","76 12:52.701","0","0","0","0","36204","0","0","0","N","0","0","0","1","36506","0","","4","09","N","N","1","","0","0","0","0","0","Y","2113","0","1","0","0","0","0","0","1","0","1","N","","","","","","","","","","","","07","  ","","",""
"1356","1","0","0","0","0","0","0","0","0","4","0","","36","04","2019","2019041728","2","40.0229","-76.2647","1352","08","0","1","0","0","0","0","0","0","","0","0","0","13","1","0","01","0","40 01:22.402","","00","76 15:52.862","0","0","0","0","36240","0","0","0","N","0","0","0","5","36240","0","","1","01","N","N","0","","0","0","1","1","2","","1351","0","2","0","0","0","0","0","1","0","2","N","","","","","","","","","","","","03","  ","","",""
"9999","1","0","0","0","0","0","0","0","0","7","0","","36","04","2019","2019041733","5","40.0351","-76.3091","1717","08","0","0","0","0","1","0","0","0","","0","0","0","17","1","0","00","0","40 02:06.422","","00","76 18:32.824","9","0","0","0","36301","0","0","0","N","0","0","0","1","36301","0","","5","01","N","N","0","","0","0","0","0","0","","1717","0","1","0","0","0","0","1","3","0","1","N","","","","","","","","","","","","03","  ","","",""
"1741","0","0","0","0","0","0","0","0","0","1","0","","36","04","2019","2019041768","5","40.0927","-76.2626","1735","08","0","0","0","0","0","1","0","0","1","0","0","0","17","1","0","00","1","40 05:33.637","2","00","76 15:45.483","0","0","0","0","36101","0","0","0","N","0","0","0","2","36101","0","","1","01","N","N","0","","0","0","2","0","0","N","1722","0","2","0","0","0","0","0","3","0","2","N","","","","","","","","","","","","03","  ","","",""
"1816","0","0","0","0","0","0","0","0","0","4","0","","36","04","2019","2019041769","3","40.0916","-76.1616","1811","08","0","0","0","1","0","1","0","0","2","0","0","0","18","1","1","00","1","40 05:29.861","3","07","76 09:41.713","3","0","0","0","36234","0","0","0","N","0","0","0","3","36215","0","","1","01","N","N","0","","1","0","2","0","0","N","1809","1","2","0","0","1","0","0","1","0","2","N","","","","","","","","","","","","03","  ","","",""
"1432","0","0","0","0","0","0","0","0","0","4","0","","36","04","2019","2019041770","4","40.0872","-76.1904","1429","08","0","0","0","0","0","1","0","0","2","0","0","0","14","1","0","03","1","40 05:14.005","4","07","76 11:25.420","0","0","0","0","36234","0","0","0","N","0","0","0","3","36215","0","","1","01","N","N","0","","0","0","2","3","2","Y","1427","0","2","0","0","1","0","0","1","0","2","N","","","","","","","","","","","","03","  ","","",""
"0521","0","0","0","0","0","0","0","0","0","7","0","","36","04","2019","2019041771","7","40.0863","-76.2007","0519","08","0","0","0","0","0","0","0","0","3","0","0","0","05","3","0","00","2","40 05:10.693","7","00","76 12:02.544","0","0","0","0","36234","0","0","0","N","0","0","0","1","36215","0","","4","09","N","N","0","","0","0","1","0","0","Y","0519","0","1","0","0","0","0","0","1","0","1","N","","","","","","","","","","","","07","  ","","",""
"2114","0","0","0","0","0","0","0","0","0","7","0","","36","04","2019","2019041772","1","40.085","-76.1837","2112","08","0","0","0","0","0","0","0","0","3","0","0","0","21","3","1","00","2","40 05:06.158","5","00","76 11:01.371","8","0","0","0","36234","0","0","0","N","0","0","0","1","36215","0","","4","09","N","N","1","","0","0","0","0","0","Y","2111","1","1","0","0","0","1","0","1","0","1","N","","","","","","","","","","","","07","  ","","",""
"0705","3","0","0","0","0","0","0","0","0","4","0","","36","04","2019","2019041774","3","40.0301","-76.2317","0657","08","0","0","0","0","0","0","0","0","1","0","0","0","06","1","0","00","1","40 01:48.264","4","07","76 13:54.184","0","0","0","0","36215","0","0","0","N","0","0","0","3","36215","0","","1","01","N","N","0","","0","0","0","0","0","N","0655","0","3","0","0","0","0","0","1","0","3","N","","","","","","","","","","","","03","  ","","",""
"1712","2","0","0","0","0","0","0","0","0","4","0","","36","04","2019","2019041775","6","40.0361","-76.2571","1705","08","0","0","1","0","1","0","0","0","2","0","0","0","17","1","0","01","1","40 02:09.984","4","00","76 15:25.380","0","0","0","0","36215","0","0","0","N","0","0","0","3","36215","0","","1","09","N","N","0","","0","0","0","3","3","N","1703","0","2","0","0","0","0","0","1","0","2","N","","","","","","","","","","","","07","  ","","",""
"2313","1","0","0","0","0","0","0","0","0","5","0","","36","04","2019","2019041776","1","40.038","-76.2394","2309","08","0","0","1","0","0","0","0","0","1","0","0","0","23","3","0","00","1","40 02:16.830","3","00","76 14:21.780","0","0","0","0","36215","0","0","0","N","0","0","0","1","36215","0","","1","01","N","N","0","","0","0","1","0","0","N","2308","0","2","0","0","0","0","0","1","0","2","N","","","","","","","","","","","","03","  ","","",""
"0700","2","0","0","0","0","0","0","0","0","2","0","","36","04","2019","2019041777","5","40.1408","-76.4247","0655","08","0","0","0","0","0","0","0","0","2","0","0","0","06","1","0","02","2","40 08:26.764","4","00","76 25:28.926","0","0","0","0","36230","0","0","0","N","0","0","0","2","36410","0","","1","01","N","N","0","","0","0","0","0","0","Y","0653","0","2","0","0","0","0","0","1","0","2","N","","","","","","","","","","","","03","  ","","",""
"1056","0","0","0","0","0","0","0","0","0","7","0","","36","04","2019","2019041778","5","40.1167","-76.4539","1049","08","0","0","0","0","0","0","0","0","","0","0","0","10","1","0","00","0","40 07:00.279","","00","76 27:13.876","0","0","0","0","36230","0","0","0","N","0","0","0","1","36410","0","","5","01","N","N","0","","0","0","1","0","0","","1046","0","1","0","0","0","0","0","1","0","1","N","","","","","","","","","","","","03","  ","","",""
"1738","2","0","0","0","0","0","0","0","0","4","0","","36","04","2019","2019041779","6","40.1668","-76.4011","1737","08","0","0","0","2","0","0","0","0","1","0","0","0","17","1","0","01","1","40 10:00.414","3","00","76 24:04.077","0","0","0","0","36410","0","0","0","N","0","0","0","3","36410","0","","1","01","N","N","0","","0","0","0","3","3","N","1736","0","2","0","0","0","0","0","2","0","2","N","","","","","","","","","","","","03","  ","","",""
"1635","2","0","0","0","0","0","0","0","0","7","0","","36","04","2019","2019041780","4","40.1599","-76.391","1624","08","0","0","0","0","0","0","0","0","2","0","0","0","16","1","1","01","1","40 09:35.787","4","00","76 23:27.591","4","0","0","0","36410","0","0","0","N","0","0","0","2","36410","1","","5","01","N","N","0","","0","0","0","3","2","Y","1622","1","2","0","0","0","0","0","2","0","2","N","","","","","","","","","","","","03","  ","","",""
"2233","1","0","0","0","0","0","0","0","0","7","0","","36","04","2019","2019041781","6","40.1644","-76.4204","2229","08","0","0","0","0","0","0","0","0","3","0","0","0","22","2","0","00","2","40 09:51.710","6","00","76 25:13.400","0","0","0","0","36230","0","0","0","N","0","0","0","1","36410","0","","5","09","N","N","0","","0","0","0","0","0","Y","2226","0","1","0","0","0","0","0","1","0","1","N","","","","","","","","","","","","03","  ","","",""
"1556","0","0","0","0","0","0","0","0","0","4","0","","36","04","2019","2019041907","5","40.1144","-76.5322","1549","08","0","0","0","0","0","1","0","0","","0","0","0","15","1","1","01","0","40 06:51.764","","00","76 31:55.767","8","0","0","0","36413","0","0","0","N","0","0","0","3","36413","0","","1","01","N","N","0","","0","0","2","3","3","","1549","1","2","0","0","0","1","0","2","0","2","N","","","","","","","","","","","","03","  ","","",""
"1743","1","0","0","0","0","0","0","0","0","4","0","","36","04","2019","2019041908","2","40.2101","-76.1215","1735","08","0","0","0","0","0","0","0","0","1","0","0","0","17","1","0","00","1","40 12:36.345","3","00","76 07:17.240","0","0","0","0","36210","0","0","0","N","0","0","0","2","36210","0","","1","01","N","N","0","","0","0","1","0","0","N","1735","0","2","0","0","0","0","0","1","0","2","N","","","","","","","","","","","","03","  ","","",""
"1738","2","0","0","0","0","0","0","0","0","4","0","","36","04","2019","2019041911","5","40.1876","-76.1258","1732","08","0","0","0","0","0","0","1","0","1","0","0","0","17","1","0","00","1","40 11:15.238","1","00","76 07:32.904","0","0","0","0","36210","0","0","0","N","0","0","0","3","36210","0","","1","01","N","N","0","","0","0","0","0","0","N","1732","0","2","0","0","0","0","0","1","0","2","N","","","","","","","","","","","","03","  ","","",""
"0050","3","0","0","0","0","0","0","0","0","5","0","","36","04","2019","2019041922","7","40.0463","-76.3029","0040","08","0","0","0","0","0","0","1","0","1","0","0","0","00","3","0","01","1","40 02:46.621","4","00","76 18:10.343","0","0","0","0","36301","0","0","0","N","0","0","0","2","36301","0","","2","01","N","N","0","","0","0","0","3","2","N","0038","0","3","0","0","0","0","0","3","0","3","N","","","","","","","","","","","","03","  ","","",""
"2100","1","0","0","0","0","0","0","0","0","4","0","","36","04","2019","2019041923","5","40.0698","-76.3385","2040","08","0","0","0","0","0","0","0","0","","0","0","0","20","4","0","00","0","40 04:11.290","","07","76 20:18.463","0","0","0","0","36301","0","0","0","N","0","0","0","4","36301","0","","1","01","N","N","1","","0","0","0","3","2","","2040","0","2","0","0","0","0","0","3","0","2","N","","","","","","","","","","","","03","  ","","",""
"1915","2","0","0","0","0","0","0","0","0","5","0","","36","04","2019","2019041931","6","40.0428","-76.3087","1915","08","0","0","0","0","0","1","0","0","","0","0","0","19","3","0","00","0","40 02:34.149","","00","76 18:31.246","0","0","0","0","36301","0","0","0","N","0","0","0","1","36301","0","","6","09","N","N","0","","0","0","0","0","0","","1915","0","2","0","0","1","0","0","3","0","2","N","","","","","","","","","","","","07","  ","","",""
"1532","1","0","0","0","0","0","0","0","0","4","1","","36","04","2019","2019041952","4","40.088","-76.329","1525","08","0","0","0","0","0","1","0","0","1","0","1","0","15","1","0","01","1","40 05:16.970","3","00","76 19:44.246","0","0","0","0","36101","0","0","0","N","0","0","0","1","36101","0","","1","01","N","N","0","","0","0","0","3","2","N","1519","0","2","0","0","0","0","0","3","0","2","N","","","","","","","","","","","","03","  ","","",""
"1042","1","0","0","0","0","0","0","0","0","7","0","","36","04","2019","2019041953","2","40.0701","-76.317","1042","08","0","0","0","0","0","0","0","0","1","0","0","0","10","1","0","00","1","40 04:12.495","1","00","76 19:01.260","0","0","0","0","36101","0","0","0","N","0","0","0","2","36101","0","","4","01","N","N","0","","0","0","0","0","0","N","1042","0","1","0","0","0","0","0","3","0","1","N","","","","","","","","","","","","03","  ","","",""
"0655","1","0","0","0","0","0","0","0","0","7","0","","36","04","2019","2019041959","2","40.0076","-76.2208","0649","08","0","0","0","0","0","0","0","0","4","0","0","0","06","1","0","00","2","40 00:27.193","5","00","76 13:15.040","0","0","0","0","36240","0","0","0","N","0","0","0","1","36240","0","","5","01","N","N","0","","0","0","0","0","0","Y","0635","0","1","0","0","0","0","0","1","0","1","N","","","","","","","","","","","","03","  ","","",""
"0736","1","0","0","0","0","0","0","0","0","8","0","","36","04","2019","2019041962","3","40.0458","-76.2904","0732","08","0","0","0","0","0","0","0","0","","0","0","0","07","1","1","01","0","40 02:44.876","","00","76 17:25.573","3","0","0","0","36301","1","0","0","N","1","0","0","3","36301","0","","1","01","N","Y","0","","1","0","0","3","3","","0732","1","2","0","0","0","0","0","3","0","1","N","","","","","","","","","","","","03","  ","","",""
"1430","1","0","0","0","0","0","0","0","0","9","0","","36","04","2019","2019041981","1","40.1563","-76.2371","1415","08","0","1","0","0","0","0","0","0","","0","0","0","14","1","1","00","0","40 09:22.855","","00","76 14:13.666","4","0","0","0","36235","0","0","0","N","0","0","0","2","36506","1","","1","09","N","N","0","","0","0","0","0","0","","1410","1","1","0","0","0","0","0","1","0","1","N","","","","","","","","","","","","07","  ","","",""
"1920","0","0","0","0","0","0","0","0","0","7","0","","36","04","2019","2019041986","6","40.2715","-76.1309","1915","08","0","0","0","0","0","0","0","0","","0","0","0","19","1","0","00","0","40 16:17.506","","00","76 07:51.261","0","0","0","0","36236","0","0","0","N","0","0","0","1","36408","0","","4","09","N","N","0","","0","0","1","0","0","","1913","0","1","0","0","0","0","0","1","0","1","N","","","","","","","","","","","","07","  ","","",""
"2012","1","0","0","0","0","0","0","0","0","9","0","","36","04","2019","2019042072","2","40.1729","-75.9727","2005","08","0","0","0","0","0","0","0","0","","0","0","0","20","2","0","00","0","40 10:22.280","","00","75 58:21.644","0","0","0","0","36202","0","0","0","N","0","0","0","1","68T06","0","","1","01","N","N","0","","0","0","0","0","0","","2005","0","1","0","0","0","0","0","1","0","1","N","","","","","","","","","","","","03","  ","","",""
"1625","2","0","0","0","0","0","0","0","0","1","0","","36","04","2019","2019042206","2","40.0799","-76.2793","1616","08","0","0","1","0","0","0","0","0","","0","0","0","16","1","0","00","0","40 04:47.726","","00","76 16:45.518","0","0","0","0","36101","0","0","0","N","0","0","0","2","36101","0","","1","01","N","N","0","","0","0","0","0","0","","1614","0","2","0","0","0","0","0","3","0","2","N","","","","","","","","","","","","03","  ","","",""
"0740","2","0","0","0","0","0","0","0","0","4","0","","36","04","2019","2019042207","3","40.101","-76.2904","0733","08","0","1","0","0","0","0","0","0","1","0","0","0","07","1","0","00","1","40 06:03.490","3","00","76 17:25.600","0","0","0","0","36101","2","0","0","N","0","0","0","3","36101","0","","1","01","N","N","0","","0","0","0","0","0","N","0712","0","2","0","0","0","0","0","3","0","2","N","","","","","","","","","","","","03","  ","","",""
"1827","1","0","0","0","0","0","0","0","0","1","0","","36","04","2019","2019042208","4","40.0403","-76.2452","1827","08","0","0","0","0","0","1","0","0","1","0","0","0","18","1","1","00","2","40 02:25.252","3","00","76 14:42.603","3","0","0","0","36215","0","0","0","N","0","0","0","2","36215","0","","1","01","N","N","1","","1","0","0","0","0","N","1826","1","2","0","0","0","0","0","1","0","2","N","","","","","","","","","","","","03","  ","","",""
"1110","0","0","0","0","0","0","0","0","0","4","0","","36","04","2019","2019042209","4","40.0761","-76.2059","1055","08","0","0","0","0","0","1","1","0","2","0","0","0","10","1","0","01","1","40 04:34.113","4","00","76 12:21.249","0","0","0","0","36234","0","0","0","N","0","0","0","3","36215","0","","1","01","N","N","0","","0","0","2","3","3","N","1053","0","2","0","0","0","0","0","1","0","2","N","","","","","","","","","","","","03","  ","","",""