"ARRIVAL_TM","AUTOMOBILE_COUNT","BELTED_DEATH_COUNT","BELTED_SUSP_SERIOUS_INJ_COUNT","BICYCLE_COUNT","BICYCLE_DEATH_COUNT","BICYCLE_SUSP_SERIOUS_INJ_COUNT","BUS_COUNT","CHLDPAS_DEATH_COUNT","CHLDPAS_SUSP_SERIOUS_INJ_COUNT","COLLISION_TYPE","COMM_VEH_COUNT","CONS_ZONE_SPD_LIM","COUNTY","CRASH_MONTH","CRASH_YEAR","CRN","DAY_OF_WEEK","DEC_LAT","DEC_LONG","DISPATCH_TM","DISTRICT","DRIVER_COUNT_16YR","DRIVER_COUNT_17YR","DRIVER_COUNT_18YR","DRIVER_COUNT_19YR","DRIVER_COUNT_20YR","DRIVER_COUNT_50_64YR","DRIVER_COUNT_65_74YR","DRIVER_COUNT_75PLUS","EST_HRS_CLOSED","FATAL_COUNT","HEAVY_TRUCK_COUNT","HORSE_BUGGY_COUNT","HOUR_OF_DAY","ILLUMINATION","INJURY_COUNT","INTERSECT_TYPE","LANE_CLOSED","LATITUDE","LN_CLOSE_DIR","LOCATION_TYPE","LONGITUDE","MAX_SEVERITY_LEVEL","MCYCLE_DEATH_COUNT","MCYCLE_SUSP_SERIOUS_INJ_COUNT","MOTORCYCLE_COUNT","MUNICIPALITY","NONMOTR_COUNT","NONMOTR_DEATH_COUNT","NONMOTR_SUSP_SERIOUS_INJ_COUNT","NTFY_HIWY_MAINT","PED_COUNT","PED_DEATH_COUNT","PED_SUSP_SERIOUS_INJ_COUNT","PERSON_COUNT","POLICE_AGCY","POSSIBLE_INJ_COUNT","RDWY_SURF_TYPE_CD","RELATION_TO_ROAD","ROAD_CONDITION","SCH_BUS_IND","SCH_ZONE_IND","SMALL_TRUCK_COUNT","SPEC_JURIS_CD","SUSP_MINOR_INJ_COUNT","SUSP_SERIOUS_INJ_COUNT","SUV_COUNT","TCD_FUNC_CD","TCD_TYPE","TFC_DETOUR_IND","TIME_OF_DAY","TOT_INJ_COUNT","TOTAL_UNITS","UNB_DEATH_COUNT","UNB_SUSP_SERIOUS_INJ_COUNT","UNBELTED_OCC_COUNT","UNK_INJ_DEG_COUNT","UNK_INJ_PER_COUNT","URBAN_RURAL","VAN_COUNT","VEHICLE_COUNT","WORK_ZONE_IND","WORK_ZONE_LOC","WORK_ZONE_TYPE","WORKERS_PRES","WZ_CLOSE_DETOUR","WZ_FLAGGER","WZ_LAW_OFFCR_IND","WZ_LN_CLOSURE","WZ_MOVING","WZ_OTHER","WZ_SHLDER_MDN","ROADWAY_CLEARED","WEATHER1","WEATHER2","WZ_WORKERS_INJ_KILLED","SECONDARY_CRASH","INTERSECTION_RELATED"
"1257","1","0","0","0","0","0","0","0","0","1","1","","36","04","2019","2019042210","5","40.0816","-76.2357","1252","08","0","0","0","0","0","1","0","0","2","0","1","0","12","1","1","00","1","40 04:53.748","4","00","76 14:08.624","4","0","0","0","36234","0","0","0","N","0","0","0","2","36215","1","","1","01","N","N","0","","0","0","0","0","0","N","1249","1","2","0","0","0","0","0","1","0","2","N","","","","","","","","","","","","03","  ","","",""
"1836","3","0","0","0","0","0","0","0","0","1","0","","36","04","2019","2019042226","2","40.1045","-76.5113","1832","08","0","0","0","0","1","0","0","0","","0","0","0","18","1","0","01","0","40 06:16.061","","00","76 30:40.613","0","0","0","0","36413","0","0","0","N","0","0","0","3","36413","0","","1","01","","","0","","0","0","0","0","0","","1832","0","3","0","0","0","0","0","2","0","3","N","","","","","","","","","","","","03","  ","","",""
"2039","1","0","0","0","0","0","0","0","0","4","0","","36","04","2019","2019042341","5","40.0273","-76.4905","2024","08","0","0","0","0","0","0","0","0","2","0","0","0","20","3","0","00","2","40 01:38.211","6","00","76 29:25.686","0","0","0","0","36404","0","0","0","N","0","0","0","5","36404","0","","1","01","N","N","1","","0","0","0","0","0","Y","2024","0","2","0","0","0","0","0","3","0","2","N","","","","","","","","","","","","03","  ","","",""
"1609","0","0","0","0","0","0","0","0","0","8","0","","36","04","2019","2019042377","5","40.1975","-76.2013","1605","08","0","0","0","0","0","0","0","0","","0","0","0","16","1","1","02","0","40 11:50.961","","00","76 12:04.705","3","0","0","0","36408","1","0","0","N","1","0","0","2","36408","0","","1","01","N","N","0","","1","0","1","0","0","","1604","1","2","0","0","0","0","0","2","0","1","N","","","","","","","","","","","","03","  ","","",""
"1756","1","0","0","0","0","0","0","0","0","4","0","","36","04","2019","2019042379","2","40.2444","-76.1226","1750","08","0","0","0","0","0","1","0","0","1","0","0","0","17","1","0","02","1","40 14:39.801","3","00","76 07:21.433","0","0","0","0","36210","0","0","0","N","0","0","0","2","36210","0","","1","01","N","N","0","","0","0","1","3","3","N","1748","0","2","0","0","0","0","0","1","0","2","N","","","","","","","","","","","","03","  ","","",""
"1439","0","0","0","0","0","0","0","0","0","4","0","","36","04","2019","2019042383","7","40.0293","-76.4995","1436","08","0","0","0","0","0","0","0","0","","0","0","0","14","1","0","01","0","40 01:45.591","","00","76 29:58.217","0","0","0","0","36404","0","0","0","N","0","0","0","2","36404","0","","1","01","N","N","0","","0","0","2","3","3","","1435","0","2","0","0","0","0","0","3","0","2","N","","","","","","","","","","","","03","  ","","",""
"2117","2","0","0","0","0","0","0","0","0","4","0","","36","04","2019","2019042400","3","40.0698","-76.3168","2113","08","0","0","0","0","0","1","0","0","","0","0","0","21","3","0","01","0","40 04:11.407","","00","76 19:01.471","0","0","0","0","36101","0","0","0","N","0","0","0","2","36101","0","","1","09","N","N","0","","0","0","0","3","2","","2112","0","2","0","0","0","0","0","3","0","2","N","","","","","","","","","","","","07","  ","","",""
"1249","1","0","0","0","0","0","0","0","0","7","1","","36","04","2019","2019042401","3","40.0801","-76.3826","1248","08","0","0","0","0","0","0","0","1","","0","0","0","12","1","0","00","0","40 04:48.244","","00","76 22:57.249","9","0","0","0","36214","0","0","0","N","0","0","0","2","36214","0","","5","01","N","N","0","","0","0","0","0","0","","1244","0","2","0","0","0","0","1","3","0","2","N","","","","","","","","","","","","03","  ","","",""
"1445","2","0","0","0","0","0","0","0","0","4","0","","36","04","2019","2019042415","7","40.0416","-76.3019","1438","08","0","0","0","0","0","0","1","0","3","0","1","0","14","1","1","01","2","40 02:29.665","1","00","76 18:06.967","3","0","0","0","36301","0","0","0","N","0","0","0","5","36301","0","","1","01","N","N","0","","1","0","0","3","2","Y","1430","1","3","0","0","0","0","0","3","0","3","N","","","","","","","","","","","","03","  ","","",""
"1314","0","0","0","0","0","0","0","0","0","4","0","","36","04","2019","2019042442","1","40.1074","-76.1675","1304","08","0","0","0","0","0","0","0","0","2","0","0","0","13","1","1","01","1","40 06:26.737","5","00","76 10:02.928","4","0","0","0","36238","0","0","0","N","0","0","0","9","36238","1","","1","01","N","N","0","","0","0","1","3","3","N","1303","1","2","0","0","0","0","0","3","1","2","N","","","","","","","","","","","","03","  ","","",""
"1818","2","0","0","0","0","0","0","0","0","4","0","","36","04","2019","2019042531","7","40.1643","-76.6024","1811","08","0","0","0","0","0","0","0","0","","0","0","0","18","1","2","00","0","40 09:51.367","","00","76 36:08.749","3","0","0","0","36407","0","0","0","N","0","0","0","2","36407","1","","1","01","N","N","0","","1","0","0","0","0","","1810","2","2","0","0","0","0","0","2","0","2","N","","","","","","","","","","","","03","  ","","",""
"1917","2","0","0","0","0","0","0","0","0","4","0","","36","02","2019","2019042543","7","40.0626","-76.2439","1906","08","0","0","0","0","0","2","0","0","2","0","0","0","19","2","0","02","1","40 03:45.356","6","00","76 14:38.072","0","0","0","0","36215","0","0","0","N","0","0","0","5","36215","0","","1","01","N","N","0","","0","0","0","3","3","N","1900","0","2","0","0","0","0","0","1","0","2","N","","","","","","","","","","","","03","  ","","",""
"1951","2","0","0","0","0","0","0","0","0","4","0","","36","04","2019","2019042544","6","40.0221","-76.1913","1948","08","0","0","0","0","0","0","0","1","","0","0","0","19","3","0","00","0","40 01:19.568","","07","76 11:28.809","0","0","0","0","36215","0","0","0","N","0","0","0","5","36215","0","","1","09","N","N","0","","0","0","0","0","0","","1946","0","2","0","0","0","0","0","1","0","2","N","","","","","","","","","","","","07","  ","","",""
"2305","2","0","0","0","0","0","0","0","0","2","0","","36","04","2019","2019042545","2","40.0377","-76.2729","2305","08","0","1","0","0","0","0","0","0","2","0","0","0","23","2","2","00","2","40 02:15.749","3","03","76 16:22.400","3","0","0","0","36215","0","0","0","N","0","0","0","2","36215","0","","1","01","N","N","0","","2","0","0","0","0","Y","2305","2","2","0","0","0","0","0","1","0","2","N","","","","","","","","","","","","03","  ","","",""
"1315","1","0","0","0","0","0","0","0","0","7","0","","36","04","2019","2019042562","1","40.0431","-76.4335","1313","08","0","0","0","0","0","1","0","0","2","0","0","0","13","1","0","00","2","40 02:35.223","4","00","76 26:00.421","0","0","0","0","36239","0","0","0","N","0","0","0","4","36239","0","","3","01","N","N","0","","0","0","1","0","0","N","1313","0","2","0","0","0","0","0","3","0","2","N","","","","","","","","","","","","03","  ","","",""
"1724","0","0","0","0","0","0","0","0","0","7","0","","36","04","2019","2019042567","4","40.0214","-76.286","1714","08","0","0","0","0","0","0","0","0","2","0","0","0","17","1","0","00","1","40 01:17.019","3","00","76 17:09.534","0","0","0","0","36240","0","0","0","N","0","0","0","1","36240","0","","5","01","N","N","1","","0","0","0","0","0","N","1706","0","1","0","0","0","0","0","1","0","1","N","","","","","","","","","","","","03","  ","","",""
"1807","1","0","2","0","0","0","0","0","0","4","0","","36","04","2019","2019042569","1","40.1421","-76.5665","1805","08","0","0","0","0","1","0","1","0","3","0","0","0","18","1","2","01","2","40 08:31.700","7","00","76 33:59.551","2","0","0","0","36225","0","0","0","N","0","0","0","3","36505","0","","1","01","N","N","0","","0","2","1","3","3","Y","1805","2","2","0","0","0","0","0","2","0","2","N","","","","","","","","","","","","03","  ","","",""
"2344","2","0","0","0","0","0","0","0","0","5","0","55","36","03","2019","2019042585","2","40.0906","-76.3843","2344","08","0","0","0","0","0","1","0","1","","0","0","0","23","2","1","00","0","40 05:26.004","","00","76 23:03.411","3","0","0","0","36214","0","0","0","N","0","0","0","2","68J01","0","","1","01","N","N","0","","1","0","0","0","0","","2343","1","2","0","0","0","0","0","3","0","2","Y","4","2","Y","","","Y","Y","","","","","03","  ","","",""
"0247","1","0","0","0","0","0","0","0","0","7","0","","36","04","2019","2019042666","1","40.1071","-76.5337","0240","08","0","0","0","0","0","0","0","0","2","0","0","0","02","2","0","00","2","40 06:25.722","6","00","76 32:01.159","0","0","0","0","36211","0","0","0","N","0","0","0","1","36504","0","","5","01","N","N","0","","0","0","0","0","0","N","0240","0","1","0","0","0","0","0","1","0","1","N","","","","","","","","","","","","03","  ","","",""
"0902","0","0","0","0","0","0","0","0","0","4","0","","36","04","2019","2019042673","1","40.1015","-76.1833","0856","08","0","0","0","0","0","0","0","0","","0","0","0","08","1","1","01","0","40 06:05.360","","00","76 11:00.041","3","0","0","0","36238","0","0","0","N","0","0","0","10","36238","0","","1","01","N","N","0","","1","0","0","3","3","","0853","1","2","0","0","1","0","0","3","2","2","N","","","","","","","","","","","","03","  ","","",""
"1946","1","0","0","0","0","0","0","0","0","8","0","","36","04","2019","2019042674","4","40.0763","-76.5804","1944","08","0","0","0","0","0","0","0","0","1","0","0","0","19","1","1","01","1","40 04:34.604","7","00","76 34:49.324","8","0","0","0","36211","1","0","0","N","1","0","0","2","36504","0","","1","01","N","N","0","","0","0","0","3","3","Y","1943","1","2","0","0","0","1","0","1","0","1","N","","","","","","","","","","","","03","  ","","",""
"2359","2","0","0","0","0","0","0","0","0","5","0","","36","04","2019","2019042679","1","40.0404","-76.3082","2355","08","0","0","0","0","0","0","0","0","1","0","0","0","23","3","0","00","1","40 02:25.322","2","00","76 18:29.669","0","0","0","0","36301","0","0","0","N","0","0","0","1","36301","0","","2","01","N","N","0","","0","0","1","0","0","N","2355","0","3","0","0","0","0","0","3","0","3","N","","","","","","","","","","","","03","  ","","",""
"1106","1","0","0","0","0","0","0","0","0","1","0","","36","04","2019","2019042707","7","40.1666","-76.1636","1101","08","0","0","0","0","0","0","0","0","","0","0","0","10","1","0","00","0","40 09:59.560","","00","76 09:48.605","0","0","0","0","36218","0","0","0","N","0","0","0","5","36408","0","","1","01","N","N","0","","0","0","1","0","0","","1059","0","2","0","0","0","0","0","1","0","2","N","","","","","","","","","","","","03","  ","","",""
"1351","1","0","0","0","0","0","0","0","0","4","0","","36","04","2019","2019042720","7","40.171","-76.1757","1347","08","0","0","0","0","0","1","1","0","","0","0","0","13","1","0","01","0","40 10:15.470","","00","76 10:32.595","0","0","0","0","36408","0","0","0","N","0","0","0","2","36408","0","","1","01","N","N","0","","0","0","1","0","0","","1345","0","2","0","0","0","0","0","2","0","2","N","","","","","","","","","","","","03","  ","","",""
"0944","2","0","0","0","0","0","0","0","0","3","0","","36","04","2019","2019042756","5","40.0446","-76.3039","0934","08","0","0","0","0","1","0","0","0","2","0","0","0","09","1","0","01","2","40 02:40.426","1","00","76 18:13.996","0","0","0","0","36301","0","0","0","N","0","0","0","2","36301","0","","1","01","N","N","0","","0","0","0","3","3","Y","0932","0","2","0","0","0","0","0","3","0","2","N","","","","","","","","","","","","03","  ","","",""
"0530","1","0","0","0","0","0","0","0","0","3","1","55","36","04","2019","2019042853","4","40.2213","-76.09","0435","08","0","0","0","0","0","0","0","0","","0","1","0","04","2","1","00","0","40 13:16.674","","00","76 05:23.839","3","0","0","0","36210","0","0","0","N","0","0","0","2","68T06","0","","2","01","N","N","0","","1","0","0","0","0","","0430","1","2","0","0","0","0","0","1","0","2","Y","4","1","Y","N","N","Y","Y","N","N","N","","03","  ","","",""
"1810","1","0","0","0","0","0","0","0","0","4","0","","36","04","2019","2019042871","3","40.0491","-76.3057","1804","08","0","0","0","1","0","0","0","0","2","0","0","0","18","1","2","01","2","40 02:56.615","2","00","76 18:20.637","8","0","0","0","36301","0","0","0","N","0","0","0","3","36301","0","","1","01","N","N","0","","0","0","1","3","3","Y","1800","2","2","0","0","2","2","0","3","0","2","N","","","","","","","","","","","","03","  ","","",""
"1547","1","0","0","0","0","0","0","0","0","1","0","","36","04","2019","2019042881","5","40.1647","-76.2006","1537","08","0","0","0","0","0","0","1","0","","0","0","0","15","1","0","02","0","40 09:53.061","","00","76 12:02.277","0","0","0","0","36218","0","0","0","N","0","0","0","2","36408","0","","1","09","N","N","0","","0","0","1","0","0","","1535","0","2","0","0","0","0","0","1","0","2","N","","","","","","","","","","","","07","  ","","",""
"1026","2","0","0","0","0","0","0","0","0","1","0","","36","04","2019","2019042909","6","40.031","-76.4016","1021","08","0","0","0","0","0","0","0","0","","0","0","0","10","1","2","00","0","40 01:51.425","","07","76 24:05.695","4","0","0","0","36223","0","0","0","N","0","0","0","4","36223","2","","1","01","N","N","0","","0","0","0","0","0","","1019","2","2","0","0","0","0","0","1","0","2","N","","","","","","","","","","","","03","  ","","",""
"1829","2","0","0","0","0","0","0","0","0","4","0","","36","04","2019","2019042928","5","40.114","-76.5207","1829","08","0","0","0","0","0","0","1","0","1","0","0","0","18","1","0","01","1","40 06:50.558","1","00","76 31:14.611","0","0","0","0","36413","0","0","0","N","0","0","0","2","36413","0","","1","01","N","N","0","","0","0","0","3","2","Y","1829","0","2","0","0","0","0","0","2","0","2","N","","","","","","","","","","","","03","  ","","",""
"1453","0","0","0","0","0","0","0","0","0","7","0","","36","04","2019","2019043055","6","40.0422","-76.4966","1448","08","0","0","0","0","0","0","0","0","2","0","0","0","14","1","0","00","1","40 02:31.783","3","00","76 29:47.600","0","0","0","0","36404","0","0","0","Y","0","0","0","2","36404","0","","2","09","N","N","1","","0","0","0","0","0","N","1448","0","1","0","0","0","0","0","3","0","1","N","","","","","","","","","","","","07","  ","","",""
"1629","0","0","0","0","0","0","0","0","0","4","1","","36","04","2019","2019043065","5","40.2225","-76.0968","1627","08","0","0","0","0","0","1","0","0","3","0","1","0","16","1","1","01","2","40 13:20.882","7","00","76 05:48.548","2","0","0","0","36210","0","0","0","N","0","0","0","2","36210","0","","1","01","N","N","1","","0","1","0","3","2","Y","1626","1","2","0","0","0","0","0","1","0","2","N","","","","","","","","","","","","03","  ","","",""
"1751","1","0","0","0","0","0","0","0","0","5","0","","36","04","2019","2019043069","4","40.052","-76.3964","1739","08","0","0","0","0","0","0","0","0","","0","0","0","17","1","0","00","0","40 03:07.372","","00","76 23:47.094","9","0","0","0","36214","0","0","0","N","0","0","0","2","36214","0","","1","01","N","N","0","","0","0","0","0","0","","1730","0","2","0","0","0","0","1","3","0","2","N","","","","","","","","","","","","03","  ","","",""
"2042","0","0","0","0","0","0","0","0","0","1","0","","36","04","2019","2019043096","3","40.1754","-76.3118","2037","08","0","0","0","0","0","0","1","0","","0","0","0","20","3","0","02","0","40 10:31.300","","00","76 18:42.300","0","0","0","0","36235","0","0","0","N","0","0","0","2","36506","0","","1","09","N","N","1","","0","0","1","0","0","","2037","0","2","0","0","0","0","0","1","0","2","N","","","","","","","","","","","","07","  ","","",""
"1032","0","0","0","0","0","0","0","0","0","6","1","","36","04","2019","2019043155","6","40.059","-76.463","1026","08","0","0","0","0","0","0","0","0","1","0","1","0","10","1","0","00","1","40 03:32.536","5","00","76 27:46.893","0","0","0","0","36239","0","0","0","N","0","0","0","2","36239","0","","1","09","N","N","0","","0","0","1","0","0","N","1026","0","2","0","0","0","0","0","3","0","2","N","","","","","","","","","","","","03","  ","","",""
"2035","1","0","0","0","0","0","0","0","0","4","0","","36","03","2019","2019043177","5","40.0592","-76.069","2023","08","0","0","0","0","0","0","0","0","3","0","0","0","20","2","2","01","2","40 03:33.201","5","00","76 04:08.417","3","0","0","0","36221","0","0","0","N","0","0","0","3","68J01","0","","1","01","N","N","0","","2","0","1","3","3","Y","2021","2","2","0","0","0","0","0","1","0","2","N","","","","","","","","","","","","03","  ","","",""
"2133","0","0","0","0","0","0","0","0","0","7","1","","36","03","2019","2019043180","5","39.9999","-76.0728","2133","08","0","0","0","0","0","0","0","0","3","0","1","0","21","2","1","00","1","39 59:59.578","4","00","76 04:21.983","3","0","0","0","36226","0","0","0","N","0","0","0","1","68J01","0","","4","09","N","N","0","","1","0","0","0","0","Y","2124","1","1","0","0","0","0","0","1","0","1","N","","","","","","","","","","","","07","  ","","",""
"2316","1","0","0","0","0","0","0","0","0","7","0","","36","03","2019","2019043181","5","39.9394","-76.2058","2302","08","0","0","0","0","0","0","1","0","","0","0","0","22","2","0","00","0","39 56:21.821","","00","76 12:20.913","0","0","0","0","36233","0","0","0","N","0","0","0","1","68J01","0","","4","09","N","N","0","","0","0","0","0","0","","2250","0","1","0","0","0","0","0","1","0","1","N","","","","","","","","","","","","07","  ","","",""
"1720","1","0","0","0","0","0","0","0","0","4","0","","36","03","2019","2019043183","6","40.1968","-76.0175","1652","08","0","0","0","0","0","0","0","0","2","0","0","0","16","1","0","01","1","40 11:48.437","2","00","76 01:02.883","0","0","0","0","36202","0","0","0","N","0","0","0","3","68J01","0","","1","01","N","N","1","","0","0","0","3","3","N","1649","0","2","0","0","0","0","0","1","0","2","N","","","","","","","","","","","","03","  ","","",""
"1826","1","0","0","0","0","0","0","0","0","1","0","","36","03","2019","2019043184","6","40.0386","-76.1734","1814","08","0","0","0","0","0","0","1","0","1","0","0","0","18","1","0","01","1","40 02:18.836","4","00","76 10:24.111","0","0","0","0","36221","0","0","0","N","0","0","0","3","68J01","0","","1","01","N","N","1","","0","0","1","3","2","N","1807","0","3","0","0","0","0","0","1","0","3","N","","","","","","","","","","","","03","  ","","",""
"0107","1","0","0","0","0","0","0","0","0","7","0","","36","03","2019","2019043186","7","39.8568","-76.1064","0051","08","0","0","0","0","0","0","0","0","1","0","0","0","00","2","0","00","2","39 51:24.642","1","00","76 06:22.903","0","0","0","0","36205","0","0","0","N","0","0","0","1","68J01","0","","4","01","N","N","0","","0","0","0","0","0","N","0031","0","1","0","0","0","0","0","1","0","1","N","","","","","","","","","","","","03","  ","","",""
"1145","0","0","0","0","0","0","0","0","0","1","0","","36","03","2019","2019043187","7","39.9834","-76.0174","1140","08","0","0","0","0","0","2","0","0","2","0","0","0","11","1","0","00","1","39 59:00.213","1","00","76 01:02.692","0","0","0","0","36232","0","0","0","N","0","0","0","4","68J01","0","","1","01","N","N","1","","0","0","2","0","0","N","1138","0","3","0","0","0","0","0","1","0","3","N","","","","","","","","","","","","03","  ","","",""
"1637","0","0","0","0","0","0","0","0","0","4","0","","36","03","2019","2019043189","2","39.7713","-76.1792","1629","08","0","0","0","0","0","0","1","0","3","0","0","1","15","1","5","00","1","39 46:16.596","2","07","76 10:44.956","3","0","0","0","36219","4","0","0","N","0","0","0","5","68J01","0","","1","09","N","N","1","","5","0","0","0","0","N","1553","5","2","0","0","0","0","0","1","0","1","N","","","","","","","","","","","","07","  ","","",""
"0349","0","0","0","0","0","0","0","0","0","7","0","","36","03","2019","2019043190","3","40.2336","-76.3263","0327","08","0","0","0","0","0","0","0","0","","0","0","0","03","3","0","00","0","40 14:00.952","","00","76 19:34.647","0","0","0","0","36217","0","0","0","N","0","0","0","2","68J01","0","","4","01","N","N","1","","0","0","0","0","0","","0325","0","1","0","0","0","0","0","1","0","1","N","","","","","","","","","","","","03","  ","","",""
"1452","0","0","0","0","0","0","0","0","0","0","0","","36","03","2019","2019043191","3","39.8795","-76.17","1434","08","0","0","0","0","0","0","0","0","","0","0","0","14","1","1","03","0","39 52:46.066","","00","76 10:12.001","4","0","0","1","36212","0","0","0","N","0","0","0","1","68J01","1","","1","01","N","N","0","","0","0","0","0","0","","1420","1","1","0","0","0","0","0","1","0","1","N","","","","","","","","","","","","03","  ","","",""
"1606","0","0","0","0","0","0","0","0","0","7","0","","36","03","2019","2019043192","3","40.217","-76.27","1534","08","0","0","0","0","0","0","0","0","","0","0","0","14","1","0","00","0","40 13:01.357","","00","76 16:11.864","0","0","0","0","36217","0","0","0","N","0","0","0","1","68J01","0","","4","01","N","N","0","","0","0","1","0","0","","1458","0","1","0","0","0","0","0","1","0","1","N","","","","","","","","","","","","03","  ","","",""
"1107","0","0","0","0","0","0","0","0","0","9","0","","36","04","2019","2019043201","6","40.0331","-75.9747","1041","08","0","0","0","0","0","0","0","0","","0","0","0","04","2","0","00","0","40 01:59.250","","00","75 58:28.860","0","0","0","0","36232","0","0","0","N","0","0","0","1","68J01","0","","1","01","N","N","0","","0","0","1","0","0","","0445","0","1","0","0","0","0","0","1","0","1","N","","","","","","","","","","","","03","  ","","",""
"1757","1","0","0","0","0","0","0","0","0","2","0","","36","04","2019","2019043204","7","39.7726","-76.1792","1739","08","0","0","0","0","0","0","0","0","3","0","1","0","17","1","0","00","2","39 46:21.395","5","00","76 10:45.078","0","0","0","0","36219","0","0","0","N","0","0","0","2","68J01","0","","1","01","N","N","0","","0","0","0","0","0","Y","1738","0","2","0","0","1","0","0","1","0","2","N","","","","","","","","","","","","03","  ","","",""
"0631","1","0","0","0","0","0","0","0","0","7","0","","36","04","2019","2019043205","1","39.7674","-76.1802","0430","08","0","0","1","0","0","0","0","0","","0","0","0","04","2","1","00","0","39 46:02.479","","00","76 10:48.826","8","0","0","0","36219","0","0","0","N","0","0","0","1","68J01","0","","4","09","N","N","0","","0","0","0","0","0","","0415","1","1","0","0","0","1","0","1","0","1","N","","","","","","","","","","","","05","  ","","",""
"1307","0","0","0","0","0","0","0","0","0","0","1","","36","04","2019","2019043207","2","40.2329","-76.3002","1253","08","0","0","0","0","0","1","0","0","5","0","1","0","12","1","0","00","2","40 13:58.265","5","00","76 18:00.889","0","0","0","0","36217","0","0","0","N","0","0","0","1","68J01","0","","4","01","N","N","0","","0","0","0","0","0","Y","1249","0","1","0","0","0","0","0","1","0","1","N","","","","","","","","","","","","98","  ","","",""
"1321","1","0","0","0","0","0","0","0","0","1","0","","36","04","2019","2019043209","4","39.9053","-76.134","1301","08","0","0","0","0","0","0","1","0","2","0","0","0","12","1","1","02","1","39 54:19.134","4","00","76 08:02.230","3","0","0","0","36216","0","0","0","N","0","0","0","3","68J01","0","","1","01","N","N","0","","1","0","0","0","0","Y","1259","1","2","0","0","0","0","0","1","1","2","N","","","","","","","","","","","","03","  ","","",""
"1320","0","0","1","0","0","0","0","0","0","4","0","","36","04","2019","2019043212","5","39.9851","-76.019","1304","08","0","0","0","0","0","1","1","0","2","0","0","0","13","1","1","02","1","39 59:06.182","6","00","76 01:08.559","2","0","0","0","36232","0","0","0","N","0","0","0","2","68J01","0","","1","01","N","N","0","","0","1","2","3","3","Y","1300","1","2","0","0","0","0","0","1","0","2","N","","","","","","","","","","","","03","  ","","",""
"1937","1","0","0","0","0","0","0","0","0","7","0","","36","04","2019","2019043214","5","39.7631","-76.1782","1922","08","0","0","0","0","0","0","0","0","2","0","0","0","19","1","1","00","2","39 45:47.255","2","00","76 10:41.546","3","0","0","0","36219","0","0","0","Y","0","0","0","1","68J01","0","","2","01","N","N","0","","1","0","0","0","0","N","1913","1","1","0","0","0","0","0","1","0","1","N","","","","","","","","","","","","03","  ","","",""
"1041","0","0","0","0","0","0","0","0","0","1","0","","36","04","2019","2019043215","7","39.9354","-76.3063","1026","08","0","0","1","0","0","1","0","0","3","0","0","0","10","1","2","00","2","39 56:07.306","5","00","76 18:22.700","3","0","0","0","36228","0","0","0","N","0","0","0","4","68J01","0","","1","09","N","N","2","","2","0","1","0","0","Y","1025","2","3","0","0","0","0","0","1","0","3","N","","","","","","","","","","","","07","  ","","",""
"1253","2","0","0","0","0","0","0","0","0","1","0","","36","04","2019","2019043217","7","40.1472","-75.9148","1222","08","0","0","1","0","0","0","0","0","","0","0","0","12","1","0","01","0","40 08:49.762","","00","75 54:53.287","0","0","0","0","36203","0","0","0","N","0","0","0","2","68J01","0","","1","01","N","N","0","","0","0","0","0","0","","1218","0","2","0","0","0","0","0","1","0","2","N","","","","","","","","","","","","03","  ","","",""
"1647","1","0","0","0","0","0","0","0","0","4","0","","36","04","2019","2019043218","7","39.9307","-76.2529","1644","08","0","0","0","1","0","0","0","0","","0","0","0","16","1","0","02","0","39 55:50.276","","00","76 15:10.901","0","0","0","0","36229","0","0","0","N","0","0","0","3","68J01","0","","1","01","N","N","0","","0","0","1","3","3","","1637","0","2","0","0","0","0","0","1","0","2","N","","","","","","","","","","","","03","  ","","",""
"0724","0","0","0","0","0","0","0","0","0","4","1","","36","04","2019","2019043219","2","40.0018","-76.0881","0715","08","0","0","0","0","0","1","0","0","3","0","1","0","07","1","1","00","1","40 00:06.583","4","00","76 05:17.143","3","0","0","0","36226","0","0","0","N","0","0","0","2","68J01","0","","1","01","N","N","1","","1","0","0","0","0","N","0713","1","2","0","0","0","0","0","1","0","2","N","","","","","","","","","","","","03","  ","","",""
"0848","1","0","0","0","0","0","0","0","0","7","0","","36","04","2019","2019043220","2","39.8513","-76.1103","0808","08","0","0","0","0","0","0","0","0","","0","0","0","08","1","0","00","0","39 51:04.572","","00","76 06:36.903","0","0","0","0","36212","0","0","0","N","0","0","0","1","68J01","0","","4","01","N","N","0","","0","0","0","0","0","","0807","0","1","0","0","0","0","0","1","0","1","N","","","","","","","","","","","","03","  ","","",""
"1522","1","0","0","0","0","0","0","0","0","1","0","","36","04","2019","2019043289","5","40.1147","-76.244","1514","08","0","0","0","0","0","1","0","0","","0","0","0","15","1","1","02","0","40 06:52.778","","00","76 14:38.314","4","0","0","0","36101","0","0","0","N","0","0","0","2","36101","1","","1","09","N","N","0","","0","0","1","0","0","","1512","1","2","0","0","1","0","0","3","0","2","N","","","","","","","","","","","","07","  ","","",""
"2024","1","0","0","0","0","0","0","0","0","9","0","","36","04","2019","2019043290","6","40.099","-76.2647","2020","08","0","0","0","0","0","0","0","0","","0","0","0","20","2","2","00","0","40 05:56.407","","00","76 15:52.848","3","0","0","0","36101","0","0","0","N","0","0","0","2","36101","0","","1","09","N","N","0","","2","0","0","0","0","","2016","2","1","0","0","0","0","0","3","0","1","N","","","","","","","","","","","","03","  ","","",""