"ARRIVAL_TM","AUTOMOBILE_COUNT","BELTED_DEATH_COUNT","BELTED_SUSP_SERIOUS_INJ_COUNT","BICYCLE_COUNT","BICYCLE_DEATH_COUNT","BICYCLE_SUSP_SERIOUS_INJ_COUNT","BUS_COUNT","CHLDPAS_DEATH_COUNT","CHLDPAS_SUSP_SERIOUS_INJ_COUNT","COLLISION_TYPE","COMM_VEH_COUNT","CONS_ZONE_SPD_LIM","COUNTY","CRASH_MONTH","CRASH_YEAR","CRN","DAY_OF_WEEK","DEC_LAT","DEC_LONG","DISPATCH_TM","DISTRICT","DRIVER_COUNT_16YR","DRIVER_COUNT_17YR","DRIVER_COUNT_18YR","DRIVER_COUNT_19YR","DRIVER_COUNT_20YR","DRIVER_COUNT_50_64YR","DRIVER_COUNT_65_74YR","DRIVER_COUNT_75PLUS","EST_HRS_CLOSED","FATAL_COUNT","HEAVY_TRUCK_COUNT","HORSE_BUGGY_COUNT","HOUR_OF_DAY","ILLUMINATION","INJURY_COUNT","INTERSECT_TYPE","LANE_CLOSED","LATITUDE","LN_CLOSE_DIR","LOCATION_TYPE","LONGITUDE","MAX_SEVERITY_LEVEL","MCYCLE_DEATH_COUNT","MCYCLE_SUSP_SERIOUS_INJ_COUNT","MOTORCYCLE_COUNT","MUNICIPALITY","NONMOTR_COUNT","NONMOTR_DEATH_COUNT","NONMOTR_SUSP_SERIOUS_INJ_COUNT","NTFY_HIWY_MAINT","PED_COUNT","PED_DEATH_COUNT","PED_SUSP_SERIOUS_INJ_COUNT","PERSON_COUNT","POLICE_AGCY","POSSIBLE_INJ_COUNT","RDWY_SURF_TYPE_CD","RELATION_TO_ROAD","ROAD_CONDITION","SCH_BUS_IND","SCH_ZONE_IND","SMALL_TRUCK_COUNT","SPEC_JURIS_CD","SUSP_MINOR_INJ_COUNT","SUSP_SERIOUS_INJ_COUNT","SUV_COUNT","TCD_FUNC_CD","TCD_TYPE","TFC_DETOUR_IND","TIME_OF_DAY","TOT_INJ_COUNT","TOTAL_UNITS","UNB_DEATH_COUNT","UNB_SUSP_SERIOUS_INJ_COUNT","UNBELTED_OCC_COUNT","UNK_INJ_DEG_COUNT","UNK_INJ_PER_COUNT","URBAN_RURAL","VAN_COUNT","VEHICLE_COUNT","WORK_ZONE_IND","WORK_ZONE_LOC","WORK_ZONE_TYPE","WORKERS_PRES","WZ_CLOSE_DETOUR","WZ_FLAGGER","WZ_LAW_OFFCR_IND","WZ_LN_CLOSURE","WZ_MOVING","WZ_OTHER","WZ_SHLDER_MDN","ROADWAY_CLEARED","WEATHER1","WEATHER2","WZ_WORKERS_INJ_KILLED","SECONDARY_CRASH","INTERSECTION_RELATED"
"0619","1","0","0","0","0","0","0","0","0","2","0","","36","04","2019","2019043291","4","40.0859","-76.2052","0612","08","0","0","0","0","0","1","0","0","3","0","0","0","06","1","2","00","2","40 05:09.261","3","00","76 12:18.762","3","0","0","0","36234","0","0","0","N","0","0","0","2","36215","0","","1","01","N","N","0","","1","0","0","0","0","Y","0612","2","2","0","0","0","1","0","1","1","2","N","","","","","","","","","","","","03","  ","","",""
"2232","2","0","0","0","0","0","0","0","0","4","0","","36","04","2019","2019043438","2","40.0606","-76.2768","2226","08","1","0","0","0","0","0","0","0","2","0","0","0","22","3","0","01","1","40 03:38.263","2","00","76 16:36.564","0","0","0","0","36101","0","0","0","N","0","0","0","2","36101","0","","1","01","N","N","0","","0","0","0","3","2","N","2211","0","2","0","0","0","0","0","3","0","2","N","","","","","","","","","","","","03","  ","","",""
"1241","2","0","0","0","0","0","0","0","0","4","0","","36","04","2019","2019043439","3","40.063","-76.3385","1241","08","0","1","0","0","0","1","0","0","2","0","0","0","12","1","0","00","1","40 03:46.803","3","07","76 20:18.547","0","0","0","0","36101","0","0","0","N","0","0","0","2","36101","0","","1","01","N","N","0","","0","0","0","3","3","N","1239","0","2","0","0","0","0","0","3","0","2","N","","","","","","","","","","","","03","  ","","",""
"1701","1","0","0","0","0","0","0","0","0","1","1","","36","04","2019","2019043440","3","40.0831","-76.2742","1654","08","0","0","0","0","0","1","0","0","","0","1","0","16","1","0","00","0","40 04:59.174","","00","76 16:27.143","0","0","0","0","36101","0","0","0","N","0","0","0","2","36101","0","","1","01","N","N","0","","0","0","0","0","0","","1651","0","2","0","0","0","0","0","3","0","2","N","","","","","","","","","","","","03","  ","","",""
"1028","0","0","0","0","0","0","0","0","0","4","0","","36","04","2019","2019043477","6","40.0591","-76.4629","1022","08","0","0","0","0","0","0","0","0","1","0","0","0","10","1","0","03","1","40 03:32.814","2","00","76 27:46.398","0","0","0","0","36239","0","0","0","N","0","0","0","2","36239","0","","1","09","N","N","2","","0","0","0","0","0","Y","1019","0","2","0","0","0","0","0","3","0","2","N","","","","","","","","","","","","07","  ","","",""
"1358","1","0","0","0","0","0","0","0","0","4","0","","36","04","2019","2019043500","6","40.1737","-76.3384","1354","08","0","0","0","0","0","1","0","0","1","0","0","0","13","1","0","01","1","40 10:25.198","3","00","76 20:18.137","0","0","0","0","36227","0","0","0","N","0","0","0","5","36506","0","","1","01","N","N","0","","0","0","0","0","0","N","1354","0","2","0","0","1","0","0","1","1","2","N","","","","","","","","","","","","03","  ","","",""
"0808","1","0","0","0","0","0","0","0","0","4","1","","36","03","2019","2019043517","3","39.9631","-75.9974","0801","08","0","0","0","0","0","0","1","0","","0","1","0","07","1","0","01","0","39 57:47.302","","00","75 59:50.526","0","0","0","0","36231","0","0","0","N","0","0","0","2","68J01","0","","1","01","N","N","0","","0","0","0","3","2","","0748","0","2","0","0","0","0","0","1","0","2","N","","","","","","","","","","","","03","  ","","",""
"0918","0","0","0","0","0","0","0","0","0","7","0","","36","03","2019","2019043518","3","39.8829","-76.1349","0904","08","0","0","0","0","1","0","0","0","","0","0","0","08","1","1","00","0","39 52:58.544","","00","76 08:05.483","3","0","0","0","36205","0","0","0","N","0","0","0","1","68J01","0","","2","01","N","N","1","","1","0","0","0","0","","0858","1","1","0","0","0","0","0","1","0","1","N","","","","","","","","","","","","03","  ","","",""
"1534","2","0","0","0","0","0","0","0","0","4","0","","36","03","2019","2019043521","4","40.0381","-76.1066","1521","08","0","0","0","0","1","0","0","0","1","0","0","0","15","1","0","01","1","40 02:17.056","4","00","76 06:23.604","0","0","0","0","36221","0","0","0","N","0","0","0","4","68J01","0","","1","01","N","N","0","","0","0","0","3","3","N","1517","0","2","0","0","0","0","0","1","0","2","N","","","","","","","","","","","","03","  ","","",""
"0608","1","0","0","0","0","0","0","0","0","4","0","","36","04","2019","2019043527","4","40.0685","-76.3074","0603","08","0","0","0","0","0","0","0","0","2","0","0","0","05","5","1","01","1","40 04:06.527","3","00","76 18:26.750","4","0","0","0","36101","0","0","0","N","0","0","0","2","68J01","1","","1","01","N","N","1","","0","0","0","3","2","Y","0558","1","2","0","0","0","0","0","3","0","2","N","","","","","","","","","","","","03","  ","","",""
"2203","0","0","0","0","0","0","0","0","0","5","1","","36","04","2019","2019043544","5","40.2236","-76.0662","2145","08","0","0","0","0","0","0","0","0","","0","1","0","21","2","0","00","0","40 13:25.008","","00","76 03:58.170","0","0","0","0","36202","1","0","0","N","0","0","0","2","68J01","0","","2","01","N","N","0","","0","0","1","0","0","","2139","0","2","0","0","0","0","0","1","0","2","N","","","","","","","","","","","","03","  ","","",""
"1632","0","0","0","0","0","0","0","0","0","7","0","","36","04","2019","2019043551","6","40.2105","-76.1321","1628","08","0","0","0","0","0","0","0","1","","0","0","0","16","1","0","00","0","40 12:37.953","","00","76 07:55.671","0","0","0","0","36210","0","0","0","N","0","0","0","1","36210","0","","5","09","N","N","1","","0","0","0","0","0","","1627","0","1","0","0","0","0","0","1","0","1","N","","","","","","","","","","","","07","  ","","",""
"0529","2","0","0","0","0","0","0","0","0","4","0","","36","04","2019","2019043576","4","40.0654","-76.4577","0525","08","0","0","0","0","0","2","0","0","1","0","0","0","05","3","0","01","1","40 03:55.424","5","00","76 27:27.620","0","0","0","0","36239","0","0","0","N","0","0","0","2","36239","0","","1","01","N","N","0","","0","0","0","3","2","N","0518","0","2","0","0","0","0","0","3","0","2","N","","","","","","","","","","","","03","  ","","",""
"1426","1","0","0","0","0","0","0","0","0","4","1","","36","04","2019","2019043594","7","39.9717","-76.3052","1425","08","0","0","0","0","0","1","0","0","1","0","1","0","14","1","0","01","1","39 58:17.992","2","00","76 18:18.792","0","0","0","0","36228","0","0","0","N","0","0","0","2","36503","0","","1","01","N","N","0","","0","0","0","3","3","Y","1423","0","2","0","0","0","0","0","1","0","2","N","","","","","","","","","","","","03","  ","","",""
"0249","0","0","0","0","0","0","0","0","0","7","0","","36","04","2019","2019043621","7","40.0395","-76.4089","0246","08","0","0","0","0","0","0","0","0","2","0","0","0","02","2","0","00","2","40 02:22.200","5","00","76 24:32.200","0","0","0","0","36239","0","0","0","N","0","0","0","1","36239","0","","5","01","N","N","0","","0","0","1","0","0","Y","0244","0","1","0","0","0","0","0","3","0","1","N","","","","","","","","","","","","03","  ","","",""
"2148","1","0","0","0","0","0","0","0","0","7","0","","36","04","2019","2019043647","6","40.1252","-76.005","2144","08","0","0","0","0","0","0","0","0","3","0","0","0","21","3","1","00","2","40 07:30.554","6","00","76 00:18.076","3","0","0","0","36213","0","0","0","Y","0","0","0","1","36213","0","","4","01","N","N","0","","1","0","1","0","0","Y","2141","1","2","0","0","0","0","0","1","0","2","N","","","","","","","","","","","","03","  ","","",""
"1718","0","0","0","0","0","0","0","0","0","7","0","","36","04","2019","2019043685","6","40.0146","-76.3261","1712","08","0","0","0","0","0","0","0","0","2","0","0","0","17","1","0","02","1","40 00:52.712","6","00","76 19:33.907","0","0","0","0","36220","0","0","0","N","0","0","0","1","36101","0","","2","09","N","N","0","","0","0","1","0","0","N","1711","0","1","0","0","0","0","0","3","0","1","N","","","","","","","","","","","","07","  ","","",""
"1454","1","0","0","0","0","0","0","0","0","5","0","","36","04","2019","2019043722","2","40.1353","-76.2118","1450","08","0","0","0","0","0","1","0","0","","0","0","1","14","1","0","00","0","40 08:07.145","","00","76 12:42.634","0","0","0","0","36238","4","0","0","N","0","0","0","5","36238","0","","2","01","N","N","0","","0","0","0","0","0","","1448","0","2","0","0","0","0","0","3","0","1","N","","","","","","","","","","","","03","  ","","",""
"1428","0","0","0","0","0","0","0","0","0","4","0","","36","04","2019","2019043723","7","40.033","-76.506","1426","08","0","0","0","0","0","1","0","0","1","0","0","0","14","1","1","01","2","40 01:58.979","4","00","76 30:21.554","4","0","0","0","36404","0","0","0","N","0","0","0","6","36404","1","","1","01","N","N","0","","0","0","2","3","3","N","1424","1","2","0","0","0","0","0","3","0","2","N","","","","","","","","","","","","03","  ","","",""
"1634","0","0","0","0","0","0","0","0","0","1","0","","36","04","2019","2019043735","1","40.1534","-76.3717","1630","08","0","0","0","0","0","0","0","0","2","0","0","0","16","1","0","00","1","40 09:12.339","7","00","76 22:17.999","0","0","0","0","36227","0","0","0","N","0","0","0","2","36506","0","","1","01","N","N","0","","0","0","2","0","0","Y","1629","0","2","0","0","0","0","0","1","0","2","N","","","","","","","","","","","","03","  ","","",""
"1616","0","0","0","0","0","0","0","0","0","8","0","","36","04","2019","2019043737","2","40.172","-76.3844","1613","08","0","0","0","0","0","0","0","1","","0","0","0","16","1","1","00","0","40 10:19.100","","00","76 23:03.700","8","0","0","0","36227","1","0","0","N","1","0","0","2","36506","0","","1","01","N","N","0","","0","0","1","0","0","","1612","1","2","0","0","0","1","0","1","0","1","N","","","","","","","","","","","","03","  ","","",""
"0657","1","0","0","0","0","0","0","0","0","7","0","","36","03","2019","2019043766","4","39.8614","-76.2658","0622","08","0","0","0","0","0","1","0","0","2","0","0","0","06","5","0","00","1","39 51:40.902","4","00","76 15:57.014","0","0","0","0","36224","0","0","0","Y","0","0","0","4","68J01","0","","4","02","N","N","1","","0","0","0","0","0","N","0622","0","2","0","0","0","0","0","1","0","2","N","","","","","","","","","","","","03","  ","","",""
"1030","0","0","0","0","0","0","0","0","0","4","0","","36","03","2019","2019043767","4","39.928","-76.253","1024","08","0","0","0","0","0","0","0","1","2","0","0","0","10","1","0","01","1","39 55:40.897","2","00","76 15:10.965","0","0","0","0","36229","0","0","0","N","0","0","0","2","68J01","0","","1","01","N","N","1","","0","0","1","3","3","Y","1020","0","2","0","0","0","0","0","1","0","2","N","","","","","","","","","","","","03","  ","","",""
"1248","0","0","0","0","0","0","0","0","0","4","1","","36","03","2019","2019043768","4","40.0288","-76.0823","1247","08","0","0","0","0","0","0","1","0","","0","1","0","12","1","0","01","0","40 01:43.655","","00","76 04:56.285","0","0","0","0","36221","0","0","0","N","0","0","0","3","68J01","0","","1","01","N","N","0","","0","0","1","3","3","","1244","0","2","0","0","0","0","0","1","0","2","N","","","","","","","","","","","","03","  ","","",""
"1620","0","0","0","0","0","0","0","0","0","1","0","","36","03","2019","2019043769","5","39.7739","-76.0739","1558","08","0","0","0","0","0","0","1","0","","0","0","0","15","1","0","01","0","39 46:25.869","","00","76 04:26.053","0","0","0","0","36222","0","0","0","N","0","0","0","2","68J01","0","","1","01","N","N","1","","0","0","0","0","0","","1554","0","2","0","0","0","0","0","1","1","2","N","","","","","","","","","","","","03","  ","","",""
"1549","1","0","0","0","0","0","0","0","0","1","0","","36","03","2019","2019043770","6","39.9036","-76.2418","1536","08","0","0","1","0","0","0","0","1","2","0","0","0","15","1","0","00","1","39 54:12.845","2","00","76 14:30.601","0","0","0","0","36229","0","0","0","N","0","0","0","3","68J01","0","","1","01","N","N","2","","0","0","0","0","0","N","1532","0","3","0","0","0","0","0","1","0","3","N","","","","","","","","","","","","03","  ","","",""
"1530","1","0","0","0","0","0","0","0","0","1","0","","36","03","2019","2019043772","1","39.9089","-76.2427","1530","08","0","0","1","0","0","2","0","0","1","0","0","0","15","1","0","00","2","39 54:32.099","5","07","76 14:33.833","0","0","0","0","36229","0","0","0","N","0","0","0","4","68J01","0","","1","01","N","N","1","","0","0","2","0","0","N","1527","0","4","0","0","0","0","0","1","0","4","N","","","","","","","","","","","","03","  ","","",""
"0024","1","0","0","0","0","0","0","0","0","7","0","","36","04","2019","2019043773","2","39.9291","-76.1851","0019","08","0","0","0","0","0","0","0","0","2","0","0","0","00","2","0","00","2","39 55:44.700","4","00","76 11:06.200","0","0","0","0","36233","0","0","0","Y","0","0","0","1","68J01","0","","4","01","N","N","0","","0","0","0","0","0","N","0015","0","1","0","0","0","0","0","1","0","1","N","","","","","","","","","","","","03","  ","","",""
"0633","0","0","0","0","0","0","0","0","0","7","0","","36","04","2019","2019043774","4","39.9093","-76.0486","0608","08","0","0","0","0","0","0","0","1","1","0","0","0","05","1","0","03","1","39 54:33.335","1","00","76 02:55.078","0","0","0","0","36201","0","0","0","N","0","0","0","2","68J01","0","","4","01","N","N","1","","0","0","0","0","0","N","0552","0","1","0","0","0","0","0","1","0","1","N","","","","","","","","","","","","03","  ","","",""
"2021","1","0","0","0","0","0","0","0","0","4","0","","36","04","2019","2019043775","4","40.2206","-76.2609","2011","08","0","0","0","0","0","0","2","0","2","0","0","0","20","2","1","02","1","40 13:14.062","4","00","76 15:39.192","3","0","0","0","36217","0","0","0","N","0","0","0","2","68J01","0","","1","01","N","N","1","","1","0","0","3","3","Y","2009","1","2","0","0","0","0","0","1","0","2","N","","","","","","","","","","","","03","  ","","",""
"1304","1","0","1","0","0","0","0","0","0","1","0","","36","04","2019","2019043777","6","39.9914","-76.0166","1249","08","0","0","0","0","0","1","0","1","","0","0","0","12","1","1","00","0","39 59:29.214","","00","76 00:59.722","2","0","0","0","36232","0","0","0","N","0","0","0","3","68J01","0","","1","01","N","N","1","","0","1","1","3","2","","1248","1","3","0","0","0","0","0","1","0","3","N","","","","","","","","","","","","03","  ","","",""
"1453","1","0","0","0","0","0","0","0","0","1","0","","36","04","2019","2019043778","6","39.8726","-76.2286","1430","08","0","0","0","1","0","1","0","0","2","0","0","0","14","1","1","02","1","39 52:21.285","2","00","76 13:43.327","3","0","0","0","36208","0","0","0","N","0","0","0","2","68J01","0","","1","09","N","N","0","","1","0","1","0","0","N","1428","1","2","0","0","0","0","0","1","0","2","N","","","","","","","","","","","","07","  ","","",""
"1357","0","0","0","0","0","0","0","0","0","0","0","","36","04","2019","2019043780","7","39.9277","-76.38","1337","08","0","0","0","0","0","0","0","0","","0","0","0","13","1","1","00","0","39 55:39.750","","00","76 22:47.940","2","0","1","1","36206","0","0","0","N","0","0","0","1","68J01","0","","4","01","N","N","0","","0","1","0","0","0","","1333","1","1","0","0","0","0","0","1","0","1","N","","","","","","","","","","","","03","  ","","",""
"1602","1","0","0","0","0","0","0","0","0","4","0","","36","04","2019","2019043781","7","39.9978","-76.056","1544","08","0","0","0","0","0","1","0","0","","0","0","0","15","1","0","01","0","39 59:51.989","","00","76 03:21.643","0","0","0","0","36232","0","0","0","N","0","0","0","3","68J01","0","","1","01","N","N","0","","0","0","1","3","3","","1543","0","2","0","0","0","0","0","1","0","2","N","","","","","","","","","","","","03","  ","","",""
"2139","0","0","0","0","0","0","0","0","0","9","0","","36","04","2019","2019043783","7","40.2269","-76.0563","2139","08","0","0","0","0","0","0","0","0","","0","0","0","21","2","0","00","0","40 13:36.753","","00","76 03:22.509","0","0","0","0","36202","0","0","0","N","0","0","0","4","68J01","0","","1","01","N","N","0","","0","0","1","0","0","","2127","0","1","0","0","0","0","0","1","0","1","N","","","","","","","","","","","","03","  ","","",""
"2148","1","0","0","0","0","0","0","0","0","7","0","","36","04","2019","2019043786","1","40.0012","-76.1846","2140","08","0","0","0","0","0","0","0","0","","0","0","0","21","2","0","00","0","40 00:04.242","","00","76 11:04.510","0","0","0","0","36233","0","0","0","N","0","0","0","1","68J01","0","","2","09","N","N","0","","0","0","0","0","0","","2136","0","1","0","0","0","0","0","1","0","1","N","","","","","","","","","","","","07","  ","","",""
"1408","1","0","0","0","0","0","0","0","0","7","0","65","36","04","2019","2019043787","2","40.2326","-76.049","1408","08","0","0","0","0","0","0","0","0","4","0","0","0","13","1","2","00","2","40 13:57.260","1","00","76 02:56.413","3","0","0","0","36202","0","0","0","N","0","0","0","2","68J01","0","","4","01","N","N","0","","2","0","0","3","1","N","1325","2","1","0","0","2","0","0","1","0","1","Y","3","2","Y","N","N","N","Y","N","N","Y","","03","  ","","",""
"2122","1","0","0","0","0","0","0","0","0","7","0","","36","04","2019","2019043789","4","40.1327","-75.9638","2112","08","0","0","0","0","0","0","1","0","","0","0","0","21","2","0","00","0","40 07:57.740","","00","75 57:49.526","0","0","0","0","36203","0","0","0","N","0","0","0","1","68J01","0","","2","01","N","N","0","","0","0","0","0","0","","2106","0","1","0","0","0","0","0","1","0","1","N","","","","","","","","","","","","03","  ","","",""
"1220","1","0","0","0","0","0","0","0","0","4","0","","36","04","2019","2019043790","5","39.9722","-76.1802","1210","08","0","0","0","1","0","1","0","0","","0","0","0","12","1","0","02","0","39 58:19.923","","00","76 10:48.825","0","0","0","0","36233","0","0","0","N","0","0","0","2","68J01","0","","1","01","N","N","0","","0","0","0","0","0","","1205","0","2","0","0","0","0","0","1","0","2","N","","","","","","","","","","","","03","  ","","",""
"1640","1","0","0","0","0","0","0","0","0","4","0","","36","04","2019","2019043815","6","40.0626","-76.2439","1640","08","0","0","0","0","0","0","2","0","","0","0","0","16","1","0","02","0","40 03:45.356","","00","76 14:38.072","0","0","0","0","36215","0","0","0","N","0","0","0","2","68J01","0","","1","09","N","N","0","","0","0","1","3","3","","1639","0","2","0","0","0","0","0","1","0","2","N","","","","","","","","","","","","07","  ","","",""
"1915","2","0","0","0","0","0","0","0","0","1","0","","36","04","2019","2019043816","6","39.9897","-75.9975","1912","08","0","0","0","0","0","0","1","0","","0","0","0","19","1","0","00","0","39 59:22.771","","00","75 59:51.083","0","0","0","0","36232","0","0","0","N","0","0","0","3","68J01","0","","1","09","N","N","1","","0","0","0","0","0","","1911","0","3","0","0","0","0","0","1","0","3","N","","","","","","","","","","","","03","  ","","",""
"1541","1","0","0","0","0","0","0","0","0","4","0","","36","04","2019","2019044024","1","40.0491","-76.3057","1537","08","0","0","0","0","0","2","0","0","2","0","0","0","15","1","0","01","1","40 02:56.626","2","00","76 18:20.639","0","0","0","0","36301","0","0","0","N","0","0","0","2","36301","0","","1","01","N","N","0","","0","0","0","3","3","N","1535","0","2","0","0","0","0","0","3","1","2","N","","","","","","","","","","","","03","  ","","",""
"1406","1","0","0","0","0","0","0","0","0","7","0","","36","04","2019","2019043854","6","40.1003","-76.2573","1358","08","0","0","0","0","0","0","0","0","","0","0","0","13","1","0","07","0","40 05:55.127","","02","76 15:30.249","0","0","0","0","36101","0","0","0","N","0","0","0","1","36101","0","","7","01","N","N","0","","0","0","0","0","0","","1355","0","1","0","0","0","0","0","3","0","1","N","","","","","","","","","","","","03","  ","","",""
"1502","1","0","0","0","0","0","0","0","0","7","0","","36","04","2019","2019043942","1","40.1394","-76.0164","1459","08","0","0","0","0","0","0","0","0","2","0","0","0","14","1","1","02","2","40 08:21.875","5","00","76 00:59.101","3","0","0","0","36213","0","0","0","N","0","0","0","3","36213","0","","4","01","N","N","0","","1","0","0","0","0","Y","1455","1","1","0","0","0","0","0","1","0","1","N","","","","","","","","","","","","03","  ","","",""
"1547","1","0","0","0","0","0","0","0","0","4","0","","36","04","2019","2019043955","3","40.1107","-76.2057","1542","08","0","0","0","0","0","0","1","0","","0","0","0","15","1","0","02","0","40 06:38.660","","00","76 12:20.396","0","0","0","0","36238","0","0","0","N","0","0","0","3","36238","0","","1","01","N","N","0","","0","0","0","3","3","","1540","0","2","0","0","0","0","0","3","1","2","N","","","","","","","","","","","","03","  ","","",""
"1454","2","0","0","0","0","0","0","0","0","1","0","","36","04","2019","2019043983","7","40.0942","-76.3777","1443","08","0","0","0","0","0","1","0","1","","0","0","0","14","1","1","01","0","40 05:38.962","","00","76 22:39.699","3","0","0","0","36214","0","0","0","N","0","0","0","3","36214","0","","1","01","N","N","0","","1","0","0","3","2","","1440","1","2","0","0","0","0","0","3","0","2","N","","","","","","","","","","","","03","  ","","",""
"0705","1","0","0","0","0","0","0","0","0","5","0","","36","04","2019","2019043999","2","40.048","-76.4315","0705","08","0","0","1","0","0","0","0","0","","0","0","0","07","1","0","00","0","40 02:52.700","","00","76 25:53.300","0","0","0","0","36239","0","0","0","N","0","0","0","4","36239","0","","1","01","N","N","0","","0","0","1","0","0","","0705","0","2","0","0","0","0","0","3","0","2","N","","","","","","","","","","","","03","  ","","",""
"0857","2","0","0","0","0","0","0","0","0","1","0","","36","04","2019","2019044015","2","40.1832","-76.1918","0851","08","1","0","0","1","0","0","0","0","","0","0","0","08","1","0","02","0","40 10:59.536","","00","76 11:30.551","0","0","0","0","36408","0","0","0","N","0","0","0","9","36408","0","","1","01","N","N","0","","0","0","1","3","2","","0851","0","3","0","0","0","0","0","2","0","3","N","","","","","","","","","","","","03","  ","","",""
"0145","0","0","0","0","0","0","0","0","0","7","0","","36","03","2019","2019044065","1","39.9444","-76.1373","0126","08","0","0","0","0","0","1","0","0","1","0","0","0","01","2","1","00","1","39 56:39.800","3","00","76 08:14.400","3","0","0","0","36233","0","0","0","N","0","0","0","1","68J01","0","","5","01","N","N","0","","1","0","1","0","0","N","0126","1","1","0","0","0","0","0","1","0","1","N","","","","","","","","","","","","03","  ","","",""
"2339","1","0","0","0","0","0","0","0","0","7","0","","36","04","2019","2019044080","3","39.9721","-76.3548","2310","08","0","0","0","0","1","0","0","0","2","0","0","0","23","2","0","03","1","39 58:19.550","5","00","76 21:17.286","9","0","0","0","36206","0","0","0","Y","0","0","0","4","68J01","0","","4","01","N","N","0","","0","0","0","0","0","N","2301","0","1","0","0","0","0","4","1","0","1","N","","","","","","","","","","","","03","  ","","",""
"0550","0","0","0","0","0","0","0","0","0","9","0","","36","04","2019","2019044229","2","40.0705","-76.3172","0522","08","0","0","0","0","0","0","0","0","","0","0","0","05","3","0","00","0","40 04:13.677","","03","76 19:01.782","0","0","0","0","36101","0","0","0","N","0","0","0","1","36101","0","","1","01","N","N","0","","0","0","1","0","0","","0520","0","1","0","0","0","0","0","3","0","1","N","","","","","","","","","","","","03","  ","","",""
"0035","1","0","1","0","0","0","0","0","0","9","0","","36","04","2019","2019044230","2","40.0369","-76.2603","0022","08","0","0","0","0","0","0","0","0","2","0","0","0","00","3","1","00","2","40 02:12.910","6","00","76 15:36.935","2","0","0","0","36215","0","0","0","N","0","0","0","1","36215","0","","1","01","N","N","0","","0","1","0","0","0","N","0019","1","1","0","0","0","0","0","1","0","1","N","","","","","","","","","","","","03","  ","","",""
"2248","1","0","0","0","0","0","0","0","0","6","0","","36","04","2019","2019044231","3","40.0292","-76.2468","2245","08","0","0","0","0","1","0","0","0","2","0","0","0","22","2","2","00","2","40 01:45.010","6","00","76 14:48.330","3","0","0","0","36215","0","0","0","N","0","0","0","2","36215","0","","1","09","N","N","0","","1","0","1","0","0","Y","2245","2","2","0","0","0","1","0","1","0","2","N","","","","","","","","","","","","03","  ","","",""
"1036","0","0","0","0","0","0","0","0","0","4","0","","36","04","2019","2019044232","7","40.0406","-76.2528","1036","08","0","0","0","0","0","1","0","0","2","0","0","0","10","1","2","01","2","40 02:26.267","7","00","76 15:10.183","4","0","0","0","36215","0","0","0","N","0","0","0","2","36215","2","","1","01","N","N","2","","0","0","0","3","2","Y","1035","2","2","0","0","0","0","0","1","0","2","N","","","","","","","","","","","","03","  ","","",""
"0038","0","0","0","0","0","0","0","0","0","7","0","","36","04","2019","2019044233","6","40.1283","-76.4114","0027","08","0","0","0","0","0","0","0","0","1","0","0","0","00","2","1","00","1","40 07:41.900","2","00","76 24:41.000","8","0","0","0","36230","0","0","0","N","0","0","0","1","36410","0","","4","01","N","N","0","","0","0","1","0","0","N","0026","1","1","0","0","0","1","0","1","0","1","N","","","","","","","","","","","","03","  ","","",""
"1523","1","0","0","0","0","0","0","0","0","4","0","","36","04","2019","2019044234","7","40.1438","-76.4643","1518","08","0","0","0","0","0","0","0","0","2","0","0","0","15","1","1","01","1","40 08:37.770","6","00","76 27:51.359","8","0","0","1","36230","0","0","0","N","0","0","0","6","36410","0","","1","01","N","N","0","","0","0","0","3","3","Y","1517","1","2","0","0","0","1","0","1","0","2","N","","","","","","","","","","","","03","  ","","",""
"1501","2","0","0","0","0","0","0","0","0","5","0","","36","04","2019","2019044252","2","40.0651","-76.5684","1456","08","0","1","1","0","0","0","0","0","2","0","0","0","14","1","0","02","1","40 03:54.205","6","00","76 34:06.236","0","0","0","0","36211","0","0","0","N","0","0","0","2","36504","0","","1","01","N","N","0","","0","0","0","3","3","N","1450","0","2","0","0","0","0","0","1","0","2","N","","","","","","","","","","","","03","  ","","",""
"2313","1","0","0","0","0","0","0","0","0","7","0","","36","03","2019","2019044273","4","40.0097","-76.1285","2307","08","0","0","0","0","0","0","0","0","","0","0","0","22","2","0","00","0","40 00:35.096","","00","76 07:42.725","0","0","0","0","36226","0","0","0","N","0","0","0","1","68J01","0","","4","01","N","N","0","","0","0","0","0","0","","2257","0","1","0","0","0","0","0","1","0","1","N","","","","","","","","","","","","03","  ","","",""
"1822","1","0","0","0","0","0","0","0","0","2","0","","36","04","2019","2019044278","4","39.8974","-76.2064","1816","08","0","0","1","0","0","0","1","0","","0","0","0","18","1","0","03","0","39 53:50.719","","00","76 12:22.978","0","0","0","0","36229","0","0","0","N","0","0","0","2","68J01","0","","1","01","N","N","0","","0","0","1","3","3","","1812","0","2","0","0","0","0","0","1","0","2","N","","","","","","","","","","","","03","  ","","",""