"ARRIVAL_TM","AUTOMOBILE_COUNT","BELTED_DEATH_COUNT","BELTED_SUSP_SERIOUS_INJ_COUNT","BICYCLE_COUNT","BICYCLE_DEATH_COUNT","BICYCLE_SUSP_SERIOUS_INJ_COUNT","BUS_COUNT","CHLDPAS_DEATH_COUNT","CHLDPAS_SUSP_SERIOUS_INJ_COUNT","COLLISION_TYPE","COMM_VEH_COUNT","CONS_ZONE_SPD_LIM","COUNTY","CRASH_MONTH","CRASH_YEAR","CRN","DAY_OF_WEEK","DEC_LAT","DEC_LONG","DISPATCH_TM","DISTRICT","DRIVER_COUNT_16YR","DRIVER_COUNT_17YR","DRIVER_COUNT_18YR","DRIVER_COUNT_19YR","DRIVER_COUNT_20YR","DRIVER_COUNT_50_64YR","DRIVER_COUNT_65_74YR","DRIVER_COUNT_75PLUS","EST_HRS_CLOSED","FATAL_COUNT","HEAVY_TRUCK_COUNT","HORSE_BUGGY_COUNT","HOUR_OF_DAY","ILLUMINATION","INJURY_COUNT","INTERSECT_TYPE","LANE_CLOSED","LATITUDE","LN_CLOSE_DIR","LOCATION_TYPE","LONGITUDE","MAX_SEVERITY_LEVEL","MCYCLE_DEATH_COUNT","MCYCLE_SUSP_SERIOUS_INJ_COUNT","MOTORCYCLE_COUNT","MUNICIPALITY","NONMOTR_COUNT","NONMOTR_DEATH_COUNT","NONMOTR_SUSP_SERIOUS_INJ_COUNT","NTFY_HIWY_MAINT","PED_COUNT","PED_DEATH_COUNT","PED_SUSP_SERIOUS_INJ_COUNT","PERSON_COUNT","POLICE_AGCY","POSSIBLE_INJ_COUNT","RDWY_SURF_TYPE_CD","RELATION_TO_ROAD","ROAD_CONDITION","SCH_BUS_IND","SCH_ZONE_IND","SMALL_TRUCK_COUNT","SPEC_JURIS_CD","SUSP_MINOR_INJ_COUNT","SUSP_SERIOUS_INJ_COUNT","SUV_COUNT","TCD_FUNC_CD","TCD_TYPE","TFC_DETOUR_IND","TIME_OF_DAY","TOT_INJ_COUNT","TOTAL_UNITS","UNB_DEATH_COUNT","UNB_SUSP_SERIOUS_INJ_COUNT","UNBELTED_OCC_COUNT","UNK_INJ_DEG_COUNT","UNK_INJ_PER_COUNT","URBAN_RURAL","VAN_COUNT","VEHICLE_COUNT","WORK_ZONE_IND","WORK_ZONE_LOC","WORK_ZONE_TYPE","WORKERS_PRES","WZ_CLOSE_DETOUR","WZ_FLAGGER","WZ_LAW_OFFCR_IND","WZ_LN_CLOSURE","WZ_MOVING","WZ_OTHER","WZ_SHLDER_MDN","ROADWAY_CLEARED","WEATHER1","WEATHER2","WZ_WORKERS_INJ_KILLED","SECONDARY_CRASH","INTERSECTION_RELATED"
"1200","0","0","0","0","0","0","0","0","0","4","1","","36","04","2019","2019044285","4","39.9628","-75.9948","1130","08","0","0","0","0","0","1","1","0","","0","1","0","11","1","0","00","0","39 57:46.156","","00","75 59:41.218","0","0","0","0","36231","0","0","0","N","0","0","0","3","68J01","0","","1","01","N","N","0","","0","0","1","0","0","","1123","0","2","0","0","0","0","0","1","0","2","N","","","","","","","","","","","","03","  ","","",""
"1157","0","0","0","0","0","0","0","0","0","4","2","","36","04","2019","2019044286","4","39.7739","-76.1791","1138","08","0","0","0","0","0","1","1","0","3","0","2","0","11","1","0","01","1","39 46:25.988","5","00","76 10:44.934","0","0","0","0","36219","0","0","0","N","0","0","0","2","68J01","0","","1","01","N","N","0","","0","0","0","3","3","N","1134","0","2","0","0","0","0","0","1","0","2","N","","","","","","","","","","","","03","  ","","",""
"2114","0","0","0","0","0","0","0","0","0","7","0","","36","04","2019","2019044288","4","39.9181","-76.3089","2105","08","0","0","0","0","0","0","1","0","2","0","0","0","21","2","1","00","2","39 55:07.312","1","00","76 18:30.499","4","0","0","0","36224","0","0","0","Y","0","0","0","1","68J01","1","","4","01","N","N","1","","0","0","0","0","0","N","2101","1","1","0","0","1","0","0","1","0","1","N","","","","","","","","","","","","03","  ","","",""
"0729","2","0","0","0","0","0","0","0","0","4","0","","36","04","2019","2019044289","5","39.8407","-76.0608","0707","08","0","0","0","0","0","1","0","0","2","0","0","0","06","1","0","00","2","39 50:26.690","1","00","76 03:38.910","0","0","0","0","36205","0","0","0","N","0","0","0","2","68J01","0","","1","01","N","N","0","","0","0","0","0","0","Y","0652","0","2","0","0","0","0","0","1","0","2","N","","","","","","","","","","","","03","  ","","",""
"1958","1","0","0","0","0","0","0","0","0","7","0","","36","04","2019","2019044291","5","39.9077","-76.2048","1953","08","0","0","0","0","0","0","0","0","3","0","0","0","19","2","1","00","2","39 54:27.800","5","00","76 12:17.200","3","0","0","0","36229","0","0","0","N","0","0","0","1","68J01","0","","4","01","N","N","0","","1","0","0","0","0","Y","1953","1","1","0","0","0","0","0","1","0","1","N","","","","","","","","","","","","03","  ","","",""
"2336","1","0","0","0","0","0","0","0","0","7","0","","36","04","2019","2019044293","6","40.2236","-76.0672","2317","08","0","0","1","0","0","1","0","0","1","0","0","0","23","2","0","00","1","40 13:24.813","1","00","76 04:01.816","0","0","0","0","36202","0","0","0","Y","0","0","0","5","68J01","0","","3","09","N","N","0","","0","0","1","0","0","N","2302","0","2","0","0","0","0","0","1","0","2","N","","","","","","","","","","","","07","  ","","",""
"1838","1","0","0","0","0","0","0","0","0","4","0","","36","04","2019","2019044328","5","40.0049","-76.1051","1833","08","0","0","1","0","0","0","0","1","1","0","0","0","18","1","0","01","2","40 00:17.506","5","00","76 06:18.451","0","0","0","0","36226","0","0","0","N","0","0","0","7","68J01","0","","1","01","N","N","1","","0","0","0","3","2","Y","1830","0","2","0","0","3","0","0","1","0","2","N","","","","","","","","","","","","03","  ","","",""
"2152","1","0","0","0","0","0","0","0","0","7","0","","36","04","2019","2019044329","5","40.1948","-76.3047","2118","08","0","0","0","0","1","0","0","0","","0","0","0","21","2","0","00","0","40 11:41.430","","00","76 18:16.976","0","0","0","0","36217","0","0","0","N","0","0","0","1","68J01","0","","4","01","N","N","0","","0","0","0","0","0","","2114","0","1","0","0","0","0","0","1","0","1","N","","","","","","","","","","","","03","  ","","",""
"1207","1","0","0","0","0","0","0","0","0","7","0","","36","04","2019","2019044335","6","40.2259","-76.3026","1148","08","0","0","0","0","0","0","0","0","2","0","0","0","11","1","0","00","1","40 13:33.233","1","00","76 18:09.356","0","0","0","0","36217","0","0","0","N","0","0","0","1","68J01","0","","4","09","N","N","0","","0","0","0","0","0","N","1139","0","1","0","0","0","0","0","1","0","1","N","","","","","","","","","","","","07","  ","","",""
"0234","1","0","0","0","0","0","0","0","0","7","0","","36","04","2019","2019044363","2","39.9445","-76.2179","0227","08","0","0","0","0","0","0","0","0","","0","0","0","02","2","0","00","0","39 56:40.231","","00","76 13:04.352","0","0","0","0","36233","0","0","0","N","0","0","0","1","68J01","0","","5","01","N","N","0","","0","0","0","0","0","","0225","0","1","0","0","0","0","0","1","0","1","N","","","","","","","","","","","","03","  ","","",""
"1753","1","0","0","0","0","0","0","0","0","7","0","","36","04","2019","2019044394","2","40.0076","-76.298","1741","08","0","0","0","0","0","1","0","0","","0","0","0","17","1","0","00","0","40 00:27.180","","00","76 17:52.765","0","0","0","0","36240","0","0","0","Y","0","0","0","1","36240","0","","5","01","N","N","0","","0","0","0","0","0","","1739","0","1","0","0","0","0","0","1","0","1","N","","","","","","","","","","","","03","  ","","",""
"0250","1","0","0","0","0","0","0","0","0","6","0","","36","04","2019","2019044406","1","40.0331","-76.3176","0238","08","0","0","0","0","0","0","0","0","2","0","0","0","02","3","0","00","1","40 01:58.981","4","00","76 19:03.188","0","0","0","0","36301","0","0","0","N","0","0","0","1","36301","0","","6","01","N","N","0","","0","0","0","0","0","N","0235","0","2","0","0","0","0","0","3","0","2","N","","","","","","","","","","","","03","  ","","",""
"1139","0","0","0","0","0","0","0","0","0","1","0","","36","04","2019","2019044427","2","40.0931","-76.2832","1136","08","0","0","0","0","0","0","0","0","","0","0","0","11","1","0","00","0","40 05:35.100","","00","76 16:59.350","0","0","0","0","36101","0","0","0","N","0","0","0","3","36101","0","","1","01","N","N","0","","0","0","2","0","0","","1132","0","2","0","0","0","0","0","3","0","2","N","","","","","","","","","","","","03","  ","","",""
"1539","2","0","0","0","0","0","0","0","0","4","0","","36","04","2019","2019044440","5","40.0446","-76.3159","1520","08","0","0","0","0","0","0","0","0","2","0","0","0","15","1","0","00","1","40 02:40.700","1","07","76 18:57.100","0","0","0","0","36301","0","0","0","N","0","0","0","2","36301","0","","1","01","N","N","0","","0","0","0","0","0","N","1520","0","2","0","0","0","0","0","3","0","2","N","","","","","","","","","","","","03","  ","","",""
"1626","1","0","0","0","0","0","0","0","0","4","0","","36","04","2019","2019044628","3","40.0831","-76.1876","1622","08","0","0","0","0","0","0","0","0","2","0","0","0","16","1","2","01","2","40 04:59.032","7","00","76 11:15.349","3","0","0","0","36234","0","0","0","N","0","0","0","2","36215","0","","1","01","N","N","0","","2","0","1","3","2","Y","1622","2","2","0","0","0","0","0","1","0","2","N","","","","","","","","","","","","03","  ","","",""
"1748","0","0","0","1","0","0","0","0","0","1","0","","36","04","2019","2019044629","1","40.1045","-76.2356","1742","08","0","0","0","0","0","0","0","0","1","0","0","0","17","1","1","00","1","40 06:16.327","4","00","76 14:08.048","3","0","0","0","36101","1","0","0","N","0","0","0","2","36215","0","","1","01","N","N","1","","1","0","0","0","0","N","1740","1","2","0","0","0","0","0","3","0","1","N","","","","","","","","","","","","03","  ","","",""
"0620","1","0","0","0","0","0","0","0","0","1","0","","36","04","2019","2019044630","5","40.0842","-76.2254","0608","08","0","0","0","1","0","1","0","0","2","0","0","0","06","1","0","00","2","40 05:03.154","3","00","76 13:31.311","0","0","0","0","36234","0","0","0","N","0","0","0","2","36215","0","","1","01","N","N","0","","0","0","0","3","2","N","0607","0","2","0","0","0","0","0","1","1","2","N","","","","","","","","","","","","03","  ","","",""
"0905","1","0","0","0","0","0","0","0","0","5","1","","36","04","2019","2019044631","2","40.0416","-76.2463","0852","08","0","0","1","0","0","0","0","0","","0","1","0","08","1","0","06","0","40 02:29.698","","02","76 14:46.555","0","0","0","0","36215","0","0","0","N","0","0","0","2","36215","0","","1","01","N","N","0","","0","0","0","0","0","","0849","0","3","0","0","0","0","0","1","0","2","N","","","","","","","","","","","","03","  ","","",""
"1726","1","0","0","0","0","0","0","0","0","1","0","","36","04","2019","2019044725","3","39.9915","-76.1987","1723","08","0","0","0","0","0","2","1","0","","0","0","0","17","1","1","00","0","39 59:29.491","","00","76 11:55.297","8","0","0","0","36240","0","0","0","N","0","0","0","3","36240","0","","1","01","N","N","0","","0","0","2","0","0","","1720","1","3","0","0","0","1","0","1","0","3","N","","","","","","","","","","","","03","  ","","",""
"1756","1","0","0","0","0","0","0","0","0","1","0","","36","04","2019","2019044739","3","40.0818","-76.5285","1750","08","0","0","0","0","1","0","0","0","","0","0","0","17","1","0","02","0","40 04:54.349","","00","76 31:42.515","0","0","0","0","36211","0","0","0","N","0","0","0","3","36504","0","","1","01","N","N","0","","0","0","1","0","0","","1748","0","2","0","0","0","0","0","1","0","2","N","","","","","","","","","","","","03","  ","","",""
"1608","1","0","0","0","0","0","0","0","0","4","0","","36","04","2019","2019044780","4","39.9607","-76.2674","1556","08","0","0","0","0","0","1","0","1","2","0","0","0","15","1","3","02","1","39 57:38.343","1","00","76 16:02.508","4","0","0","0","36228","0","0","0","N","0","0","0","4","36503","1","","1","01","N","N","0","","0","0","0","0","0","N","1554","3","2","0","0","2","2","0","1","1","2","N","","","","","","","","","","","","03","  ","","",""
"0611","2","0","0","0","0","0","0","0","0","5","0","","36","04","2019","2019044786","5","40.055","-76.2877","0559","08","0","0","0","0","1","0","0","0","2","0","0","0","05","5","0","00","2","40 03:18.080","6","00","76 17:15.800","0","0","0","0","36101","0","0","0","N","0","0","0","1","36101","0","","6","01","N","N","0","","0","0","1","0","0","N","0556","0","3","0","0","0","0","0","3","0","3","N","","","","","","","","","","","","03","  ","","",""
"0920","1","0","0","1","0","0","0","0","0","4","0","","36","04","2019","2019044787","5","40.0463","-76.3341","0917","08","0","0","0","0","0","0","0","0","","0","0","0","09","1","1","01","0","40 02:46.683","","00","76 20:02.681","3","0","0","0","36220","1","0","0","N","0","0","0","2","36101","0","","2","01","N","N","0","","1","0","0","3","3","","0916","1","2","0","0","0","0","0","3","0","1","N","","","","","","","","","","","","03","  ","","",""
"0850","0","0","0","0","0","0","0","0","0","1","0","","36","04","2019","2019044788","3","40.0698","-76.3079","0844","08","0","0","0","0","0","1","0","0","","0","0","0","08","1","0","00","0","40 04:11.214","","00","76 18:28.361","0","0","0","0","36101","0","0","0","N","0","0","0","2","36101","0","","1","01","N","N","1","","0","0","1","3","2","","0837","0","2","0","0","0","0","0","3","0","2","N","","","","","","","","","","","","03","  ","","",""
"1820","2","0","0","0","0","0","0","0","0","1","0","","36","04","2019","2019044789","5","40.0486","-76.3935","1816","08","0","0","0","0","1","0","0","0","1","0","0","0","18","1","0","02","2","40 02:54.862","2","00","76 23:36.513","0","0","0","0","36214","0","0","0","N","0","0","0","3","36214","0","","1","01","N","N","0","","0","0","0","3","2","N","1813","0","2","0","0","0","0","0","3","0","2","N","","","","","","","","","","","","03","  ","","",""
"0946","1","0","0","0","0","0","0","0","0","4","0","","36","04","2019","2019044840","1","40.0461","-76.3052","0945","08","0","0","0","0","0","1","0","0","2","0","0","0","09","1","0","01","1","40 02:45.872","2","00","76 18:18.623","0","0","0","0","36301","0","0","0","N","0","0","0","2","36301","0","","1","09","N","N","0","","0","0","1","3","2","N","0942","0","2","0","0","0","0","0","3","0","2","N","","","","","","","","","","","","07","  ","","",""
"2349","0","0","0","0","0","0","0","0","0","4","0","","36","04","2019","2019044953","3","40.0791","-76.3465","2345","08","0","0","0","0","0","1","0","0","2","0","0","0","23","3","0","01","2","40 04:45.084","5","00","76 20:47.455","0","0","0","0","36101","0","0","0","N","0","0","0","2","36101","0","","1","01","N","N","1","","0","0","1","3","3","Y","2340","0","2","0","0","0","0","0","3","0","2","N","","","","","","","","","","","","03","  ","","",""
"1602","2","0","0","0","0","0","0","0","0","4","0","","36","04","2019","2019044954","3","40.0802","-76.1999","1602","08","0","1","0","0","0","1","0","0","2","0","0","0","15","1","2","02","2","40 04:48.694","6","00","76 11:59.632","3","0","0","0","36234","0","0","0","N","0","0","0","2","36215","1","","1","01","N","N","0","","1","0","0","3","3","Y","1559","2","2","0","0","0","0","0","1","0","2","N","","","","","","","","","","","","03","  ","","",""
"1421","1","0","0","0","0","0","0","0","0","1","0","","36","04","2019","2019044956","4","40.0923","-76.1388","1410","08","0","0","0","0","0","1","0","0","1","0","0","0","14","1","0","00","1","40 05:32.172","3","00","76 08:19.560","0","0","0","0","36234","0","0","0","N","0","0","0","2","36215","0","","1","01","N","N","0","","0","0","1","0","0","N","1409","0","2","0","0","0","0","0","1","0","2","N","","","","","","","","","","","","03","  ","","",""
"1435","1","0","0","0","0","0","0","0","0","4","0","","36","04","2019","2019044957","4","40.0864","-76.1992","1433","08","0","1","1","0","0","0","0","0","1","0","0","0","14","1","2","01","1","40 05:11.145","3","00","76 11:57.218","3","0","0","0","36234","0","0","0","N","0","0","0","3","36215","0","","1","01","N","N","0","","2","0","1","3","3","N","1432","2","2","0","0","0","0","0","1","0","2","N","","","","","","","","","","","","03","  ","","",""
"1628","1","0","0","0","0","0","0","0","0","5","0","","36","04","2019","2019044958","4","40.0306","-76.2343","1625","08","0","0","0","0","0","0","0","1","1","0","0","0","16","1","0","01","1","40 01:50.123","4","00","76 14:03.641","0","0","0","0","36215","0","0","0","N","0","0","0","5","36215","0","","1","01","N","N","0","","0","0","0","3","2","N","1623","0","2","0","0","0","0","0","1","1","2","N","","","","","","","","","","","","03","  ","","",""
"1323","0","0","0","0","0","0","0","0","0","1","0","","36","04","2019","2019044959","2","40.0402","-76.2376","1318","08","0","0","0","0","0","2","0","0","2","0","0","0","13","1","0","00","1","40 02:24.636","4","00","76 14:15.261","0","0","0","0","36215","0","0","0","N","0","0","0","2","36215","0","","1","01","N","N","0","","0","0","2","0","0","N","1311","0","2","0","0","0","0","0","1","0","2","N","","","","","","","","","","","","03","  ","","",""
"2133","0","0","0","0","0","0","0","0","0","0","0","","36","04","2019","2019044985","3","40.1794","-76.5863","2123","08","0","0","0","0","0","0","0","0","1","0","0","0","21","2","1","00","2","40 10:45.777","5","00","76 35:10.575","2","0","1","1","36225","0","0","0","N","0","0","0","1","36505","0","","1","01","N","N","0","","0","1","0","0","0","Y","2122","1","1","0","0","0","0","0","2","0","1","N","","","","","","","","","","","","03","  ","","",""
"1920","3","0","0","0","0","0","0","0","0","1","0","","36","05","2019","2019045064","4","40.0334","-76.3048","1918","08","0","0","1","0","0","0","0","0","","0","0","0","19","1","0","00","0","40 02:00.326","","00","76 18:17.329","0","0","0","0","36301","0","0","0","N","0","0","0","1","36301","0","","6","01","N","N","0","","0","0","0","3","2","","1918","0","3","0","0","0","0","0","3","0","3","N","","","","","","","","","","","","03","  ","","",""
"2052","3","0","0","0","0","0","0","0","0","5","0","","36","04","2019","2019045066","7","40.0425","-76.3086","2052","08","0","0","0","0","0","0","0","0","","0","0","0","20","3","0","01","0","40 02:33.169","","00","76 18:31.085","0","0","0","0","36301","0","0","0","N","0","0","0","1","36301","0","","2","01","N","N","0","","0","0","0","0","0","","2052","0","3","0","0","0","0","0","3","0","3","N","","","","","","","","","","","","03","  ","","",""
"2019","1","0","0","0","0","0","0","0","0","8","0","","36","04","2019","2019045070","3","40.0374","-76.2979","2014","08","0","0","0","0","0","0","0","0","","0","0","0","20","2","1","00","0","40 02:14.679","","00","76 17:52.579","3","0","0","0","36301","1","0","0","N","1","0","0","5","36301","0","","1","01","N","N","0","","1","0","0","0","0","","2012","1","2","0","0","0","0","0","3","0","1","N","","","","","","","","","","","","03","  ","","",""
"0337","1","0","0","0","0","0","0","0","0","7","0","","36","04","2019","2019045089","1","40.0381","-76.3419","0332","08","0","0","0","0","0","0","0","0","2","0","0","0","03","3","0","00","2","40 02:17.219","6","00","76 20:30.900","9","0","0","0","36220","0","0","0","N","0","0","0","1","36101","0","","2","01","N","N","0","","0","0","0","3","2","Y","0331","0","1","0","0","0","0","1","3","0","1","N","","","","","","","","","","","","03","  ","","",""
"1339","0","0","0","0","0","0","0","0","0","1","0","","36","04","2019","2019045090","1","40.0381","-76.2756","1330","08","0","0","0","0","0","0","0","0","1","0","0","0","13","1","2","00","2","40 02:17.226","3","00","76 16:31.995","3","0","0","0","36220","0","0","0","N","0","0","0","4","36101","0","","1","01","N","N","0","","1","0","3","0","0","N","1329","2","3","0","0","0","1","0","3","0","3","N","","","","","","","","","","","","03","  ","","",""
"1129","1","0","0","0","0","0","0","0","0","7","0","","36","03","2019","2019045091","1","40.0167","-76.4582","1121","08","0","0","0","0","0","0","0","0","2","0","0","0","11","1","4","00","2","40 00:59.942","6","00","76 27:29.476","4","0","0","0","36223","0","0","0","N","0","0","0","5","36223","2","","4","09","N","N","0","","0","0","0","0","0","Y","1119","4","1","0","0","0","2","0","1","0","1","N","","","","","","","","","","","","07","  ","","",""
"1608","0","0","0","0","0","0","0","0","0","8","0","","36","04","2019","2019045146","6","40.036","-76.3082","1605","08","0","0","0","0","0","1","0","0","1","0","0","0","16","1","1","01","1","40 02:09.771","4","00","76 18:29.474","3","0","0","0","36301","1","0","0","N","1","0","0","2","36301","0","","1","09","N","N","1","","1","0","0","3","3","Y","1605","1","2","0","0","0","0","0","3","0","1","N","","","","","","","","","","","","07","  ","","",""
"2333","1","0","0","0","0","0","0","0","0","9","0","","36","04","2019","2019045199","1","40.2305","-76.1227","2311","08","0","0","0","0","0","0","0","0","","0","0","0","23","2","0","00","0","40 13:49.778","","00","76 07:21.721","0","0","0","0","36210","0","0","0","N","0","0","0","1","68T06","0","","1","01","N","N","0","","0","0","0","0","0","","2311","0","1","0","0","0","0","0","1","0","1","N","","","","","","","","","","","","03","  ","","",""
"1217","0","0","0","0","0","0","0","0","0","4","0","","36","05","2019","2019045257","4","40.1218","-76.029","1214","08","0","0","0","0","0","1","0","1","2","0","0","0","12","1","1","02","1","40 07:18.494","3","00","76 01:44.569","3","0","0","0","36213","0","0","0","N","0","0","0","2","36213","0","","1","01","N","N","1","","1","0","1","0","0","N","1212","1","2","0","0","0","0","0","1","0","2","N","","","","","","","","","","","","03","  ","","",""
"0549","1","0","0","0","0","0","0","0","0","7","0","","36","05","2019","2019045263","5","40.2468","-76.1992","0545","08","0","0","0","0","0","1","0","0","1","0","0","0","05","5","0","02","2","40 14:48.548","5","00","76 11:57.141","0","0","0","0","36236","0","0","0","N","0","0","0","1","36408","0","","2","09","N","N","0","","0","0","0","0","0","N","0545","0","1","0","0","1","0","0","1","0","1","N","","","","","","","","","","","","03","  ","","",""
"0653","1","0","0","0","0","0","0","0","0","4","0","","36","04","2019","2019045274","6","40.0378","-76.2707","0651","08","0","0","0","0","0","1","0","0","2","0","0","0","06","1","1","01","1","40 02:16.133","3","00","76 16:14.672","4","0","0","0","36215","0","0","0","N","0","0","0","2","36215","1","","1","09","N","N","1","","0","0","0","3","2","N","0649","1","2","0","0","0","0","0","1","0","2","N","","","","","","","","","","","","07","  ","","",""
"1535","0","0","0","0","0","0","0","0","0","7","0","","36","04","2019","2019045275","5","40.1612","-76.2936","1530","08","0","0","0","0","0","0","0","0","2","0","0","0","15","1","1","00","2","40 09:40.300","5","00","76 17:36.800","3","0","0","0","36409","0","0","0","N","0","0","0","1","36409","0","","4","01","N","N","0","","1","0","1","0","0","Y","1530","1","1","0","0","0","0","0","3","0","1","N","","","","","","","","","","","","07","  ","","",""
"1616","3","0","0","0","0","0","0","0","0","1","0","","36","04","2019","2019045363","5","40.0382","-76.3036","1616","08","0","0","0","0","0","2","0","0","","0","0","0","16","1","1","01","0","40 02:17.489","","00","76 18:12.922","4","0","0","0","36301","0","0","0","N","0","0","0","3","36301","1","","1","01","N","N","0","","0","0","0","3","1","","1616","1","3","0","0","0","0","0","3","0","3","N","","","","","","","","","","","","03","  ","","",""
"2022","2","0","0","0","0","0","0","0","0","6","0","","36","04","2019","2019045407","3","40.0553","-76.2788","2022","08","0","0","0","0","0","1","0","0","2","0","0","0","20","2","1","00","2","40 03:19.010","7","00","76 16:43.700","2","0","0","0","36101","0","0","0","N","0","0","0","2","36101","0","","1","09","N","N","0","","0","1","0","0","0","Y","2019","1","2","0","1","1","0","1","3","0","2","N","","","","","","","","","","","","07","  ","","",""
"1652","1","0","0","0","0","0","0","0","0","1","0","","36","05","2019","2019045408","4","40.0724","-76.3345","1640","08","0","0","0","0","0","0","1","0","","0","0","0","16","1","1","00","0","40 04:20.623","","00","76 20:04.041","8","0","0","0","36101","0","0","0","N","0","0","0","4","36101","0","","1","01","N","N","0","","0","0","2","0","0","","1638","1","3","0","0","0","1","0","3","0","3","N","","","","","","","","","","","","03","  ","","",""
"1755","1","0","0","0","0","0","0","0","0","4","0","","36","05","2019","2019045409","4","40.0741","-76.2771","1751","08","0","0","0","0","0","1","0","0","2","0","0","0","17","1","1","02","1","40 04:26.644","3","00","76 16:37.523","4","0","0","0","36101","0","0","0","N","0","0","0","2","36101","1","","1","01","N","N","0","","0","0","1","0","0","N","1750","1","2","0","0","0","0","0","3","0","2","N","","","","","","","","","","","","03","  ","","",""
"1200","1","0","0","0","0","0","0","0","0","2","0","","36","05","2019","2019045410","5","40.0065","-76.4055","1153","08","0","1","0","0","0","0","0","0","1","0","0","0","11","1","4","00","2","40 00:23.348","6","00","76 24:19.653","3","0","0","0","36223","0","0","0","N","0","0","0","4","36223","0","","1","01","N","N","1","","4","0","0","0","0","Y","1152","4","2","0","0","2","0","0","1","0","2","N","","","","","","","","","","","","03","  ","","",""
"1235","1","0","0","0","0","0","0","0","0","4","0","","36","05","2019","2019045519","6","39.9865","-76.2812","1231","08","0","0","0","0","0","1","1","0","","0","0","0","12","1","0","00","0","39 59:11.342","","00","76 16:52.253","0","0","0","0","36240","0","0","0","N","0","0","0","4","36240","0","","1","01","N","N","0","","0","0","1","0","0","","1230","0","2","0","0","0","0","0","1","0","2","N","","","","","","","","","","","","03","  ","","",""
"1604","3","0","0","0","0","0","0","0","0","1","0","","36","05","2019","2019045544","6","40.1694","-76.1978","1559","08","0","0","0","0","0","1","0","0","2","0","0","0","15","1","3","01","2","40 10:09.748","2","00","76 11:51.952","8","0","0","0","36408","0","0","0","N","0","0","0","3","36408","0","","1","01","N","N","0","","0","0","0","3","2","Y","1557","3","3","0","0","0","3","0","2","0","3","N","","","","","","","","","","","","03","  ","","",""
"1308","1","0","0","0","0","0","0","0","0","7","0","","36","04","2019","2019045561","3","40.0561","-76.2989","1306","08","0","0","0","0","0","0","0","0","2","0","0","0","13","1","0","00","1","40 03:21.960","3","00","76 17:55.910","0","0","0","0","36101","0","0","0","N","0","0","0","1","36101","0","","5","01","N","N","0","","0","0","0","0","0","N","1304","0","1","0","0","0","0","0","3","0","1","N","","","","","","","","","","","","03","  ","","",""
"0754","3","0","0","0","0","0","0","0","0","1","0","","36","05","2019","2019045562","6","40.0679","-76.296","0738","08","0","0","0","0","0","1","0","0","","0","0","0","07","1","0","00","0","40 04:04.559","","00","76 17:45.525","0","0","0","0","36101","0","0","0","N","0","0","0","3","36101","0","","1","01","N","N","0","","0","0","0","0","0","","0735","0","3","0","0","0","0","0","3","0","3","N","","","","","","","","","","","","03","  ","","",""
"2028","1","0","0","0","0","0","0","0","0","4","0","","36","05","2019","2019045676","6","40.1284","-76.2158","2025","08","0","0","0","0","0","0","0","0","2","0","0","0","20","2","0","02","2","40 07:42.300","1","02","76 12:56.814","0","0","0","0","36238","0","0","0","N","0","0","0","3","36238","0","","1","01","N","N","0","","0","0","1","3","2","Y","2022","0","2","0","0","0","0","0","3","0","2","N","","","","","","","","","","","","03","  ","","",""
"2017","2","0","0","0","0","0","0","0","0","4","0","","36","04","2019","2019045683","3","40.0416","-76.3019","2006","08","0","0","0","0","1","0","0","1","2","0","0","0","19","1","0","01","1","40 02:29.665","1","00","76 18:06.967","0","0","0","0","36301","0","0","0","N","0","0","0","2","36301","0","","1","01","N","N","0","","0","0","0","3","2","N","1956","0","2","0","0","0","0","0","3","0","2","N","","","","","","","","","","","","03","  ","","",""
"2102","0","0","0","0","0","0","0","0","0","7","0","","36","05","2019","2019045685","6","40.285","-76.1797","2059","08","0","0","0","0","0","0","0","0","","0","0","0","20","2","0","02","0","40 17:06.026","","00","76 10:46.930","0","0","0","0","36236","0","0","0","N","0","0","0","1","36408","0","","5","09","N","N","0","","0","0","1","0","0","N","2057","0","1","0","0","0","0","0","1","0","1","N","","","","","","","","","","","","07","  ","","",""
"2151","1","0","0","0","0","0","0","0","0","4","0","","36","05","2019","2019045717","6","40.0371","-76.4128","2151","08","0","0","0","0","0","1","0","0","2","0","0","0","21","3","3","01","2","40 02:13.582","3","00","76 24:45.905","8","0","0","0","36223","0","0","0","N","0","0","0","7","36223","0","","1","09","N","N","0","","0","0","2","3","3","N","2145","3","3","0","0","0","3","0","1","0","3","N","","","","","","","","","","","","07","  ","","",""
"1030","1","0","0","0","0","0","0","0","0","7","0","","36","04","2019","2019045726","7","40.0662","-76.3335","1022","08","0","0","0","0","0","0","0","0","2","0","0","0","10","1","0","00","1","40 03:58.201","3","00","76 20:00.714","0","0","0","0","36301","0","0","0","N","0","0","0","2","36301","0","","1","01","N","N","0","","0","0","0","0","0","N","1020","0","1","0","0","0","0","0","3","0","1","N","","","","","","","","","","","","03","  ","","",""
"0926","1","0","0","0","0","0","0","0","0","1","0","","36","05","2019","2019045755","7","40.0517","-76.2897","0916","08","0","0","0","0","0","1","0","0","","0","0","0","09","1","1","00","0","40 03:06.162","","00","76 17:22.986","8","0","0","0","36301","0","0","0","N","0","0","0","3","36301","0","","1","09","N","N","0","","0","0","1","0","0","","0913","1","2","0","0","0","1","0","3","0","2","N","","","","","","","","","","","","07","  ","","",""