"ARRIVAL_TM","AUTOMOBILE_COUNT","BELTED_DEATH_COUNT","BELTED_SUSP_SERIOUS_INJ_COUNT","BICYCLE_COUNT","BICYCLE_DEATH_COUNT","BICYCLE_SUSP_SERIOUS_INJ_COUNT","BUS_COUNT","CHLDPAS_DEATH_COUNT","CHLDPAS_SUSP_SERIOUS_INJ_COUNT","COLLISION_TYPE","COMM_VEH_COUNT","CONS_ZONE_SPD_LIM","COUNTY","CRASH_MONTH","CRASH_YEAR","CRN","DAY_OF_WEEK","DEC_LAT","DEC_LONG","DISPATCH_TM","DISTRICT","DRIVER_COUNT_16YR","DRIVER_COUNT_17YR","DRIVER_COUNT_18YR","DRIVER_COUNT_19YR","DRIVER_COUNT_20YR","DRIVER_COUNT_50_64YR","DRIVER_COUNT_65_74YR","DRIVER_COUNT_75PLUS","EST_HRS_CLOSED","FATAL_COUNT","HEAVY_TRUCK_COUNT","HORSE_BUGGY_COUNT","HOUR_OF_DAY","ILLUMINATION","INJURY_COUNT","INTERSECT_TYPE","LANE_CLOSED","LATITUDE","LN_CLOSE_DIR","LOCATION_TYPE","LONGITUDE","MAX_SEVERITY_LEVEL","MCYCLE_DEATH_COUNT","MCYCLE_SUSP_SERIOUS_INJ_COUNT","MOTORCYCLE_COUNT","MUNICIPALITY","NONMOTR_COUNT","NONMOTR_DEATH_COUNT","NONMOTR_SUSP_SERIOUS_INJ_COUNT","NTFY_HIWY_MAINT","PED_COUNT","PED_DEATH_COUNT","PED_SUSP_SERIOUS_INJ_COUNT","PERSON_COUNT","POLICE_AGCY","POSSIBLE_INJ_COUNT","RDWY_SURF_TYPE_CD","RELATION_TO_ROAD","ROAD_CONDITION","SCH_BUS_IND","SCH_ZONE_IND","SMALL_TRUCK_COUNT","SPEC_JURIS_CD","SUSP_MINOR_INJ_COUNT","SUSP_SERIOUS_INJ_COUNT","SUV_COUNT","TCD_FUNC_CD","TCD_TYPE","TFC_DETOUR_IND","TIME_OF_DAY","TOT_INJ_COUNT","TOTAL_UNITS","UNB_DEATH_COUNT","UNB_SUSP_SERIOUS_INJ_COUNT","UNBELTED_OCC_COUNT","UNK_INJ_DEG_COUNT","UNK_INJ_PER_COUNT","URBAN_RURAL","VAN_COUNT","VEHICLE_COUNT","WORK_ZONE_IND","WORK_ZONE_LOC","WORK_ZONE_TYPE","WORKERS_PRES","WZ_CLOSE_DETOUR","WZ_FLAGGER","WZ_LAW_OFFCR_IND","WZ_LN_CLOSURE","WZ_MOVING","WZ_OTHER","WZ_SHLDER_MDN","ROADWAY_CLEARED","WEATHER1","WEATHER2","WZ_WORKERS_INJ_KILLED","SECONDARY_CRASH","INTERSECTION_RELATED"
"1625","1","0","0","0","0","0","0","0","0","4","0","","36","05","2019","2019045763","6","40.051","-76.3081","1616","08","0","0","0","0","0","0","0","0","2","0","0","0","16","1","1","01","2","40 03:03.570","7","00","76 18:29.319","3","0","0","0","36301","0","0","0","N","0","0","0","3","36301","0","","1","01","N","N","0","","1","0","1","3","3","Y","1616","1","2","0","0","0","0","0","3","0","2","N","","","","","","","","","","","","03","  ","","",""
"1838","1","0","0","0","0","0","0","0","0","4","0","","36","04","2019","2019045836","4","40.0704","-76.2699","1827","08","0","0","0","0","0","1","0","0","","0","0","0","18","1","1","01","0","40 04:13.278","","00","76 16:11.508","3","0","0","0","36101","0","0","0","N","0","0","0","3","36101","0","","1","01","N","N","0","","1","0","1","3","2","","1826","1","2","0","0","0","0","0","3","0","2","N","","","","","","","","","","","","03","  ","","",""
"1243","1","0","1","0","0","0","0","0","0","1","0","","36","05","2019","2019045837","6","40.0516","-76.3211","1238","08","0","0","0","0","0","1","1","0","3","0","0","0","12","1","3","00","2","40 03:05.710","4","00","76 19:16.010","2","0","0","0","36101","0","0","0","N","0","0","0","4","36101","2","","1","01","N","N","0","","0","1","2","3","2","N","1235","3","3","0","0","0","0","0","3","0","3","N","","","","","","","","","","","","03","  ","","",""
"1651","1","0","0","0","0","0","0","0","0","4","0","","36","04","2019","2019045838","3","40.0819","-76.351","1641","08","0","0","0","0","0","0","0","0","","0","0","0","16","1","0","01","0","40 04:54.975","","02","76 21:03.454","0","0","0","0","36214","0","0","0","N","0","0","0","4","36214","0","","1","01","N","N","1","","0","0","0","3","2","","1635","0","2","0","0","0","0","0","3","0","2","N","","","","","","","","","","","","03","  ","","",""
"0623","1","0","0","0","0","0","0","0","0","7","0","","36","05","2019","2019045839","6","40.0812","-76.351","0615","08","0","0","0","0","0","0","0","0","1","0","0","0","06","1","1","00","1","40 04:52.174","4","03","76 21:03.531","3","0","0","0","36101","0","0","0","N","0","0","0","1","36214","0","","3","01","N","N","0","","1","0","0","0","0","N","0614","1","1","0","0","0","0","0","3","0","1","N","","","","","","","","","","","","05","  ","","",""
"0647","0","0","0","0","0","0","0","0","0","7","0","","36","05","2019","2019045840","6","40.1103","-76.386","0635","08","0","0","0","0","0","0","0","0","","0","0","0","06","1","0","00","0","40 06:37.100","","00","76 23:09.700","0","0","0","0","36214","0","0","0","N","0","0","0","1","36214","0","","4","01","N","N","1","","0","0","0","0","0","","0615","0","1","0","0","0","0","0","3","0","1","N","","","","","","","","","","","","03","  ","","",""
"1403","2","0","0","0","0","0","0","0","0","1","0","","36","04","2019","2019045841","2","40.0406","-76.3933","1401","08","0","0","0","0","0","1","2","0","2","0","0","0","13","1","1","01","1","40 02:26.272","3","00","76 23:35.824","3","0","0","0","36223","0","0","0","N","0","0","0","4","36223","0","","1","01","N","N","1","","1","0","0","3","2","N","1357","1","4","0","0","0","0","0","1","1","4","N","","","","","","","","","","","","03","  ","","",""
"2259","0","0","0","0","0","0","0","0","0","1","0","","36","04","2019","2019045921","5","40.1334","-76.3812","2249","08","0","0","0","0","0","0","1","1","2","0","0","0","22","2","1","00","1","40 08:00.181","5","00","76 22:52.363","3","0","0","0","36227","0","0","0","N","0","0","0","2","36506","0","","1","01","N","N","0","","1","0","1","0","0","N","2249","1","2","0","0","1","0","0","1","0","2","N","","","","","","","","","","","","03","  ","","",""
"1551","0","0","0","0","0","0","0","0","0","7","0","","36","04","2019","2019045957","3","40.0582","-76.278","1540","08","0","0","0","0","0","0","0","0","","0","0","0","15","1","0","00","0","40 03:29.400","","07","76 16:40.930","0","0","0","0","36101","0","0","0","N","0","0","0","1","36101","0","","5","01","N","N","0","","0","0","1","0","0","","1537","0","2","0","0","0","0","0","3","0","1","N","","","","","","","","","","","","03","  ","","",""
"0014","1","0","0","0","0","0","0","0","0","7","0","","36","04","2019","2019045958","6","40.0527","-76.38","0007","08","0","0","0","0","0","0","0","0","2","0","0","0","00","2","0","00","2","40 03:09.566","4","00","76 22:47.864","0","0","0","0","36214","0","0","0","N","0","0","0","1","36214","0","","3","09","N","N","0","","0","0","0","0","0","N","0005","0","1","0","0","1","0","0","3","0","1","N","","","","","","","","","","","","07","  ","","",""
"1204","1","0","0","0","0","0","0","0","0","7","0","","36","04","2019","2019045967","4","40.1669","-76.1997","1159","08","0","0","0","0","0","0","0","0","1","0","0","0","11","1","0","00","1","40 10:00.778","2","00","76 11:59.006","0","0","0","0","36408","0","0","0","Y","0","0","0","1","36408","0","","5","01","N","N","0","","0","0","0","0","0","N","1159","0","1","0","0","0","0","0","2","0","1","N","","","","","","","","","","","","03","  ","","",""
"0935","1","0","0","0","0","0","0","0","0","4","0","","36","04","2019","2019045970","2","40.1628","-76.1499","0930","08","0","0","0","1","0","1","0","0","1","0","0","0","09","1","1","01","1","40 09:46.485","1","00","76 08:59.308","3","0","0","0","36218","0","0","0","N","0","0","0","2","36408","0","","1","01","N","N","1","","1","0","0","3","2","N","0930","1","2","0","0","0","0","0","1","0","2","N","","","","","","","","","","","","03","  ","","",""
"1204","2","0","0","0","0","0","0","0","0","4","0","","36","05","2019","2019046052","1","40.1691","-76.1342","1154","08","0","1","0","0","0","0","0","0","1","0","0","0","11","1","0","02","1","40 10:08.935","1","00","76 08:02.983","0","0","0","0","36218","0","0","0","N","0","0","0","2","36408","0","","1","09","N","N","0","","0","0","0","3","3","N","1152","0","2","0","0","0","0","0","1","0","2","N","","","","","","","","","","","","07","  ","","",""
"1624","1","0","0","0","0","0","0","0","0","1","0","","36","04","2019","2019046112","3","40.0709","-76.3176","1614","08","0","0","1","0","0","0","0","0","2","0","0","0","16","1","1","01","1","40 04:15.221","4","00","76 19:03.325","4","0","0","0","36101","0","0","0","N","0","0","0","5","36101","1","","1","01","N","N","0","","0","0","0","3","4","N","1612","1","2","0","0","0","0","0","3","1","2","N","","","","","","","","","","","","03","  ","","",""
"0209","1","0","0","0","0","0","0","0","0","4","0","","36","05","2019","2019046113","1","40.0691","-76.3569","0208","08","0","0","0","0","0","0","0","0","","0","0","0","02","3","1","01","0","40 04:08.816","","00","76 21:24.786","3","0","0","0","36214","0","0","0","N","0","0","0","3","36214","0","","1","09","N","N","0","","1","0","0","3","2","","0205","1","2","0","0","0","0","1","3","0","2","N","","","","","","","","","","","","07","  ","","",""
"0745","1","0","0","0","0","0","0","0","0","7","0","","36","05","2019","2019046114","1","40.0531","-76.3917","0736","08","0","0","0","0","0","0","0","0","2","0","0","0","07","1","0","00","2","40 03:11.257","3","00","76 23:30.105","0","0","0","0","36214","0","0","0","N","0","0","0","1","36214","0","","4","09","N","N","0","","0","0","0","0","0","N","0736","0","1","0","0","0","0","0","3","0","1","N","","","","","","","","","","","","07","  ","","",""
"1648","1","0","0","0","0","0","0","0","0","1","0","","36","05","2019","2019046133","1","40.014","-76.3515","1648","08","0","0","0","0","0","1","0","0","2","0","0","0","16","1","0","02","2","40 00:50.470","4","00","76 21:05.379","0","0","0","0","36412","0","0","0","N","0","0","0","6","36412","0","","1","09","N","N","0","","0","0","0","0","0","Y","1648","0","2","0","0","0","0","0","3","1","2","N","","","","","","","","","","","","07","  ","","",""
"2130","2","0","0","0","0","0","0","0","0","4","0","","36","04","2019","2019046219","2","40.0306","-76.2898","2125","08","0","0","0","0","0","0","0","0","","0","0","0","21","3","0","00","0","40 01:50.214","","07","76 17:23.131","0","0","0","0","36301","0","0","0","N","0","0","0","2","36301","0","","2","01","N","N","0","","0","0","0","0","0","","2117","0","2","0","0","0","0","0","3","0","2","N","","","","","","","","","","","","03","  ","","",""
"1220","1","0","0","0","0","0","0","0","0","1","1","","36","04","2019","2019046268","4","40.0995","-76.2579","1213","08","0","0","0","0","0","2","0","0","3","0","1","0","12","1","1","00","2","40 05:58.126","1","00","76 15:28.305","3","0","0","0","36101","0","0","0","N","0","0","0","2","36101","0","","1","01","N","N","0","","1","0","0","0","0","N","1211","1","2","0","0","0","0","0","3","0","2","N","","","","","","","","","","","","03","  ","","",""
"2049","2","0","0","0","0","0","0","0","0","5","0","","36","04","2019","2019046284","7","40.038","-76.4552","2041","08","0","0","0","0","1","0","0","0","","0","0","0","20","3","0","06","0","40 02:16.861","","02","76 27:18.852","0","0","0","0","36239","0","0","0","N","0","0","0","3","36239","0","","1","01","N","N","0","","0","0","0","3","4","","2039","0","2","0","0","0","0","0","3","0","2","N","","","","","","","","","","","","03","  ","","",""
"1533","0","0","0","0","0","0","0","0","0","4","0","","36","05","2019","2019046269","1","40.0685","-76.3074","1533","08","0","0","0","0","0","1","0","0","1","0","0","0","15","1","0","01","1","40 04:06.527","1","00","76 18:26.750","0","0","0","0","36101","0","0","0","N","0","0","0","2","36101","0","","1","09","N","N","1","","0","0","1","3","2","N","1533","0","2","0","0","0","0","0","3","0","2","N","","","","","","","","","","","","07","  ","","",""
"0659","2","0","0","0","0","0","0","0","0","1","0","","36","04","2019","2019046270","4","40.0916","-76.1295","0653","08","0","0","0","1","0","1","0","0","1","0","0","0","06","5","0","02","1","40 05:29.605","4","00","76 07:46.311","0","0","0","0","36209","0","0","0","N","0","0","0","2","36415","0","","1","01","N","N","0","","0","0","0","3","3","Y","0651","0","2","0","0","0","0","0","1","0","2","N","","","","","","","","","","","","03","  ","","",""
"0915","0","0","0","0","0","0","0","0","0","7","0","","36","04","2019","2019046271","4","40.1524","-76.1268","0856","08","0","0","0","0","0","0","0","0","","0","0","0","06","2","0","00","0","40 09:08.470","","00","76 07:36.652","0","0","0","0","36209","0","0","0","N","0","0","0","1","36415","0","","5","01","N","N","0","","0","0","0","0","0","","0600","0","1","0","0","0","0","0","1","1","1","N","","","","","","","","","","","","03","  ","","",""
"1205","1","0","0","0","0","0","0","0","0","4","0","","36","04","2019","2019046272","6","40.1066","-76.0676","1202","08","0","0","0","0","0","0","0","0","1","0","0","0","12","1","0","01","1","40 06:23.763","1","00","76 04:03.457","0","0","0","0","36209","0","0","0","N","0","0","0","2","36415","0","","1","01","N","N","1","","0","0","0","3","3","N","1200","0","2","0","0","0","0","0","1","0","2","N","","","","","","","","","","","","03","  ","","",""
"1615","0","0","0","0","0","0","0","0","0","4","0","","36","04","2019","2019046273","6","40.1033","-76.0871","1615","08","0","0","0","0","0","0","1","0","2","0","0","0","16","1","0","01","2","40 06:11.878","1","00","76 05:13.467","0","0","0","0","36415","0","0","0","N","0","0","0","6","36415","0","","1","09","N","N","0","","0","0","2","3","2","Y","1615","0","2","0","0","0","0","0","1","0","2","N","","","","","","","","","","","","07","  ","","",""
"0653","1","0","0","0","0","0","0","0","0","4","0","","36","04","2019","2019046274","6","40.1066","-76.0676","0652","08","0","0","0","0","0","1","0","0","","0","0","0","06","5","1","01","0","40 06:23.763","","00","76 04:03.457","8","0","0","0","36415","0","0","0","N","0","0","0","2","36415","0","","1","01","N","N","0","","0","0","1","3","3","","0649","1","2","0","0","0","1","0","1","0","2","N","","","","","","","","","","","","03","  ","","",""
"0136","1","0","0","0","0","0","0","0","0","7","0","","36","04","2019","2019046275","1","40.1025","-76.1131","0135","08","0","0","0","0","0","0","0","0","2","0","0","0","01","2","1","00","1","40 06:08.963","2","00","76 06:47.199","3","0","0","0","36209","0","0","0","N","0","0","0","1","36415","0","","4","01","N","N","0","","1","0","0","0","0","N","0133","1","1","0","0","0","0","0","1","0","1","N","","","","","","","","","","","","03","  ","","",""
"0600","1","0","0","0","0","0","0","0","0","4","0","","36","04","2019","2019046276","3","40.0986","-76.1012","0600","08","0","0","0","0","0","2","0","0","2","0","0","0","06","5","0","01","2","40 05:55.117","6","00","76 06:04.352","0","0","0","0","36415","0","0","0","N","0","0","0","6","36415","0","","1","01","N","N","0","","0","0","1","3","2","Y","0600","0","2","0","0","4","0","0","1","0","2","N","","","","","","","","","","","","03","  ","","",""
"1604","2","0","0","0","0","0","0","0","0","4","0","","36","05","2019","2019046323","4","40.1539","-76.5997","1600","08","0","0","0","0","0","2","0","0","2","0","0","0","15","1","2","01","1","40 09:14.162","3","00","76 35:58.842","3","0","0","0","36407","0","0","0","N","0","0","0","3","36407","1","","1","01","N","N","0","","1","0","0","3","3","N","1558","2","2","0","0","0","0","0","2","0","2","N","","","","","","","","","","","","03","  ","","",""
"1008","1","0","0","0","0","0","0","0","0","1","0","","36","05","2019","2019046473","2","40.0619","-76.2796","1001","08","0","0","0","0","0","0","1","0","2","0","0","0","09","1","0","06","1","40 03:42.866","3","02","76 16:46.552","0","0","0","0","36101","0","0","0","N","0","0","0","2","36101","0","","1","01","N","N","1","","0","0","0","0","0","N","0958","0","2","0","0","0","0","0","3","0","2","N","","","","","","","","","","","","03","  ","","",""
"0625","1","0","0","0","0","0","0","0","0","4","0","","36","04","2019","2019046500","6","40.009","-76.125","0619","08","0","0","0","0","0","1","0","0","","0","0","0","06","5","0","02","0","40 00:32.491","","00","76 07:29.870","0","0","0","0","36226","0","0","0","N","0","0","0","6","68J01","0","","1","01","N","N","1","","0","0","0","0","0","","0607","0","2","0","0","2","0","0","1","0","2","N","","","","","","","","","","","","03","  ","","",""
"0547","2","0","0","0","0","0","0","0","0","4","0","","36","05","2019","2019046574","7","40.1309","-76.2172","0542","08","0","0","0","0","0","1","0","0","2","0","0","0","05","2","1","01","2","40 07:51.556","1","00","76 13:01.609","3","0","0","0","36238","0","0","0","N","0","0","0","2","36238","0","","1","01","N","N","0","","1","0","0","3","2","Y","0538","1","2","0","0","0","0","0","3","0","2","N","","","","","","","","","","","","03","  ","","",""
"0808","2","0","0","0","0","0","0","0","0","1","0","","36","05","2019","2019046618","5","40.0588","-76.306","0806","08","0","0","0","0","0","0","0","0","2","0","0","0","08","1","1","00","1","40 03:31.538","2","00","76 18:21.687","3","0","0","0","36101","0","0","0","N","0","0","0","2","36101","0","","1","01","N","N","0","","1","0","0","0","0","N","0802","1","2","0","0","0","0","0","3","0","2","N","","","","","","","","","","","","03","  ","","",""
"1154","1","0","0","0","0","0","0","0","0","4","0","","36","05","2019","2019046619","2","40.0561","-76.2988","1150","08","0","0","0","1","0","1","0","0","1","0","0","0","11","1","3","01","2","40 03:21.855","7","00","76 17:55.661","3","0","0","0","36101","0","0","0","N","0","0","0","3","36101","0","","1","01","N","N","1","","2","0","0","3","3","Y","1148","3","2","0","0","1","1","0","3","0","2","N","","","","","","","","","","","","03","  ","","",""
"1641","2","0","0","0","0","0","0","0","0","4","0","","36","05","2019","2019046620","2","40.0384","-76.3249","1636","08","0","0","0","0","0","0","0","0","2","0","0","0","15","1","0","02","1","40 02:18.109","4","00","76 19:29.786","0","0","0","0","36301","0","0","0","N","0","0","0","2","36101","0","","1","01","N","N","0","","0","0","0","0","0","N","1550","0","2","0","0","0","0","0","3","0","2","N","","","","","","","","","","","","03","  ","","",""
"1600","3","0","0","0","0","0","0","0","0","1","0","","36","05","2019","2019046621","2","40.082","-76.3409","1555","08","0","0","0","0","0","2","0","0","2","0","0","0","15","1","4","00","2","40 04:55.345","1","00","76 20:27.247","3","0","0","0","36101","0","0","0","N","0","0","0","5","36101","0","","1","01","N","N","0","","4","0","0","0","0","N","1553","4","3","0","0","0","0","0","3","0","3","N","","","","","","","","","","","","03","  ","","",""
"0726","2","0","0","0","0","0","0","0","0","4","0","","36","04","2019","2019046622","5","40.0228","-76.3671","0722","08","0","0","0","0","0","0","0","1","2","0","0","0","07","1","0","01","1","40 01:21.946","3","00","76 22:01.509","0","0","0","0","36223","0","0","0","N","0","0","0","2","36223","0","","1","01","N","N","0","","0","0","0","0","0","N","0721","0","2","0","0","0","0","0","1","0","2","N","","","","","","","","","","","","03","  ","","",""
"1229","2","0","0","0","0","0","0","0","0","4","0","","36","04","2019","2019046627","1","40.1817","-76.1728","1228","08","0","1","0","0","0","1","0","0","2","0","0","0","12","1","1","02","2","40 10:54.253","2","00","76 10:22.195","3","0","0","1","36408","0","0","0","N","0","0","0","2","36408","0","","1","01","N","N","0","","1","0","1","3","3","Y","1228","1","4","0","0","0","0","0","2","0","4","N","","","","","","","","","","","","03","  ","","",""
"1100","2","0","0","0","0","0","0","0","0","4","0","","36","05","2019","2019046639","2","40.0522","-76.3084","1057","08","0","0","0","0","0","0","0","0","1","0","0","0","10","1","0","01","2","40 03:07.752","6","00","76 18:30.128","0","0","0","0","36301","0","0","0","N","0","0","0","2","36301","0","","1","01","N","N","0","","0","0","0","3","2","N","1055","0","2","0","0","0","0","0","3","0","2","N","","","","","","","","","","","","03","  ","","",""
"1134","1","0","0","0","0","0","0","0","0","4","0","","36","05","2019","2019046674","4","40.158","-76.6126","1130","08","0","0","0","0","0","2","0","0","1","0","0","0","11","1","1","02","1","40 09:28.948","3","00","76 36:45.360","4","0","0","0","36407","0","0","0","N","0","0","0","3","36505","1","","1","01","N","N","0","","0","0","0","0","0","Y","1130","1","2","0","0","0","0","0","2","1","2","N","","","","","","","","","","","","03","  ","","",""
"1712","1","0","0","0","0","0","0","0","0","4","0","","36","05","2019","2019046682","2","40.1469","-76.3803","1709","08","0","0","0","0","0","0","0","1","2","0","0","0","17","1","1","00","1","40 08:48.770","5","00","76 22:49.052","3","0","0","1","36227","0","0","0","N","0","0","0","2","36506","0","","1","01","N","N","0","","1","0","0","0","0","N","1709","1","2","0","0","0","0","0","1","0","2","N","","","","","","","","","","","","03","  ","","",""
"0651","2","0","0","0","0","0","0","0","0","1","0","","36","04","2019","2019046806","2","40.1235","-76.4773","0643","08","0","0","0","0","0","1","0","0","","0","0","0","06","1","2","00","0","40 07:24.486","","00","76 28:38.264","4","0","0","0","36230","0","0","0","N","0","0","0","2","36410","2","","1","01","N","N","0","","0","0","0","3","2","","0641","2","2","0","0","0","0","0","1","0","2","N","","","","","","","","","","","","03","  ","","",""
"1030","1","0","0","0","0","0","0","0","0","7","0","","36","04","2019","2019046807","2","40.224","-76.4319","1015","08","0","0","0","0","0","1","0","0","","0","0","0","10","1","1","00","0","40 13:26.537","","00","76 25:54.958","8","0","0","0","36230","0","0","0","N","0","0","0","1","36410","0","","5","01","N","N","0","","0","0","0","0","0","","1011","1","1","0","0","1","1","0","1","0","1","N","","","","","","","","","","","","03","  ","","",""
"1614","1","0","0","0","0","0","0","0","0","4","0","","36","04","2019","2019046808","3","40.173","-76.4974","1607","08","0","0","1","0","0","0","1","0","2","0","0","0","15","1","0","01","1","40 10:22.674","2","00","76 29:50.540","0","0","0","0","36230","0","0","0","N","0","0","0","2","36410","0","","1","01","N","N","0","","0","0","1","3","3","N","1558","0","2","0","0","0","0","0","1","0","2","N","","","","","","","","","","","","03","  ","","",""
"0919","1","0","0","0","0","0","0","0","0","7","0","","36","05","2019","2019046809","7","40.1737","-76.4883","0910","08","0","0","0","0","0","1","0","0","2","0","0","0","06","2","0","00","2","40 10:25.140","6","00","76 29:17.730","0","0","0","0","36230","0","0","0","N","0","0","0","1","36410","0","","5","09","N","N","0","","0","0","0","0","0","Y","0600","0","1","0","0","0","0","0","1","0","1","N","","","","","","","","","","","","07","05","","",""
"0957","0","0","0","0","0","0","0","0","0","4","0","","36","04","2019","2019046991","7","40.214","-76.1583","0953","08","0","0","0","0","0","1","0","0","2","0","0","0","09","1","0","01","1","40 12:50.235","2","00","76 09:29.758","0","0","0","0","36236","0","0","0","N","0","0","0","5","36408","0","","1","01","N","N","0","","0","0","2","3","3","N","0953","0","2","0","0","0","0","0","1","0","2","N","","","","","","","","","","","","03","  ","","",""
"0324","1","0","0","0","0","0","0","0","0","7","0","","36","05","2019","2019047018","6","40.0962","-76.2939","0323","08","0","0","0","0","0","0","0","0","2","0","0","0","03","2","0","00","2","40 05:46.252","4","00","76 17:38.135","0","0","0","0","36101","0","0","0","N","0","0","0","1","36101","0","","4","01","N","N","0","","0","0","0","0","0","N","0320","0","1","0","0","0","0","0","3","0","1","N","","","","","","","","","","","","03","  ","","",""
"0814","2","0","0","0","0","0","0","0","0","1","0","","36","05","2019","2019047019","5","40.0812","-76.351","0812","08","0","0","0","0","0","0","0","0","","0","0","0","08","1","1","00","0","40 04:52.202","","03","76 21:03.706","3","0","0","0","36101","0","0","0","N","0","0","0","2","36214","0","","1","01","N","N","0","","1","0","0","0","0","","0810","1","2","0","0","1","0","0","3","0","2","N","","","","","","","","","","","","03","  ","","",""
"1640","2","0","0","0","0","0","0","0","0","4","0","","36","05","2019","2019047083","3","40.0669","-76.3435","1525","08","0","1","0","0","0","1","0","0","3","0","0","0","15","1","0","00","1","40 04:00.717","4","07","76 20:36.725","0","0","0","0","36301","0","0","0","N","0","0","0","2","36301","0","","1","01","N","N","0","","0","0","0","3","2","Y","1525","0","2","0","0","0","0","0","3","0","2","N","","","","","","","","","","","","03","  ","","",""
"1029","0","0","0","0","0","0","0","0","0","7","0","","36","05","2019","2019047112","6","40.1514","-76.2543","1021","08","0","0","0","0","0","0","0","0","","0","0","0","10","1","0","00","0","40 09:04.862","","00","76 15:15.414","0","0","0","0","36235","0","0","0","N","0","0","0","1","36506","0","","5","01","N","N","0","","0","0","0","0","0","","1021","0","1","0","0","0","0","0","1","1","1","N","","","","","","","","","","","","03","  ","","",""
"1511","1","0","0","0","0","0","0","0","0","4","0","","36","04","2019","2019047115","3","40.1257","-76.3788","1507","08","0","0","0","0","0","0","1","0","","0","0","0","15","1","2","03","0","40 07:32.431","","00","76 22:43.785","4","0","0","0","36227","0","0","0","N","0","0","0","3","36506","2","","1","01","N","N","1","","0","0","0","0","0","","1507","2","2","0","0","0","0","0","1","0","2","N","","","","","","","","","","","","03","  ","","",""
"1244","2","0","0","0","0","0","0","0","0","4","0","","36","05","2019","2019047177","4","40.1539","-76.5997","1240","08","0","0","0","0","0","0","0","1","1","0","0","0","12","1","0","01","2","40 09:14.162","6","00","76 35:58.842","0","0","0","0","36407","0","0","0","N","0","0","0","2","36407","0","","1","01","N","N","0","","0","0","0","3","3","Y","1238","0","2","0","0","0","0","0","2","0","2","N","","","","","","","","","","","","03","  ","","",""
"0837","1","0","1","0","0","0","0","0","0","1","0","","36","05","2019","2019047196","6","40.139","-76.211","0833","08","0","0","0","0","0","0","1","0","1","0","0","0","08","1","1","00","1","40 08:20.406","1","00","76 12:39.695","2","0","0","0","36238","0","0","0","N","0","0","0","3","36238","0","","1","01","N","N","1","","0","1","0","0","0","Y","0833","1","2","0","0","0","0","0","3","0","2","N","","","","","","","","","","","","03","  ","","",""
"1528","1","0","0","0","0","0","0","0","0","4","0","","36","05","2019","2019047223","7","40.0638","-76.3405","1524","08","0","0","0","0","0","2","0","0","2","0","0","0","15","1","2","01","1","40 03:49.773","4","00","76 20:26.398","4","0","0","0","36101","0","0","0","N","0","0","0","3","36101","2","","1","01","N","N","0","","0","0","1","3","2","N","1522","2","2","0","0","0","0","0","3","0","2","N","","","","","","","","","","","","03","  ","","",""
"1441","1","0","0","0","0","0","0","0","0","1","0","","36","05","2019","2019047224","1","40.051","-76.3533","1431","08","0","0","0","1","0","0","0","0","","0","0","0","14","1","1","00","0","40 03:03.522","","00","76 21:11.965","8","0","0","0","36214","0","0","0","N","0","0","0","3","36214","0","","1","09","N","N","0","","0","0","1","0","0","","1431","1","2","0","0","0","1","0","3","0","2","N","","","","","","","","","","","","07","  ","","",""
"0820","2","0","0","0","0","0","0","0","0","1","1","","36","03","2019","2019047225","5","40.0571","-76.2717","0815","08","0","0","0","0","0","2","0","0","2","0","1","0","07","1","0","00","1","40 03:25.708","4","00","76 16:18.236","0","0","0","0","36215","0","0","0","N","0","0","0","3","36215","0","","1","09","N","N","0","","0","0","0","0","0","N","0756","0","3","0","0","0","0","0","1","0","3","N","","","","","","","","","","","","07","  ","","",""
"0803","1","0","0","0","0","0","0","0","0","1","0","","36","04","2019","2019047226","4","40.015","-76.2304","0745","08","0","0","1","0","0","1","0","0","2","0","0","0","07","1","0","00","1","40 00:53.904","2","00","76 13:49.559","0","0","0","0","36215","0","0","0","N","0","0","0","3","36215","0","","1","01","N","N","0","","0","0","1","0","0","N","0745","0","2","0","0","0","0","0","1","0","2","N","","","","","","","","","","","","03","  ","","",""
"1743","0","0","0","0","0","0","0","0","0","4","0","","36","05","2019","2019047227","5","40.0264","-76.2136","1737","08","0","0","0","0","0","0","0","0","","0","0","0","17","1","0","00","0","40 01:34.915","","00","76 12:48.824","0","0","0","0","36215","0","0","0","N","0","0","0","4","36215","0","","1","01","N","N","1","","0","0","1","3","2","","1735","0","2","0","0","0","0","0","1","0","2","N","","","","","","","","","","","","03","  ","","",""
"1418","1","0","0","0","0","0","0","0","0","4","0","","36","05","2019","2019047228","6","40.0187","-76.1739","1409","08","0","0","0","0","0","1","0","0","2","0","0","0","14","1","0","01","1","40 01:07.422","3","00","76 10:26.132","0","0","0","0","36215","0","0","0","N","0","0","0","7","36215","0","","1","01","N","N","0","","0","0","0","0","0","Y","1407","0","2","0","0","0","0","0","1","1","2","N","","","","","","","","","","","","03","  ","","",""