"ARRIVAL_TM","AUTOMOBILE_COUNT","BELTED_DEATH_COUNT","BELTED_SUSP_SERIOUS_INJ_COUNT","BICYCLE_COUNT","BICYCLE_DEATH_COUNT","BICYCLE_SUSP_SERIOUS_INJ_COUNT","BUS_COUNT","CHLDPAS_DEATH_COUNT","CHLDPAS_SUSP_SERIOUS_INJ_COUNT","COLLISION_TYPE","COMM_VEH_COUNT","CONS_ZONE_SPD_LIM","COUNTY","CRASH_MONTH","CRASH_YEAR","CRN","DAY_OF_WEEK","DEC_LAT","DEC_LONG","DISPATCH_TM","DISTRICT","DRIVER_COUNT_16YR","DRIVER_COUNT_17YR","DRIVER_COUNT_18YR","DRIVER_COUNT_19YR","DRIVER_COUNT_20YR","DRIVER_COUNT_50_64YR","DRIVER_COUNT_65_74YR","DRIVER_COUNT_75PLUS","EST_HRS_CLOSED","FATAL_COUNT","HEAVY_TRUCK_COUNT","HORSE_BUGGY_COUNT","HOUR_OF_DAY","ILLUMINATION","INJURY_COUNT","INTERSECT_TYPE","LANE_CLOSED","LATITUDE","LN_CLOSE_DIR","LOCATION_TYPE","LONGITUDE","MAX_SEVERITY_LEVEL","MCYCLE_DEATH_COUNT","MCYCLE_SUSP_SERIOUS_INJ_COUNT","MOTORCYCLE_COUNT","MUNICIPALITY","NONMOTR_COUNT","NONMOTR_DEATH_COUNT","NONMOTR_SUSP_SERIOUS_INJ_COUNT","NTFY_HIWY_MAINT","PED_COUNT","PED_DEATH_COUNT","PED_SUSP_SERIOUS_INJ_COUNT","PERSON_COUNT","POLICE_AGCY","POSSIBLE_INJ_COUNT","RDWY_SURF_TYPE_CD","RELATION_TO_ROAD","ROAD_CONDITION","SCH_BUS_IND","SCH_ZONE_IND","SMALL_TRUCK_COUNT","SPEC_JURIS_CD","SUSP_MINOR_INJ_COUNT","SUSP_SERIOUS_INJ_COUNT","SUV_COUNT","TCD_FUNC_CD","TCD_TYPE","TFC_DETOUR_IND","TIME_OF_DAY","TOT_INJ_COUNT","TOTAL_UNITS","UNB_DEATH_COUNT","UNB_SUSP_SERIOUS_INJ_COUNT","UNBELTED_OCC_COUNT","UNK_INJ_DEG_COUNT","UNK_INJ_PER_COUNT","URBAN_RURAL","VAN_COUNT","VEHICLE_COUNT","WORK_ZONE_IND","WORK_ZONE_LOC","WORK_ZONE_TYPE","WORKERS_PRES","WZ_CLOSE_DETOUR","WZ_FLAGGER","WZ_LAW_OFFCR_IND","WZ_LN_CLOSURE","WZ_MOVING","WZ_OTHER","WZ_SHLDER_MDN","ROADWAY_CLEARED","WEATHER1","WEATHER2","WZ_WORKERS_INJ_KILLED","SECONDARY_CRASH","INTERSECTION_RELATED"
"1722","1","0","0","0","0","0","0","0","0","1","0","","36","05","2019","2019047229","6","40.0241","-76.2005","1720","08","0","1","0","0","0","1","0","0","2","0","0","0","17","1","0","00","1","40 01:26.647","4","07","76 12:01.851","0","0","0","0","36215","0","0","0","N","0","0","0","4","36215","0","","1","01","N","N","0","","0","0","1","3","2","N","1719","0","3","0","0","0","0","0","1","1","3","N","","","","","","","","","","","","03","  ","","",""
"1247","0","0","0","0","0","0","0","0","0","5","0","","36","03","2019","2019047264","7","40.2413","-76.2485","1245","08","0","0","0","0","0","1","0","0","","0","0","0","12","1","0","00","0","40 14:28.774","","00","76 14:54.654","0","0","0","0","36204","0","0","0","N","0","0","0","7","68T06","0","","1","01","N","N","0","","0","0","1","0","0","","1235","0","3","0","0","0","0","0","1","0","2","N","","","","","","","","","","","","03","  ","","",""
"1041","1","0","0","0","0","0","0","0","0","7","0","","36","04","2019","2019047294","1","40.216","-76.0716","1036","08","0","0","0","0","0","0","0","0","","0","0","0","10","1","0","00","0","40 12:57.500","","02","76 04:17.800","0","0","0","0","36202","0","0","0","N","0","0","0","1","68T06","0","","2","09","N","N","0","","0","0","0","0","0","","1036","0","1","0","0","0","0","0","1","0","1","N","","","","","","","","","","","","03","  ","","",""
"1331","2","0","0","0","0","0","0","0","0","1","0","","36","05","2019","2019047410","4","40.0787","-76.3464","1327","08","0","0","0","0","1","0","0","0","2","0","0","0","13","1","1","03","1","40 04:43.376","3","00","76 20:46.900","4","0","0","0","36101","0","0","0","N","0","0","0","2","36101","1","","1","01","N","N","0","","0","0","0","3","3","N","1312","1","2","0","0","0","0","0","3","0","2","N","","","","","","","","","","","","03","  ","","",""
"0940","0","0","0","0","0","0","0","0","0","7","0","","36","05","2019","2019047416","4","40.0301","-76.4381","0936","08","0","0","1","0","0","0","0","0","2","0","0","0","09","1","2","00","2","40 01:48.357","6","00","76 26:17.198","3","0","0","0","36239","0","0","0","N","0","0","0","2","36239","0","","4","01","N","N","0","","2","0","1","0","0","Y","0934","2","1","0","0","0","0","0","3","0","1","N","","","","","","","","","","","","03","  ","","",""
"1406","0","0","0","0","0","0","0","0","0","4","0","","36","04","2019","2019047424","3","40.1713","-76.1238","1401","08","0","0","0","0","0","0","1","1","2","0","0","0","14","1","1","01","2","40 10:16.682","5","00","76 07:25.649","3","0","0","0","36218","0","0","0","N","0","0","0","2","36408","0","","1","01","N","N","0","","1","0","0","3","3","Y","1400","1","2","0","0","0","0","0","1","2","2","N","","","","","","","","","","","","03","  ","","",""
"0600","0","0","0","0","0","0","0","0","0","4","0","","36","05","2019","2019047433","5","40.1542","-76.1718","0600","08","0","0","0","0","0","0","0","0","2","0","0","0","05","5","1","02","1","40 09:15.127","5","00","76 10:18.519","3","0","0","0","36218","0","0","0","N","0","0","0","2","36408","0","","1","01","N","N","0","","1","0","1","3","3","Y","0542","1","2","0","0","0","0","0","1","1","2","N","","","","","","","","","","","","03","  ","","",""
"0751","1","0","0","0","0","0","0","0","0","4","0","","36","04","2019","2019047485","7","40.0626","-76.5496","0746","08","0","0","0","1","0","0","0","0","2","0","0","0","07","1","0","01","1","40 03:45.336","5","00","76 32:58.470","0","0","0","0","36211","0","0","0","N","0","0","0","2","36504","0","","1","09","N","N","0","","0","0","1","3","2","Y","0744","0","2","0","0","0","0","0","1","0","2","N","","","","","","","","","","","","03","  ","","",""
"1519","1","0","0","0","0","0","0","0","0","1","0","","36","05","2019","2019047519","5","40.2441","-76.2318","1511","08","0","0","0","1","0","0","0","0","3","0","0","0","15","1","1","00","2","40 14:38.607","3","00","76 13:54.455","3","0","0","0","36204","0","0","0","N","0","0","0","4","68T06","0","","1","01","N","N","0","","1","0","2","0","0","Y","1511","1","3","0","0","0","0","0","1","0","3","N","","","","","","","","","","","","03","  ","","",""
"1916","1","0","0","0","0","0","0","0","0","7","0","","36","05","2019","2019047527","1","40.2283","-76.4614","1906","08","0","0","1","0","0","0","0","0","2","0","0","0","19","1","1","00","1","40 13:41.805","4","00","76 27:40.929","3","0","0","0","36230","0","0","0","N","0","0","0","2","68T06","0","","3","08","N","N","0","","1","0","0","0","0","N","1906","1","1","0","0","0","0","0","1","0","1","N","","","","","","","","","","","","07","  ","","",""
"0245","0","0","0","0","0","0","0","0","0","9","0","","36","05","2019","2019047536","4","40.2216","-76.0906","0238","08","0","0","0","0","0","0","0","0","","0","0","0","02","2","1","00","0","40 13:17.671","","00","76 05:26.155","3","0","0","0","36210","0","0","0","N","0","0","0","3","68T06","0","","1","01","N","N","0","","1","0","1","0","0","","0238","1","1","0","0","0","0","0","1","0","1","N","","","","","","","","","","","","03","  ","","",""
"1105","0","0","0","0","0","0","0","0","0","0","0","","36","05","2019","2019047596","5","40.0739","-76.2771","1104","08","0","0","0","0","0","0","1","0","1","0","0","0","11","1","1","00","2","40 04:26.140","5","00","76 16:37.630","3","0","0","1","36101","0","0","0","N","0","0","0","1","36101","0","","1","09","N","N","0","","1","0","0","0","0","N","1102","1","1","0","0","0","0","0","3","0","1","N","","","","","","","","","","","","07","  ","","",""
"1126","0","0","0","0","0","0","0","0","0","4","0","","36","04","2019","2019047597","3","40.0972","-76.099","1119","08","0","0","0","0","0","0","0","1","3","0","1","0","11","1","0","09","2","40 05:49.981","5","00","76 05:56.295","0","0","0","0","36415","0","0","0","N","0","0","0","1","36415","0","","1","01","N","N","0","","0","0","0","3","6","Y","1117","0","2","0","0","0","0","0","1","0","1","N","","","","","","","","","","","","03","  ","","",""
"1726","2","0","0","0","0","0","0","0","0","4","0","","36","04","2019","2019047599","3","40.0817","-76.1157","1721","08","0","0","0","0","0","0","0","0","2","0","0","0","17","1","0","01","1","40 04:54.150","5","00","76 06:56.577","0","0","0","0","36209","0","0","0","N","0","0","0","3","36415","0","","1","01","N","N","0","","0","0","0","3","3","Y","1719","0","2","0","0","0","0","0","1","0","2","N","","","","","","","","","","","","03","  ","","",""
"0321","1","0","0","0","0","0","0","0","0","7","0","","36","05","2019","2019047600","6","40.0947","-76.1119","0318","08","0","0","0","1","0","0","0","0","1","0","0","0","03","2","1","00","2","40 05:40.764","6","00","76 06:42.834","3","0","0","0","36209","0","0","0","N","0","0","0","1","36415","0","","5","01","N","N","0","","1","0","0","0","0","Y","0318","1","1","0","0","1","0","0","1","0","1","N","","","","","","","","","","","","03","  ","","",""
"2015","0","0","0","0","0","0","0","0","0","4","0","","36","05","2019","2019047601","1","40.0999","-76.0908","2010","08","0","0","0","0","0","0","0","0","","0","0","0","20","3","0","09","0","40 05:59.810","","00","76 05:26.850","0","0","0","0","36415","0","0","0","N","0","0","0","1","36415","0","","1","09","N","N","0","","0","0","1","3","6","","2009","0","2","0","0","0","0","0","1","0","1","N","","","","","","","","","","","","07","  ","","",""
"0849","0","0","0","0","0","0","0","0","0","7","0","","36","05","2019","2019047743","1","40.0582","-76.2957","0844","08","0","0","0","0","0","0","0","0","2","0","0","0","08","1","1","00","2","40 03:29.620","6","00","76 17:44.410","4","0","0","0","36101","0","0","0","N","0","0","0","1","36101","1","","4","09","N","N","1","","0","0","0","0","0","N","0842","1","1","0","0","0","0","0","3","0","1","N","","","","","","","","","","","","07","  ","","",""
"1727","1","0","0","0","0","0","0","0","0","4","0","","36","05","2019","2019047744","4","40.07","-76.3319","1723","08","0","0","0","0","0","0","0","0","2","0","0","0","17","1","1","00","2","40 04:12.062","2","00","76 19:54.853","3","0","0","0","36101","0","0","0","N","0","0","0","5","36101","0","","1","01","N","N","0","","1","0","1","0","0","N","1721","1","2","0","0","0","0","0","3","0","2","N","","","","","","","","","","","","03","  ","","",""
"1817","1","0","0","0","0","0","0","0","0","4","0","","36","05","2019","2019047745","4","40.0695","-76.3311","1816","08","0","0","0","1","0","1","0","0","1","0","0","0","18","1","2","01","1","40 04:10.251","1","00","76 19:52.060","3","0","0","0","36101","0","0","0","N","0","0","0","3","36101","0","","1","01","N","N","1","","2","0","0","3","2","N","1816","2","2","0","0","0","0","0","3","0","2","N","","","","","","","","","","","","03","  ","","",""
"1801","2","0","0","0","0","0","0","0","0","1","0","","36","05","2019","2019047746","7","40.0306","-76.3608","1755","08","0","0","1","0","1","0","0","0","","0","0","0","17","1","1","00","0","40 01:50.285","","00","76 21:39.011","3","0","0","0","36223","0","0","0","N","0","0","0","2","36223","0","","1","01","N","N","0","","1","0","0","0","0","","1753","1","2","0","0","0","0","0","1","0","2","N","","","","","","","","","","","","03","  ","","",""
"1615","1","0","0","0","0","0","0","0","0","4","0","","36","05","2019","2019047794","3","40.0778","-76.4211","1608","08","0","1","0","0","0","0","0","0","2","0","0","0","16","1","1","02","2","40 04:40.238","6","00","76 25:15.952","8","0","0","0","36239","0","0","0","N","0","0","0","3","36239","0","","1","01","N","N","0","","0","0","1","3","3","Y","1608","1","2","0","0","0","1","0","3","0","2","N","","","","","","","","","","","","03","  ","","",""
"1128","1","0","0","0","0","0","0","0","0","1","0","","36","04","2019","2019047837","3","39.771","-76.071","1100","08","0","0","0","0","0","1","1","1","1","0","0","0","10","1","0","00","1","39 46:15.677","2","00","76 04:15.504","0","0","0","0","36222","0","0","0","N","0","0","0","3","68J01","0","","1","01","N","N","0","","0","0","2","0","0","N","1057","0","3","0","0","0","0","0","1","0","3","N","","","","","","","","","","","","03","  ","","",""
"1904","1","0","0","0","0","0","0","0","0","4","0","","36","05","2019","2019047866","2","40.0258","-76.1522","1859","08","0","1","0","0","0","0","1","0","","0","0","0","18","1","1","00","0","40 01:32.950","","00","76 09:08.020","3","0","0","0","36221","0","0","0","N","0","0","0","2","68J01","0","","1","01","N","N","0","","1","0","0","0","0","","1858","1","2","0","0","0","0","0","1","1","2","N","","","","","","","","","","","","03","  ","","",""
"0909","3","0","0","0","0","0","0","0","0","4","0","","36","05","2019","2019047892","6","40.0394","-76.2994","0909","08","0","0","0","0","0","0","0","0","2","0","0","0","08","1","1","01","2","40 02:21.958","2","00","76 17:58.012","3","0","0","0","36301","0","0","0","N","0","0","0","3","36301","0","","1","01","N","N","0","","1","0","1","3","3","Y","0850","1","4","0","0","0","0","0","3","0","4","N","","","","","","","","","","","","03","  ","","",""
"1710","1","0","0","0","0","0","0","0","0","1","0","","36","05","2019","2019047975","6","39.9911","-76.2603","1705","08","0","0","0","0","0","0","0","0","","0","0","0","17","1","0","02","0","39 59:28.076","","00","76 15:37.017","0","0","0","0","36240","0","0","0","N","0","0","0","5","36240","0","","1","09","N","N","0","","0","0","1","3","3","","1700","0","2","0","0","0","0","0","1","0","2","N","","","","","","","","","","","","07","  ","","",""
"2032","1","0","0","0","0","0","0","0","0","9","0","","36","04","2019","2019048115","5","39.9356","-76.2544","2031","08","0","1","0","0","0","0","0","0","","0","0","0","20","2","0","00","0","39 56:08.213","","00","76 15:15.812","0","0","0","0","36229","0","0","0","N","0","0","0","1","68J01","0","","1","01","N","N","0","","0","0","0","0","0","","2024","0","1","0","0","0","0","0","1","0","1","N","","","","","","","","","","","","03","  ","","",""
"1321","1","0","0","0","0","0","0","0","0","7","0","","36","04","2019","2019048119","1","39.9598","-76.085","1314","08","0","0","0","0","0","1","0","0","","0","0","0","13","1","0","00","0","39 57:35.429","","00","76 05:06.112","0","0","0","0","36201","0","0","0","N","0","0","0","2","68J01","0","","2","01","N","N","0","","0","0","0","0","0","","1306","0","1","0","0","0","0","0","1","0","1","N","","","","","","","","","","","","03","  ","","",""
"1759","0","0","0","0","0","0","0","0","0","4","0","","36","04","2019","2019048122","2","39.8301","-76.0544","1757","08","0","0","0","0","0","0","0","0","2","0","0","0","17","1","0","02","1","39 49:48.444","2","00","76 03:16.010","0","0","0","0","36205","0","0","0","N","0","0","0","5","68J01","0","","1","01","N","N","0","","0","0","2","0","0","N","1755","0","2","0","0","0","0","0","1","0","2","N","","","","","","","","","","","","03","  ","","",""
"1715","1","0","0","0","0","0","0","0","0","4","0","","36","05","2019","2019048131","5","39.8725","-76.2312","1710","08","0","0","0","0","0","0","0","1","2","0","0","0","17","1","0","02","1","39 52:20.980","3","00","76 13:52.312","0","0","0","0","36208","0","0","0","N","0","0","0","2","68J01","0","","1","01","N","N","0","","0","0","0","3","3","N","1706","0","2","0","0","0","0","0","1","1","2","N","","","","","","","","","","","","03","  ","","",""
"1742","2","0","0","0","0","0","0","0","0","4","0","","36","05","2019","2019048145","1","39.8615","-76.2656","1641","08","0","0","0","0","0","0","0","0","3","0","0","0","16","1","0","02","2","39 51:41.360","3","00","76 15:56.211","0","0","0","0","36224","0","0","0","N","0","0","0","2","68J01","0","","1","09","N","N","0","","0","0","0","3","3","N","1638","0","2","0","0","0","0","0","1","0","2","N","","","","","","","","","","","","07","  ","","",""
"1804","1","0","0","0","0","0","0","0","0","4","0","","36","05","2019","2019048209","4","40.0684","-76.3143","1800","08","0","0","0","0","0","1","0","0","","0","0","0","18","1","1","01","0","40 04:06.400","","00","76 18:51.600","3","0","0","0","36101","0","0","0","N","0","0","0","2","36101","0","","1","01","N","N","0","","1","0","1","3","3","","1800","1","2","0","0","0","0","0","3","0","2","N","","","","","","","","","","","","03","  ","","",""
"0833","0","0","0","0","0","0","0","0","0","1","0","","36","05","2019","2019048210","6","40.0777","-76.2828","0825","08","0","0","0","0","0","0","0","0","2","0","0","0","08","1","2","00","1","40 04:39.881","2","00","76 16:58.015","4","0","0","0","36101","0","0","0","N","0","0","0","3","36101","2","","1","09","N","N","1","","0","0","2","0","0","N","0823","2","3","0","0","0","0","0","3","0","3","N","","","","","","","","","","","","07","  ","","",""
"0054","1","0","0","0","0","0","0","0","0","4","0","","36","05","2019","2019048211","7","40.1","-76.3541","0049","08","0","1","0","0","1","0","0","0","1","0","0","0","00","3","0","01","1","40 06:00.025","3","00","76 21:14.898","0","0","0","0","36406","0","0","0","N","0","0","0","3","36101","0","","1","09","N","N","0","","0","0","1","3","2","N","0043","0","2","0","0","0","0","0","3","0","2","N","","","","","","","","","","","","03","  ","","",""
"1050","2","0","0","0","0","0","0","0","0","4","0","","36","05","2019","2019048212","2","40.0739","-76.3499","1043","08","0","0","0","0","0","1","1","0","2","0","0","0","10","1","0","01","1","40 04:25.930","1","00","76 20:59.798","0","0","0","0","36214","0","0","0","N","0","0","0","2","36214","0","","1","01","N","N","0","","0","0","0","3","3","N","1043","0","2","0","0","0","0","0","3","0","2","N","","","","","","","","","","","","03","  ","","",""
"1810","1","0","0","0","0","0","0","0","0","7","0","","36","05","2019","2019048223","6","40.0231","-76.2757","1745","08","0","0","0","0","0","0","0","0","2","0","0","0","17","1","0","00","2","40 01:23.302","6","00","76 16:32.608","9","0","0","0","36240","0","0","0","N","0","0","0","1","36240","0","","4","09","N","N","0","","0","0","0","0","0","Y","1740","0","1","0","0","0","0","1","1","0","1","N","","","","","","","","","","","","07","  ","","",""
"2142","1","0","0","0","0","0","0","0","0","4","0","","36","05","2019","2019048235","6","40.0382","-76.3235","2131","08","0","0","0","1","0","0","1","0","2","0","0","0","21","3","1","01","1","40 02:17.653","3","00","76 19:24.603","4","0","0","0","36301","0","0","0","N","0","0","0","3","36301","1","","1","01","N","N","0","","0","0","1","3","2","N","2120","1","2","0","0","0","0","0","3","0","2","N","","","","","","","","","","","","03","  ","","",""
"1425","1","0","0","0","0","0","0","0","0","4","0","","36","04","2019","2019048304","1","40.1091","-76.4958","1423","08","0","0","1","0","0","0","0","0","2","0","0","0","14","1","0","01","1","40 06:32.868","6","00","76 29:44.850","0","0","0","0","36413","0","0","0","N","0","0","0","2","36413","0","","1","01","N","N","1","","0","0","0","3","3","Y","1422","0","2","0","0","0","0","0","2","0","2","N","","","","","","","","","","","","03","  ","","",""
"1551","2","0","0","0","0","0","0","0","0","4","0","","36","05","2019","2019048398","6","40.036","-76.5046","1551","08","0","1","0","0","0","0","0","0","1","0","0","0","15","1","0","01","2","40 02:09.524","7","00","76 30:16.491","0","0","0","0","36404","0","0","0","N","0","0","0","6","36404","0","","1","01","N","N","0","","0","0","0","3","3","Y","1551","0","2","0","0","0","0","0","3","0","2","N","","","","","","","","","","","","98","  ","","",""
"1228","2","0","0","0","0","0","0","0","0","1","0","","36","05","2019","2019048402","6","40.1868","-76.1854","1225","08","0","0","0","0","0","2","0","0","2","0","0","0","12","1","0","00","1","40 11:12.487","1","00","76 11:07.592","0","0","0","0","36408","0","0","0","N","0","0","0","3","36408","0","","1","01","N","N","0","","0","0","1","0","0","N","1224","0","3","0","0","0","0","0","2","0","3","N","","","","","","","","","","","","03","  ","","",""
"1814","2","0","0","0","0","0","0","0","0","4","0","","36","05","2019","2019048407","6","40.1481","-76.5515","1811","08","1","0","0","0","0","0","0","0","2","0","0","0","18","1","0","02","1","40 08:53.137","7","00","76 33:05.272","0","0","0","0","36225","0","0","0","N","0","0","0","2","36505","0","","1","01","N","N","0","","0","0","0","3","3","N","1811","0","2","0","0","0","0","0","2","0","2","N","","","","","","","","","","","","03","  ","","",""
"1645","0","0","0","0","0","0","0","0","0","1","0","","36","05","2019","2019048417","6","40.029","-76.304","1637","08","0","0","0","0","0","0","0","0","2","0","0","0","16","1","0","00","1","40 01:44.396","1","00","76 18:14.510","0","0","0","0","36301","0","0","0","N","0","0","0","1","36301","0","","6","09","N","N","0","","0","0","2","0","0","N","1637","0","2","0","0","0","0","0","3","0","2","N","","","","","","","","","","","","07","  ","","",""
"0122","1","0","0","0","0","0","0","0","0","9","0","","36","05","2019","2019048429","5","40.1414","-76.2012","0108","08","0","0","0","0","0","0","0","0","","0","0","0","01","2","0","00","0","40 08:29.140","","00","76 12:04.264","0","0","0","0","36238","0","0","0","N","0","0","0","1","36238","0","","1","01","N","N","0","","0","0","0","0","0","","0105","0","1","0","0","0","0","0","3","0","1","N","","","","","","","","","","","","03","  ","","",""
"1026","0","0","0","0","0","0","0","0","0","4","0","","36","05","2019","2019048437","1","40.1034","-76.4349","1019","08","0","0","0","0","0","1","0","0","2","0","0","0","10","1","0","02","1","40 06:12.364","6","00","76 26:05.688","0","0","0","0","36239","0","0","0","N","0","0","0","3","36239","0","","1","09","N","N","2","","0","0","0","3","3","Y","1017","0","2","0","0","0","0","0","3","0","2","N","","","","","","","","","","","","07","  ","","",""
"1148","1","0","0","0","0","0","0","0","0","7","0","","36","05","2019","2019048451","1","40.0298","-76.5055","1148","08","0","0","0","0","0","0","0","1","2","0","0","0","11","1","1","02","1","40 01:47.377","4","00","76 30:19.674","3","0","0","0","36404","0","0","0","N","0","0","0","1","36404","0","","2","09","N","N","0","","1","0","0","0","0","N","1148","1","1","0","0","0","0","0","3","0","1","N","","","","","","","","","","","","07","  ","","",""
"2200","1","0","0","0","0","0","0","0","0","4","0","","36","05","2019","2019048664","1","40.1302","-76.2166","2155","08","0","0","0","0","0","2","0","0","2","0","0","0","21","3","0","00","1","40 07:48.880","4","00","76 12:59.900","0","0","0","0","36238","0","0","0","N","0","0","0","2","36238","0","","1","09","N","N","0","","0","0","0","0","0","N","2154","0","2","0","0","0","0","0","3","1","2","N","","","","","","","","","","","","03","  ","","",""
"0540","0","0","0","0","0","0","0","0","0","4","0","","36","05","2019","2019048640","6","40.0389","-76.2971","0534","08","0","0","0","0","0","1","0","0","1","0","0","0","05","5","0","01","1","40 02:20.039","3","00","76 17:49.619","0","0","0","0","36301","0","0","0","N","0","0","0","2","36301","0","","1","01","","","0","","0","0","2","3","2","N","0531","0","2","0","0","0","0","0","3","0","2","N","","","","","","","","","","","","03","  ","","",""
"2136","2","0","0","0","0","0","0","0","0","4","0","","36","05","2019","2019048682","7","40.04","-76.3177","2132","08","0","0","0","0","0","0","0","0","","0","0","0","21","3","0","01","0","40 02:23.823","","00","76 19:03.806","0","0","0","0","36301","0","0","0","N","0","0","0","3","36301","0","","1","09","N","N","0","","0","0","0","0","0","","2101","0","2","0","0","0","0","0","3","0","2","N","","","","","","","","","","","","07","  ","","",""
"0535","1","0","0","0","0","0","0","0","0","7","0","","36","05","2019","2019048689","5","40.2062","-76.116","0535","08","0","0","0","0","0","0","0","0","","0","0","0","05","2","1","00","0","40 12:22.252","","00","76 06:57.726","4","0","0","0","36210","0","0","0","Y","0","0","0","1","36210","1","","5","01","N","N","0","","0","0","0","0","0","","0535","1","1","0","0","0","0","0","1","0","1","N","","","","","","","","","","","","03","  ","","",""
"1010","2","0","0","0","0","0","0","0","0","4","0","","36","05","2019","2019048726","7","40.1302","-76.5896","1005","08","0","0","1","0","0","1","0","0","1","0","0","0","10","1","0","00","1","40 07:48.600","5","07","76 35:22.500","9","0","0","0","36237","0","0","0","N","0","0","0","2","36505","0","","1","01","N","N","0","","0","0","0","0","0","N","1005","0","2","0","0","0","0","1","1","0","2","N","","","","","","","","","","","","03","  ","","",""
"0912","2","0","0","0","0","0","0","0","0","4","0","","36","05","2019","2019048734","2","40.0476","-76.2984","0906","08","0","0","0","0","0","1","0","0","2","0","0","0","08","1","0","02","2","40 02:51.381","4","00","76 17:54.236","0","0","0","0","36301","0","0","0","N","0","0","0","2","36301","0","","1","09","N","N","0","","0","0","0","3","3","Y","0856","0","2","0","0","0","0","0","3","0","2","N","","","","","","","","","","","","07","  ","","",""
"1604","1","0","0","0","0","0","0","0","0","1","0","","36","05","2019","2019048815","2","40.1622","-76.6095","1557","08","0","0","0","1","0","1","1","0","2","0","0","0","15","1","0","03","1","40 09:43.940","2","00","76 36:34.092","0","0","0","0","36407","0","0","0","N","0","0","0","5","36505","0","","1","01","N","N","1","","0","0","1","0","0","Y","1552","0","3","0","0","1","0","0","2","0","3","N","","","","","","","","","","","","03","  ","","",""
"1618","1","0","0","0","0","0","0","0","0","1","0","","36","04","2019","2019048860","3","39.8972","-76.1581","1615","08","0","0","0","0","0","0","0","0","1","0","0","0","16","1","1","02","1","39 53:49.868","1","00","76 09:29.306","8","0","0","0","36416","0","0","0","N","0","0","0","3","36416","0","","1","01","N","N","0","","0","0","2","0","0","Y","1615","1","3","0","0","0","1","0","1","0","3","N","","","","","","","","","","","","03","  ","","",""
"2233","1","0","0","0","0","0","0","0","0","2","0","","36","05","2019","2019048866","7","40.0601","-76.3201","2230","08","0","0","0","0","0","0","0","0","","0","0","0","21","3","0","01","0","40 03:36.259","","00","76 19:12.236","9","0","0","0","36101","0","0","0","N","0","0","0","3","36101","0","","1","09","N","N","0","","0","0","0","3","2","","2155","0","2","0","0","0","0","1","3","0","2","N","","","","","","","","","","","","07","  ","","",""
"2240","1","0","0","0","0","0","0","0","0","4","0","","36","05","2019","2019048867","7","40.0638","-76.3405","2238","08","0","0","0","0","1","0","0","0","","0","0","0","22","3","0","01","0","40 03:49.546","","00","76 20:25.898","0","0","0","0","36101","0","0","0","N","0","0","0","2","36101","0","","1","09","N","N","0","","0","0","1","3","2","","2230","0","2","0","0","0","0","0","3","0","2","N","","","","","","","","","","","","07","  ","","",""
"1541","0","0","0","0","0","0","0","0","0","4","0","","36","05","2019","2019048869","1","40.0441","-76.2836","1518","08","0","0","0","0","0","0","0","0","","0","0","0","15","1","0","01","0","40 02:38.911","","00","76 17:01.053","0","0","0","0","36220","0","0","0","N","0","0","0","6","36101","0","","1","09","N","N","0","","0","0","2","3","3","","1514","0","2","0","0","0","0","0","3","0","2","N","","","","","","","","","","","","07","  ","","",""
"1248","0","0","0","0","0","0","0","0","0","7","0","","36","05","2019","2019048870","1","40.0712","-76.385","1244","08","0","0","0","0","0","0","1","0","","0","0","0","12","1","1","00","0","40 04:16.260","","00","76 23:05.930","3","0","0","0","36214","0","0","0","N","0","0","0","2","36214","0","","5","09","N","N","0","","1","0","1","0","0","","1240","1","1","0","0","0","0","0","3","0","1","N","","","","","","","","","","","","07","  ","","",""
"0102","1","0","0","0","0","0","0","0","0","7","0","","36","05","2019","2019049019","2","40.2088","-76.0235","0039","08","0","0","0","0","0","0","0","0","","0","0","0","00","2","0","00","0","40 12:31.530","","00","76 01:24.546","0","0","0","0","36202","0","0","0","N","0","0","0","2","68T06","0","","4","09","N","N","0","","0","0","0","0","0","","0037","0","1","0","0","0","0","0","1","0","1","N","","","","","","","","","","","","98","  ","","",""
"1800","1","0","0","0","0","0","0","0","0","7","0","","36","05","2019","2019049032","2","40.0268","-76.4973","1757","08","0","0","1","0","0","0","0","0","","0","0","0","17","1","0","03","0","40 01:36.530","","00","76 29:50.143","0","0","0","0","36404","0","0","0","N","0","0","0","3","36404","0","","2","09","N","N","0","","0","0","0","0","0","","1757","0","1","0","0","0","0","0","3","0","1","N","","","","","","","","","","","","03","  ","","",""
"2206","1","0","0","0","0","0","0","0","0","4","0","","36","05","2019","2019049080","7","40.0752","-76.4081","2204","08","0","0","0","0","0","0","0","0","2","0","0","0","22","2","0","01","2","40 04:30.799","4","00","76 24:29.104","9","0","0","0","36214","0","0","0","N","0","0","0","3","36214","0","","1","09","N","N","0","","0","0","1","3","3","N","2200","0","2","0","0","0","0","1","3","0","2","N","","","","","","","","","","","","07","  ","","",""
"1551","1","0","0","0","0","0","0","0","0","1","0","","36","05","2019","2019049099","2","40.0382","-76.3036","1549","08","0","0","0","0","0","1","0","0","","0","0","0","15","1","1","01","0","40 02:17.489","","00","76 18:12.922","3","0","0","0","36301","0","0","0","N","0","0","0","3","36301","0","","1","09","N","N","0","","1","0","1","3","2","","1549","1","2","0","0","0","0","0","3","0","2","N","","","","","","","","","","","","07","  ","","",""