"ARRIVAL_TM","AUTOMOBILE_COUNT","BELTED_DEATH_COUNT","BELTED_SUSP_SERIOUS_INJ_COUNT","BICYCLE_COUNT","BICYCLE_DEATH_COUNT","BICYCLE_SUSP_SERIOUS_INJ_COUNT","BUS_COUNT","CHLDPAS_DEATH_COUNT","CHLDPAS_SUSP_SERIOUS_INJ_COUNT","COLLISION_TYPE","COMM_VEH_COUNT","CONS_ZONE_SPD_LIM","COUNTY","CRASH_MONTH","CRASH_YEAR","CRN","DAY_OF_WEEK","DEC_LAT","DEC_LONG","DISPATCH_TM","DISTRICT","DRIVER_COUNT_16YR","DRIVER_COUNT_17YR","DRIVER_COUNT_18YR","DRIVER_COUNT_19YR","DRIVER_COUNT_20YR","DRIVER_COUNT_50_64YR","DRIVER_COUNT_65_74YR","DRIVER_COUNT_75PLUS","EST_HRS_CLOSED","FATAL_COUNT","HEAVY_TRUCK_COUNT","HORSE_BUGGY_COUNT","HOUR_OF_DAY","ILLUMINATION","INJURY_COUNT","INTERSECT_TYPE","LANE_CLOSED","LATITUDE","LN_CLOSE_DIR","LOCATION_TYPE","LONGITUDE","MAX_SEVERITY_LEVEL","MCYCLE_DEATH_COUNT","MCYCLE_SUSP_SERIOUS_INJ_COUNT","MOTORCYCLE_COUNT","MUNICIPALITY","NONMOTR_COUNT","NONMOTR_DEATH_COUNT","NONMOTR_SUSP_SERIOUS_INJ_COUNT","NTFY_HIWY_MAINT","PED_COUNT","PED_DEATH_COUNT","PED_SUSP_SERIOUS_INJ_COUNT","PERSON_COUNT","POLICE_AGCY","POSSIBLE_INJ_COUNT","RDWY_SURF_TYPE_CD","RELATION_TO_ROAD","ROAD_CONDITION","SCH_BUS_IND","SCH_ZONE_IND","SMALL_TRUCK_COUNT","SPEC_JURIS_CD","SUSP_MINOR_INJ_COUNT","SUSP_SERIOUS_INJ_COUNT","SUV_COUNT","TCD_FUNC_CD","TCD_TYPE","TFC_DETOUR_IND","TIME_OF_DAY","TOT_INJ_COUNT","TOTAL_UNITS","UNB_DEATH_COUNT","UNB_SUSP_SERIOUS_INJ_COUNT","UNBELTED_OCC_COUNT","UNK_INJ_DEG_COUNT","UNK_INJ_PER_COUNT","URBAN_RURAL","VAN_COUNT","VEHICLE_COUNT","WORK_ZONE_IND","WORK_ZONE_LOC","WORK_ZONE_TYPE","WORKERS_PRES","WZ_CLOSE_DETOUR","WZ_FLAGGER","WZ_LAW_OFFCR_IND","WZ_LN_CLOSURE","WZ_MOVING","WZ_OTHER","WZ_SHLDER_MDN","ROADWAY_CLEARED","WEATHER1","WEATHER2","WZ_WORKERS_INJ_KILLED","SECONDARY_CRASH","INTERSECTION_RELATED"
"0716","1","0","0","0","0","0","0","0","0","1","0","","36","05","2019","2019049120","2","40.0397","-76.5044","0714","08","0","0","0","0","1","0","0","0","2","0","0","0","07","1","0","00","1","40 02:22.742","3","00","76 30:15.981","0","0","0","0","36404","0","0","0","N","0","0","0","3","36404","0","","1","09","N","N","0","","0","0","2","0","0","N","0711","0","3","0","0","0","0","0","3","0","3","N","","","","","","","","","","","","07","  ","","",""
"1035","1","0","0","0","0","0","0","0","0","7","0","","36","05","2019","2019049131","2","40.0363","-76.4554","1028","08","0","0","0","0","0","0","0","1","","0","0","0","10","1","1","10","0","40 02:10.903","","07","76 27:18.690","3","0","0","0","36239","0","0","0","N","0","0","0","1","36239","0","","9","09","N","N","0","","1","0","0","0","0","","1026","1","1","0","0","0","0","0","3","0","1","N","","","","","","","","","","","","07","  ","","",""
"1655","0","0","0","0","0","0","0","0","0","7","0","","36","05","2019","2019049159","2","40.0394","-76.4565","1651","08","0","0","0","0","0","1","0","0","2","0","0","0","16","1","0","00","1","40 02:21.737","4","02","76 27:23.243","0","0","0","0","36239","0","0","0","Y","0","0","0","5","36239","0","","5","09","N","N","0","","0","0","1","0","0","N","1648","0","1","0","0","0","0","0","3","0","1","N","","","","","","","","","","","","07","  ","","",""
"2011","1","0","0","0","0","0","0","0","0","7","0","","36","04","2019","2019049197","6","40.2185","-76.0829","2005","08","0","0","0","0","0","0","0","0","3","0","0","0","20","2","1","00","1","40 13:06.516","4","00","76 04:58.449","8","0","0","0","36210","0","0","0","N","0","0","0","1","68T06","0","","4","09","N","N","0","","0","0","0","0","0","Y","2004","1","1","0","0","0","1","0","1","0","1","N","","","","","","","","","","","","07","  ","","",""
"1412","1","0","0","0","0","0","0","0","0","7","0","","36","05","2019","2019049268","3","40.0642","-76.437","1408","08","0","0","0","0","0","0","1","0","1","0","0","0","14","1","1","02","2","40 03:51.223","6","00","76 26:13.044","8","0","0","0","36239","0","0","0","Y","0","0","0","1","36239","0","","5","01","N","N","0","","0","0","0","0","0","Y","1408","1","1","0","0","0","1","0","3","0","1","N","","","","","","","","","","","","03","  ","","",""
"1226","4","0","0","0","0","0","0","0","0","1","1","","36","04","2019","2019049416","2","40.0556","-76.3224","1222","08","0","0","0","0","0","1","1","1","2","0","1","0","12","1","5","00","1","40 03:20.039","2","00","76 19:20.809","3","0","0","0","36101","0","0","0","N","0","0","0","13","36101","2","","1","01","N","N","0","","3","0","1","0","0","N","1220","5","7","0","0","0","0","0","3","1","7","N","","","","","","","","","","","","03","  ","","",""
"1028","1","0","0","0","0","0","0","0","0","4","0","","36","05","2019","2019049417","4","40.0771","-76.3088","1026","08","0","0","0","0","0","1","0","0","1","0","0","0","10","1","1","01","2","40 04:37.608","1","00","76 18:31.733","4","0","0","0","36101","0","0","0","N","0","0","0","3","36101","1","","1","01","N","N","0","","0","0","1","3","2","N","1024","1","2","0","0","0","0","0","3","0","2","N","","","","","","","","","","","","03","  ","","",""
"1036","2","0","0","0","0","0","0","0","0","4","0","","36","05","2019","2019049418","5","40.0901","-76.2796","1031","08","0","0","0","0","0","0","1","0","1","0","0","0","10","1","0","00","2","40 05:24.190","3","00","76 16:46.460","0","0","0","0","36101","0","0","0","N","0","0","0","2","36101","0","","1","01","N","N","0","","0","0","0","3","3","N","1028","0","2","0","0","0","0","0","3","0","2","N","","","","","","","","","","","","03","  ","","",""
"1305","0","0","0","0","0","0","0","0","0","1","0","","36","05","2019","2019049419","5","40.0685","-76.3029","1302","08","0","0","0","1","0","0","0","0","","0","0","0","13","1","0","00","0","40 04:06.491","","01","76 18:10.333","0","0","0","0","36101","0","0","0","N","0","0","0","4","36101","0","","1","01","N","N","1","","0","0","1","0","0","","1300","0","2","0","0","1","0","0","3","0","2","N","","","","","","","","","","","","03","  ","","",""
"1817","2","0","0","0","0","0","0","0","0","1","0","","36","05","2019","2019049422","2","40.0752","-76.2972","1816","08","0","0","0","0","0","1","0","0","","0","0","0","18","1","0","02","0","40 04:30.591","","00","76 17:49.962","0","0","0","0","36101","0","0","0","N","0","0","0","2","36101","0","","1","09","N","N","0","","0","0","0","0","0","","1811","0","2","0","0","0","0","0","3","0","2","N","","","","","","","","","","","","03","  ","","",""
"1508","1","0","0","0","0","0","0","0","0","1","0","","36","03","2019","2019049423","6","40.0829","-76.2321","1506","08","0","1","0","0","0","1","0","0","","0","0","0","15","1","1","00","0","40 04:58.469","","00","76 13:55.590","3","0","0","0","36234","0","0","0","N","0","0","0","2","36215","0","","1","09","N","N","0","","1","0","1","0","0","","1506","1","2","0","0","0","0","0","1","0","2","N","","","","","","","","","","","","07","  ","","",""
"0701","0","0","0","0","0","0","0","0","0","4","1","","36","04","2019","2019049424","5","40.0205","-76.183","0657","08","0","0","0","0","0","1","0","0","3","0","1","0","06","1","0","00","1","40 01:13.939","6","00","76 10:58.917","0","0","0","0","36215","0","0","0","N","0","0","0","3","36215","0","","1","01","N","N","0","","0","0","2","0","0","N","0654","0","3","0","0","0","0","0","1","0","3","N","","","","","","","","","","","","03","  ","","",""
"2347","1","0","0","0","0","0","0","0","0","9","0","","36","05","2019","2019049425","2","40.0217","-76.1887","2346","08","0","0","0","0","0","0","0","0","2","0","0","0","23","2","2","00","2","40 01:18.009","6","00","76 11:19.452","4","0","0","0","36215","0","0","0","N","0","0","0","2","36215","2","","1","01","N","N","0","","0","0","0","0","0","Y","2345","2","1","0","0","0","0","0","1","0","1","N","","","","","","","","","","","","03","  ","","",""
"0958","1","0","0","0","0","0","0","0","0","1","0","","36","05","2019","2019049426","7","40.0368","-76.2591","0958","08","0","0","0","0","0","1","0","0","2","0","0","0","09","1","2","00","2","40 02:12.385","4","00","76 15:32.598","4","0","0","0","36215","0","0","0","N","0","0","0","3","36215","2","","1","01","N","N","0","","0","0","1","0","0","N","0951","2","2","0","0","1","0","0","1","0","2","N","","","","","","","","","","","","03","  ","","",""
"1230","3","0","0","0","0","0","0","0","0","1","0","","36","05","2019","2019049427","4","40.1611","-76.3078","1227","08","0","1","0","0","0","2","0","0","","0","0","0","12","1","1","00","0","40 09:40.056","","00","76 18:27.911","4","0","0","0","36409","0","0","0","N","0","0","0","3","36409","1","","1","01","N","N","0","","0","0","0","3","2","","1224","1","3","0","0","0","0","0","3","0","3","N","","","","","","","","","","","","03","  ","","",""
"0857","1","0","0","0","0","0","0","0","0","7","0","","36","05","2019","2019049494","1","40.2245","-76.0992","0850","08","0","0","0","0","0","0","0","1","","0","0","0","08","1","1","00","0","40 13:28.119","","00","76 05:57.089","3","0","0","0","36210","0","0","0","N","0","0","0","1","68T06","0","","2","09","N","N","0","","1","0","0","0","0","","0850","1","1","0","0","0","0","0","1","0","1","N","","","","","","","","","","","","07","  ","","",""
"1118","1","0","0","0","0","0","0","0","0","7","0","","36","05","2019","2019049495","1","40.2283","-76.3629","1105","08","0","0","0","0","0","0","0","0","","0","0","0","11","1","1","00","0","40 13:41.867","","00","76 21:46.409","3","0","0","0","36227","0","0","0","N","0","0","0","1","68T06","0","","4","09","N","N","0","","1","0","0","0","0","","1105","1","1","0","0","0","0","0","1","0","1","N","","","","","","","","","","","","07","  ","","",""
"1429","0","0","0","0","0","0","0","0","0","7","0","","36","05","2019","2019049510","2","40.2281","-76.3664","1410","08","0","0","0","0","0","0","0","0","","0","0","0","14","1","1","00","0","40 13:41.160","","00","76 21:58.904","3","0","0","0","36227","0","0","0","N","0","0","0","1","68T06","0","","4","09","N","N","0","","1","0","0","0","0","","1405","1","1","0","0","0","0","0","1","1","1","N","","","","","","","","","","","","07","  ","","",""
"1907","2","0","0","0","0","0","0","0","0","1","0","","36","05","2019","2019049580","2","40.0569","-76.394","1900","08","1","0","0","0","0","1","0","0","1","0","0","0","18","4","1","02","1","40 03:24.854","3","00","76 23:38.403","4","0","0","0","36214","0","0","0","N","0","0","0","2","36214","1","","1","09","N","N","0","","0","0","0","0","0","N","1855","1","2","0","0","0","0","0","3","0","2","N","","","","","","","","","","","","07","  ","","",""
"1532","1","0","0","0","0","0","0","0","0","4","0","","36","04","2019","2019049581","2","40.1818","-76.4945","1523","08","0","0","0","0","0","0","1","0","2","0","0","0","15","1","3","01","2","40 10:54.338","4","00","76 29:40.023","4","0","0","0","36230","0","0","0","N","0","0","0","4","36410","1","","1","01","N","N","0","","0","0","1","3","3","Y","1522","3","2","0","0","0","2","1","1","0","2","N","","","","","","","","","","","","03","  ","","",""
"1336","0","0","0","0","0","0","0","0","0","1","0","","36","05","2019","2019049582","4","40.2204","-76.4323","1335","08","0","0","1","0","0","1","0","0","","0","0","0","13","1","0","00","0","40 13:13.281","","00","76 25:56.166","9","0","0","0","36230","0","0","0","N","0","0","0","2","36410","0","","1","01","N","N","0","","0","0","2","0","0","","1333","0","2","0","0","0","0","2","1","0","2","N","","","","","","","","","","","","03","  ","","",""
"0955","1","0","0","0","0","0","0","0","0","4","0","","36","05","2019","2019049583","6","40.2034","-76.4968","0945","08","0","0","0","0","0","0","0","0","1","0","0","0","09","1","1","02","2","40 12:12.381","6","00","76 29:48.314","4","0","0","0","36230","0","0","0","N","0","0","0","4","36410","1","","1","09","N","N","0","","0","0","0","3","3","Y","0945","1","2","0","0","0","0","0","1","1","2","N","","","","","","","","","","","","07","  ","","",""
"1734","1","0","0","0","0","0","0","0","0","4","0","","36","05","2019","2019049646","7","40.044","-76.3096","1733","08","0","0","0","0","0","0","0","0","","0","0","0","17","1","1","01","0","40 02:38.526","","00","76 18:34.563","4","0","0","0","36301","0","0","0","N","0","0","0","6","36301","1","","1","01","N","N","0","","0","0","1","3","3","","1730","1","2","0","0","0","0","0","3","0","2","N","","","","","","","","","","","","03","  ","","",""
"1238","3","0","0","0","0","0","0","0","0","5","0","","36","05","2019","2019049651","1","40.039","-76.311","1230","08","0","0","0","0","0","0","0","0","","0","0","0","12","1","0","00","0","40 02:20.401","","00","76 18:39.721","9","0","0","0","36301","0","0","0","N","0","0","0","1","36301","0","","1","09","N","N","2","","0","0","1","0","0","","1225","0","6","0","0","0","0","1","3","0","6","N","","","","","","","","","","","","07","  ","","",""
"1232","0","0","0","0","0","0","0","0","0","4","0","","36","05","2019","2019049757","7","40.0441","-76.2836","1224","08","0","0","0","0","0","0","0","0","2","0","0","0","12","1","0","01","1","40 02:38.911","6","00","76 17:01.053","0","0","0","0","36220","0","0","0","N","0","0","0","2","36101","0","","1","01","N","N","0","","0","0","2","3","3","N","1221","0","2","0","0","0","0","0","3","0","2","N","","","","","","","","","","","","03","  ","","",""
"1523","1","0","0","0","0","0","0","0","0","4","0","","36","05","2019","2019049758","7","40.1136","-76.2496","1518","08","0","0","0","0","0","0","0","1","","0","0","0","15","1","0","02","0","40 06:48.809","","00","76 14:58.642","0","0","0","0","36101","0","0","0","N","0","0","0","2","36101","0","","1","01","N","N","0","","0","0","1","3","3","","1516","0","2","0","0","0","0","0","3","0","2","N","","","","","","","","","","","","03","  ","","",""
"1955","1","0","0","0","0","0","0","0","0","6","0","","36","05","2019","2019049802","7","40.1297","-76.3113","1948","08","0","0","1","0","0","0","1","0","1","0","0","0","19","1","1","01","1","40 07:46.855","5","00","76 18:40.680","8","0","0","0","36235","0","0","0","N","0","0","0","4","36506","0","","1","09","N","N","1","","0","0","0","3","3","Y","1948","1","2","0","0","0","1","0","1","0","2","N","","","","","","","","","","","","07","  ","","",""
"2039","0","0","0","0","0","0","0","0","0","4","0","","36","05","2019","2019049806","7","40.1399","-76.3827","2030","08","0","0","0","0","0","0","0","1","","0","0","0","20","3","0","01","0","40 08:23.771","","00","76 22:57.704","0","0","0","0","36227","0","0","0","N","0","0","0","2","36506","0","","1","09","N","N","0","","0","0","2","3","2","","2028","0","2","0","0","0","0","0","1","0","2","N","","","","","","","","","","","","07","  ","","",""
"1200","1","0","0","0","0","0","0","0","0","3","0","","36","05","2019","2019049933","5","40.1796","-76.1934","1156","08","0","0","0","0","0","1","0","0","","0","0","0","11","1","0","00","0","40 10:46.536","","00","76 11:36.358","0","0","0","0","36408","0","0","0","N","0","0","0","1","36408","0","","1","01","N","N","0","","0","0","0","0","0","","1154","0","2","0","0","0","0","0","2","1","2","N","","","","","","","","","","","","03","  ","","",""
"1857","0","0","0","0","0","0","0","0","0","1","1","55","36","05","2019","2019049947","4","40.0308","-76.3064","1845","08","0","0","0","0","0","2","0","0","","0","1","0","18","1","0","00","0","40 01:50.792","","00","76 18:23.084","0","0","0","0","36218","0","0","0","N","0","0","0","3","36408","0","","1","01","N","N","1","","0","0","1","0","0","","1845","0","3","0","0","0","0","0","1","0","3","Y","3","1","N","","","N","Y","","","","","03","  ","","",""
"1350","3","0","0","0","0","0","0","0","0","1","0","","36","05","2019","2019049961","1","40.0686","-76.3053","1339","08","0","1","0","0","0","2","0","0","","0","0","0","13","1","0","00","0","40 04:07.090","","00","76 18:19.236","0","0","0","0","36101","0","0","0","N","0","0","0","5","36101","0","","1","09","N","N","0","","0","0","1","0","0","","1334","0","4","0","0","0","0","0","3","0","4","N","","","","","","","","","","","","07","  ","","",""
"0838","1","0","1","0","0","0","0","0","0","4","0","","36","05","2019","2019049962","5","40.1233","-76.3753","0831","08","0","0","0","0","0","1","0","0","","0","0","0","08","1","1","01","0","40 07:23.702","","00","76 22:31.147","2","0","0","0","36214","0","0","0","N","0","0","0","2","36214","0","","1","01","N","N","1","","0","1","0","3","3","","0831","1","2","0","0","0","0","0","3","0","2","N","","","","","","","","","","","","05","  ","","",""
"1725","1","0","0","0","0","0","0","0","0","1","0","","36","05","2019","2019049963","4","40.038","-76.4045","1715","08","0","1","0","0","0","0","0","0","","0","0","0","17","1","0","00","0","40 02:16.638","","00","76 24:16.026","0","0","0","0","36214","0","0","0","N","0","0","0","3","36214","0","","1","01","N","N","0","","0","0","1","0","0","","1714","0","2","0","0","0","0","0","3","0","2","N","","","","","","","","","","","","03","  ","","",""
"1627","1","0","0","0","0","0","0","0","0","7","0","","36","05","2019","2019050016","6","40.1815","-76.1941","1625","08","0","0","0","0","0","1","0","0","3","0","0","0","16","1","1","00","2","40 10:53.329","5","00","76 11:38.661","2","0","0","0","36408","0","0","0","N","0","0","0","1","36408","0","","4","01","N","N","0","","0","1","0","0","0","Y","1625","1","1","0","0","0","0","0","2","0","1","N","","","","","","","","","","","","03","  ","","",""
"1604","4","0","0","0","0","0","0","0","0","1","0","","36","05","2019","2019050019","4","40.0393","-76.3081","1601","08","0","0","0","0","0","0","0","1","","0","0","0","16","1","0","01","0","40 02:21.538","","00","76 18:29.063","0","0","0","0","36301","0","0","0","N","0","0","0","4","36301","0","","1","01","N","N","0","","0","0","0","3","2","","1601","0","4","0","0","0","0","0","3","0","4","N","","","","","","","","","","","","03","  ","","",""
"0730","2","0","0","0","0","0","0","0","0","1","0","40","36","05","2019","2019050049","5","40.1812","-76.1333","0715","08","0","0","0","0","0","0","0","0","","0","0","0","07","1","0","00","0","40 10:52.433","","00","76 07:59.745","0","0","0","0","36218","0","0","0","N","0","0","0","3","36408","0","","1","01","N","N","0","","0","0","0","0","0","","0715","0","3","0","0","0","0","0","1","1","3","Y","4","1","Y","","","N","Y","","","","","03","  ","","",""
"1512","1","0","0","0","0","0","0","0","0","4","0","","36","05","2019","2019050058","1","39.9813","-76.282","1506","08","0","0","0","0","0","1","1","0","2","0","0","0","15","1","0","01","2","39 58:52.515","2","00","76 16:55.238","0","0","0","0","36240","0","0","0","N","0","0","0","3","36240","0","","1","09","N","N","0","","0","0","1","0","0","Y","1505","0","2","0","0","0","0","0","1","0","2","N","","","","","","","","","","","","07","  ","","",""
"1440","2","0","0","0","0","0","0","0","0","4","0","","36","05","2019","2019050066","4","40.1799","-76.1829","1437","08","0","0","0","0","0","0","0","0","1","0","0","0","14","1","2","02","1","40 10:47.722","6","00","76 10:58.605","8","0","0","0","36408","0","0","0","N","0","0","0","2","36408","0","","1","01","N","N","1","","0","0","0","3","3","Y","1436","2","3","0","0","0","2","0","2","0","3","N","","","","","","","","","","","","03","  ","","",""
"1615","1","0","0","0","0","0","0","0","0","4","0","","36","05","2019","2019050124","5","40.045","-76.2837","1608","08","0","0","0","0","0","0","0","0","3","0","0","0","16","1","0","01","2","40 02:41.866","4","00","76 17:01.184","0","0","0","0","36101","0","0","0","N","0","0","0","2","36301","0","","1","01","N","N","0","","0","0","1","3","2","N","1607","0","2","0","0","0","0","0","3","0","2","N","","","","","","","","","","","","03","  ","","",""
"1452","0","0","0","0","0","0","0","0","0","1","0","","36","05","2019","2019050213","1","40.0376","-76.2684","1447","08","0","0","0","0","0","0","1","0","1","0","0","0","14","1","3","00","2","40 02:15.482","4","00","76 16:06.114","3","0","0","0","36215","0","0","0","N","0","0","0","9","36215","1","","1","09","N","N","1","","2","0","1","0","0","N","1446","3","3","0","0","1","0","2","1","1","3","N","","","","","","","","","","","","07","  ","","",""
"0424","1","0","0","0","0","0","0","0","0","9","0","55","36","05","2019","2019050305","6","40.1728","-75.9816","0358","08","0","0","0","0","0","0","0","0","","0","0","0","03","2","0","00","0","40 10:22.144","","00","75 58:53.718","0","0","0","0","36202","0","0","0","N","0","0","0","2","68T06","0","","1","01","N","N","0","","0","0","0","0","0","","0355","0","1","0","0","0","0","0","1","0","1","Y","2","1","Y","N","N","Y","Y","N","N","N","","03","  ","","",""
"1912","0","0","0","0","0","0","0","0","0","4","0","","36","05","2019","2019050371","5","40.0235","-76.3128","1903","08","0","0","0","0","0","0","1","0","","0","0","0","19","1","0","01","0","40 01:24.560","","00","76 18:45.993","0","0","0","1","36301","0","0","0","N","0","0","0","2","36301","0","","1","01","N","N","0","","0","0","1","3","3","","1901","0","2","0","0","0","0","0","3","0","2","N","","","","","","","","","","","","03","  ","","",""
"2228","0","0","0","0","0","0","0","0","0","4","0","","36","05","2019","2019050378","5","40.0316","-76.3107","2219","08","0","0","0","0","0","0","1","0","2","0","0","0","22","3","1","01","2","40 01:53.684","6","00","76 18:38.671","4","0","0","0","36301","0","0","0","N","0","0","0","5","36301","1","","1","01","N","N","0","","0","0","2","3","3","Y","2219","1","2","0","0","0","0","1","3","0","2","N","","","","","","","","","","","","03","  ","","",""
"1526","1","0","0","0","0","0","0","0","0","1","0","","36","05","2019","2019050410","2","40.0639","-76.2741","1526","08","0","0","0","0","0","0","1","0","2","0","0","0","15","1","0","00","1","40 03:50.073","1","00","76 16:26.658","0","0","0","0","36101","0","0","0","N","0","0","0","2","36101","0","","1","01","N","N","0","","0","0","1","0","0","N","1522","0","2","0","0","0","0","0","3","0","2","N","","","","","","","","","","","","03","  ","","",""
"2219","1","0","0","0","0","0","0","0","0","4","0","","36","05","2019","2019050411","7","40.0609","-76.2766","2213","08","0","0","0","0","0","1","0","0","","0","0","0","22","3","0","02","0","40 03:39.399","","00","76 16:36.308","0","0","0","0","36101","0","0","0","N","0","0","0","5","36101","0","","1","09","N","N","0","","0","0","0","0","0","","2212","0","2","0","0","0","0","0","3","1","2","N","","","","","","","","","","","","07","  ","","",""
"0800","1","0","0","0","0","0","0","0","0","1","0","","36","05","2019","2019050412","4","40.093","-76.2831","0800","08","0","0","0","0","0","2","0","0","2","0","0","0","08","1","0","00","1","40 05:34.810","4","00","76 16:59.080","0","0","0","0","36101","0","0","0","N","0","0","0","2","36101","0","","1","01","N","N","0","","0","0","1","0","0","Y","0800","0","2","0","0","0","0","0","3","0","2","N","","","","","","","","","","","","03","  ","","",""
"1535","4","0","0","0","0","0","0","0","0","1","0","","36","05","2019","2019050413","5","40.0787","-76.3","1532","08","0","0","0","1","1","0","1","0","2","0","0","0","15","1","0","00","1","40 04:43.430","3","00","76 18:00.080","0","0","0","0","36101","0","0","0","N","0","0","0","6","36101","0","","1","01","N","N","0","","0","0","0","0","0","N","1531","0","4","0","0","0","0","0","3","0","4","N","","","","","","","","","","","","03","  ","","",""
"1724","0","0","0","0","0","0","0","0","0","1","0","","36","05","2019","2019050414","5","40.083","-76.3421","1722","08","0","0","0","0","0","1","0","0","","0","0","0","17","1","0","00","0","40 04:58.866","","00","76 20:31.421","0","0","0","0","36101","0","0","0","N","0","0","0","2","36101","0","","1","01","N","N","0","","0","0","1","0","0","","1709","0","2","0","0","0","0","0","3","1","2","N","","","","","","","","","","","","03","  ","","",""
"2133","2","0","0","0","0","0","0","0","0","1","0","","36","05","2019","2019050415","5","40.049","-76.3458","2126","08","0","0","0","0","0","1","0","0","1","0","0","0","21","3","3","01","2","40 02:56.227","3","00","76 20:44.818","3","0","0","0","36214","0","0","0","N","0","0","0","4","36214","0","","1","01","N","N","0","","3","0","0","0","0","N","2126","3","2","0","0","0","0","0","3","0","2","N","","","","","","","","","","","","03","  ","","",""
"0904","0","0","0","0","0","0","0","0","0","0","0","","36","05","2019","2019050594","2","40.0581","-76.2952","0901","08","0","0","0","0","0","0","1","0","2","0","0","0","08","1","0","03","2","40 03:29.264","7","00","76 17:42.885","0","0","0","0","36101","0","0","0","N","0","0","0","1","36101","0","","1","09","N","N","0","","0","0","1","0","0","N","0859","0","1","0","0","0","0","0","3","0","1","N","","","","","","","","","","","","07","  ","","",""
"1525","2","0","0","0","0","0","0","0","0","4","0","","36","05","2019","2019050595","2","40.077","-76.3092","1520","08","0","0","1","0","0","0","0","1","2","0","0","0","15","1","0","00","2","40 04:37.040","3","00","76 18:33.220","0","0","0","0","36101","0","0","0","N","0","0","0","2","36101","0","","1","09","N","N","0","","0","0","0","0","0","N","1517","0","2","0","0","0","0","0","3","0","2","N","","","","","","","","","","","","07","  ","","",""
"1401","2","0","0","0","0","0","0","0","0","1","0","","36","05","2019","2019050596","3","40.0517","-76.3214","1345","08","0","0","0","0","0","1","0","0","2","0","0","0","13","1","0","02","1","40 03:06.147","4","00","76 19:16.872","0","0","0","0","36301","0","0","0","N","0","0","0","2","36101","0","","1","01","N","N","0","","0","0","0","3","2","N","1342","0","2","0","0","0","0","0","3","0","2","N","","","","","","","","","","","","03","  ","","",""
"1014","1","0","0","0","0","0","0","0","0","4","0","","36","05","2019","2019050597","5","40.0776","-76.3269","1011","08","0","0","0","0","0","0","1","0","2","0","0","0","10","1","0","01","1","40 04:39.181","2","00","76 19:36.857","0","0","0","0","36101","0","0","0","N","0","0","0","2","36101","0","","1","01","N","N","0","","0","0","0","3","2","N","1007","0","2","0","0","0","0","0","3","1","2","N","","","","","","","","","","","","03","  ","","",""
"1742","0","0","0","0","0","0","0","0","0","4","0","","36","05","2019","2019050598","2","40.1139","-76.3863","1733","08","0","0","0","0","0","1","0","0","2","0","0","0","17","1","1","01","2","40 06:50.151","5","00","76 23:10.518","3","0","0","0","36214","0","0","0","N","0","0","0","2","36214","0","","1","09","N","N","0","","1","0","2","3","3","Y","1728","1","2","0","0","0","0","0","3","0","2","N","","","","","","","","","","","","03","  ","","",""
"1016","1","0","0","0","0","0","0","0","0","4","0","","36","05","2019","2019050599","5","40.0361","-76.2571","1012","08","0","0","0","0","0","0","0","0","1","0","0","0","10","1","2","01","1","40 02:09.984","3","00","76 15:25.380","3","0","0","0","36215","0","0","0","N","0","0","0","5","36215","0","","1","01","N","N","0","","2","0","1","3","3","N","1010","2","2","0","0","0","0","0","1","0","2","N","","","","","","","","","","","","03","  ","","",""
"1648","0","0","0","0","0","0","0","0","0","7","0","","36","05","2019","2019050600","3","40.0997","-76.2438","1643","08","0","0","0","0","0","0","0","0","2","0","0","0","16","1","0","00","1","40 05:58.900","1","00","76 14:37.800","0","0","0","0","36234","0","0","0","N","0","0","0","1","36215","0","","5","01","N","N","0","","0","0","1","0","0","N","1636","0","1","0","0","0","0","0","1","0","1","N","","","","","","","","","","","","03","  ","","",""
"0129","3","0","0","0","0","0","0","0","0","4","0","","36","05","2019","2019050703","7","40.0332","-76.2948","0126","08","0","0","0","0","0","0","0","0","","0","0","0","01","2","1","00","0","40 01:59.661","","00","76 17:41.402","2","0","0","0","36301","0","0","0","N","0","0","0","1","36301","0","","6","01","N","N","0","","0","1","0","0","0","","0126","1","3","0","0","0","0","0","3","0","3","N","","","","","","","","","","","","03","  ","","",""
"1533","2","0","0","0","0","0","0","0","0","5","0","","36","05","2019","2019050748","6","40.0382","-76.3185","1533","08","0","0","0","0","0","0","1","0","","0","0","0","15","1","1","00","0","40 02:17.562","","00","76 19:06.433","8","0","0","0","36301","0","0","0","N","0","0","0","3","36301","0","","1","01","N","N","0","","0","0","0","0","0","","1533","1","2","0","0","0","1","0","3","0","2","N","","","","","","","","","","","","03","  ","","",""
"1649","2","0","0","0","0","0","0","0","0","5","0","","36","05","2019","2019050783","3","40.0397","-76.5044","1645","08","0","0","0","0","0","1","0","0","","0","0","0","16","1","0","00","0","40 02:22.765","","00","76 30:15.897","0","0","0","0","36404","0","0","0","N","0","0","0","3","36404","0","","1","09","N","N","0","","0","0","1","0","0","","1642","0","3","0","0","0","0","0","3","0","3","N","","","","","","","","","","","","07","  ","","",""