"ARRIVAL_TM","AUTOMOBILE_COUNT","BELTED_DEATH_COUNT","BELTED_SUSP_SERIOUS_INJ_COUNT","BICYCLE_COUNT","BICYCLE_DEATH_COUNT","BICYCLE_SUSP_SERIOUS_INJ_COUNT","BUS_COUNT","CHLDPAS_DEATH_COUNT","CHLDPAS_SUSP_SERIOUS_INJ_COUNT","COLLISION_TYPE","COMM_VEH_COUNT","CONS_ZONE_SPD_LIM","COUNTY","CRASH_MONTH","CRASH_YEAR","CRN","DAY_OF_WEEK","DEC_LAT","DEC_LONG","DISPATCH_TM","DISTRICT","DRIVER_COUNT_16YR","DRIVER_COUNT_17YR","DRIVER_COUNT_18YR","DRIVER_COUNT_19YR","DRIVER_COUNT_20YR","DRIVER_COUNT_50_64YR","DRIVER_COUNT_65_74YR","DRIVER_COUNT_75PLUS","EST_HRS_CLOSED","FATAL_COUNT","HEAVY_TRUCK_COUNT","HORSE_BUGGY_COUNT","HOUR_OF_DAY","ILLUMINATION","INJURY_COUNT","INTERSECT_TYPE","LANE_CLOSED","LATITUDE","LN_CLOSE_DIR","LOCATION_TYPE","LONGITUDE","MAX_SEVERITY_LEVEL","MCYCLE_DEATH_COUNT","MCYCLE_SUSP_SERIOUS_INJ_COUNT","MOTORCYCLE_COUNT","MUNICIPALITY","NONMOTR_COUNT","NONMOTR_DEATH_COUNT","NONMOTR_SUSP_SERIOUS_INJ_COUNT","NTFY_HIWY_MAINT","PED_COUNT","PED_DEATH_COUNT","PED_SUSP_SERIOUS_INJ_COUNT","PERSON_COUNT","POLICE_AGCY","POSSIBLE_INJ_COUNT","RDWY_SURF_TYPE_CD","RELATION_TO_ROAD","ROAD_CONDITION","SCH_BUS_IND","SCH_ZONE_IND","SMALL_TRUCK_COUNT","SPEC_JURIS_CD","SUSP_MINOR_INJ_COUNT","SUSP_SERIOUS_INJ_COUNT","SUV_COUNT","TCD_FUNC_CD","TCD_TYPE","TFC_DETOUR_IND","TIME_OF_DAY","TOT_INJ_COUNT","TOTAL_UNITS","UNB_DEATH_COUNT","UNB_SUSP_SERIOUS_INJ_COUNT","UNBELTED_OCC_COUNT","UNK_INJ_DEG_COUNT","UNK_INJ_PER_COUNT","URBAN_RURAL","VAN_COUNT","VEHICLE_COUNT","WORK_ZONE_IND","WORK_ZONE_LOC","WORK_ZONE_TYPE","WORKERS_PRES","WZ_CLOSE_DETOUR","WZ_FLAGGER","WZ_LAW_OFFCR_IND","WZ_LN_CLOSURE","WZ_MOVING","WZ_OTHER","WZ_SHLDER_MDN","ROADWAY_CLEARED","WEATHER1","WEATHER2","WZ_WORKERS_INJ_KILLED","SECONDARY_CRASH","INTERSECTION_RELATED"
"0829","1","0","0","0","0","0","0","0","0","7","0","","36","05","2019","2019050789","5","39.9121","-76.1239","0805","08","0","0","0","0","0","0","0","0","2","0","0","0","07","1","0","00","2","39 54:43.406","1","00","76 07:25.875","0","0","0","0","36216","0","0","0","N","0","0","0","1","68J01","0","","4","01","N","N","0","","0","0","0","0","0","N","0758","0","1","0","0","0","0","0","1","0","1","N","","","","","","","","","","","","05","  ","","",""
"0751","0","0","0","0","0","0","0","0","0","4","0","","36","05","2019","2019050790","6","39.9367","-76.204","0738","08","0","0","0","0","1","0","0","0","2","0","1","0","07","1","0","00","2","39 56:12.218","1","00","76 12:14.573","0","0","0","0","36233","0","0","0","N","0","0","0","2","68J01","0","","1","01","N","N","1","","0","0","0","0","0","Y","0729","0","2","0","0","0","0","0","1","0","2","N","","","","","","","","","","","","03","  ","","",""
"2338","1","0","0","0","0","0","0","0","0","7","0","","36","05","2019","2019050796","7","39.9679","-76.1764","2329","08","0","0","0","0","0","1","0","0","","0","0","0","23","2","0","00","0","39 58:04.274","","00","76 10:34.865","0","0","0","0","36233","0","0","0","N","0","0","0","1","68J01","0","","4","08","N","N","0","","0","0","0","0","0","","2317","0","1","0","0","0","0","0","1","0","1","N","","","","","","","","","","","","07","  ","","",""
"0921","0","0","0","0","0","0","0","0","0","7","1","","36","05","2019","2019050797","2","40.1749","-76.0081","0857","08","0","0","0","0","0","1","0","0","3","0","1","0","08","1","0","00","1","40 10:29.581","2","00","76 00:29.058","0","0","0","0","36202","0","0","0","N","0","0","0","1","68J01","0","","4","09","N","N","0","","0","0","0","0","0","N","0854","0","1","0","0","0","0","0","1","0","1","N","","","","","","","","","","","","07","  ","","",""
"1052","0","0","0","0","0","0","0","0","0","7","1","","36","05","2019","2019050798","2","39.9813","-76.025","1010","08","0","0","0","0","0","0","0","0","","0","1","0","10","1","0","00","0","39 58:52.840","","00","76 01:29.900","0","0","0","0","36232","0","0","0","N","0","0","0","1","68J01","0","","2","09","N","N","0","","0","0","0","0","0","","1008","0","1","0","0","0","0","0","1","0","1","N","","","","","","","","","","","","07","  ","","",""
"1521","0","0","0","0","0","0","0","0","0","7","0","","36","05","2019","2019050799","2","40.1831","-76.0509","1504","08","0","0","0","0","0","0","0","0","","0","0","0","14","1","0","01","0","40 10:59.135","","00","76 03:03.245","0","0","0","0","36202","0","0","0","Y","0","0","0","1","68J01","0","","5","09","N","N","1","","0","0","0","3","3","","1430","0","1","0","0","0","0","0","1","0","1","N","","","","","","","","","","","","07","  ","","",""
"1643","0","0","0","0","0","0","0","0","0","1","0","","36","05","2019","2019050802","2","40.1121","-75.9846","1643","08","1","0","0","0","0","0","1","0","1","0","0","0","16","1","1","00","2","40 06:43.571","6","00","75 59:04.122","3","0","0","0","36203","0","0","0","N","0","0","0","3","68J01","0","","1","09","N","N","0","","1","0","1","0","0","N","1632","1","2","0","0","0","0","0","1","1","2","N","","","","","","","","","","","","03","  ","","",""
"1053","1","0","0","0","0","0","0","0","0","9","0","","36","05","2019","2019050818","7","40.0375","-76.4468","1038","08","0","0","0","0","0","0","0","0","","0","0","0","10","1","0","00","0","40 02:14.996","","00","76 26:48.520","0","0","0","0","36239","0","0","0","N","0","0","0","3","36239","0","","1","01","N","N","0","","0","0","0","0","0","","1034","0","1","0","0","0","0","0","3","0","1","N","","","","","","","","","","","","03","  ","","",""
"1430","0","0","0","0","0","0","0","0","0","7","0","","36","05","2019","2019050838","6","39.9919","-76.3144","1423","08","0","0","0","0","0","0","0","0","2","0","0","0","14","1","0","00","2","39 59:30.784","5","00","76 18:51.840","0","0","0","0","36228","0","0","0","Y","0","0","0","1","36503","0","","2","01","N","N","0","","0","0","1","0","0","Y","1420","0","1","0","0","0","0","0","1","0","1","N","","","","","","","","","","","","03","  ","","",""
"0135","1","0","0","0","0","0","0","0","0","7","0","","36","05","2019","2019050909","2","40.0532","-76.3242","0130","08","0","0","0","0","0","0","0","0","1","0","0","0","01","3","0","01","1","40 03:11.365","1","00","76 19:27.049","0","0","0","0","36101","0","0","0","N","0","0","0","1","36101","0","","3","09","N","N","0","","0","0","0","3","2","N","0130","0","1","0","0","0","0","0","3","0","1","N","","","","","","","","","","","","03","  ","","",""
"1122","1","0","0","0","0","0","0","0","0","4","0","","36","05","2019","2019050910","2","40.0786","-76.3384","1115","08","0","0","0","0","1","1","0","0","2","0","0","0","11","1","2","01","1","40 04:42.891","1","00","76 20:18.294","4","0","0","0","36101","0","0","0","N","0","0","0","3","36101","2","","1","09","N","N","0","","0","0","1","3","2","N","1114","2","2","0","0","0","0","0","3","0","2","N","","","","","","","","","","","","07","  ","","",""
"1626","1","0","0","0","0","0","0","0","0","1","0","","36","05","2019","2019050911","6","40.0621","-76.2796","1626","08","0","0","0","0","0","0","0","0","1","0","0","0","16","1","0","00","1","40 03:43.460","4","00","76 16:46.698","0","0","0","0","36101","0","0","0","N","0","0","0","4","36101","0","","1","01","N","N","1","","0","0","0","0","0","N","1621","0","2","0","0","0","0","0","3","0","2","N","","","","","","","","","","","","03","  ","","",""
"1312","1","0","0","0","0","0","0","0","0","8","0","","36","05","2019","2019050916","7","","","1308","08","0","0","0","0","0","0","0","1","","0","0","0","13","1","2","00","0","","","00","","3","0","0","0","36237","2","0","0","N","2","0","0","3","36505","0","","1","01","N","N","0","","2","0","0","0","0","N","1308","2","3","0","0","0","0","0","1","0","1","N","","","","","","","","","","","","03","  ","","",""
"1642","2","0","0","0","0","0","0","0","0","5","0","","36","05","2019","2019051022","2","40.0255","-76.3147","1637","08","0","0","1","0","0","0","0","0","2","0","0","0","16","1","2","00","1","40 01:31.773","4","00","76 18:52.822","4","0","0","0","36301","0","0","0","N","0","0","0","2","36301","2","","1","09","N","N","0","","0","0","0","0","0","Y","1634","2","2","0","0","0","0","0","3","0","2","N","","","","","","","","","","","","07","  ","","",""
"1036","2","0","0","0","0","0","0","0","0","4","0","","36","05","2019","2019051032","7","40.0479","-76.3182","1027","08","0","0","0","0","0","0","0","0","","0","0","0","10","1","1","03","0","40 02:52.267","","00","76 19:05.368","3","0","0","0","36301","0","0","0","N","0","0","0","4","36301","0","","1","01","N","N","0","","1","0","0","3","3","","1027","1","2","0","0","0","0","1","3","0","2","N","","","","","","","","","","","","03","  ","","",""
"0555","1","0","2","0","0","0","0","0","0","3","1","","36","05","2019","2019051079","7","40.1765","-76.5985","0547","08","0","0","0","0","0","0","0","0","3","0","1","0","05","1","3","00","2","40 10:35.297","4","00","76 35:54.551","2","0","0","0","36225","0","0","0","N","0","0","0","4","36505","0","","1","01","N","N","0","","1","2","0","0","0","Y","0545","3","2","0","0","0","0","0","2","0","2","N","","","","","","","","","","","","03","  ","","",""
"0156","2","0","0","0","0","0","0","0","0","1","0","","36","05","2019","2019051100","6","40.1042","-76.3096","0152","08","0","0","0","0","0","0","0","0","3","0","0","0","01","2","2","00","2","40 06:15.271","4","00","76 18:34.438","4","0","0","0","36101","0","0","0","N","0","0","0","2","36101","1","","1","01","N","N","0","","0","0","0","0","0","N","0117","2","2","0","0","1","1","0","3","0","2","N","","","","","","","","","","","","03","  ","","",""
"1515","1","0","0","0","0","0","1","0","0","4","1","","36","05","2019","2019051101","3","40.1028","-76.3943","1507","08","1","0","0","0","0","1","0","0","2","0","0","0","15","1","0","00","2","40 06:10.040","6","00","76 23:39.580","0","0","0","0","36214","0","0","0","N","0","0","0","3","36214","0","","1","01","Y","N","0","","0","0","0","0","0","N","1504","0","2","0","0","0","0","0","3","0","2","N","","","","","","","","","","","","03","  ","","",""
"1634","0","0","0","0","0","0","0","0","0","1","0","","36","05","2019","2019051102","7","40.0562","-76.3888","1624","08","0","0","0","0","0","2","0","0","","0","0","0","16","1","1","00","0","40 03:22.271","","00","76 23:19.808","3","0","0","1","36214","0","0","0","N","0","0","0","2","36214","0","","1","01","N","N","1","","1","0","0","0","0","","1619","1","2","0","0","0","0","0","3","0","2","N","","","","","","","","","","","","03","  ","","",""
"1626","1","0","0","0","0","0","0","0","0","4","0","","36","05","2019","2019051103","7","40.1233","-76.3753","1620","08","0","1","0","0","0","1","0","0","1","0","0","0","16","1","2","01","1","40 07:23.702","5","00","76 22:31.147","8","0","0","0","36214","0","0","0","N","0","0","0","3","36214","0","","1","01","N","N","1","","0","0","0","3","3","N","1620","2","2","0","0","0","2","0","3","0","2","N","","","","","","","","","","","","03","  ","","",""
"0313","1","0","0","0","0","0","0","0","0","9","0","","36","05","2019","2019051219","1","39.9911","-76.2608","0302","08","0","0","0","0","0","0","0","0","","0","0","0","02","2","0","00","0","39 59:27.961","","00","76 15:38.769","0","0","0","0","36240","0","0","0","N","0","0","0","1","36240","0","","1","01","N","N","0","","0","0","0","0","0","","0259","0","1","0","0","0","0","0","1","0","1","N","","","","","","","","","","","","03","  ","","",""
"1637","0","0","0","0","0","0","0","0","0","4","0","","36","05","2019","2019051220","6","40.1628","-76.1499","1631","08","0","0","0","0","0","1","0","0","","0","0","0","16","1","1","01","0","40 09:46.140","","00","76 08:59.472","3","0","0","0","36218","0","0","0","N","0","0","0","3","36238","0","","1","01","N","N","0","","1","0","2","3","2","N","1602","1","2","0","0","0","0","0","1","0","2","N","","","","","","","","","","","","03","  ","","",""
"2205","0","0","0","0","0","0","0","0","0","4","0","","36","05","2019","2019051256","1","40.158","-76.6122","2153","08","0","0","0","0","0","0","0","0","","0","0","0","21","3","0","00","0","40 09:28.652","","07","76 36:44.090","0","0","0","0","36407","0","0","0","N","0","0","0","4","36407","0","","2","09","N","N","0","","0","0","2","0","0","","2150","0","2","0","0","0","0","0","2","0","2","N","","","","","","","","","","","","07","  ","","",""
"0908","1","0","0","0","0","0","0","0","0","7","0","","36","05","2019","2019051273","1","40.038","-76.504","0903","08","0","0","0","0","0","0","0","0","","0","0","0","09","1","0","00","0","40 02:16.842","","00","76 30:14.465","0","0","0","0","36404","0","0","0","N","0","0","0","1","36404","0","","5","01","N","N","0","","0","0","0","0","0","","0903","0","1","0","0","0","0","0","3","0","1","N","","","","","","","","","","","","03","  ","","",""
"1020","0","0","0","0","0","0","0","0","0","4","0","","36","05","2019","2019051292","1","40.0709","-76.3176","1013","08","0","0","0","0","0","1","1","0","1","0","0","0","10","1","2","01","1","40 04:15.221","2","00","76 19:03.325","3","0","0","0","36101","0","0","0","N","0","0","0","4","36101","0","","1","01","N","N","0","","2","0","1","3","2","N","1013","2","2","0","0","0","0","0","3","1","2","N","","","","","","","","","","","","03","  ","","",""
"1541","1","0","0","0","0","0","0","0","0","4","0","","36","05","2019","2019051293","1","40.0392","-76.2813","1535","08","0","0","0","1","0","1","0","0","2","0","0","0","15","1","1","02","1","40 02:21.341","3","00","76 16:52.710","3","0","0","0","36220","0","0","0","N","0","0","0","3","36101","0","","1","01","N","N","0","","1","0","1","0","0","Y","1531","1","2","0","0","0","0","0","3","0","2","N","","","","","","","","","","","","03","  ","","",""
"2140","1","0","0","0","0","0","0","0","0","4","0","","36","05","2019","2019051294","1","40.0685","-76.3074","2136","08","0","0","0","1","0","0","0","0","1","0","0","0","21","3","2","01","1","40 04:06.527","3","00","76 18:26.750","3","0","0","0","36101","0","0","0","N","0","0","0","7","36101","0","","1","09","N","N","0","","2","0","1","3","2","N","2134","2","2","0","0","0","0","0","3","0","2","N","","","","","","","","","","","","07","  ","","",""
"2027","2","0","0","0","0","0","0","0","0","5","0","","36","05","2019","2019051323","5","40.0412","-76.4407","2016","08","0","0","0","0","0","2","0","0","2","0","0","0","20","6","0","00","1","40 02:28.212","3","00","76 26:26.411","0","0","0","0","36239","0","0","0","N","0","0","0","2","36239","0","","1","01","N","","0","","0","0","0","0","0","N","2016","0","2","0","0","0","0","0","3","0","2","N","","","","","","","","","","","","03","  ","","",""
"0517","1","0","0","0","0","0","0","0","0","4","0","","36","05","2019","2019051337","5","40.1157","-76.5215","0512","08","0","0","0","0","0","1","0","0","","0","0","0","05","3","0","01","0","40 06:56.559","","00","76 31:17.518","0","0","0","0","36413","0","0","0","N","0","0","0","2","36413","0","","1","09","N","N","0","","0","0","1","3","3","","0512","0","2","0","0","0","0","0","2","0","2","N","","","","","","","","","","","","07","  ","","",""
"1014","0","0","0","0","0","0","0","0","0","0","1","","36","05","2019","2019051345","4","40.1408","-76.5523","1004","08","0","0","0","0","0","0","0","0","3","0","1","0","10","1","0","00","1","40 08:26.933","3","00","76 33:08.422","0","0","0","0","36225","0","0","0","N","0","0","0","1","36505","0","","4","01","N","N","0","","0","0","0","0","0","N","1000","0","1","0","0","0","0","0","2","0","1","N","","","","","","","","","","","","03","  ","","",""
"2352","1","0","0","0","0","0","0","0","0","7","0","","36","05","2019","2019051412","7","39.9914","-76.3522","2350","08","0","0","0","0","0","0","0","0","4","1","0","0","23","3","1","00","2","39 59:29.020","6","00","76 21:08.040","1","0","0","0","36223","0","0","0","N","0","0","0","2","36223","0","2","4","01","N","N","0","0","0","0","0","0","0","Y","2348","1","1","0","0","0","1","0","1","0","1","N","","","","","","","","","","","","03","  ","","",""
"0300","1","0","0","0","0","0","0","0","0","7","0","","36","05","2019","2019051413","7","40.0841","-76.5009","0249","08","0","0","0","0","0","0","0","0","2","0","0","0","02","2","0","00","2","40 05:02.878","5","00","76 30:03.387","0","0","0","0","36230","0","0","0","N","0","0","0","1","36410","0","","2","2","N","N","0","","0","0","0","0","0","Y","0246","0","1","0","0","0","0","0","1","0","1","N","","","","","","","","","","","","03","  ","","",""
"0733","0","0","0","0","0","0","0","0","0","1","0","","36","05","2019","2019051414","4","40.1625","-76.3938","0730","08","0","0","0","0","0","1","0","0","2","0","0","0","07","1","0","02","2","40 09:45.071","2","00","76 23:37.561","0","0","0","0","36410","0","0","0","N","0","0","0","3","36410","0","","1","01","N","N","1","","0","0","1","0","0","Y","0729","0","2","0","0","0","0","0","2","0","2","N","","","","","","","","","","","","03","  ","","",""
"0353","0","0","0","0","0","0","0","0","0","5","0","","36","05","2019","2019051416","1","40.1653","-76.3927","0350","08","0","0","0","0","0","0","0","0","1","0","0","0","03","3","0","00","1","40 09:55.046","4","00","76 23:33.651","0","0","0","0","36410","0","0","0","N","0","0","0","1","36410","0","","6","01","N","N","0","","0","0","3","0","0","N","0348","0","3","0","0","0","0","0","2","0","3","N","","","","","","","","","","","","03","  ","","",""
"1304","1","0","0","0","0","0","0","0","0","7","0","","36","05","2019","2019051417","1","40.1142","-76.49","1256","08","0","0","0","0","0","0","0","0","2","0","0","0","12","1","0","00","2","40 06:51.240","6","00","76 29:24.050","9","0","0","0","36230","0","0","0","N","0","0","0","1","36410","0","","5","01","N","N","0","","0","0","0","0","0","Y","1254","0","1","0","0","0","0","1","1","0","1","N","","","","","","","","","","","","03","  ","","",""
"2205","0","0","0","0","0","0","0","0","0","7","0","","36","05","2019","2019051538","2","39.8832","-76.2571","2202","08","0","0","1","0","0","0","0","0","3","0","0","0","21","2","1","00","2","39 52:59.364","4","00","76 15:25.677","3","0","0","0","36229","0","0","0","Y","0","0","0","1","68J01","0","","2","09","N","N","0","","1","0","1","0","0","N","2134","1","1","0","0","0","0","0","1","0","1","N","","","","","","","","","","","","07","  ","","",""
"1436","1","0","0","0","0","0","0","0","0","7","0","65","36","05","2019","2019051664","1","40.0883","-76.3795","1428","08","0","0","0","0","0","0","0","0","1","0","0","0","14","1","0","00","1","40 05:18.009","3","00","76 22:46.292","0","0","0","0","36214","0","0","0","N","0","0","0","1","36214","0","","2","09","N","N","0","","0","0","0","0","0","N","1425","0","1","0","0","0","0","0","3","0","1","Y","4","1","N","","","N","","","","Y","","07","  ","","",""
"0753","0","0","0","0","0","0","0","0","0","3","0","","36","05","2019","2019051665","4","40.0746","-76.3523","0747","08","0","0","0","0","0","0","0","0","1","0","0","0","07","1","0","00","1","40 04:28.396","3","00","76 21:08.209","0","0","0","0","36214","0","0","0","N","0","0","0","2","36214","0","","1","01","N","N","0","","0","0","2","0","0","N","0740","0","2","0","0","0","0","0","3","0","2","N","","","","","","","","","","","","03","  ","","",""
"0818","1","0","0","0","0","0","0","0","0","4","0","","36","05","2019","2019051666","4","40.05","-76.3959","0818","08","0","0","0","0","0","0","0","0","","0","0","0","08","1","1","00","0","40 03:00.100","","00","76 23:45.200","8","0","0","0","36214","0","0","0","N","0","0","0","2","36214","0","","2","01","N","N","0","","0","0","0","0","0","","0818","1","2","0","0","0","1","0","3","1","2","N","","","","","","","","","","","","03","  ","","",""
"1622","1","0","0","0","0","0","0","0","0","4","0","","36","05","2019","2019051667","2","40.0544","-76.3979","1617","08","0","0","0","0","0","0","0","0","1","0","0","0","16","1","0","00","1","40 03:15.700","1","07","76 23:52.300","0","0","0","0","36214","0","0","0","N","0","0","0","2","36214","0","","1","01","N","N","0","","0","0","0","0","0","N","1617","0","2","0","0","0","0","0","3","1","2","N","","","","","","","","","","","","03","  ","","",""
"1430","0","0","0","0","0","0","0","0","0","4","0","","36","05","2019","2019051668","7","40.1233","-76.3753","1414","08","0","0","0","0","0","0","0","0","","0","0","0","14","1","0","01","0","40 07:23.702","","00","76 22:31.147","0","0","0","0","36214","0","0","0","N","0","0","0","6","36214","0","","1","01","N","N","0","","0","0","2","3","3","","1414","0","2","0","0","0","0","0","3","0","2","N","","","","","","","","","","","","03","  ","","",""
"1235","1","0","0","0","0","0","0","0","0","7","0","","36","05","2019","2019051677","5","40.1559","-76.3435","1229","08","0","0","0","0","0","0","1","0","","0","0","0","12","1","0","01","0","40 09:21.372","","00","76 20:36.769","0","0","0","0","36227","0","0","0","N","0","0","0","1","36506","0","","5","01","N","N","0","","0","0","0","3","3","","1227","0","1","0","0","0","0","0","1","0","1","N","","","","","","","","","","","","03","  ","","",""
"1610","1","0","0","0","0","0","0","0","0","4","0","","36","05","2019","2019051680","3","40.1578","-76.3333","1605","08","0","1","0","0","0","0","0","0","2","0","0","0","16","1","0","01","1","40 09:27.925","5","00","76 19:59.790","0","0","0","0","36227","0","0","0","N","0","0","0","2","36506","0","","1","09","N","N","0","","0","0","1","0","0","Y","1605","0","2","0","0","0","0","0","1","0","2","N","","","","","","","","","","","","03","  ","","",""
"1625","1","0","0","0","0","0","0","0","0","1","0","","36","05","2019","2019051683","5","40.1518","-76.2455","1622","08","0","0","0","0","0","0","0","0","","0","0","0","16","1","1","00","0","40 09:06.362","","00","76 14:43.698","4","0","0","0","36235","0","0","0","N","0","0","0","2","36506","1","","1","01","N","N","0","","0","0","1","0","0","","1622","1","2","0","0","0","0","0","1","0","2","N","","","","","","","","","","","","03","  ","","",""
"1438","0","0","0","0","0","0","0","0","0","4","0","","36","05","2019","2019051684","5","40.1448","-76.3143","1430","08","0","0","0","0","0","0","0","2","","0","0","0","14","1","0","01","0","40 08:41.249","","00","76 18:51.644","0","0","0","0","36235","0","0","0","N","0","0","0","3","36506","0","","1","01","N","N","0","","0","0","2","0","0","","1430","0","2","0","0","0","0","0","1","0","2","N","","","","","","","","","","","","03","  ","","",""
"1702","0","0","0","0","0","0","0","0","0","4","0","","36","05","2019","2019051696","2","40.0475","-76.3102","1653","08","0","0","0","0","0","0","1","0","1","0","0","0","16","1","0","00","1","40 02:51.000","1","07","76 18:36.800","0","0","0","0","36301","0","0","0","N","0","0","0","2","36301","0","","1","01","N","N","0","","0","0","2","0","0","N","1607","0","2","0","0","0","0","0","3","0","2","N","","","","","","","","","","","","03","  ","","",""
"1451","0","0","0","0","0","0","0","0","0","8","0","","36","05","2019","2019051718","5","40.0333","-76.2937","1448","08","0","0","0","0","0","0","1","0","1","0","0","0","14","1","1","00","1","40 01:59.953","2","00","76 17:37.463","4","0","0","0","36301","1","0","0","N","1","0","0","2","36301","1","","1","01","N","Y","0","","0","0","1","0","0","Y","1446","1","2","0","0","0","0","0","3","0","1","N","","","","","","","","","","","","03","  ","","",""
"1644","0","0","0","0","0","0","0","0","0","1","0","","36","05","2019","2019051732","2","40.0232","-76.2791","1640","08","0","0","0","0","0","1","0","1","2","0","0","0","16","1","0","00","1","40 01:23.510","6","00","76 16:44.807","0","0","0","0","36240","0","0","0","N","0","0","0","2","36240","0","","1","01","N","N","2","","0","0","0","3","3","N","1636","0","2","0","0","0","0","0","1","0","2","N","","","","","","","","","","","","03","  ","","",""
"0400","1","0","0","0","0","0","0","0","0","7","0","","36","05","2019","2019051801","1","40.1382","-75.8874","0308","08","0","1","0","0","0","0","0","0","","0","0","0","03","2","0","00","0","40 08:17.460","","00","75 53:14.710","0","0","0","0","36203","0","0","0","N","0","0","0","1","68J01","0","","4","01","N","N","0","","0","0","0","0","0","","0305","0","1","0","0","0","0","0","1","0","1","N","","","","","","","","","","","","03","  ","","",""
"1251","2","0","0","0","0","0","0","0","0","1","0","","36","04","2019","2019051819","7","40.1409","-76.2107","1248","08","1","0","0","0","0","0","0","0","","0","0","0","12","1","0","00","0","40 08:27.122","","00","76 12:38.490","0","0","0","0","36238","0","0","0","N","0","0","0","3","36238","0","","1","01","N","N","0","","0","0","0","0","0","","1246","0","2","0","0","0","0","0","3","0","2","N","","","","","","","","","","","","03","  ","","",""
"1326","2","0","0","0","0","0","0","0","0","1","0","55","36","05","2019","2019051823","3","40.1778","-76.139","1321","08","0","0","0","0","0","2","0","0","","0","0","0","13","1","2","00","0","40 10:40.204","","00","76 08:20.463","4","0","0","0","36218","0","0","0","N","0","0","0","4","36408","2","","1","01","N","N","0","","0","0","1","0","0","","1321","2","3","0","0","0","0","0","1","0","3","Y","4","1","Y","","","N","","","","Y","","03","  ","","",""
"1410","2","0","0","0","0","0","0","0","0","4","0","","36","05","2019","2019051831","3","40.1288","-76.3118","1405","08","0","0","0","0","0","0","1","0","1","0","0","0","14","1","0","01","1","40 07:43.586","6","00","76 18:42.454","0","0","0","0","36235","0","0","0","N","0","0","0","2","36506","0","","1","01","N","N","0","","0","0","0","3","2","N","1405","0","2","0","0","0","0","0","1","0","2","N","","","","","","","","","","","","03","  ","","",""
"1542","2","0","0","0","0","0","0","0","0","4","0","","36","04","2019","2019051836","1","40.1317","-76.2175","1540","08","0","1","0","0","0","1","0","0","2","0","0","0","15","1","0","00","1","40 07:54.207","6","00","76 13:03.117","0","0","0","0","36238","0","0","0","N","0","0","0","3","36238","0","","1","01","N","N","0","","0","0","0","3","3","N","1537","0","2","0","0","0","0","0","3","0","2","N","","","","","","","","","","","","03","  ","","",""
"2142","0","0","0","0","0","0","0","0","0","7","0","","36","05","2019","2019051872","3","40.139","-76.1513","2137","08","0","0","0","0","0","0","0","0","2","0","0","0","21","2","1","00","2","40 08:20.398","7","00","76 09:04.592","8","0","0","0","36238","0","0","0","N","0","0","0","1","36238","0","","4","01","N","N","0","","0","0","1","0","0","Y","2135","1","1","0","0","0","1","0","3","0","1","N","","","","","","","","","","","","03","  ","","",""
"1514","2","0","0","0","0","0","0","0","0","1","0","","36","05","2019","2019051874","4","40.1375","-76.5831","1510","08","0","0","0","0","0","1","0","0","","0","0","0","15","1","0","00","0","40 08:14.877","","00","76 34:59.185","9","0","0","0","36225","0","0","0","N","0","0","0","2","36505","0","","1","01","N","N","0","","0","0","0","0","0","","1508","0","2","0","0","0","0","1","2","0","2","N","","","","","","","","","","","","03","  ","","",""
"1714","1","0","0","0","0","0","0","0","0","4","0","","36","05","2019","2019051884","3","40.0452","-76.3139","1712","08","0","0","0","0","0","1","0","1","1","0","0","0","17","1","1","01","1","40 02:42.759","7","00","76 18:50.122","3","0","0","0","36301","0","0","0","N","0","0","0","3","36301","0","","1","01","N","N","0","","1","0","1","3","3","N","1712","1","2","0","0","0","0","0","3","0","2","N","","","","","","","","","","","","03","  ","","",""
"1215","0","0","0","0","0","0","0","0","0","4","0","","36","05","2019","2019051890","6","40.04","-76.3723","1210","08","0","0","0","0","0","1","0","0","","0","0","0","12","1","0","02","0","40 02:23.892","","00","76 22:20.182","0","0","0","0","36214","0","0","0","N","0","0","0","4","36214","0","","1","01","N","N","0","","0","0","2","3","2","","1208","0","2","0","0","0","0","0","3","0","2","N","","","","","","","","","","","","03","  ","","",""
"1738","0","0","0","0","0","0","0","0","0","1","0","","36","05","2019","2019051891","4","40.0752","-76.4081","1732","08","0","0","0","0","0","0","0","0","","0","0","0","17","1","0","01","0","40 04:30.799","","00","76 24:29.104","0","0","0","0","36214","0","0","0","N","0","0","0","3","36214","0","","1","01","N","N","0","","0","0","2","0","0","","1730","0","2","0","0","0","0","0","3","0","2","N","","","","","","","","","","","","03","  ","","",""
"2117","0","0","0","0","0","0","0","0","0","1","0","","36","05","2019","2019051892","5","40.0503","-76.3948","2115","08","0","1","0","0","0","1","0","0","","0","0","0","21","3","1","01","0","40 03:01.141","","00","76 23:41.283","3","0","0","0","36214","0","0","0","N","0","0","0","3","36214","0","","1","01","N","N","0","","1","0","1","3","2","","2113","1","2","0","0","0","0","0","3","1","2","N","","","","","","","","","","","","03","  ","","",""
"1807","1","0","0","0","0","0","0","0","0","4","0","","36","04","2019","2019051893","4","39.9916","-76.4699","1752","08","0","0","0","0","0","0","0","0","","0","0","0","17","1","0","02","0","39 59:29.848","","00","76 28:11.675","0","0","0","0","36223","0","0","0","N","0","0","0","2","36223","0","","1","01","N","N","0","","0","0","1","3","3","","1748","0","2","0","0","0","0","0","1","0","2","N","","","","","","","","","","","","03","  ","","",""