"ARRIVAL_TM","AUTOMOBILE_COUNT","BELTED_DEATH_COUNT","BELTED_SUSP_SERIOUS_INJ_COUNT","BICYCLE_COUNT","BICYCLE_DEATH_COUNT","BICYCLE_SUSP_SERIOUS_INJ_COUNT","BUS_COUNT","CHLDPAS_DEATH_COUNT","CHLDPAS_SUSP_SERIOUS_INJ_COUNT","COLLISION_TYPE","COMM_VEH_COUNT","CONS_ZONE_SPD_LIM","COUNTY","CRASH_MONTH","CRASH_YEAR","CRN","DAY_OF_WEEK","DEC_LAT","DEC_LONG","DISPATCH_TM","DISTRICT","DRIVER_COUNT_16YR","DRIVER_COUNT_17YR","DRIVER_COUNT_18YR","DRIVER_COUNT_19YR","DRIVER_COUNT_20YR","DRIVER_COUNT_50_64YR","DRIVER_COUNT_65_74YR","DRIVER_COUNT_75PLUS","EST_HRS_CLOSED","FATAL_COUNT","HEAVY_TRUCK_COUNT","HORSE_BUGGY_COUNT","HOUR_OF_DAY","ILLUMINATION","INJURY_COUNT","INTERSECT_TYPE","LANE_CLOSED","LATITUDE","LN_CLOSE_DIR","LOCATION_TYPE","LONGITUDE","MAX_SEVERITY_LEVEL","MCYCLE_DEATH_COUNT","MCYCLE_SUSP_SERIOUS_INJ_COUNT","MOTORCYCLE_COUNT","MUNICIPALITY","NONMOTR_COUNT","NONMOTR_DEATH_COUNT","NONMOTR_SUSP_SERIOUS_INJ_COUNT","NTFY_HIWY_MAINT","PED_COUNT","PED_DEATH_COUNT","PED_SUSP_SERIOUS_INJ_COUNT","PERSON_COUNT","POLICE_AGCY","POSSIBLE_INJ_COUNT","RDWY_SURF_TYPE_CD","RELATION_TO_ROAD","ROAD_CONDITION","SCH_BUS_IND","SCH_ZONE_IND","SMALL_TRUCK_COUNT","SPEC_JURIS_CD","SUSP_MINOR_INJ_COUNT","SUSP_SERIOUS_INJ_COUNT","SUV_COUNT","TCD_FUNC_CD","TCD_TYPE","TFC_DETOUR_IND","TIME_OF_DAY","TOT_INJ_COUNT","TOTAL_UNITS","UNB_DEATH_COUNT","UNB_SUSP_SERIOUS_INJ_COUNT","UNBELTED_OCC_COUNT","UNK_INJ_DEG_COUNT","UNK_INJ_PER_COUNT","URBAN_RURAL","VAN_COUNT","VEHICLE_COUNT","WORK_ZONE_IND","WORK_ZONE_LOC","WORK_ZONE_TYPE","WORKERS_PRES","WZ_CLOSE_DETOUR","WZ_FLAGGER","WZ_LAW_OFFCR_IND","WZ_LN_CLOSURE","WZ_MOVING","WZ_OTHER","WZ_SHLDER_MDN","ROADWAY_CLEARED","WEATHER1","WEATHER2","WZ_WORKERS_INJ_KILLED","SECONDARY_CRASH","INTERSECTION_RELATED"
"1348","1","0","0","0","0","0","0","0","0","2","0","","36","05","2019","2019051894","4","40.1567","-76.1334","1340","08","0","0","0","0","0","0","1","0","","0","0","0","13","1","0","02","0","40 09:23.991","","00","76 08:00.110","0","0","0","0","36209","0","0","0","N","0","0","0","9","36415","0","","1","01","N","N","0","","0","0","1","0","0","","1336","0","3","0","0","0","0","0","1","1","3","N","","","","","","","","","","","","03","  ","","",""
"1239","1","0","0","0","0","0","0","0","0","4","0","","36","05","2019","2019051895","4","40.1042","-76.079","1237","08","0","0","0","0","0","1","1","0","1","0","0","0","12","1","1","01","1","40 06:15.068","7","00","76 04:44.575","2","0","1","1","36415","0","0","0","N","0","0","0","2","36415","0","","1","01","N","N","0","","0","1","0","3","2","Y","1236","1","2","0","0","0","0","0","1","0","2","N","","","","","","","","","","","","03","  ","","",""
"1503","1","0","0","0","0","0","0","0","0","4","1","","36","05","2019","2019051896","2","40.0811","-76.1009","1455","08","0","0","0","0","1","0","0","0","1","0","1","0","14","1","0","02","1","40 04:51.855","5","00","76 06:03.387","0","0","0","0","36209","0","0","0","N","0","0","0","2","36415","0","","1","09","N","N","0","","0","0","0","9","3","N","1453","0","2","0","0","0","0","0","1","0","2","N","","","","","","","","","","","","07","  ","","",""
"1625","2","0","0","0","0","0","0","0","0","1","0","","36","04","2019","2019051941","5","39.9976","-76.1833","1619","08","0","0","0","0","0","0","0","1","2","0","0","0","16","1","0","02","1","39 59:51.208","1","00","76 10:59.903","0","0","0","0","36233","0","0","0","N","0","0","0","3","68J01","0","","1","01","N","N","0","","0","0","1","3","2","N","1618","0","3","0","0","0","0","0","1","0","3","N","","","","","","","","","","","","03","  ","","",""
"1943","0","0","0","0","0","0","0","0","0","0","0","","36","04","2019","2019051942","5","39.8767","-76.1969","1846","08","0","0","0","0","1","0","0","0","2","0","0","0","18","1","0","00","1","39 52:36.220","6","00","76 11:48.950","0","0","0","0","36212","0","0","0","N","0","0","0","1","68J01","0","","1","01","N","N","1","","0","0","0","0","0","N","1833","0","1","0","0","0","0","0","1","0","1","N","","","","","","","","","","","","03","  ","","",""
"1225","1","0","0","0","0","0","0","0","0","1","0","","36","04","2019","2019051944","7","39.8989","-76.2409","1211","08","0","0","0","0","0","0","0","0","3","0","0","0","12","1","0","00","2","39 53:56.200","2","00","76 14:27.357","0","0","0","0","36229","0","0","0","N","0","0","0","11","68J01","0","","1","09","N","N","1","","0","0","1","0","0","N","1208","0","3","0","0","2","0","0","1","0","3","N","","","","","","","","","","","","03","  ","","",""
"1534","0","0","0","0","0","0","0","0","0","0","0","","36","04","2019","2019051945","7","40.0096","-76.1304","1528","08","0","0","0","0","0","0","1","0","","0","0","0","15","1","1","00","0","40 00:34.500","","00","76 07:49.300","3","0","0","1","36226","0","0","0","N","0","0","0","1","68J01","0","","1","01","N","N","0","","1","0","0","0","0","","1527","1","2","0","0","0","0","0","1","0","1","N","","","","","","","","","","","","03","  ","","",""
"1833","1","0","0","0","0","0","0","0","0","7","0","","36","04","2019","2019051947","3","39.8608","-76.2243","1828","08","0","0","0","0","1","0","0","0","","0","0","0","18","1","3","00","0","39 51:38.882","","00","76 13:27.419","3","0","0","0","36208","0","0","0","N","0","0","0","3","68J01","0","","5","01","N","N","0","","3","0","0","0","0","","1827","3","1","0","0","0","0","0","1","0","1","N","","","","","","","","","","","","03","  ","","",""
"1444","0","0","0","0","0","0","0","0","0","4","1","","36","04","2019","2019051948","4","39.992","-76.0204","1420","08","0","0","0","0","0","2","0","0","","0","1","0","14","1","1","00","0","39 59:31.250","","00","76 01:13.456","3","0","0","0","36232","0","0","0","N","0","0","0","2","68J01","0","","1","01","N","N","0","","1","0","1","0","0","","1414","1","2","0","0","0","0","0","1","0","2","N","","","","","","","","","","","","03","  ","","",""
"1054","0","0","0","0","0","0","0","0","0","7","1","","36","04","2019","2019051952","6","39.782","-76.0886","1048","08","0","0","0","0","0","1","0","0","3","0","1","0","10","1","1","00","1","39 46:55.077","5","00","76 05:18.887","3","0","0","0","36222","0","0","0","N","0","0","0","1","68J01","0","","4","09","N","N","0","","1","0","0","0","0","N","1047","1","1","0","0","0","0","0","1","0","1","N","","","","","","","","","","","","07","  ","","",""
"0813","1","0","0","0","0","0","0","0","0","4","0","","36","04","2019","2019051955","2","40.1968","-76.0175","0728","08","0","0","0","0","0","0","0","0","","0","0","0","07","1","0","01","0","40 11:48.437","","00","76 01:02.883","0","0","0","0","36202","0","0","0","N","0","0","0","3","68J01","0","","1","01","N","N","0","","0","0","1","3","3","","0720","0","2","0","0","0","0","0","1","0","2","N","","","","","","","","","","","","03","  ","","",""
"1543","0","0","0","0","0","0","0","0","0","7","0","","36","04","2019","2019051956","2","39.965","-76.1135","1527","08","0","0","0","0","0","0","1","0","3","0","0","0","15","1","1","00","2","39 57:53.958","5","00","76 06:48.615","3","0","0","0","36226","0","0","0","N","0","0","0","2","68J01","0","","4","01","N","N","0","","1","0","0","0","0","Y","1511","1","1","0","0","0","0","0","1","1","1","N","","","","","","","","","","","","03","  ","","",""
"0826","0","0","0","0","0","0","0","0","0","4","0","","36","04","2019","2019051958","3","39.8726","-76.2286","0821","08","0","0","0","0","0","0","0","0","3","0","0","0","07","1","2","02","1","39 52:21.285","1","00","76 13:43.327","3","0","0","0","36212","0","0","0","Y","0","0","0","2","68J01","0","","1","01","N","N","0","","2","0","2","3","3","N","0757","2","2","0","0","0","0","0","1","0","2","N","","","","","","","","","","","","03","  ","","",""
"1039","1","0","0","0","0","0","0","0","0","7","0","","36","05","2019","2019051961","4","40.0035","-76.0985","1039","08","0","0","0","0","1","0","0","0","","0","0","0","10","1","0","00","0","40 00:12.633","","00","76 05:54.460","0","0","0","0","36226","0","0","0","N","0","0","0","1","68J01","0","","4","01","N","N","0","","0","0","0","0","0","","1039","0","1","0","0","0","0","0","1","0","1","N","","","","","","","","","","","","03","  ","","",""
"1725","0","0","0","0","0","0","0","0","0","4","0","","36","05","2019","2019051962","4","39.8577","-76.2072","1721","08","0","0","0","0","0","0","1","0","1","0","0","0","17","3","1","00","1","39 51:27.790","4","00","76 12:26.003","8","0","0","1","36212","0","0","0","N","0","0","0","2","68J01","0","","1","01","N","N","1","","0","0","0","0","0","N","1720","1","2","0","0","0","1","0","1","0","2","N","","","","","","","","","","","","03","  ","","",""
"1022","1","0","0","0","0","0","0","0","0","4","0","","36","05","2019","2019051964","1","39.7493","-76.164","0959","08","0","0","0","0","0","1","0","0","2","0","0","0","09","1","6","01","1","39 44:57.547","2","00","76 09:50.312","3","0","0","0","36219","0","0","0","N","0","0","0","7","68J01","4","","1","09","N","N","0","","2","0","1","3","3","N","0953","6","2","0","0","6","0","0","1","0","2","N","","","","","","","","","","","","07","  ","","",""
"1443","1","0","0","0","0","0","0","0","0","4","0","","36","05","2019","2019051975","7","40.2461","-76.3006","1414","08","0","0","0","0","1","0","0","0","","0","0","0","13","1","1","02","0","40 14:45.848","","00","76 18:02.324","4","0","0","0","36217","0","0","0","N","0","0","0","2","68J01","1","","1","01","N","N","0","","0","0","1","3","3","","1355","1","2","0","0","0","0","0","1","0","2","N","","","","","","","","","","","","03","  ","","",""
"1601","0","0","0","0","0","0","0","0","0","4","0","","36","05","2019","2019051978","2","39.9281","-76.2524","1556","08","0","0","0","0","0","1","1","0","2","0","0","0","15","1","1","01","2","39 55:41.064","5","00","76 15:08.818","4","0","0","0","36229","0","0","0","N","0","0","0","3","68J01","1","","1","01","N","N","1","","0","0","1","3","3","N","1547","1","2","0","0","0","0","0","1","0","2","N","","","","","","","","","","","","03","  ","","",""
"1839","0","0","0","0","0","0","0","0","0","4","0","","36","05","2019","2019051985","3","39.8366","-76.1517","1829","08","0","0","0","0","0","1","0","0","","0","0","0","18","1","0","01","0","39 50:11.608","","00","76 09:06.268","0","0","0","0","36212","0","0","0","N","0","0","0","2","68J01","0","","1","01","N","N","0","","0","0","2","3","3","","1827","0","2","0","0","0","0","0","1","0","2","N","","","","","","","","","","","","03","  ","","",""
"1821","0","0","0","0","0","0","0","0","0","4","0","","36","05","2019","2019052000","6","39.9843","-76.0716","1800","08","0","0","0","0","0","1","0","0","","0","0","0","17","1","0","00","0","39 59:03.522","","07","76 04:17.932","9","0","0","1","36226","0","0","0","N","0","0","0","2","68J01","0","","1","01","N","N","0","","0","0","1","0","0","","1755","0","2","0","0","0","0","1","1","0","2","N","","","","","","","","","","","","03","  ","","",""
"0853","2","0","0","0","0","0","0","0","0","1","0","","36","05","2019","2019052003","7","40.0396","-76.118","0841","08","0","0","0","0","0","0","0","0","2","0","0","0","08","1","0","02","1","40 02:22.594","4","00","76 07:04.921","0","0","0","0","36221","0","0","0","N","0","0","0","2","68J01","0","","1","01","N","N","0","","0","0","0","0","0","N","0830","0","2","0","0","0","0","0","1","0","2","N","","","","","","","","","","","","03","  ","","",""
"1155","1","0","0","0","0","0","0","0","0","4","0","","36","05","2019","2019052005","7","39.7739","-76.1791","1155","08","0","0","0","0","0","0","1","0","1","0","0","0","11","1","1","01","2","39 46:25.988","2","00","76 10:44.934","3","0","0","0","36219","0","0","0","N","0","0","0","4","68J01","0","","1","01","N","N","1","","1","0","0","3","3","N","1153","1","2","0","0","0","0","0","1","0","2","N","","","","","","","","","","","","03","  ","","",""
"1103","1","0","0","0","0","0","0","0","0","3","0","","36","05","2019","2019052008","1","39.9922","-76.0218","1042","08","0","0","0","0","0","1","0","0","","0","0","0","10","1","0","01","0","39 59:32.088","","00","76 01:18.340","0","0","0","0","36232","0","0","0","N","0","0","0","2","68J01","0","","1","01","N","N","1","","0","0","0","3","2","","1037","0","2","0","0","0","0","0","1","0","2","N","","","","","","","","","","","","03","  ","","",""
"0809","1","0","0","0","0","0","0","0","0","7","0","","36","05","2019","2019052014","2","39.9205","-76.3184","0735","08","0","0","0","0","0","0","0","0","","0","0","0","07","2","1","00","0","39 55:13.950","","00","76 19:06.130","3","0","0","0","36224","0","0","0","N","0","0","0","1","68J01","0","","2","09","N","N","0","","1","0","0","0","0","","0735","1","1","0","0","0","0","0","1","0","1","N","","","","","","","","","","","","07","  ","","",""
"2050","1","0","0","0","0","0","0","0","0","7","0","","36","05","2019","2019052034","2","40.0511","-76.4984","2044","08","0","0","0","0","0","1","0","0","3","0","0","0","20","2","1","00","1","40 03:04.091","5","00","76 29:54.176","8","0","0","0","36239","0","0","0","N","0","0","0","1","36239","0","","5","01","N","N","0","","0","0","0","0","0","Y","2044","1","1","0","0","0","1","0","3","0","1","N","","","","","","","","","","","","03","  ","","",""
"0905","0","0","0","0","0","0","1","0","0","6","2","","36","05","2019","2019052045","6","40.1368","-76.2016","0901","08","0","0","0","0","0","1","0","0","2","0","1","0","08","1","1","00","1","40 08:12.600","6","00","76 12:05.900","3","0","0","0","36238","0","0","0","N","0","0","0","2","36238","0","","1","09","Y","N","0","","1","0","0","0","0","N","0858","1","2","0","0","1","0","0","3","0","2","N","","","","","","","","","","","","03","  ","","",""
"1820","0","0","0","0","0","0","0","0","0","4","0","","36","05","2019","2019052050","3","40.032","-76.4976","1817","08","0","0","0","0","0","0","0","0","2","0","0","0","18","1","1","02","2","40 01:55.210","7","00","76 29:51.414","3","0","0","0","36404","0","0","0","N","0","0","0","3","36404","0","","1","01","N","N","0","","1","0","1","0","0","Y","1815","1","2","0","0","1","0","0","3","1","2","N","","","","","","","","","","","","03","  ","","",""
"0808","1","0","0","0","0","0","0","0","0","7","0","","36","05","2019","2019052081","1","40.0437","-76.3281","0805","08","0","0","1","0","0","0","0","0","1","0","0","0","08","5","0","00","1","40 02:37.380","1","00","76 19:41.060","0","0","0","0","36220","0","0","0","N","0","0","0","1","36101","0","","5","09","N","N","0","","0","0","0","0","0","N","0803","0","1","0","0","0","0","0","3","0","1","N","","","","","","","","","","","","07","  ","","",""
"1756","2","0","0","0","0","0","0","0","0","1","0","","36","05","2019","2019052082","3","40.0782","-76.3417","1737","08","0","0","0","0","0","1","0","0","2","0","0","0","17","1","0","00","1","40 04:41.419","3","00","76 20:30.178","0","0","0","0","36101","0","0","0","N","0","0","0","2","36101","0","","1","01","N","N","0","","0","0","0","0","0","N","1737","0","2","0","0","0","0","0","3","0","2","N","","","","","","","","","","","","03","  ","","",""
"1317","4","0","0","0","0","0","0","0","0","5","0","","36","05","2019","2019052094","2","40.0471","-76.2978","1303","08","0","0","0","0","0","0","0","0","","0","0","0","23","2","0","00","0","40 02:49.664","","00","76 17:51.981","0","0","0","0","36301","0","0","0","N","0","0","0","1","36301","0","","2","09","N","N","0","","0","0","1","0","0","","2335","0","6","0","0","0","0","0","3","1","6","N","","","","","","","","","","","","07","  ","","",""
"0650","2","0","0","0","0","0","0","0","0","1","0","","36","05","2019","2019052144","6","40.1709","-76.1969","0645","08","0","0","0","0","0","0","0","0","","0","0","0","06","1","0","02","0","40 10:15.324","","00","76 11:48.910","0","0","0","0","36408","0","0","0","N","0","0","0","2","36408","0","","1","01","N","N","0","","0","0","0","3","2","","0645","0","2","0","0","0","0","0","2","0","2","N","","","","","","","","","","","","03","  ","","",""
"1246","2","0","0","0","0","0","0","0","0","5","0","","36","05","2019","2019052171","6","40.1816","-76.1797","1242","08","0","0","0","0","0","0","0","0","1","0","0","0","12","1","0","00","1","40 10:53.583","3","00","76 10:46.915","0","0","0","0","36408","0","0","0","N","0","0","0","4","36408","0","","2","01","N","N","0","","0","0","0","0","0","N","1242","0","2","0","0","0","0","0","2","0","2","N","","","","","","","","","","","","03","  ","","",""
"1005","0","0","0","0","0","0","0","0","0","1","0","","36","05","2019","2019052262","4","40.0615","-76.5586","0959","08","0","0","0","0","0","1","1","0","3","0","0","0","09","1","1","01","1","40 03:41.533","6","00","76 33:30.806","8","0","0","0","36211","0","0","0","N","0","0","0","2","36504","0","","1","01","N","N","1","","0","0","1","0","0","Y","0957","1","2","0","0","0","1","0","1","0","2","N","","","","","","","","","","","","03","  ","","",""
"1632","1","0","0","0","0","0","0","0","0","4","0","","36","05","2019","2019052287","1","40.0385","-76.2775","1632","08","0","0","0","0","0","0","0","0","2","0","0","0","16","1","1","02","1","40 02:18.712","4","00","76 16:38.883","4","0","0","1","36220","0","0","0","N","0","0","0","3","36101","1","","1","01","N","N","0","","0","0","0","3","3","Y","1630","1","2","0","0","0","0","0","3","0","2","N","","","","","","","","","","","","03","  ","","",""
"1402","1","0","0","0","0","0","0","0","0","4","0","","36","05","2019","2019052337","4","40.1301","-76.2182","1356","08","0","0","0","0","0","2","0","0","1","0","0","0","13","1","1","00","1","40 07:48.290","2","07","76 13:05.506","8","0","0","1","36238","0","0","0","N","0","0","0","2","36238","0","","1","01","N","N","0","","0","0","0","0","0","N","1354","1","2","0","0","0","1","0","3","0","2","N","","","","","","","","","","","","03","  ","","",""
"0800","1","0","0","0","0","0","0","0","0","7","0","","36","05","2019","2019052326","1","40.0286","-76.455","0746","08","0","0","0","0","0","0","0","0","3","0","0","0","07","1","0","00","1","40 01:42.972","5","03","76 27:18.048","0","0","0","0","36239","0","0","0","N","0","0","0","1","36239","0","","2","01","N","N","0","","0","0","0","0","0","N","0730","0","1","0","0","0","0","0","3","0","1","N","","","","","","","","","","","","03","  ","","",""
"1621","1","0","0","0","0","0","0","0","0","4","0","","36","05","2019","2019052332","3","40.1505","-76.0281","1615","08","0","0","0","0","1","0","0","0","2","0","0","0","16","1","1","02","1","40 09:01.638","6","00","76 01:41.060","3","0","0","0","36213","0","0","0","N","0","0","0","2","36213","0","","1","01","N","N","1","","1","0","0","3","3","N","1614","1","2","0","0","0","0","0","1","0","2","N","","","","","","","","","","","","03","  ","","",""
"2000","1","0","0","0","0","0","0","0","0","7","0","","36","04","2019","2019052350","2","39.9946","-75.9805","1938","08","0","0","0","0","0","0","0","0","2","0","0","0","19","4","1","00","2","39 59:40.670","7","00","75 58:49.670","3","0","0","0","36232","0","0","0","N","0","0","0","1","68J01","0","","4","01","N","N","0","","1","0","0","0","0","N","1935","1","1","0","0","0","0","0","1","0","1","N","","","","","","","","","","","","03","  ","","",""
"2048","0","0","0","0","0","0","0","0","0","1","0","","36","04","2019","2019052363","6","40.0534","-76.4449","2009","08","0","0","0","0","0","2","0","0","3","0","0","0","19","1","0","00","1","40 03:12.070","2","00","76 26:41.480","0","0","0","0","36239","0","0","0","N","0","0","0","2","68J01","0","","1","01","N","N","0","","0","0","1","0","0","Y","1955","0","2","0","0","0","0","0","3","1","2","N","","","","","","","","","","","","03","  ","","",""
"0212","1","0","0","0","0","0","0","0","0","7","0","","36","04","2019","2019052364","7","39.945","-76.2146","0207","08","0","0","0","0","0","0","0","0","3","0","0","0","02","2","0","00","1","39 56:41.991","2","00","76 12:52.656","9","0","0","0","36233","0","0","0","Y","0","0","0","1","68J01","0","","4","01","N","N","0","","0","0","0","0","0","N","0204","0","1","0","0","0","0","1","1","0","1","N","","","","","","","","","","","","03","  ","","",""
"0237","0","0","0","0","0","0","0","0","0","7","0","","36","05","2019","2019052370","5","40.1201","-75.9171","0228","08","0","0","0","0","0","1","0","0","1","0","0","0","02","2","1","00","1","40 07:12.261","5","00","75 55:01.450","3","0","0","1","36203","0","0","0","N","0","0","0","1","68J01","0","","4","09","N","N","0","","1","0","0","0","0","N","0225","1","1","0","0","0","0","0","1","0","1","N","","","","","","","","","","","","05","  ","","",""
"1831","1","0","0","0","0","0","0","0","0","7","0","","36","05","2019","2019052375","1","39.9361","-76.3063","1817","08","0","0","0","0","0","1","0","0","3","0","0","0","18","1","1","00","1","39 56:10.040","1","00","76 18:22.813","3","0","0","0","36228","0","0","0","N","0","0","0","1","68J01","0","","2","08","N","N","0","","1","0","0","0","0","N","1815","1","1","0","0","0","0","0","1","0","1","N","","","","","","","","","","","","07","  ","","",""
"1635","2","0","0","0","0","0","0","0","0","4","0","","36","05","2019","2019052381","5","39.7739","-76.1791","1626","08","0","0","0","0","0","0","0","0","2","0","0","0","16","1","0","01","2","39 46:25.988","1","00","76 10:44.934","0","0","0","0","36219","0","0","0","N","0","0","0","3","68J01","0","","1","01","N","N","0","","0","0","0","0","0","N","1616","0","2","0","0","0","0","0","1","0","2","N","","","","","","","","","","","","03","  ","","",""
"1634","2","0","0","0","0","0","0","0","0","4","0","","36","05","2019","2019052382","5","40.0392","-76.0644","1633","08","0","0","0","0","0","0","0","0","","0","0","0","16","1","1","01","0","40 02:21.008","","00","76 03:51.827","3","0","0","0","36221","0","0","0","N","0","0","0","2","68J01","0","","1","01","N","N","0","","1","0","0","3","3","","1619","1","2","0","0","0","0","0","1","0","2","N","","","","","","","","","","","","03","  ","","",""
"1944","0","0","0","0","0","0","0","0","0","7","0","","36","05","2019","2019052384","6","40.0116","-76.0941","1933","08","0","0","0","0","0","0","0","0","2","0","0","0","19","4","0","00","1","40 00:41.660","5","00","76 05:38.630","0","0","0","0","36226","0","0","0","N","0","0","0","1","68J01","0","","4","01","N","N","1","","0","0","0","0","0","Y","1926","0","1","0","0","0","0","0","1","0","1","N","","","","","","","","","","","","03","  ","","",""
"1223","0","0","0","0","0","0","0","0","0","0","0","","36","05","2019","2019052445","1","40.0577","-76.4316","1218","08","0","0","0","0","0","0","0","0","2","0","0","0","12","1","1","02","2","40 03:27.665","6","00","76 25:53.889","3","0","0","1","36239","0","0","0","N","0","0","0","2","36239","0","","5","01","N","N","0","","1","0","0","3","3","Y","1215","1","1","0","0","0","0","0","3","0","1","N","","","","","","","","","","","","03","  ","","",""
"1310","0","0","0","0","0","0","0","0","0","4","0","","36","05","2019","2019052465","1","40.0627","-76.4281","1307","08","0","0","0","0","0","0","2","0","2","0","0","0","13","1","1","02","2","40 03:45.558","6","00","76 25:41.201","8","0","0","0","36239","0","0","0","N","0","0","0","3","36239","0","","1","01","N","N","0","","0","0","2","3","3","Y","1305","1","2","0","0","0","1","0","3","0","2","N","","","","","","","","","","","","03","  ","","",""
"0455","1","0","0","0","0","0","0","0","0","8","0","","36","05","2019","2019052482","2","40.0377","-76.3078","0452","08","0","0","0","0","0","0","0","0","","0","0","0","04","3","1","01","0","40 02:15.851","","00","76 18:28.000","3","0","0","0","36301","1","0","0","N","1","0","0","2","36301","0","","1","01","N","N","0","","1","0","0","3","2","","0452","1","2","0","0","0","0","0","3","0","1","N","","","","","","","","","","","","03","  ","","",""
"1313","1","0","0","0","0","0","0","0","0","1","0","","36","05","2019","2019052491","7","40.1707","-76.197","1308","08","0","0","0","0","0","0","0","0","","0","0","0","13","1","1","00","0","40 10:14.689","","00","76 11:49.183","3","0","0","0","36408","0","0","0","N","0","0","0","5","36408","0","","1","01","N","N","1","","1","0","1","0","0","","1308","1","3","0","0","0","0","0","2","0","3","N","","","","","","","","","","","","03","  ","","",""
"0023","1","0","0","0","0","0","0","0","0","5","0","","36","05","2019","2019052506","2","40.0149","-76.3161","0016","08","0","0","0","0","0","0","0","0","2","0","0","0","00","3","0","00","1","40 00:53.700","1","00","76 18:57.900","0","0","0","0","36220","0","0","0","N","0","0","0","1","36101","0","","6","09","N","N","0","","0","0","1","0","0","N","0013","0","2","0","0","0","0","0","3","0","2","N","","","","","","","","","","","","07","  ","","",""
"0048","0","0","0","0","0","0","0","0","0","9","0","","36","05","2019","2019052507","5","40.1125","-76.2433","0043","08","0","0","0","0","0","1","0","0","","0","0","0","00","2","0","00","0","40 06:44.980","","00","76 14:35.734","0","0","0","0","36101","0","0","0","N","0","0","0","1","36101","0","","1","01","N","N","1","","0","0","0","0","0","","0035","0","1","0","0","0","0","0","3","0","1","N","","","","","","","","","","","","03","  ","","",""
"0611","1","0","0","0","0","0","0","0","0","1","0","","36","05","2019","2019052713","1","40.1179","-76.2301","0558","08","0","0","0","0","0","0","0","0","","0","0","0","05","1","1","00","0","40 07:04.589","","00","76 13:48.197","4","0","0","0","36238","0","0","0","N","0","0","0","2","36506","1","","1","01","N","N","1","","0","0","0","0","0","","0558","1","2","0","0","0","0","0","3","0","2","N","","","","","","","","","","","","03","  ","","",""
"1526","2","0","0","0","0","0","0","0","0","1","0","","36","05","2019","2019052800","3","40.0342","-76.2424","1515","08","0","0","0","0","1","0","1","0","","0","0","0","15","1","1","06","0","40 02:03.088","","02","76 14:32.709","4","0","0","0","36215","0","0","0","N","0","0","0","2","36215","1","","1","01","N","N","0","","0","0","0","0","0","","1515","1","2","0","0","0","0","0","1","0","2","N","","","","","","","","","","","","03","  ","","",""
"1952","1","0","0","0","0","0","0","0","0","1","0","","36","05","2019","2019052801","6","40.0915","-76.1307","1941","08","0","0","0","0","0","0","0","0","2","0","0","1","19","1","2","00","2","40 05:29.355","6","00","76 07:50.471","3","0","0","0","36234","5","0","0","N","0","0","0","6","36215","0","","2","01","N","N","0","","2","0","0","0","0","Y","1941","2","2","0","0","0","0","0","1","0","1","N","","","","","","","","","","","","03","  ","","",""
"2255","2","0","0","0","0","0","0","0","0","1","0","","36","05","2019","2019052802","6","40.0395","-76.2637","2242","08","0","0","0","1","0","1","0","0","1","0","0","0","22","2","3","00","2","40 02:22.275","6","00","76 15:49.144","3","0","0","0","36215","0","0","0","N","0","0","0","4","36215","0","","1","01","N","N","0","","2","0","0","0","0","Y","2238","3","2","0","0","0","1","0","1","0","2","N","","","","","","","","","","","","03","  ","","",""
"1141","0","0","0","0","0","0","0","0","0","4","0","","36","05","2019","2019052803","7","40.0378","-76.2707","1136","08","0","0","0","0","0","1","1","0","2","0","0","0","11","1","3","03","2","40 02:16.133","2","00","76 16:14.672","3","0","0","0","36215","0","0","0","N","0","0","0","3","36215","1","","1","01","N","N","1","","2","0","1","3","2","Y","1135","3","2","0","0","2","0","0","1","0","2","N","","","","","","","","","","","","03","  ","","",""
"1820","1","0","2","0","0","0","0","0","0","2","0","","36","04","2019","2019052804","2","40.0086","-76.381","1815","08","0","0","0","0","0","0","0","0","3","0","0","0","18","1","3","00","2","40 00:30.964","6","00","76 22:51.716","2","0","0","0","36223","0","0","0","N","0","0","0","3","36223","0","","1","01","N","N","0","","0","3","1","0","0","Y","1814","3","2","0","0","0","0","0","1","0","2","N","","","","","","","","","","","","03","  ","","",""
"2320","1","0","0","0","0","0","0","0","0","7","0","","36","05","2019","2019052932","5","40.1604","-76.0157","2315","08","0","0","0","0","0","0","0","0","1","0","0","0","23","2","0","00","2","40 09:37.264","5","00","76 00:56.664","0","0","0","0","36213","0","0","0","N","0","0","0","1","36213","0","","1","09","N","N","0","","0","0","0","0","0","Y","2310","0","1","0","0","0","0","0","1","0","1","N","","","","","","","","","","","","07","  ","","",""
"2320","0","0","0","0","0","0","0","0","0","7","0","","36","05","2019","2019052934","5","40.1605","-76.0156","2315","08","0","0","0","0","0","0","0","0","1","0","0","0","23","2","0","00","2","40 09:37.668","5","00","76 00:56.171","0","0","0","0","36213","0","0","0","N","0","0","0","1","36213","0","","1","09","N","N","1","","0","0","0","0","0","Y","2310","0","1","0","0","0","0","0","1","0","1","N","","","","","","","","","","","","07","  ","","",""
"2146","1","0","0","0","0","0","0","0","0","7","0","","36","05","2019","2019052938","4","40.043","-76.2879","2134","08","0","0","0","0","0","0","0","0","","0","0","0","21","3","0","10","0","40 02:34.960","","07","76 17:16.322","0","0","0","0","36301","0","0","0","N","0","0","0","1","36301","0","","4","01","N","N","0","","0","0","0","0","0","","2134","0","1","0","0","0","0","0","3","0","1","N","","","","","","","","","","","","03","  ","","",""