"ARRIVAL_TM","AUTOMOBILE_COUNT","BELTED_DEATH_COUNT","BELTED_SUSP_SERIOUS_INJ_COUNT","BICYCLE_COUNT","BICYCLE_DEATH_COUNT","BICYCLE_SUSP_SERIOUS_INJ_COUNT","BUS_COUNT","CHLDPAS_DEATH_COUNT","CHLDPAS_SUSP_SERIOUS_INJ_COUNT","COLLISION_TYPE","COMM_VEH_COUNT","CONS_ZONE_SPD_LIM","COUNTY","CRASH_MONTH","CRASH_YEAR","CRN","DAY_OF_WEEK","DEC_LAT","DEC_LONG","DISPATCH_TM","DISTRICT","DRIVER_COUNT_16YR","DRIVER_COUNT_17YR","DRIVER_COUNT_18YR","DRIVER_COUNT_19YR","DRIVER_COUNT_20YR","DRIVER_COUNT_50_64YR","DRIVER_COUNT_65_74YR","DRIVER_COUNT_75PLUS","EST_HRS_CLOSED","FATAL_COUNT","HEAVY_TRUCK_COUNT","HORSE_BUGGY_COUNT","HOUR_OF_DAY","ILLUMINATION","INJURY_COUNT","INTERSECT_TYPE","LANE_CLOSED","LATITUDE","LN_CLOSE_DIR","LOCATION_TYPE","LONGITUDE","MAX_SEVERITY_LEVEL","MCYCLE_DEATH_COUNT","MCYCLE_SUSP_SERIOUS_INJ_COUNT","MOTORCYCLE_COUNT","MUNICIPALITY","NONMOTR_COUNT","NONMOTR_DEATH_COUNT","NONMOTR_SUSP_SERIOUS_INJ_COUNT","NTFY_HIWY_MAINT","PED_COUNT","PED_DEATH_COUNT","PED_SUSP_SERIOUS_INJ_COUNT","PERSON_COUNT","POLICE_AGCY","POSSIBLE_INJ_COUNT","RDWY_SURF_TYPE_CD","RELATION_TO_ROAD","ROAD_CONDITION","SCH_BUS_IND","SCH_ZONE_IND","SMALL_TRUCK_COUNT","SPEC_JURIS_CD","SUSP_MINOR_INJ_COUNT","SUSP_SERIOUS_INJ_COUNT","SUV_COUNT","TCD_FUNC_CD","TCD_TYPE","TFC_DETOUR_IND","TIME_OF_DAY","TOT_INJ_COUNT","TOTAL_UNITS","UNB_DEATH_COUNT","UNB_SUSP_SERIOUS_INJ_COUNT","UNBELTED_OCC_COUNT","UNK_INJ_DEG_COUNT","UNK_INJ_PER_COUNT","URBAN_RURAL","VAN_COUNT","VEHICLE_COUNT","WORK_ZONE_IND","WORK_ZONE_LOC","WORK_ZONE_TYPE","WORKERS_PRES","WZ_CLOSE_DETOUR","WZ_FLAGGER","WZ_LAW_OFFCR_IND","WZ_LN_CLOSURE","WZ_MOVING","WZ_OTHER","WZ_SHLDER_MDN","ROADWAY_CLEARED","WEATHER1","WEATHER2","WZ_WORKERS_INJ_KILLED","SECONDARY_CRASH","INTERSECTION_RELATED"
"2322","2","0","0","0","0","0","0","0","0","4","0","","36","05","2019","2019052945","5","40.0343","-76.4608","2318","08","0","0","0","0","0","1","0","0","1","0","0","0","23","2","0","00","1","40 02:03.642","3","07","76 27:38.934","0","0","0","0","36239","0","0","0","N","0","0","0","2","36239","0","","1","09","N","N","0","","0","0","0","0","0","N","2318","0","2","0","0","0","0","0","3","0","2","N","","","","","","","","","","","","07","  ","","",""
"0228","1","0","0","0","0","0","0","0","0","7","0","","36","05","2019","2019052948","5","40.0396","-76.321","0225","08","0","0","0","0","1","0","0","0","","0","0","0","02","3","0","05","0","40 02:22.473","","00","76 19:15.643","0","0","0","0","36301","0","0","0","N","0","0","0","1","36301","0","","5","01","N","N","0","","0","0","0","3","2","","0225","0","1","0","0","0","0","0","3","0","1","N","","","","","","","","","","","","03","  ","","",""
"0448","1","0","0","0","0","0","0","0","0","7","0","","36","05","2019","2019052962","1","40.1593","-76.6293","0444","08","0","0","0","0","0","0","0","0","2","0","0","0","04","2","0","00","1","40 09:33.598","2","00","76 37:45.634","9","0","0","0","36237","0","0","0","N","0","0","0","1","36505","0","","4","09","N","N","0","","0","0","0","0","0","N","0440","0","1","0","0","0","0","1","1","0","1","N","","","","","","","","","","","","03","  ","","",""
"1725","1","0","0","0","0","0","0","0","0","4","0","","36","05","2019","2019052976","6","40.0799","-76.339","1720","08","0","0","0","0","0","0","0","0","2","0","0","0","17","1","1","00","2","40 04:47.470","1","00","76 20:20.568","3","0","0","1","36101","0","0","0","N","0","0","0","2","36101","0","","1","01","N","N","0","","1","0","0","3","3","N","1715","1","2","0","0","0","0","0","3","0","2","N","","","","","","","","","","","","03","  ","","",""
"0159","1","0","0","0","0","0","0","0","0","7","0","","36","05","2019","2019052977","2","40.0084","-76.3106","0157","08","0","0","0","0","1","0","0","0","3","0","0","0","01","2","0","02","1","40 00:30.151","2","00","76 18:38.037","0","0","0","0","36220","0","0","0","N","0","0","0","2","36101","0","","2","09","N","N","1","","0","0","1","3","3","N","0155","0","3","0","0","0","0","0","3","0","3","N","","","","","","","","","","","","07","  ","","",""
"1712","0","0","0","0","0","0","0","0","0","7","0","","36","05","2019","2019052978","5","40.0713","-76.357","1705","08","0","0","0","0","0","0","0","0","2","0","0","0","16","1","1","00","2","40 04:16.823","5","07","76 21:25.083","8","0","0","0","36214","0","0","0","N","0","0","0","1","36214","0","","2","01","N","N","1","","0","0","0","0","0","Y","1650","1","2","0","0","0","1","0","3","0","1","N","","","","","","","","","","","","03","  ","","",""
"1646","1","0","0","0","0","0","0","0","0","4","0","","36","05","2019","2019053005","4","40.0424","-76.2938","1645","08","0","0","0","0","0","0","0","0","2","0","0","0","16","1","1","01","1","40 02:32.780","3","00","76 17:37.618","3","0","0","0","36301","0","0","0","N","0","0","0","3","36301","0","","1","01","N","N","0","","1","0","1","3","3","N","1645","1","2","0","0","0","0","0","3","0","2","N","","","","","","","","","","","","03","  ","","",""
"2209","3","0","0","0","0","0","0","0","0","4","0","","36","05","2019","2019053254","2","40.0384","-76.3013","2206","08","0","0","0","0","0","1","0","0","1","0","0","0","22","3","0","01","1","40 02:18.339","1","00","76 18:04.763","0","0","0","0","36301","0","0","0","N","0","0","0","4","36301","0","","1","01","N","N","0","","0","0","0","3","2","N","2206","0","3","0","0","0","0","0","3","0","3","N","","","","","","","","","","","","03","  ","","",""
"1430","2","0","0","0","0","0","0","0","0","4","0","","36","04","2019","2019053297","6","40.0578","-76.3059","1423","08","0","0","0","0","0","0","0","0","2","0","0","0","14","1","1","00","1","40 03:28.179","2","07","76 18:21.229","4","0","0","0","36101","0","0","0","N","0","0","0","4","36101","1","","1","01","N","N","0","","0","0","0","0","0","N","1420","1","2","0","0","0","0","0","3","0","2","N","","","","","","","","","","","","03","  ","","",""
"1239","1","0","0","0","0","0","0","0","0","1","0","","36","05","2019","2019053298","3","40.0702","-76.3014","1230","08","0","0","0","0","0","0","0","1","","0","0","0","12","1","0","00","0","40 04:12.643","","00","76 18:04.861","0","0","0","0","36101","0","0","0","N","0","0","0","3","36101","0","","1","01","N","N","1","","0","0","0","0","0","","1225","0","2","0","0","0","0","0","3","0","2","N","","","","","","","","","","","","03","  ","","",""
"1258","2","0","0","0","0","0","0","0","0","1","0","","36","05","2019","2019053299","6","40.0992","-76.3025","1249","08","0","1","1","0","0","0","0","0","2","0","0","0","12","1","0","00","2","40 05:57.068","4","00","76 18:09.123","0","0","0","0","36101","0","0","0","N","0","0","0","4","36101","0","","1","01","N","N","0","","0","0","1","0","0","N","1247","0","3","0","0","0","0","0","3","0","3","N","","","","","","","","","","","","03","  ","","",""
"1645","2","0","0","0","0","0","0","0","0","1","0","","36","05","2019","2019053300","6","40.0414","-76.3869","1640","08","0","0","0","0","0","1","1","0","1","0","0","0","16","1","2","00","2","40 02:28.916","4","00","76 23:12.871","4","0","0","0","36214","0","0","0","N","0","0","0","7","36214","2","","1","09","N","N","0","","0","0","1","3","2","Y","1640","2","3","0","0","0","0","1","3","0","3","N","","","","","","","","","","","","07","  ","","",""
"1529","1","0","0","0","0","0","0","0","0","1","0","","36","05","2019","2019053301","3","40.0146","-76.1528","1514","08","0","0","0","0","0","1","0","0","","0","0","0","15","1","1","00","0","40 00:52.410","","00","76 09:09.918","3","0","0","0","36215","0","0","0","N","0","0","0","2","36215","0","","1","01","Y","N","1","","1","0","0","0","0","","1514","1","2","0","0","0","0","0","1","0","2","N","","","","","","","","","","","","03","  ","","",""
"1559","0","0","0","0","0","0","0","0","0","4","0","","36","05","2019","2019053357","6","40.1559","-76.3435","1555","08","0","0","0","0","0","0","0","0","1","0","0","0","15","1","1","01","2","40 09:21.372","6","00","76 20:36.769","8","0","0","0","36227","0","0","0","N","0","0","0","4","36506","0","","1","01","N","N","0","","0","0","3","3","3","Y","1555","1","3","0","0","0","1","1","1","0","3","N","","","","","","","","","","","","03","  ","","",""
"0954","2","0","0","0","0","0","0","0","0","1","0","","36","05","2019","2019053358","5","40.0397","-76.5047","0946","08","0","0","0","0","0","0","1","0","1","0","0","0","09","1","1","00","2","40 02:22.959","4","00","76 30:16.782","4","0","0","0","36404","0","0","0","N","0","0","0","2","36404","1","","1","01","N","N","0","","0","0","0","0","0","N","0944","1","2","0","0","0","0","0","3","0","2","N","","","","","","","","","","","","03","  ","","",""
"1855","0","0","0","0","0","0","0","0","0","7","0","","36","05","2019","2019053359","6","40.1657","-76.2843","1851","08","0","0","0","0","0","0","0","0","1","0","0","0","18","1","0","00","1","40 09:56.679","4","03","76 17:03.502","0","0","0","0","36235","0","0","0","Y","0","0","0","1","36506","0","","2","01","N","N","0","","0","0","0","0","0","N","1848","0","1","0","0","0","0","0","1","1","1","N","","","","","","","","","","","","03","  ","","",""
"1009","2","0","0","0","0","0","0","0","0","4","0","","36","05","2019","2019053449","7","40.1602","-76.5264","1002","08","0","0","0","0","0","0","0","0","","0","0","0","10","1","1","02","0","40 09:36.755","","00","76 31:35.117","8","0","0","0","36225","0","0","0","N","0","0","0","2","36505","0","","1","01","N","N","0","","0","0","0","3","3","","1002","1","2","0","0","1","1","0","2","0","2","N","","","","","","","","","","","","03","  ","","",""
"1439","2","0","0","0","0","0","0","0","0","1","0","","36","04","2019","2019053463","7","40.0319","-76.4915","1435","08","0","0","0","0","0","1","0","0","","0","0","0","14","1","0","02","0","40 01:54.912","","00","76 29:29.493","0","0","0","0","36404","0","0","0","N","0","0","0","2","36404","0","","1","01","N","N","0","","0","0","0","3","2","","1435","0","2","0","0","0","0","0","3","0","2","N","","","","","","","","","","","","03","  ","","",""
"0215","2","0","0","0","0","0","0","0","0","5","0","","36","05","2019","2019053524","6","40.0442","-76.2996","0213","08","0","0","0","0","0","0","0","0","1","0","0","0","02","3","1","00","2","40 02:39.299","3","00","76 17:58.562","3","0","0","0","36301","0","0","0","N","0","0","0","1","36301","0","","6","01","N","N","0","","1","0","0","0","0","Y","0212","1","2","0","0","0","0","0","3","0","2","N","","","","","","","","","","","","03","  ","","",""
"1656","0","0","0","0","0","0","0","0","0","7","0","","36","05","2019","2019053527","6","40.0515","-76.3249","1650","08","0","0","0","0","0","0","0","0","2","0","0","0","16","1","2","00","2","40 03:05.300","1","00","76 19:29.560","3","0","0","0","36101","0","0","0","N","0","0","0","3","36101","1","","4","01","N","N","0","","1","0","1","0","0","Y","1649","2","1","0","0","1","0","1","3","0","1","N","","","","","","","","","","","","03","  ","","",""
"1422","1","0","0","0","0","0","0","0","0","4","0","","36","05","2019","2019053545","4","40.0241","-76.316","1422","08","0","0","0","0","0","1","0","0","1","0","0","0","14","1","1","01","1","40 01:26.922","4","00","76 18:57.776","3","0","0","0","36301","0","0","0","N","0","0","0","3","36301","0","","1","01","N","Y","1","","1","0","1","3","2","Y","1422","1","3","0","0","0","0","0","3","0","3","N","","","","","","","","","","","","03","  ","","",""
"1740","2","0","0","0","0","0","0","0","0","1","0","","36","05","2019","2019053563","7","40.14","-76.5899","1736","08","0","0","0","0","0","0","0","1","","0","0","0","17","1","1","00","0","40 08:24.007","","00","76 35:23.498","8","0","0","0","36237","0","0","0","N","0","0","0","3","36505","0","","1","01","N","N","0","","0","0","0","0","0","N","1730","1","2","0","0","0","1","0","1","0","2","N","","","","","","","","","","","","03","  ","","",""
"0933","1","0","0","0","0","0","0","0","0","4","0","","36","05","2019","2019053580","1","40.1499","-76.3085","0930","08","0","0","0","0","0","0","0","0","1","0","0","0","09","1","0","01","1","40 08:59.785","4","00","76 18:30.584","0","0","0","0","36409","0","0","0","N","0","0","0","2","36409","0","","1","01","N","N","0","","0","0","1","3","3","N","0928","0","2","0","0","0","0","0","3","0","2","N","","","","","","","","","","","","03","  ","","",""
"1147","0","0","0","0","0","0","0","0","0","1","0","","36","05","2019","2019053595","7","40.1614","-76.6358","1140","08","0","0","0","0","0","0","0","0","1","0","0","0","11","1","0","02","0","40 09:41.091","","00","76 38:08.741","0","0","0","0","36237","0","0","0","N","0","0","0","5","36505","0","","1","01","N","N","0","","0","0","1","0","0","N","1135","0","2","0","0","0","0","0","1","1","2","N","","","","","","","","","","","","03","  ","","",""
"1353","1","0","0","0","0","0","0","0","0","9","0","","36","05","2019","2019053601","7","40.0045","-76.2946","1343","08","0","0","0","0","0","0","0","0","","0","0","0","13","1","0","00","0","40 00:16.098","","00","76 17:40.738","0","0","0","0","36240","0","0","0","N","0","0","0","1","36240","0","","1","01","N","N","0","","0","0","0","0","0","","1341","0","1","0","0","0","0","0","1","0","1","N","","","","","","","","","","","","03","  ","","",""
"1432","1","0","0","0","0","0","0","0","0","4","0","","36","04","2019","2019053604","4","40.0379","-76.5042","1430","08","0","0","0","0","0","2","0","0","2","0","0","0","14","1","0","01","1","40 02:16.558","5","00","76 30:14.950","0","0","0","0","36404","0","0","0","N","0","0","0","3","36404","0","","1","01","N","N","0","","0","0","1","3","3","Y","1430","0","2","0","0","0","0","0","3","0","2","N","","","","","","","","","","","","03","  ","","",""
"1454","1","0","0","0","0","0","0","0","0","7","0","","36","05","2019","2019053647","1","40.1555","-76.1559","1444","08","0","0","1","0","0","0","0","0","","0","0","0","14","1","0","00","0","40 09:19.925","","00","76 09:21.135","0","0","0","0","36238","0","0","0","Y","0","0","0","2","36238","0","","3","01","N","N","0","","0","0","0","0","0","","1438","0","1","0","0","0","0","0","3","0","1","N","","","","","","","","","","","","03","  ","","",""
"1011","0","0","0","0","0","0","0","0","0","1","0","","36","05","2019","2019053674","3","40.1137","-76.388","0958","08","0","0","0","0","0","1","0","0","1","0","0","0","09","1","1","00","1","40 06:49.400","5","00","76 23:16.900","4","0","0","0","36214","0","0","0","N","0","0","0","3","36214","1","","1","01","N","N","1","","0","0","1","0","0","Y","0958","1","2","0","0","0","0","0","3","0","2","N","","","","","","","","","","","","03","  ","","",""
"0655","1","0","0","0","0","0","0","0","0","7","0","","36","05","2019","2019053743","4","40.1728","-76.1939","0653","08","0","0","0","0","0","0","0","0","1","0","0","0","06","1","1","00","1","40 10:22.100","4","07","76 11:38.100","3","0","0","0","36408","0","0","0","N","0","0","0","1","36408","0","","2","01","N","N","0","","1","0","0","0","0","N","0650","1","1","0","0","0","0","0","2","0","1","N","","","","","","","","","","","","03","  ","","",""
"1901","1","0","0","0","0","0","0","0","0","7","0","","36","05","2019","2019053777","7","40.0645","-76.2923","1856","08","0","0","0","0","0","0","0","0","3","0","0","0","18","1","1","00","2","40 03:52.140","6","00","76 17:32.420","3","0","0","0","36101","0","0","0","N","0","0","0","1","36101","0","","4","01","N","N","0","","1","0","1","0","0","Y","1853","1","2","0","0","0","0","0","3","0","2","N","","","","","","","","","","","","03","  ","","",""
"0138","1","0","0","0","0","0","0","0","0","7","0","","36","05","2019","2019053778","2","40.016","-76.3061","0130","08","0","0","0","1","0","0","0","0","2","0","0","0","01","3","0","02","1","40 00:57.640","3","00","76 18:21.983","0","0","0","0","36220","0","0","0","N","0","0","0","1","36101","0","","2","01","N","N","0","","0","0","0","0","0","N","0120","0","1","0","0","0","0","0","3","0","1","N","","","","","","","","","","","","03","  ","","",""
"1636","0","0","0","0","0","0","0","0","0","1","0","","36","05","2019","2019053793","4","40.1514","-76.2509","1632","08","0","0","0","0","0","1","0","0","1","0","0","0","16","1","0","00","2","40 09:05.173","6","00","76 15:03.206","0","0","0","0","36235","0","0","0","N","0","0","0","3","36506","0","","1","01","N","N","0","","0","0","3","0","0","Y","1632","0","3","0","0","1","0","0","1","0","3","N","","","","","","","","","","","","03","  ","","",""
"0846","1","0","0","0","0","0","0","0","0","4","0","","36","05","2019","2019053802","1","40.1326","-76.347","0841","08","0","0","0","0","0","0","1","0","2","0","0","0","08","1","0","01","1","40 07:57.364","5","00","76 20:49.148","0","0","0","0","36227","0","0","0","N","0","0","0","2","36506","0","","1","01","N","N","0","","0","0","1","0","0","N","0841","0","2","0","0","0","0","0","1","0","2","N","","","","","","","","","","","","03","  ","","",""
"1354","0","0","0","0","0","0","0","0","0","1","0","","36","05","2019","2019053831","1","40.1381","-76.5852","1343","08","0","0","0","0","0","2","0","0","","0","0","0","13","1","1","01","0","40 08:17.335","","00","76 35:06.670","8","0","0","0","36225","0","0","0","N","0","0","0","3","36505","0","","1","01","N","N","0","","0","0","1","3","2","","1340","1","2","0","0","0","1","0","2","1","2","N","","","","","","","","","","","","03","  ","","",""
"1556","1","0","0","0","0","0","0","0","0","2","0","","36","05","2019","2019053839","1","40.1481","-76.4098","1551","08","0","0","1","0","0","0","0","0","2","0","0","0","15","1","4","00","2","40 08:53.266","5","00","76 24:35.422","8","0","0","0","36227","0","0","0","N","0","0","0","7","36506","0","","1","01","N","N","1","","0","0","0","3","4","Y","1551","4","2","0","0","2","4","0","1","0","2","N","","","","","","","","","","","","03","  ","","",""
"1325","1","0","0","0","0","0","0","0","0","4","0","","36","05","2019","2019053862","2","40.0376","-76.2956","1304","08","0","0","0","0","0","1","0","0","1","0","0","0","13","1","0","00","1","40 02:15.489","3","00","76 17:44.120","0","0","0","0","36301","0","0","0","N","0","0","0","2","36301","0","","1","01","N","N","0","","0","0","0","0","0","N","1304","0","2","0","0","0","0","0","3","1","2","N","","","","","","","","","","","","03","  ","","",""
"2316","0","0","0","0","0","0","0","0","0","0","0","","36","05","2019","2019053863","6","40.1469","-76.3713","2305","08","0","0","0","1","0","0","0","0","2","0","0","0","23","2","1","00","2","40 08:48.833","5","00","76 22:16.523","4","0","0","0","36227","0","0","0","N","0","0","0","1","36506","1","","1","09","N","N","0","","0","0","1","0","0","Y","2305","1","1","0","0","0","0","0","1","0","1","N","","","","","","","","","","","","07","  ","","",""
"1931","1","0","0","0","0","0","0","0","0","5","0","","36","05","2019","2019053881","6","40.1052","-76.2545","1927","08","0","0","0","0","0","1","0","0","","0","0","0","19","1","0","00","0","40 06:18.577","","00","76 15:16.035","0","0","0","0","36101","0","0","0","N","0","0","0","2","36101","0","","1","01","N","N","0","","0","0","1","3","2","","1925","0","2","0","0","0","0","0","3","0","2","N","","","","","","","","","","","","03","  ","","",""
"0052","2","0","0","0","0","0","0","0","0","4","0","","36","05","2019","2019053882","6","40.0376","-76.3566","0046","08","0","0","0","0","0","0","0","0","2","0","0","0","00","2","1","00","1","40 02:15.510","4","00","76 21:23.600","3","0","0","0","36223","1","0","0","N","0","0","0","2","36223","0","","1","01","N","N","0","","1","0","0","0","0","N","0044","1","2","0","0","1","0","0","1","0","2","N","","","","","","","","","","","","03","  ","","",""
"0825","1","0","0","0","0","0","0","0","0","1","0","","36","05","2019","2019053948","6","40.1977","-76.1678","0820","08","0","0","0","0","0","1","1","0","2","0","0","0","08","1","0","00","1","40 11:51.733","2","00","76 10:04.155","0","0","0","0","36218","0","0","0","N","0","0","0","2","36408","0","","1","01","N","N","0","","0","0","0","0","0","N","0815","0","2","0","0","0","0","0","1","1","2","N","","","","","","","","","","","","03","  ","","",""
"0818","1","0","0","0","0","0","0","0","0","1","1","99","36","05","2019","2019053951","5","40.184","-76.1288","0809","08","0","0","0","0","0","1","0","0","","0","1","0","08","1","0","00","0","40 11:02.308","","00","76 07:43.831","0","0","0","0","36218","0","0","0","N","0","0","0","2","36408","0","","1","01","N","N","0","","0","0","0","0","0","","0807","0","2","0","0","0","0","0","1","0","2","Y","3","1","Y","","","N","Y","","","","","03","  ","","",""
"2133","2","0","0","0","0","0","0","0","0","1","0","","36","05","2019","2019053958","2","40.0318","-76.3195","2132","08","0","0","0","0","0","0","0","0","1","0","0","0","21","3","1","01","1","40 01:54.301","1","00","76 19:10.148","3","0","0","0","36301","0","0","0","N","0","0","0","2","36301","0","","1","01","N","N","0","","1","0","0","0","0","Y","2126","1","2","0","0","1","0","0","3","0","2","N","","","","","","","","","","","","03","  ","","",""
"1453","1","0","0","0","0","0","0","0","0","4","0","","36","05","2019","2019053985","5","40.0586","-76.3336","1445","08","0","0","0","0","0","0","1","0","2","0","0","0","14","1","0","00","1","40 03:30.931","6","07","76 20:00.993","0","0","0","0","36101","0","0","0","N","0","0","0","2","36101","0","","1","01","N","N","0","","0","0","1","3","2","N","1426","0","2","0","0","0","0","0","3","0","2","N","","","","","","","","","","","","03","  ","","",""
"1306","2","0","0","0","0","0","0","0","0","1","0","","36","05","2019","2019053986","4","40.038","-76.3497","1254","08","0","0","0","0","0","0","0","0","","0","0","0","12","1","1","01","0","40 02:16.728","","00","76 20:59.021","8","0","0","0","36223","0","0","0","N","0","0","0","2","36223","0","","1","01","N","N","0","","0","0","0","3","2","","1246","1","2","0","0","0","1","1","1","0","2","N","","","","","","","","","","","","03","  ","","",""
"0232","0","0","0","0","0","0","0","0","0","7","0","","36","05","2019","2019054059","1","40.1443","-76.3734","0228","08","0","0","0","0","0","0","0","0","2","0","0","0","02","2","0","00","2","40 08:39.500","6","00","76 22:24.300","0","0","0","0","36227","0","0","0","N","0","0","0","1","36506","0","","2","01","N","N","0","","0","0","1","0","0","Y","0228","0","1","0","0","0","0","0","1","0","1","N","","","","","","","","","","","","03","  ","","",""
"1336","0","0","0","0","0","0","0","0","0","4","0","","36","05","2019","2019054110","3","40.0377","-76.3085","1333","08","0","0","0","0","0","1","0","0","1","0","0","0","13","1","1","01","1","40 02:15.572","3","00","76 18:30.512","8","0","0","1","36301","0","0","0","N","0","0","0","2","36301","0","","1","01","N","N","0","","0","0","0","3","2","N","1332","1","2","0","0","0","1","0","3","1","2","N","","","","","","","","","","","","03","  ","","",""
"1354","1","0","0","0","0","0","0","0","0","1","0","","36","05","2019","2019054140","3","40.1513","-76.2566","1350","08","0","0","0","0","0","0","0","0","1","0","0","0","13","1","1","00","1","40 09:04.630","4","00","76 15:23.929","8","0","0","0","36235","0","0","0","N","0","0","0","2","36506","0","","1","01","N","N","1","","0","0","0","0","0","N","1350","1","2","0","0","0","1","0","1","0","2","N","","","","","","","","","","","","03","  ","","",""
"1444","0","0","0","0","0","0","0","0","0","1","0","","36","04","2019","2019054154","5","40.0459","-76.4185","1440","08","0","0","0","0","0","0","0","0","2","0","0","0","14","1","0","00","1","40 02:45.184","3","00","76 25:06.704","0","0","0","0","36239","0","0","0","N","0","0","0","2","36239","0","","1","01","N","N","0","","0","0","1","0","0","Y","1440","0","2","0","0","0","0","0","3","1","2","N","","","","","","","","","","","","03","  ","","",""
"0526","1","0","0","0","0","0","0","0","0","7","0","","36","05","2019","2019054155","3","40.1294","-76.158","0519","08","0","1","0","0","0","0","0","0","2","0","0","0","05","5","0","00","1","40 07:45.787","3","00","76 09:28.743","0","0","0","0","36238","0","0","0","Y","0","0","0","1","36238","0","","5","01","N","N","0","","0","0","0","0","0","N","0517","0","1","0","0","0","0","0","3","0","1","N","","","","","","","","","","","","03","  ","","",""
"1507","0","0","0","0","0","0","0","0","0","7","0","","36","05","2019","2019054167","3","40.0556","-76.4684","1503","08","0","0","0","0","0","1","0","0","2","0","0","0","15","1","1","00","1","40 03:20.087","4","00","76 28:06.241","3","0","0","0","36239","0","0","0","N","0","0","0","1","36239","0","","5","01","N","N","0","","1","0","1","0","0","N","1501","1","1","0","0","0","0","0","3","0","1","N","","","","","","","","","","","","03","  ","","",""
"1714","1","0","0","0","0","0","0","0","0","1","0","","36","05","2019","2019054182","6","40.0788","-76.2544","1706","08","0","0","0","0","0","1","0","0","","0","0","0","17","1","1","00","0","40 04:43.503","","00","76 15:15.813","4","0","0","0","36215","0","0","0","N","0","0","0","2","36215","1","","1","01","N","N","0","","0","0","1","0","0","","1700","1","2","0","0","0","0","0","1","0","2","N","","","","","","","","","","","","03","  ","","",""
"0730","2","0","0","0","0","0","0","0","0","1","0","","36","05","2019","2019054183","6","40.0403","-76.2447","0726","08","0","0","0","0","0","0","0","0","","0","0","0","07","1","1","00","0","40 02:25.193","","00","76 14:40.850","3","0","0","0","36215","0","0","0","N","0","0","0","5","36215","0","","1","01","N","N","0","","1","0","1","0","0","","0724","1","3","0","0","0","0","0","1","0","3","N","","","","","","","","","","","","03","  ","","",""
"1238","0","0","0","0","0","0","0","0","0","7","0","","36","05","2019","2019054184","2","40.0868","-76.195","1231","08","0","0","0","0","0","1","0","0","1","0","0","0","12","1","1","02","1","40 05:12.440","6","00","76 11:42.014","3","0","0","1","36234","0","0","0","N","0","0","0","1","36215","0","","2","01","N","N","0","","1","0","0","3","2","N","1230","1","1","0","0","0","0","0","1","0","1","N","","","","","","","","","","","","03","  ","","",""
"1659","2","0","0","0","0","0","0","0","0","1","0","","36","05","2019","2019054185","4","40.0962","-76.1074","1653","08","0","0","0","0","0","1","1","0","1","0","0","0","16","3","1","00","2","40 05:46.428","6","00","76 06:26.527","8","0","0","0","36415","0","0","0","N","0","0","0","3","36415","0","","1","01","N","N","0","","0","0","0","0","0","Y","1650","1","2","0","0","0","1","0","1","0","2","N","","","","","","","","","","","","03","  ","","",""
"1337","1","0","0","0","0","0","0","0","0","4","0","","36","05","2019","2019054186","5","40.0747","-76.0739","1328","08","0","0","0","0","0","0","1","0","1","0","0","0","13","1","2","01","2","40 04:28.922","5","00","76 04:25.954","8","0","0","0","36209","0","0","0","N","0","0","0","3","36415","0","","1","01","N","N","1","","0","0","0","3","3","Y","1325","2","2","0","0","0","2","0","1","0","2","N","","","","","","","","","","","","03","  ","","",""
"1800","1","0","0","0","0","0","0","0","0","7","0","","36","05","2019","2019054249","1","40.2283","-76.3632","1745","08","0","0","0","0","0","0","0","0","1","0","0","0","17","1","1","00","1","40 13:41.802","4","00","76 21:47.588","3","0","0","0","36227","0","0","0","N","0","0","0","1","68T06","0","","2","09","N","N","0","","1","0","0","0","0","N","1743","1","1","0","0","0","0","0","1","0","1","N","","","","","","","","","","","","07","  ","","",""
"1248","1","0","0","0","0","0","0","0","0","0","0","","36","05","2019","2019054257","1","40.2435","-76.1548","1235","08","0","0","0","0","0","0","0","0","","0","0","0","12","1","0","00","0","40 14:36.741","","00","76 09:17.306","0","0","0","0","36236","0","0","0","N","0","0","0","3","68T06","0","","2","09","N","N","0","","0","0","0","0","0","","1235","0","1","0","0","0","0","0","1","0","1","N","","","","","","","","","","","","07","  ","","",""
"1154","0","0","0","0","0","0","0","0","0","7","0","","36","05","2019","2019054260","2","40.2277","-76.3739","1125","08","0","0","0","0","0","1","0","0","","0","0","0","11","1","0","00","0","40 13:39.626","","00","76 22:26.050","0","0","0","0","36227","0","0","0","N","0","0","0","2","68T06","0","","2","08","N","N","1","","0","0","1","0","0","","1125","0","2","0","0","0","0","0","1","0","2","N","","","","","","","","","","","","07","  ","","",""
"1243","0","0","0","0","0","0","0","0","0","7","1","","36","05","2019","2019054282","4","40.2363","-76.2798","1234","08","0","0","0","0","0","0","0","0","3","0","1","0","12","1","0","00","1","40 14:10.781","4","00","76 16:47.434","0","0","0","0","36204","0","0","0","N","0","0","0","1","68T06","0","","2","01","N","N","0","","0","0","0","0","0","N","1234","0","1","0","0","0","0","0","1","0","1","N","","","","","","","","","","","","03","  ","","",""