"ARRIVAL_TM","AUTOMOBILE_COUNT","BELTED_DEATH_COUNT","BELTED_SUSP_SERIOUS_INJ_COUNT","BICYCLE_COUNT","BICYCLE_DEATH_COUNT","BICYCLE_SUSP_SERIOUS_INJ_COUNT","BUS_COUNT","CHLDPAS_DEATH_COUNT","CHLDPAS_SUSP_SERIOUS_INJ_COUNT","COLLISION_TYPE","COMM_VEH_COUNT","CONS_ZONE_SPD_LIM","COUNTY","CRASH_MONTH","CRASH_YEAR","CRN","DAY_OF_WEEK","DEC_LAT","DEC_LONG","DISPATCH_TM","DISTRICT","DRIVER_COUNT_16YR","DRIVER_COUNT_17YR","DRIVER_COUNT_18YR","DRIVER_COUNT_19YR","DRIVER_COUNT_20YR","DRIVER_COUNT_50_64YR","DRIVER_COUNT_65_74YR","DRIVER_COUNT_75PLUS","EST_HRS_CLOSED","FATAL_COUNT","HEAVY_TRUCK_COUNT","HORSE_BUGGY_COUNT","HOUR_OF_DAY","ILLUMINATION","INJURY_COUNT","INTERSECT_TYPE","LANE_CLOSED","LATITUDE","LN_CLOSE_DIR","LOCATION_TYPE","LONGITUDE","MAX_SEVERITY_LEVEL","MCYCLE_DEATH_COUNT","MCYCLE_SUSP_SERIOUS_INJ_COUNT","MOTORCYCLE_COUNT","MUNICIPALITY","NONMOTR_COUNT","NONMOTR_DEATH_COUNT","NONMOTR_SUSP_SERIOUS_INJ_COUNT","NTFY_HIWY_MAINT","PED_COUNT","PED_DEATH_COUNT","PED_SUSP_SERIOUS_INJ_COUNT","PERSON_COUNT","POLICE_AGCY","POSSIBLE_INJ_COUNT","RDWY_SURF_TYPE_CD","RELATION_TO_ROAD","ROAD_CONDITION","SCH_BUS_IND","SCH_ZONE_IND","SMALL_TRUCK_COUNT","SPEC_JURIS_CD","SUSP_MINOR_INJ_COUNT","SUSP_SERIOUS_INJ_COUNT","SUV_COUNT","TCD_FUNC_CD","TCD_TYPE","TFC_DETOUR_IND","TIME_OF_DAY","TOT_INJ_COUNT","TOTAL_UNITS","UNB_DEATH_COUNT","UNB_SUSP_SERIOUS_INJ_COUNT","UNBELTED_OCC_COUNT","UNK_INJ_DEG_COUNT","UNK_INJ_PER_COUNT","URBAN_RURAL","VAN_COUNT","VEHICLE_COUNT","WORK_ZONE_IND","WORK_ZONE_LOC","WORK_ZONE_TYPE","WORKERS_PRES","WZ_CLOSE_DETOUR","WZ_FLAGGER","WZ_LAW_OFFCR_IND","WZ_LN_CLOSURE","WZ_MOVING","WZ_OTHER","WZ_SHLDER_MDN","ROADWAY_CLEARED","WEATHER1","WEATHER2","WZ_WORKERS_INJ_KILLED","SECONDARY_CRASH","INTERSECTION_RELATED"
"0754","1","0","0","0","0","0","0","0","0","7","0","","36","05","2019","2019054330","3","40.2231","-76.0941","0745","08","0","0","0","0","1","0","0","0","1","0","0","0","07","1","0","00","1","40 13:23.002","4","00","76 05:38.704","0","0","0","0","36210","0","0","0","N","0","0","0","1","68T06","0","","5","09","N","N","0","","0","0","0","0","0","N","0745","0","1","0","0","0","0","0","1","0","1","N","","","","","","","","","","","","07","  ","","",""
"1100","2","0","0","0","0","0","0","0","0","1","0","","36","05","2019","2019054370","5","40.1602","-76.203","1056","08","0","0","0","0","0","1","0","0","1","0","0","0","10","1","0","02","1","40 09:36.872","5","00","76 12:10.654","0","0","0","0","36402","0","0","0","N","0","0","0","2","36402","0","","1","01","N","N","0","","0","0","0","0","0","N","1056","0","2","0","0","0","0","0","2","0","2","N","","","","","","","","","","","","03","  ","","",""
"0244","1","0","0","0","0","0","0","0","0","7","0","","36","05","2019","2019054382","4","40.0463","-76.4161","0237","08","0","0","0","0","0","0","0","0","1","0","0","0","02","2","0","00","2","40 02:46.676","4","00","76 24:57.801","0","0","0","0","36239","0","0","0","Y","0","0","0","1","36239","0","","3","09","N","N","0","","0","0","0","0","0","N","0237","0","1","0","0","0","0","0","3","0","1","N","","","","","","","","","","","","03","  ","","",""
"2140","1","0","0","0","0","0","0","0","0","1","0","","36","05","2019","2019054404","3","40.0654","-76.3149","2135","08","0","0","0","0","0","0","2","0","1","0","0","0","21","3","1","02","1","40 03:55.510","1","07","76 18:53.707","3","0","0","0","36101","0","0","0","N","0","0","0","4","36101","0","","1","01","N","N","0","","1","0","1","3","2","N","2134","1","3","0","0","0","0","0","3","1","3","N","","","","","","","","","","","","03","  ","","",""
"0802","1","0","0","0","0","0","0","0","0","4","0","","36","05","2019","2019054429","3","40.045","-76.2837","0758","08","0","0","0","0","0","0","0","0","2","0","0","0","07","1","1","01","2","40 02:41.866","3","00","76 17:01.184","3","0","0","0","36301","0","0","0","N","0","0","0","5","36301","0","","1","01","N","N","0","","1","0","1","3","2","Y","0757","1","2","0","0","0","0","0","3","0","2","N","","","","","","","","","","","","03","  ","","",""
"0731","3","0","0","0","0","0","0","0","0","5","0","","36","05","2019","2019054449","7","40.0393","-76.3015","0727","08","0","0","0","0","0","0","0","0","2","0","0","0","07","1","1","00","2","40 02:21.418","1","00","76 18:05.403","3","0","0","0","36301","0","0","0","N","0","0","0","1","36301","0","","4","01","N","N","0","","1","0","0","0","0","Y","0725","1","3","0","0","0","0","0","3","0","3","N","","","","","","","","","","","","03","  ","","",""
"0340","1","0","0","0","0","0","0","0","0","7","0","","36","03","2019","2019054475","3","39.9984","-76.1027","0328","08","0","0","0","0","0","0","0","0","4","1","0","0","03","2","0","00","2","39 59:54.090","7","00","76 06:09.620","1","0","0","0","36226","0","0","0","N","0","0","0","1","68J01","0","2","4","01","N","N","0","0","0","0","0","0","0","Y","0327","0","1","1","0","1","0","0","1","0","1","N","","","","","","","","","","","","03","  ","","",""
"1518","2","0","0","0","0","0","0","0","0","4","0","","36","05","2019","2019054571","4","40.0446","-76.304","1512","08","0","0","0","0","1","0","0","0","2","0","0","0","15","1","0","00","1","40 02:40.400","4","07","76 18:14.400","0","0","0","0","36301","0","0","0","N","0","0","0","3","36301","0","","1","01","N","N","0","","0","0","0","0","0","N","1510","0","2","0","0","0","0","0","3","0","2","N","","","","","","","","","","","","03","  ","","",""
"1438","0","0","0","0","0","0","0","0","0","6","0","","36","05","2019","2019054574","4","40.157","-76.205","1436","08","0","0","0","0","0","3","0","0","","0","0","0","14","1","0","00","0","40 09:25.178","","00","76 12:17.849","0","0","0","0","36402","0","0","0","N","0","0","0","4","36402","0","","1","01","N","N","1","","0","0","3","0","0","N","1435","0","4","0","0","0","0","0","2","0","4","N","","","","","","","","","","","","03","  ","","",""
"0753","2","0","0","0","0","0","0","0","0","4","0","","36","05","2019","2019054578","4","40.1788","-76.6007","0746","08","0","0","0","0","0","1","0","0","2","0","0","0","07","1","2","01","1","40 10:44.033","2","02","76 36:02.842","3","0","0","0","36225","0","0","0","N","0","0","0","2","36505","0","","1","09","N","N","0","","2","0","0","3","2","N","0744","2","2","0","0","0","0","0","2","0","2","N","","","","","","","","","","","","03","  ","","",""
"1708","1","0","0","0","0","0","0","0","0","0","0","","36","05","2019","2019054661","6","40.0443","-76.5062","1705","08","0","0","0","0","0","0","0","0","1","0","0","0","17","1","1","00","2","40 02:39.400","5","00","76 30:22.200","3","0","0","1","36404","0","0","0","N","0","0","0","2","36404","0","","1","01","N","N","0","","1","0","0","0","0","Y","1700","1","2","0","0","0","0","0","3","0","2","N","","","","","","","","","","","","03","  ","","",""
"0800","0","0","0","0","0","0","0","0","0","3","0","","36","05","2019","2019054748","4","40.042","-76.4413","0753","08","0","0","0","0","0","1","0","0","","0","0","0","07","1","0","00","0","40 02:31.254","","00","76 26:28.599","0","0","0","0","36239","0","0","0","N","0","0","0","1","36239","0","","6","01","N","N","1","","0","0","1","0","0","","0746","0","2","0","0","0","0","0","3","0","2","N","","","","","","","","","","","","03","  ","","",""
"0757","1","0","0","0","0","0","0","0","0","4","0","","36","05","2019","2019054763","5","40.1727","-76.1965","0754","08","0","0","0","0","0","0","0","1","2","0","0","0","07","1","1","00","1","40 10:21.799","5","07","76 11:47.420","3","0","0","0","36408","0","0","0","N","0","0","0","3","36408","0","","1","01","N","N","0","","1","0","1","0","0","N","0752","1","2","0","0","0","0","0","2","0","2","N","","","","","","","","","","","","03","  ","","",""
"1725","0","0","0","0","0","0","1","0","0","4","1","","36","05","2019","2019054890","7","40.0709","-76.3176","1723","08","0","0","0","0","0","1","0","0","1","0","0","0","17","1","1","01","1","40 04:15.221","2","00","76 19:03.325","3","0","0","0","36301","0","0","0","N","0","0","0","3","36301","0","","1","01","N","N","0","","1","0","1","3","2","N","1723","1","2","0","0","0","0","0","3","0","2","N","","","","","","","","","","","","03","  ","","",""
"1105","0","0","0","0","0","0","0","0","0","1","1","","36","05","2019","2019054999","5","40.0298","-76.2303","1058","08","0","0","0","0","0","0","0","1","2","0","1","0","10","1","0","00","1","40 01:47.203","3","00","76 13:48.934","0","0","0","0","36215","0","0","0","N","0","0","0","3","36215","0","","1","01","N","N","1","","0","0","0","0","0","N","1058","0","2","0","0","0","0","0","1","0","2","N","","","","","","","","","","","","03","  ","","",""
"2351","1","0","0","0","0","0","0","0","0","9","0","","36","05","2019","2019055000","2","40.0217","-76.1888","2343","08","0","0","0","0","0","0","0","0","2","0","0","0","23","3","1","00","1","40 01:18.048","6","00","76 11:19.665","3","0","0","0","36215","0","0","0","N","0","0","0","1","36215","0","","1","01","N","N","0","","1","0","0","0","0","N","2343","1","1","0","0","0","0","0","1","0","1","N","","","","","","","","","","","","03","  ","","",""
"0048","1","0","0","0","0","0","0","0","0","7","0","","36","05","2019","2019055001","1","40.0292","-76.2468","0044","08","0","0","0","0","0","0","0","0","","0","0","0","00","2","1","00","0","40 01:44.990","","00","76 14:48.420","4","0","0","0","36215","0","0","0","N","0","0","0","2","36215","1","","4","09","N","N","0","","0","0","0","0","0","","0044","1","1","0","0","2","0","0","1","0","1","N","","","","","","","","","","","","03","  ","","",""
"1225","0","0","0","0","0","0","0","0","0","1","0","","36","05","2019","2019055002","7","40.0402","-76.2364","1225","08","0","0","0","1","0","0","0","0","1","0","0","0","12","1","0","00","1","40 02:24.562","4","00","76 14:11.029","0","0","0","0","36215","0","0","0","N","0","0","0","3","36215","0","","1","01","N","N","0","","0","0","2","0","0","N","1225","0","3","0","0","0","0","0","1","1","3","N","","","","","","","","","","","","03","  ","","",""
"1008","1","0","0","0","0","0","0","0","0","2","0","","36","05","2019","2019055003","4","40.0388","-76.3584","1005","08","0","0","0","1","0","0","1","0","","0","0","0","10","1","0","02","0","40 02:19.705","","00","76 21:30.332","0","0","0","0","36223","0","0","0","N","0","0","0","2","36223","0","","1","01","N","N","0","","0","0","1","3","3","","1000","0","2","0","0","0","0","0","1","0","2","N","","","","","","","","","","","","03","  ","","",""
"1622","2","0","0","0","0","0","0","0","0","6","0","","36","05","2019","2019055004","3","40.0028","-76.4157","1622","08","0","0","1","0","0","0","0","0","3","0","0","0","16","1","4","00","2","40 00:10.070","6","00","76 24:56.578","2","0","0","0","36223","0","0","0","N","0","0","0","4","36223","1","","1","01","N","N","0","","1","2","1","0","0","Y","1621","4","3","0","0","0","0","0","1","0","3","N","","","","","","","","","","","","03","  ","","",""
"1300","1","0","0","0","0","0","0","0","0","7","0","","36","05","2019","2019055005","6","40.0214","-76.3801","1258","08","0","0","0","0","0","0","0","0","2","0","0","0","12","1","1","00","1","40 01:17.030","3","00","76 22:48.470","3","0","0","0","36223","0","0","0","N","0","0","0","1","36223","0","","5","01","N","N","0","","1","0","0","0","0","Y","1255","1","1","0","0","0","0","0","1","0","1","N","","","","","","","","","","","","03","  ","","",""
"1658","0","0","0","0","0","0","0","0","0","4","0","","36","05","2019","2019055006","2","40.1623","-76.3872","1655","08","0","0","0","0","0","2","0","0","","0","1","0","16","1","0","02","0","40 09:44.283","","00","76 23:13.876","0","0","0","0","36410","0","0","0","N","0","0","0","2","36410","0","","1","01","N","N","0","","0","0","1","3","3","","1644","0","2","0","0","0","0","0","2","0","2","N","","","","","","","","","","","","03","  ","","",""
"0635","1","0","0","0","0","0","0","0","0","7","0","","36","05","2019","2019055007","1","40.1485","-76.4416","0628","08","0","0","0","0","0","0","0","0","1","0","0","0","06","1","0","02","1","40 08:54.477","5","00","76 26:29.720","0","0","0","0","36230","0","0","0","N","0","0","0","1","36410","0","","4","01","N","N","0","","0","0","0","3","3","N","0628","0","1","0","0","0","0","0","1","0","1","N","","","","","","","","","","","","05","  ","","",""
"1223","1","0","0","0","0","0","0","0","0","1","0","","36","05","2019","2019055008","3","40.1097","-76.4807","1223","08","0","0","0","0","0","1","0","0","","0","0","0","12","1","1","01","0","40 06:34.945","","00","76 28:50.686","8","0","0","0","36230","0","0","0","N","0","0","0","2","36410","0","","1","01","N","N","0","","0","0","1","3","2","","1202","1","2","0","0","0","1","0","1","0","2","N","","","","","","","","","","","","03","  ","","",""
"0840","1","0","0","0","0","0","0","0","0","7","0","","36","05","2019","2019055009","4","40.1242","-76.4706","0835","08","0","0","0","0","0","0","0","0","","0","0","0","08","1","0","02","0","40 07:27.279","","00","76 28:14.179","0","0","0","0","36230","0","0","0","N","0","0","0","1","36410","0","","4","01","N","N","0","","0","0","0","3","3","","0835","0","1","0","0","0","0","0","1","0","1","N","","","","","","","","","","","","03","  ","","",""
"2210","1","0","0","0","0","0","0","0","0","6","0","","36","05","2019","2019055040","4","40.1864","-76.1515","2206","08","0","1","0","0","0","1","0","0","2","0","0","0","22","3","1","00","2","40 11:11.200","6","00","76 09:05.500","3","0","0","0","36218","0","0","0","N","0","0","0","2","36408","0","","1","09","N","N","0","","1","0","1","0","0","Y","2203","1","2","0","0","0","0","0","1","0","2","N","","","","","","","","","","","","03","  ","","",""
"0231","1","0","0","0","0","0","0","0","0","9","0","","36","05","2019","2019055105","7","40.2282","-76.4628","0211","08","0","0","0","0","0","0","0","0","","0","0","0","02","2","0","00","0","40 13:41.661","","00","76 27:46.024","0","0","0","0","36230","0","0","0","N","0","0","0","1","68T06","0","","1","01","N","N","0","","0","0","0","0","0","","0210","0","1","0","0","0","0","0","1","0","1","N","","","","","","","","","","","","03","  ","","",""
"1815","0","0","0","0","0","0","0","0","0","4","0","","36","05","2019","2019055170","6","40.0412","-76.3055","1814","08","0","0","0","0","0","2","0","0","2","0","0","0","18","1","1","00","1","40 02:28.300","3","07","76 18:19.900","8","0","0","0","36301","0","0","0","N","0","0","0","3","36301","0","","1","01","N","N","1","","0","0","1","0","0","N","1812","1","2","0","0","0","1","0","3","0","2","N","","","","","","","","","","","","03","  ","","",""
"1738","1","0","0","0","0","0","0","0","0","1","0","","36","05","2019","2019055187","5","40.1941","-76.1522","1730","08","0","0","0","0","0","0","0","0","2","0","0","0","17","1","0","02","1","40 11:38.918","2","00","76 09:07.840","0","0","0","0","36218","0","0","0","N","0","0","0","5","36408","0","","1","09","N","N","0","","0","0","0","3","3","N","1727","0","2","0","0","0","0","0","1","1","2","N","","","","","","","","","","","","07","  ","","",""
"1717","1","0","0","0","0","0","0","0","0","1","0","","36","05","2019","2019055225","3","40.0689","-76.3073","1708","08","0","1","0","0","1","0","1","0","3","0","0","0","17","1","5","00","2","40 04:08.063","3","00","76 18:26.242","8","0","0","0","36101","0","0","0","N","0","0","0","6","36101","0","","1","01","N","N","2","","0","0","0","0","0","N","1704","5","4","0","0","0","5","0","3","1","4","N","","","","","","","","","","","","03","  ","","",""
"0619","1","0","0","0","0","0","0","0","0","4","0","","36","05","2019","2019055226","6","40.109","-76.3347","0609","08","0","0","0","0","0","1","0","0","1","0","0","0","06","1","1","01","1","40 06:32.490","3","00","76 20:04.792","3","0","0","0","36101","0","0","0","N","0","0","0","2","36101","0","","1","01","N","N","0","","1","0","1","3","2","N","0605","1","2","0","0","0","0","0","3","0","2","N","","","","","","","","","","","","03","  ","","",""
"0747","1","0","0","0","0","0","0","0","0","4","0","","36","05","2019","2019055227","5","40.0703","-76.3013","0744","08","0","0","0","0","0","0","1","0","1","0","0","0","07","1","0","02","1","40 04:13.010","2","00","76 18:04.714","0","0","0","0","36101","0","0","0","N","0","0","0","2","36101","0","","1","01","N","N","0","","0","0","1","0","0","N","0744","0","2","0","0","0","0","0","3","0","2","N","","","","","","","","","","","","03","  ","","",""
"1008","1","0","0","0","0","0","0","0","0","1","0","","36","05","2019","2019055228","5","40.068","-76.2982","0958","08","0","0","0","0","0","0","1","0","1","0","0","0","09","1","1","00","1","40 04:04.951","4","00","76 17:53.541","3","0","0","0","36101","0","0","0","N","0","0","0","4","36101","0","","1","01","N","N","1","","1","0","0","0","0","N","0955","1","2","0","0","0","0","0","3","0","2","N","","","","","","","","","","","","03","  ","","",""
"0844","1","0","0","0","0","0","0","0","0","1","0","45","36","05","2019","2019055234","3","40.1808","-76.134","0837","08","0","0","0","0","0","1","0","0","","0","0","0","08","1","0","00","0","40 10:51.034","","00","76 08:02.340","0","0","0","0","36218","0","0","0","N","0","0","0","2","36408","0","","1","09","N","N","1","","0","0","0","0","0","","0837","0","2","0","0","0","0","0","1","0","2","Y","3","1","Y","","","N","Y","","","","","07","  ","","",""
"1554","1","0","0","0","0","0","0","0","0","1","0","","36","05","2019","2019055237","3","40.1676","-76.1656","1549","08","0","0","0","0","0","1","0","0","","0","0","0","15","1","0","00","0","40 10:03.376","","00","76 09:56.240","0","0","0","0","36408","0","0","0","N","0","0","0","3","36408","0","","1","01","N","N","0","","0","0","1","0","0","","1534","0","2","0","0","0","0","0","2","0","2","N","","","","","","","","","","","","03","  ","","",""
"0736","2","0","0","0","0","0","0","0","0","4","0","","36","05","2019","2019055263","6","39.9991","-76.244","0733","08","0","1","0","0","0","2","0","0","2","0","0","0","07","1","1","01","1","39 59:56.657","1","00","76 14:38.508","8","0","0","0","36240","0","0","0","N","0","0","0","3","36240","0","","1","01","N","N","0","","0","0","1","3","2","Y","0730","1","3","0","0","0","1","0","1","0","3","N","","","","","","","","","","","","03","  ","","",""
"0631","0","0","0","0","0","0","0","0","0","7","0","","36","05","2019","2019055396","6","40.1626","-76.3666","0622","08","0","0","0","0","0","0","0","0","","0","0","0","06","1","0","00","0","40 09:45.300","","00","76 21:59.900","0","0","0","0","36227","0","0","0","N","0","0","0","1","36506","0","","4","01","N","N","0","","0","0","1","0","0","","0622","0","1","0","0","0","0","0","1","0","1","N","","","","","","","","","","","","03","  ","","",""
"1430","0","0","0","0","0","0","0","0","0","9","0","","36","05","2019","2019055421","5","40.0915","-76.1307","1425","08","0","0","0","0","0","0","1","0","1","0","0","0","14","1","2","00","1","40 05:29.354","3","00","76 07:50.548","3","0","0","0","36234","0","0","0","N","0","0","0","2","36215","0","","1","01","N","N","0","","2","0","1","0","0","Y","1425","2","1","0","0","0","0","0","1","0","1","N","","","","","","","","","","","","03","  ","","",""
"1042","0","0","0","0","0","0","0","0","0","4","0","","36","05","2019","2019055422","3","40.0066","-76.377","1032","08","0","0","0","0","0","0","2","0","2","0","0","0","10","1","1","02","1","40 00:23.629","5","00","76 22:37.284","3","0","0","0","36223","0","0","0","N","0","0","0","2","36223","0","","1","01","N","N","1","","1","0","1","3","3","Y","1030","1","2","0","0","0","0","0","1","0","2","N","","","","","","","","","","","","03","  ","","",""
"1431","1","0","0","0","0","0","0","0","0","4","0","","36","05","2019","2019055445","6","39.9813","-76.282","1425","08","0","0","1","0","0","0","0","1","4","1","0","0","14","1","0","01","2","39 58:52.515","7","00","76 16:55.238","1","0","0","0","36240","0","0","0","N","0","0","0","3","36240","0","2","1","01","N","N","1","0","0","0","0","3","3","Y","1424","0","2","1","0","1","0","0","1","0","2","N","","","","","","","","","","","","03","  ","","",""
"0120","0","0","0","0","0","0","0","0","0","9","0","","36","04","2019","2019055454","2","39.9604","-76.171","0034","08","0","0","0","0","0","0","0","0","","0","0","0","00","2","0","00","0","39 57:37.591","","00","76 10:15.730","0","0","0","0","36233","0","0","0","N","0","0","0","1","68J01","0","","1","01","N","N","1","","0","0","0","0","0","","0031","0","1","0","0","0","0","0","1","0","1","N","","","","","","","","","","","","03","  ","","",""
"0730","1","0","0","0","0","0","0","0","0","4","0","","36","05","2019","2019055471","4","39.9759","-76.3497","0720","08","0","0","0","0","0","0","1","0","2","0","0","0","07","1","1","02","2","39 58:33.213","5","00","76 20:58.738","3","0","0","0","36206","0","0","0","N","0","0","0","3","68J01","0","","1","01","N","N","1","","1","0","0","3","3","N","0717","1","2","0","0","0","0","0","1","0","2","N","","","","","","","","","","","","03","  ","","",""
"2145","1","0","0","0","0","0","0","0","0","4","0","","36","05","2019","2019055541","3","40.1821","-76.171","2144","08","0","0","0","0","0","0","0","0","","0","0","0","21","3","0","01","0","40 10:55.631","","00","76 10:15.722","0","0","0","0","36408","0","0","0","N","0","0","0","2","36408","0","","1","09","N","N","0","","0","0","1","0","0","","2140","0","2","0","0","0","0","0","2","0","2","N","","","","","","","","","","","","07","  ","","",""
"0102","1","0","0","0","0","0","0","0","0","7","0","","36","05","2019","2019055543","4","40.1923","-76.1868","0100","08","0","0","0","0","0","0","1","0","1","0","0","0","00","3","0","03","1","40 11:32.243","1","00","76 11:12.415","0","0","0","0","36408","0","0","0","N","0","0","0","1","36408","0","","2","09","N","N","0","","0","0","0","0","0","N","0059","0","1","0","0","0","0","0","2","0","1","N","","","","","","","","","","","","07","  ","","",""
"0057","1","0","0","0","0","0","0","0","0","7","0","","36","06","2019","2019055564","7","40.1625","-76.5528","0051","08","0","0","0","0","0","0","0","0","","0","0","0","00","3","0","01","0","40 09:44.935","","00","76 33:10.134","0","0","0","0","36225","0","0","0","N","0","0","0","1","36505","0","","4","01","N","N","0","","0","0","0","0","0","","0042","0","1","0","0","0","0","0","2","0","1","N","","","","","","","","","","","","03","  ","","",""
"1538","1","0","0","0","0","0","1","0","0","1","1","","36","05","2019","2019055583","3","40.0577","-76.3544","1528","08","0","0","1","0","0","0","0","0","","0","0","0","15","1","0","01","0","40 03:27.716","","00","76 21:15.753","0","0","0","0","36214","0","0","0","N","0","0","0","2","36214","0","","1","01","Y","N","0","","0","0","0","3","3","","1520","0","2","0","0","0","0","0","3","0","2","N","","","","","","","","","","","","03","  ","","",""
"1320","1","0","0","0","0","0","0","0","0","4","0","","36","05","2019","2019055598","6","40.0325","-76.3002","1317","08","0","0","0","0","0","0","0","0","2","0","0","0","13","1","1","02","2","40 01:57.054","7","00","76 18:00.683","3","0","0","0","36301","0","0","0","N","0","0","0","3","36301","0","","1","01","N","N","0","","1","0","1","3","8","Y","1317","1","2","0","0","0","0","0","3","0","2","N","","","","","","","","","","","","03","  ","","",""
"1258","1","0","0","0","0","0","0","0","0","4","0","","36","05","2019","2019055608","3","40.0658","-76.3269","1240","08","0","0","0","0","0","1","0","1","","0","0","0","12","1","0","00","0","40 03:56.826","","00","76 19:36.746","0","0","0","0","36301","0","0","0","N","0","0","0","2","36301","0","","2","01","N","N","1","","0","0","0","0","0","","1240","0","2","0","0","0","0","0","3","0","2","N","","","","","","","","","","","","03","  ","","",""
"1741","2","0","0","0","0","0","0","0","0","4","0","","36","05","2019","2019055613","6","40.1689","-76.2735","1730","08","0","0","0","0","0","1","0","0","","0","0","0","17","1","0","02","0","40 10:08.205","","00","76 16:24.473","0","0","0","0","36235","0","0","0","N","0","0","0","2","36506","0","","1","01","N","N","0","","0","0","0","0","0","","1730","0","2","0","0","0","0","0","1","0","2","N","","","","","","","","","","","","03","  ","","",""
"0713","0","0","0","0","0","0","0","0","0","1","0","","36","04","2019","2019055632","5","39.9866","-76.0284","0702","08","0","0","0","0","0","0","0","0","3","0","0","1","06","1","2","00","1","39 59:11.715","3","00","76 01:42.123","2","0","0","0","36232","2","0","1","N","0","0","0","3","68J01","0","","1","01","N","N","0","","1","1","1","0","0","N","0648","2","2","0","0","0","0","0","1","0","1","N","","","","","","","","","","","","03","  ","","",""
"1012","1","0","0","0","0","0","0","0","0","4","0","","36","05","2019","2019055647","1","39.9593","-76.0996","1009","08","0","0","0","0","0","0","0","0","1","0","0","0","09","1","2","01","1","39 57:33.444","7","00","76 05:58.443","3","0","0","0","36226","0","0","0","N","0","0","0","6","68J01","0","","1","01","N","N","1","","1","0","0","3","3","N","0959","2","2","0","0","0","1","1","1","0","2","N","","","","","","","","","","","","03","  ","","",""
"1625","1","0","0","0","0","0","0","0","0","1","0","","36","05","2019","2019055670","6","40.1614","-76.6358","1618","08","0","0","0","0","0","1","0","0","2","0","0","0","16","1","2","02","2","40 09:41.091","5","00","76 38:08.741","8","0","0","0","36225","0","0","0","N","0","0","0","3","36505","0","","1","01","N","N","1","","0","0","0","0","0","Y","1615","2","2","0","0","0","2","0","2","0","2","N","","","","","","","","","","","","03","  ","","",""
"1540","2","0","0","0","0","0","0","0","0","1","0","","36","05","2019","2019055671","5","40.1687","-76.6057","1540","08","0","0","0","0","0","0","0","1","1","0","0","0","15","1","1","02","1","40 10:07.177","5","00","76 36:20.687","8","0","0","0","36225","0","0","0","N","0","0","0","3","36505","0","","1","09","N","N","0","","0","0","0","3","2","N","1535","1","3","0","0","0","1","0","2","1","3","N","","","","","","","","","","","","07","  ","","",""
"1500","1","0","0","0","0","0","0","0","0","4","1","","36","05","2019","2019055686","6","40.07","-76.3002","1456","08","0","0","0","0","0","0","0","1","1","0","1","0","14","1","0","00","2","40 04:11.840","3","00","76 18:00.700","0","0","0","0","36101","0","0","0","N","0","0","0","2","36101","0","","1","01","N","N","0","","0","0","0","0","0","N","1453","0","2","0","0","0","0","0","3","0","2","N","","","","","","","","","","","","03","  ","","",""
"1716","1","0","0","0","0","0","0","0","0","4","0","","36","05","2019","2019055687","6","40.0378","-76.3637","1711","08","0","1","1","0","0","0","0","0","","0","0","0","17","1","0","01","0","40 02:16.155","","00","76 21:49.258","0","0","0","0","36223","0","0","0","N","0","0","0","3","36223","0","","1","01","N","N","0","","0","0","1","3","8","","1710","0","2","0","0","0","0","0","1","0","2","N","","","","","","","","","","","","03","  ","","",""
"1706","0","0","0","0","0","0","0","0","0","7","0","","36","05","2019","2019055795","6","40.0199","-76.2625","1658","08","0","0","0","0","0","0","0","1","","0","0","0","16","1","1","00","0","40 01:11.683","","00","76 15:44.834","8","0","0","0","36240","0","0","0","N","0","0","0","1","36240","0","","5","01","N","N","1","","0","0","0","0","0","","1656","1","1","0","0","0","1","0","1","0","1","N","","","","","","","","","","","","03","  ","","",""
"0320","1","0","0","0","0","0","0","0","0","1","0","55","36","06","2019","2019055814","7","40.1612","-76.1521","0305","08","0","0","0","0","0","1","0","0","3","0","0","0","03","2","3","06","2","40 09:34.495","2","02","76 09:09.699","4","0","0","0","36238","0","0","0","N","0","0","0","3","36238","3","","1","01","N","N","1","","0","0","0","3","3","N","0303","3","2","0","0","0","0","0","3","0","2","Y","4","2","N","","","N","Y","","","","","03","  ","","",""
"1828","1","0","1","0","0","0","0","0","0","7","0","","36","05","2019","2019055819","6","40.1885","-76.2253","1823","08","0","0","0","0","0","0","0","0","3","0","0","0","18","1","1","00","2","40 11:18.503","6","00","76 13:31.232","2","0","0","0","36218","0","0","0","N","0","0","0","1","36408","0","","5","01","N","N","0","","0","1","0","0","0","Y","1822","1","1","0","0","0","0","0","1","0","1","N","","","","","","","","","","","","03","  ","","",""
"0012","3","0","0","0","0","0","0","0","0","1","0","","36","05","2019","2019055820","4","40.04","-76.3016","0009","08","0","0","0","0","0","0","0","0","","0","0","0","00","3","0","01","0","40 02:24.019","","00","76 18:05.911","0","0","0","0","36301","0","0","0","N","0","0","0","1","36301","0","","2","01","N","N","0","","0","0","0","0","0","N","0006","0","3","0","0","1","0","0","3","0","3","N","","","","","","","","","","","","03","  ","","",""
"1710","2","0","0","0","0","0","0","0","0","4","0","","36","05","2019","2019055821","2","40.2264","-76.1804","1707","08","0","1","0","0","0","0","0","0","","0","0","0","17","1","0","01","0","40 13:34.893","","00","76 10:49.273","0","0","0","0","36236","0","0","0","N","0","0","0","3","36408","0","","1","01","N","N","0","","0","0","0","3","3","","1700","0","2","0","0","0","0","0","1","0","2","N","","","","","","","","","","","","03","  ","","",""