"ARRIVAL_TM","AUTOMOBILE_COUNT","BELTED_DEATH_COUNT","BELTED_SUSP_SERIOUS_INJ_COUNT","BICYCLE_COUNT","BICYCLE_DEATH_COUNT","BICYCLE_SUSP_SERIOUS_INJ_COUNT","BUS_COUNT","CHLDPAS_DEATH_COUNT","CHLDPAS_SUSP_SERIOUS_INJ_COUNT","COLLISION_TYPE","COMM_VEH_COUNT","CONS_ZONE_SPD_LIM","COUNTY","CRASH_MONTH","CRASH_YEAR","CRN","DAY_OF_WEEK","DEC_LAT","DEC_LONG","DISPATCH_TM","DISTRICT","DRIVER_COUNT_16YR","DRIVER_COUNT_17YR","DRIVER_COUNT_18YR","DRIVER_COUNT_19YR","DRIVER_COUNT_20YR","DRIVER_COUNT_50_64YR","DRIVER_COUNT_65_74YR","DRIVER_COUNT_75PLUS","EST_HRS_CLOSED","FATAL_COUNT","HEAVY_TRUCK_COUNT","HORSE_BUGGY_COUNT","HOUR_OF_DAY","ILLUMINATION","INJURY_COUNT","INTERSECT_TYPE","LANE_CLOSED","LATITUDE","LN_CLOSE_DIR","LOCATION_TYPE","LONGITUDE","MAX_SEVERITY_LEVEL","MCYCLE_DEATH_COUNT","MCYCLE_SUSP_SERIOUS_INJ_COUNT","MOTORCYCLE_COUNT","MUNICIPALITY","NONMOTR_COUNT","NONMOTR_DEATH_COUNT","NONMOTR_SUSP_SERIOUS_INJ_COUNT","NTFY_HIWY_MAINT","PED_COUNT","PED_DEATH_COUNT","PED_SUSP_SERIOUS_INJ_COUNT","PERSON_COUNT","POLICE_AGCY","POSSIBLE_INJ_COUNT","RDWY_SURF_TYPE_CD","RELATION_TO_ROAD","ROAD_CONDITION","SCH_BUS_IND","SCH_ZONE_IND","SMALL_TRUCK_COUNT","SPEC_JURIS_CD","SUSP_MINOR_INJ_COUNT","SUSP_SERIOUS_INJ_COUNT","SUV_COUNT","TCD_FUNC_CD","TCD_TYPE","TFC_DETOUR_IND","TIME_OF_DAY","TOT_INJ_COUNT","TOTAL_UNITS","UNB_DEATH_COUNT","UNB_SUSP_SERIOUS_INJ_COUNT","UNBELTED_OCC_COUNT","UNK_INJ_DEG_COUNT","UNK_INJ_PER_COUNT","URBAN_RURAL","VAN_COUNT","VEHICLE_COUNT","WORK_ZONE_IND","WORK_ZONE_LOC","WORK_ZONE_TYPE","WORKERS_PRES","WZ_CLOSE_DETOUR","WZ_FLAGGER","WZ_LAW_OFFCR_IND","WZ_LN_CLOSURE","WZ_MOVING","WZ_OTHER","WZ_SHLDER_MDN","ROADWAY_CLEARED","WEATHER1","WEATHER2","WZ_WORKERS_INJ_KILLED","SECONDARY_CRASH","INTERSECTION_RELATED"
"0804","1","0","0","0","0","0","0","0","0","2","0","","36","05","2019","2019055845","3","40.0361","-76.3075","0803","08","0","0","0","0","0","1","0","0","","0","0","0","08","1","1","01","0","40 02:10.107","","00","76 18:26.883","4","0","0","0","36301","0","0","0","N","0","0","0","3","36301","1","","1","01","N","N","0","","0","0","1","3","2","","0801","1","2","0","0","0","0","0","3","0","2","N","","","","","","","","","","","","03","  ","","",""
"0756","1","0","0","0","0","0","0","0","0","1","0","","36","06","2019","2019055868","1","40.0411","-76.4408","0753","08","0","1","0","0","0","0","0","0","","0","0","0","07","1","0","00","0","40 02:28.129","","00","76 26:26.914","0","0","0","0","36414","0","0","0","Y","0","0","0","4","36239","0","","1","01","N","N","0","","0","0","0","0","0","","0753","0","3","0","0","0","0","0","3","1","2","N","","","","","","","","","","","","03","  ","","",""
"1417","0","0","0","0","0","0","0","0","0","4","0","","36","05","2019","2019055870","6","40.1319","-76.2176","1414","08","0","0","1","0","0","0","0","1","1","0","0","0","14","1","1","00","1","40 07:54.876","3","07","76 13:03.499","4","0","0","0","36238","0","0","0","N","0","0","0","3","36238","1","","1","01","N","N","1","","0","0","0","3","3","Y","1414","1","2","0","0","0","0","0","3","1","2","N","","","","","","","","","","","","03","  ","","",""
"1445","3","0","1","0","0","0","0","0","0","4","0","","36","05","2019","2019055964","4","40.06","-76.2775","1442","08","0","0","1","0","0","0","0","0","3","0","0","0","14","1","2","01","1","40 03:36.043","3","00","76 16:39.816","2","0","0","0","36101","0","0","0","N","0","0","0","3","36101","1","","1","01","N","N","0","","0","1","0","3","2","N","1440","2","3","0","0","0","0","0","3","0","3","N","","","","","","","","","","","","03","  ","","",""
"1659","1","0","0","0","0","0","0","0","0","4","0","","36","05","2019","2019055965","6","40.06","-76.2775","1652","08","0","0","0","1","0","0","0","0","","0","0","0","16","1","1","01","0","40 03:36.043","","00","76 16:39.816","4","0","0","0","36101","0","0","0","N","0","0","0","3","36101","1","","1","01","N","N","1","","0","0","0","3","2","","1650","1","3","0","0","0","0","0","3","1","3","N","","","","","","","","","","","","03","  ","","",""
"0919","2","0","0","0","0","0","0","0","0","1","0","","36","06","2019","2019055966","7","40.0772","-76.2632","0918","08","0","0","0","0","0","0","0","0","2","0","0","0","09","1","1","00","1","40 04:37.755","3","00","76 15:47.358","4","0","0","0","36101","0","0","0","N","0","0","0","4","36101","1","","1","01","N","N","0","","0","0","1","0","0","N","0914","1","3","0","0","0","0","0","3","0","3","N","","","","","","","","","","","","03","  ","","",""
"0945","2","0","0","0","0","0","0","0","0","4","0","","36","06","2019","2019055967","7","40.0417","-76.2847","0936","08","0","0","0","0","1","0","0","0","2","0","0","0","09","1","1","00","1","40 02:30.202","3","00","76 17:04.906","4","0","0","0","36220","0","0","0","N","0","0","0","6","36101","1","","1","01","N","N","0","","0","0","0","0","0","N","0933","1","2","0","0","0","0","0","3","0","2","N","","","","","","","","","","","","03","  ","","",""
"1046","0","0","0","0","0","0","0","0","0","7","0","","36","06","2019","2019055968","1","40.0434","-76.364","1046","08","0","0","0","0","0","0","0","0","","0","0","0","10","1","0","00","0","40 02:36.200","","00","76 21:50.300","0","0","0","0","36214","0","0","0","N","0","0","0","1","36214","0","","2","01","N","N","0","","0","0","1","0","0","","1015","0","1","0","0","0","0","0","3","0","1","N","","","","","","","","","","","","03","  ","","",""
"1558","1","0","0","0","0","0","0","0","0","1","0","","36","05","2019","2019055969","3","40.0315","-76.3608","1556","08","0","0","0","0","1","1","0","0","","0","0","0","15","1","0","02","0","40 01:53.274","","00","76 21:38.852","0","0","0","0","36223","0","0","0","N","0","0","0","2","36223","0","","1","01","N","N","0","","0","0","1","0","0","","1554","0","2","0","0","0","0","0","1","0","2","N","","","","","","","","","","","","03","  ","","",""
"0307","0","0","0","0","0","0","0","0","0","7","0","","36","06","2019","2019056054","1","40.0384","-76.3013","0306","08","0","0","0","0","0","0","0","0","2","0","0","0","03","3","0","01","1","40 02:18.358","1","00","76 18:04.767","0","0","0","0","36301","0","0","0","N","0","0","0","1","36301","0","","2","09","N","N","0","","0","0","1","3","2","N","0305","0","1","0","0","0","0","0","3","0","1","N","","","","","","","","","","","","03","  ","","",""
"0307","2","0","0","0","0","0","0","0","0","6","0","","36","06","2019","2019056062","7","40.1701","-76.1692","0307","08","0","0","0","0","0","1","0","0","1","0","0","0","03","3","0","00","1","40 10:12.377","3","00","76 10:09.241","0","0","0","0","36408","0","0","0","N","0","0","0","2","36408","0","","1","01","N","N","0","","0","0","0","0","0","N","0305","0","2","0","0","0","0","0","2","0","2","N","","","","","","","","","","","","03","  ","","",""
"2330","1","0","0","0","0","0","0","0","0","4","0","","36","06","2019","2019056100","1","40.1469","-76.603","2329","08","0","0","0","0","0","0","0","0","2","0","0","0","23","3","1","01","1","40 08:48.953","4","00","76 36:10.703","8","0","0","0","36407","0","0","0","N","0","0","0","3","36407","0","","1","01","N","N","0","","0","0","1","3","2","N","2327","1","2","0","0","1","1","0","2","0","2","N","","","","","","","","","","","","03","  ","","",""
"1913","0","0","0","0","0","0","0","0","0","1","0","55","36","05","2019","2019056103","6","40.1818","-76.1322","1908","08","0","0","0","0","0","0","0","0","","0","0","0","19","1","1","00","0","40 10:54.568","","00","76 07:55.784","3","0","0","0","36218","0","0","0","N","0","0","0","3","36408","0","","1","09","N","N","1","","1","0","0","0","0","","1905","1","2","0","0","0","0","0","1","1","2","Y","3","1","N","","","N","","","","","","03","  ","","",""
"1716","0","0","0","1","0","0","0","0","0","1","0","","36","05","2019","2019056165","5","40.038","-76.3128","1711","08","0","0","0","0","0","0","0","0","1","0","0","0","17","1","0","01","1","40 02:16.821","1","00","76 18:46.155","9","0","0","0","36301","1","0","0","N","0","0","0","3","36301","0","","1","01","N","N","0","","0","0","1","0","0","N","1709","0","3","0","0","0","0","1","3","1","2","N","","","","","","","","","","","","03","  ","","",""
"0715","2","0","0","0","0","0","0","0","0","4","0","","36","06","2019","2019056169","7","40.0626","-76.3137","0632","08","0","0","0","0","0","0","0","1","","0","0","0","06","5","0","01","0","40 03:45.299","","00","76 18:49.471","0","0","0","0","36101","0","0","0","N","0","0","0","2","36301","0","","1","01","N","N","0","","0","0","0","3","2","N","0632","0","2","0","0","0","0","0","3","0","2","N","","","","","","","","","","","","03","  ","","",""
"1827","1","0","0","0","0","0","0","0","0","4","0","","36","06","2019","2019056177","1","40.1724","-76.5984","1820","08","0","0","1","0","0","1","0","0","","0","0","0","18","1","0","00","0","40 10:20.667","","07","76 35:54.179","0","0","0","0","36225","0","0","0","N","0","0","0","3","36505","0","","1","09","N","N","0","","0","0","1","0","0","N","1817","0","2","0","0","0","0","0","2","0","2","N","","","","","","","","","","","","07","  ","","",""
"1115","0","0","0","0","0","0","0","0","0","7","0","","36","05","2019","2019056242","6","40.1101","-76.5083","1113","08","0","0","0","0","0","0","0","0","1","0","0","0","11","1","0","02","2","40 06:36.342","2","00","76 30:30.052","0","0","0","0","36413","0","0","0","N","0","0","0","1","36413","0","","2","01","N","N","0","","0","0","1","0","0","Y","1109","0","1","0","0","0","0","0","2","0","1","N","","","","","","","","","","","","03","  ","","",""
"1546","2","0","0","0","0","0","0","0","0","4","0","","36","05","2019","2019056283","4","40.0824","-76.2709","1543","08","0","0","0","0","0","1","0","0","","0","0","0","15","1","0","01","0","40 04:56.480","","00","76 16:15.118","0","0","0","0","36101","0","0","0","N","0","0","0","2","36101","0","","1","01","N","N","0","","0","0","0","0","0","","1541","0","2","0","0","0","0","0","3","0","2","N","","","","","","","","","","","","03","  ","","",""
"1131","0","0","0","0","0","0","0","0","0","4","0","","36","05","2019","2019056284","5","40.1046","-76.4325","1126","08","0","0","0","0","0","0","0","0","1","0","0","0","11","1","0","01","2","40 06:16.700","5","00","76 25:56.856","0","0","0","0","36214","0","0","0","N","0","0","0","4","36214","0","","1","01","N","N","1","","0","0","1","3","3","Y","1124","0","2","0","0","0","0","0","3","0","2","N","","","","","","","","","","","","03","  ","","",""
"1725","2","0","0","0","0","0","0","0","0","1","0","","36","05","2019","2019056285","5","40.0441","-76.2476","1724","08","0","0","0","0","0","0","1","0","","0","0","0","17","1","0","00","0","40 02:38.875","","00","76 14:51.445","0","0","0","0","36215","0","0","0","N","0","0","0","2","36215","0","","1","01","N","N","0","","0","0","0","0","0","","1720","0","2","0","0","1","0","0","1","0","2","N","","","","","","","","","","","","03","  ","","",""
"1149","0","0","0","0","0","0","0","0","0","4","1","","36","05","2019","2019056286","6","40.1401","-76.0982","1149","08","0","0","0","0","0","0","0","0","1","0","1","0","11","1","0","02","1","40 08:24.316","5","00","76 05:53.584","0","0","0","0","36209","0","0","0","N","0","0","0","4","36415","0","","1","01","N","N","1","","0","0","0","3","3","Y","1149","0","2","0","0","1","0","0","1","0","2","N","","","","","","","","","","","","03","  ","","",""
"1230","1","0","0","0","0","0","0","0","0","4","1","","36","05","2019","2019056287","6","40.1107","-76.0667","1223","08","0","0","0","0","0","1","1","0","","0","1","0","12","1","0","01","0","40 06:38.461","","00","76 04:00.204","0","0","0","0","36415","0","0","0","N","0","0","0","2","36415","0","","1","01","N","N","0","","0","0","0","3","2","","1221","0","2","0","0","0","0","0","1","0","2","N","","","","","","","","","","","","03","  ","","",""
"2221","2","0","0","0","0","0","0","0","0","1","0","","36","06","2019","2019056307","7","40.1543","-76.5703","2212","08","0","0","1","0","0","0","0","0","2","0","0","0","22","2","1","00","1","40 09:15.389","3","00","76 34:12.927","4","0","0","0","36225","0","0","0","N","0","0","0","2","36505","1","","1","09","N","N","0","","0","0","0","0","0","N","2210","1","2","0","0","0","0","0","2","0","2","N","","","","","","","","","","","","07","  ","","",""
"1655","1","0","0","0","0","0","0","0","0","7","1","","36","06","2019","2019056479","2","40.0427","-76.435","1643","08","0","0","0","0","0","0","0","0","3","0","1","0","16","1","0","00","1","40 02:33.689","4","01","76 26:05.894","0","0","0","0","36414","0","0","0","Y","0","0","0","4","36239","0","","1","01","N","N","1","","0","0","1","0","0","Y","1639","0","4","0","0","0","0","0","3","0","4","N","","","","","","","","","","","","03","  ","","",""
"1400","1","0","0","0","0","0","0","0","0","0","1","","36","05","2019","2019056567","2","40.0228","-76.0699","1331","08","0","0","0","0","0","2","0","0","2","0","1","0","13","1","0","00","1","40 01:21.920","3","00","76 04:11.514","0","0","0","0","36221","0","0","0","N","0","0","0","2","68J01","0","","1","09","N","N","0","","0","0","0","0","0","N","1328","0","2","0","0","0","0","0","1","0","2","N","","","","","","","","","","","","07","  ","","",""
"0819","0","0","0","0","0","0","0","0","0","4","1","","36","05","2019","2019056687","2","40.0049","-76.3572","0818","08","0","0","0","0","0","0","1","0","3","0","1","0","08","1","1","01","2","40 00:17.607","5","00","76 21:25.930","3","0","0","0","36412","0","0","0","N","0","0","0","3","36412","0","","1","01","N","N","0","","1","0","2","3","3","Y","0815","1","3","0","0","0","0","0","3","0","3","N","","","","","","","","","","","","03","  ","","",""
"2346","0","0","0","0","0","0","0","0","0","9","0","","36","05","2019","2019056707","3","40.0508","-76.4006","2343","08","0","0","0","0","0","1","0","0","","0","0","0","23","2","1","00","0","40 03:02.801","","00","76 24:02.047","3","0","0","0","36214","0","0","0","N","0","0","0","1","36214","0","","1","01","N","N","0","","1","0","1","0","0","","2343","1","1","0","0","0","0","0","3","0","1","N","","","","","","","","","","","","03","  ","","",""
"2259","1","0","0","0","0","0","0","0","0","7","0","","36","05","2019","2019056708","4","40.0609","-76.3735","2256","08","0","1","0","0","0","0","0","0","","0","0","0","22","2","0","00","0","40 03:39.340","","00","76 22:24.610","0","0","0","0","36214","0","0","0","N","0","0","0","1","36214","0","","4","01","N","N","0","","0","0","0","0","0","","2253","0","1","0","0","0","0","0","3","0","1","N","","","","","","","","","","","","03","  ","","",""
"0800","0","0","0","0","0","0","0","0","0","6","0","","36","05","2019","2019056709","5","40.0254","-76.2331","0746","08","0","0","0","0","0","1","0","0","","0","0","0","07","1","1","00","0","40 01:31.260","","00","76 13:59.270","3","0","0","0","36215","0","0","0","N","0","0","0","2","36215","0","","1","01","N","N","0","","1","0","2","0","0","","0746","1","2","0","0","0","0","0","1","0","2","N","","","","","","","","","","","","03","  ","","",""
"0648","0","0","0","0","0","0","0","0","0","7","0","","36","05","2019","2019056710","6","40.095","-76.2439","0641","08","0","0","0","0","0","0","0","0","1","0","0","0","06","1","0","00","1","40 05:41.940","1","00","76 14:37.910","0","0","0","0","36234","0","0","0","N","0","0","0","1","36215","0","","4","2","N","N","0","","0","0","1","0","0","N","0639","0","1","0","0","0","0","0","1","0","1","N","","","","","","","","","","","","03","  ","","",""
"1320","1","0","0","0","0","0","0","0","0","1","0","","36","06","2019","2019056711","2","40.0908","-76.1695","1313","08","0","0","0","0","0","0","0","1","","0","0","0","13","1","2","02","0","40 05:27.025","","00","76 10:10.335","4","0","0","0","36234","0","0","0","N","0","0","0","2","36215","2","","1","01","N","N","0","","0","0","1","0","0","","1312","2","2","0","0","0","0","0","1","0","2","N","","","","","","","","","","","","03","  ","","",""
"0700","1","0","0","0","0","0","0","0","0","7","0","","36","05","2019","2019056712","2","40.1881","-76.4941","0648","08","0","0","0","0","0","0","0","0","","0","0","0","06","1","0","00","0","40 11:17.241","","00","76 29:38.592","0","0","0","0","36230","0","0","0","N","0","0","0","1","36410","0","","5","01","N","N","0","","0","0","0","0","0","","0643","0","1","0","0","0","0","0","1","0","1","N","","","","","","","","","","","","03","  ","","",""
"0637","0","0","0","0","0","0","0","0","0","7","0","","36","05","2019","2019056713","6","40.2176","-76.4363","0630","08","0","0","0","1","0","0","0","0","2","0","0","0","06","5","0","00","1","40 13:03.250","3","00","76 26:10.590","9","0","0","0","36230","0","0","0","N","0","0","0","2","36410","0","","5","09","N","N","0","","0","0","1","0","0","N","0627","0","1","0","0","0","0","2","1","0","1","N","","","","","","","","","","","","07","  ","","",""
"1715","2","0","0","0","0","0","0","0","0","1","0","","36","05","2019","2019056714","5","40.1236","-76.4766","1659","08","0","0","0","0","0","0","1","0","","0","0","0","16","1","0","00","0","40 07:24.806","","00","76 28:35.722","0","0","0","0","36230","0","0","0","N","0","0","0","2","36410","0","","1","01","N","N","0","","0","0","0","0","0","","1657","0","2","0","0","0","0","0","1","0","2","N","","","","","","","","","","","","03","  ","","",""
"1326","0","0","0","0","0","0","0","0","0","1","2","","36","05","2019","2019056836","6","39.9903","-76.0094","1326","08","0","0","0","0","0","0","0","0","","0","2","0","13","1","0","00","0","39 59:25.151","","00","76 00:33.885","0","0","0","0","36232","0","0","0","N","0","0","0","2","68J03","0","","1","01","N","N","0","","0","0","0","0","0","","1326","0","2","0","0","0","0","0","1","0","2","N","","","","","","","","","","","","03","  ","","",""
"1813","2","0","0","0","0","0","0","0","0","1","0","","36","06","2019","2019056896","2","40.0514","-76.2776","1808","08","0","0","0","0","1","0","0","0","1","0","0","0","16","1","1","01","1","40 03:05.085","4","00","76 16:40.004","3","0","0","0","36301","0","0","0","N","0","0","0","2","36301","0","","1","01","N","N","0","","1","0","0","3","2","N","1654","1","2","0","0","0","0","0","3","0","2","N","","","","","","","","","","","","03","  ","","",""
"1826","0","0","0","0","0","0","0","0","0","4","0","","36","06","2019","2019056922","3","40.0362","-76.2973","1821","08","0","0","0","0","1","1","0","0","","0","0","0","18","1","1","01","0","40 02:10.208","","00","76 17:50.341","3","0","0","1","36301","0","0","0","N","0","0","0","2","36301","0","","1","01","N","N","0","","1","0","1","3","3","","1821","1","2","0","0","0","0","0","3","0","2","N","","","","","","","","","","","","03","  ","","",""
"0003","1","0","0","0","0","0","0","0","0","7","0","","36","06","2019","2019056932","3","40.1589","-76.6211","2357","08","0","0","0","0","0","0","0","0","2","0","0","0","23","2","0","00","1","40 09:32.058","5","00","76 37:16.109","0","0","0","0","36237","0","0","0","N","0","0","0","1","36505","0","","4","01","N","N","0","","0","0","0","0","0","N","2355","0","1","0","0","0","0","0","1","0","1","N","","","","","","","","","","","","03","  ","","",""
"1911","0","0","0","0","0","0","0","0","0","4","0","","36","06","2019","2019056937","2","40.2338","-76.2337","1909","08","0","0","0","0","0","1","0","0","1","0","0","0","19","1","1","00","1","40 14:01.814","1","00","76 14:01.407","8","0","0","1","36204","0","0","0","N","0","0","0","2","36506","0","","1","01","N","N","1","","0","0","0","0","0","N","1909","1","2","0","0","0","1","0","1","0","2","N","","","","","","","","","","","","03","  ","","",""
"1720","0","0","0","0","0","0","0","0","0","7","0","","36","06","2019","2019056950","1","40.0428","-76.2899","1718","08","0","0","0","0","0","0","0","0","","0","0","0","17","1","0","01","0","40 02:34.216","","00","76 17:23.632","0","0","0","0","36301","0","0","0","N","0","0","0","1","36301","0","","4","01","N","N","1","","0","0","0","3","3","","1714","0","1","0","0","0","0","0","3","0","1","N","","","","","","","","","","","","03","  ","","",""
"0808","1","0","0","0","0","0","0","0","0","4","0","","36","05","2019","2019056963","5","40.1069","-76.3581","0803","08","0","0","1","0","0","0","0","0","","0","0","0","08","1","0","02","0","40 06:24.780","","00","76 21:29.247","0","0","0","0","36214","0","0","0","N","0","0","0","2","36101","0","","1","01","N","N","1","","0","0","0","3","3","","0801","0","2","0","0","0","0","0","3","0","2","N","","","","","","","","","","","","03","  ","","",""
"1632","1","0","0","0","0","0","0","0","0","4","0","","36","05","2019","2019056964","5","40.0606","-76.2768","1626","08","0","0","0","0","0","0","0","0","1","0","0","0","16","1","2","01","1","40 03:38.398","6","00","76 16:37.304","3","0","0","0","36101","0","0","0","N","0","0","0","2","36101","0","","1","01","N","N","1","","2","0","0","3","2","N","1624","2","2","0","0","0","0","0","3","0","2","N","","","","","","","","","","","","03","  ","","",""
"1649","1","0","0","0","0","0","0","0","0","4","0","","36","05","2019","2019056965","5","40.0788","-76.3377","1641","08","0","0","0","0","0","1","0","1","1","0","0","0","16","1","0","00","1","40 04:43.510","3","00","76 20:15.540","0","0","0","0","36101","0","0","0","N","0","0","0","3","36101","0","","1","01","N","N","0","","0","0","0","0","0","N","1637","0","2","0","0","0","0","0","3","1","2","N","","","","","","","","","","","","03","  ","","",""
"0554","1","0","0","0","0","0","0","0","0","9","0","","36","06","2019","2019056966","3","40.1124","-76.2434","0546","08","0","0","0","0","0","1","0","0","","0","0","0","05","1","0","00","0","40 06:44.556","","00","76 14:36.079","0","0","0","0","36101","0","0","0","N","0","0","0","1","36101","0","","1","01","N","N","0","","0","0","0","0","0","","0543","0","1","0","0","0","0","0","3","0","1","N","","","","","","","","","","","","03","  ","","",""
"2243","2","0","0","0","0","0","0","0","0","1","0","","36","06","2019","2019056967","2","40.0554","-76.3983","2235","08","0","0","0","0","0","0","0","0","","0","0","0","22","3","0","01","0","40 03:19.364","","00","76 23:53.869","0","0","0","0","36214","0","0","0","N","0","0","0","3","36214","0","","1","01","N","N","0","","0","0","0","3","2","","2230","0","2","0","0","0","0","0","3","0","2","N","","","","","","","","","","","","03","  ","","",""
"1750","1","0","0","0","0","0","0","0","0","1","0","","36","06","2019","2019056968","3","40.059","-76.3976","1748","08","0","1","0","0","0","1","1","0","2","0","0","0","17","1","0","00","1","40 03:32.400","5","00","76 23:51.530","0","0","0","0","36214","0","0","0","N","0","0","0","3","36214","0","","1","01","N","N","0","","0","0","2","0","0","Y","1748","0","3","0","0","0","0","0","3","0","3","N","","","","","","","","","","","","03","  ","","",""
"2204","1","0","0","0","0","0","0","0","0","7","0","","36","06","2019","2019056969","3","40.0713","-76.3616","2159","08","0","0","0","0","0","0","0","0","","0","0","0","21","2","0","00","0","40 04:16.616","","00","76 21:41.702","0","0","0","0","36214","0","0","0","N","0","0","0","1","36214","0","","4","01","N","N","0","","0","0","0","0","0","","2155","0","1","0","0","0","0","0","3","0","1","N","","","","","","","","","","","","03","  ","","",""
"1244","0","0","0","0","0","0","0","0","0","8","0","","36","06","2019","2019057000","3","40.1582","-76.3074","1233","08","0","0","0","0","0","0","0","0","","0","0","0","12","1","1","00","0","40 09:29.406","","07","76 18:26.589","3","0","0","0","36409","1","0","0","N","1","0","0","2","36409","0","","1","01","N","N","1","","1","0","0","0","0","","1232","1","2","0","0","0","0","0","3","0","1","N","","","","","","","","","","","","03","  ","","",""
"1028","0","0","0","0","0","0","0","0","0","7","0","","36","05","2019","2019057017","4","39.9972","-76.2897","1020","08","0","0","0","0","0","0","0","1","","0","0","0","10","1","0","02","0","39 59:49.991","","00","76 17:22.824","0","0","0","0","36240","0","0","0","Y","0","0","0","1","36240","0","","2","01","N","N","0","","0","0","1","0","0","","1017","0","1","0","0","0","0","0","1","0","1","N","","","","","","","","","","","","03","  ","","",""
"1650","0","0","0","0","0","0","0","0","0","8","0","","36","06","2019","2019057334","3","40.0447","-76.3026","1647","08","0","0","0","0","0","1","0","0","1","0","0","0","16","1","1","01","2","40 02:40.897","6","00","76 18:09.264","2","0","0","0","36301","1","0","1","N","1","0","1","2","36301","0","","1","01","N","N","0","","0","1","1","3","2","Y","1646","1","2","0","0","0","0","0","3","0","1","N","","","","","","","","","","","","03","  ","","",""
"2300","2","0","0","0","0","0","0","0","0","1","0","","36","05","2019","2019057347","3","40.1163","-76.3057","2254","08","0","0","0","0","0","0","0","0","1","0","0","0","22","2","1","01","2","40 06:58.631","2","00","76 18:20.445","4","0","0","0","36101","0","0","0","N","0","0","0","2","36101","1","","1","01","N","N","0","","0","0","0","3","2","N","2252","1","2","0","0","0","0","0","3","0","2","N","","","","","","","","","","","","03","  ","","",""
"1529","1","0","0","0","0","0","0","0","0","1","0","","36","06","2019","2019057348","1","40.1141","-76.3056","1522","08","0","0","0","0","0","1","0","0","","0","0","0","15","1","0","00","0","40 06:50.580","","00","76 18:20.183","0","0","0","0","36101","0","0","0","N","0","0","0","3","36101","0","","1","01","N","N","0","","0","0","2","0","0","","1507","0","3","0","0","0","0","0","3","0","3","N","","","","","","","","","","","","03","  ","","",""
"1835","3","0","0","0","0","0","0","0","0","1","0","","36","06","2019","2019057349","3","40.0942","-76.3044","1826","08","0","0","0","0","0","0","0","0","","0","0","0","18","1","1","00","0","40 05:39.077","","00","76 18:15.871","3","0","0","0","36101","0","0","0","N","0","0","0","3","36101","0","","1","01","N","N","0","","1","0","0","0","0","","1820","1","3","0","0","0","0","0","3","0","3","N","","","","","","","","","","","","03","  ","","",""
"2142","1","0","0","0","0","0","0","0","0","5","0","","36","06","2019","2019057350","3","40.1023","-76.3075","2136","08","0","0","0","0","0","0","0","0","","0","0","0","21","3","0","00","0","40 06:08.166","","00","76 18:26.868","0","0","0","0","36101","0","0","0","N","0","0","0","1","36101","0","","4","01","N","N","1","","0","0","2","0","0","","2134","0","4","0","0","0","0","0","3","0","4","N","","","","","","","","","","","","03","  ","","",""
"1447","1","0","0","0","0","0","0","0","0","1","0","","36","05","2019","2019057351","6","40.0415","-76.3639","1435","08","0","0","0","0","1","0","0","0","","0","0","0","14","1","0","00","0","40 02:29.542","","00","76 21:49.908","0","0","0","0","36214","0","0","0","N","0","0","0","2","36214","0","","1","01","N","N","1","","0","0","0","0","0","","1425","0","2","0","0","0","0","0","3","0","2","N","","","","","","","","","","","","03","  ","","",""
"1655","1","0","0","0","0","0","0","0","0","4","0","","36","05","2019","2019057352","5","40.0761","-76.2059","1648","08","0","0","0","0","0","1","0","1","2","0","0","0","16","1","0","01","2","40 04:34.113","3","00","76 12:21.249","0","0","0","0","36234","0","0","0","N","0","0","0","2","36215","0","","1","01","N","N","0","","0","0","1","3","3","N","1648","0","2","0","0","0","0","0","1","0","2","N","","","","","","","","","","","","03","  ","","",""
"1232","0","0","0","0","0","0","0","0","0","1","0","","36","06","2019","2019057384","4","40.109","-76.4925","1228","08","0","0","0","0","0","2","0","0","","0","0","0","12","1","0","00","0","40 06:32.534","","00","76 29:33.006","0","0","0","0","36413","0","0","0","N","0","0","0","3","36413","0","","1","01","N","N","1","","0","0","1","0","0","","1228","0","2","0","0","0","0","0","2","0","2","N","","","","","","","","","","","","03","  ","","",""
"0733","1","0","0","0","0","0","0","0","0","5","0","","36","06","2019","2019057412","5","40.1645","-76.5835","0725","08","0","0","0","0","0","0","0","0","1","0","0","0","07","1","0","00","1","40 09:52.287","3","00","76 35:00.731","0","0","0","0","36407","0","0","0","N","0","0","0","2","36407","0","","2","01","N","N","1","","0","0","1","0","0","N","0725","0","3","0","0","0","0","0","2","0","3","N","","","","","","","","","","","","03","  ","","",""
"1300","0","0","0","0","0","0","0","0","0","3","0","","36","05","2019","2019057458","5","40.0418","-76.1122","1249","08","0","0","0","0","0","2","0","0","2","0","0","0","12","1","1","00","2","40 02:30.597","5","00","76 06:43.816","3","0","0","1","36221","0","0","0","N","0","0","0","3","68J01","0","","1","01","N","N","1","","1","0","0","0","0","Y","1245","1","2","0","0","0","0","0","1","0","2","N","","","","","","","","","","","","03","  ","","",""