"ARRIVAL_TM","AUTOMOBILE_COUNT","BELTED_DEATH_COUNT","BELTED_SUSP_SERIOUS_INJ_COUNT","BICYCLE_COUNT","BICYCLE_DEATH_COUNT","BICYCLE_SUSP_SERIOUS_INJ_COUNT","BUS_COUNT","CHLDPAS_DEATH_COUNT","CHLDPAS_SUSP_SERIOUS_INJ_COUNT","COLLISION_TYPE","COMM_VEH_COUNT","CONS_ZONE_SPD_LIM","COUNTY","CRASH_MONTH","CRASH_YEAR","CRN","DAY_OF_WEEK","DEC_LAT","DEC_LONG","DISPATCH_TM","DISTRICT","DRIVER_COUNT_16YR","DRIVER_COUNT_17YR","DRIVER_COUNT_18YR","DRIVER_COUNT_19YR","DRIVER_COUNT_20YR","DRIVER_COUNT_50_64YR","DRIVER_COUNT_65_74YR","DRIVER_COUNT_75PLUS","EST_HRS_CLOSED","FATAL_COUNT","HEAVY_TRUCK_COUNT","HORSE_BUGGY_COUNT","HOUR_OF_DAY","ILLUMINATION","INJURY_COUNT","INTERSECT_TYPE","LANE_CLOSED","LATITUDE","LN_CLOSE_DIR","LOCATION_TYPE","LONGITUDE","MAX_SEVERITY_LEVEL","MCYCLE_DEATH_COUNT","MCYCLE_SUSP_SERIOUS_INJ_COUNT","MOTORCYCLE_COUNT","MUNICIPALITY","NONMOTR_COUNT","NONMOTR_DEATH_COUNT","NONMOTR_SUSP_SERIOUS_INJ_COUNT","NTFY_HIWY_MAINT","PED_COUNT","PED_DEATH_COUNT","PED_SUSP_SERIOUS_INJ_COUNT","PERSON_COUNT","POLICE_AGCY","POSSIBLE_INJ_COUNT","RDWY_SURF_TYPE_CD","RELATION_TO_ROAD","ROAD_CONDITION","SCH_BUS_IND","SCH_ZONE_IND","SMALL_TRUCK_COUNT","SPEC_JURIS_CD","SUSP_MINOR_INJ_COUNT","SUSP_SERIOUS_INJ_COUNT","SUV_COUNT","TCD_FUNC_CD","TCD_TYPE","TFC_DETOUR_IND","TIME_OF_DAY","TOT_INJ_COUNT","TOTAL_UNITS","UNB_DEATH_COUNT","UNB_SUSP_SERIOUS_INJ_COUNT","UNBELTED_OCC_COUNT","UNK_INJ_DEG_COUNT","UNK_INJ_PER_COUNT","URBAN_RURAL","VAN_COUNT","VEHICLE_COUNT","WORK_ZONE_IND","WORK_ZONE_LOC","WORK_ZONE_TYPE","WORKERS_PRES","WZ_CLOSE_DETOUR","WZ_FLAGGER","WZ_LAW_OFFCR_IND","WZ_LN_CLOSURE","WZ_MOVING","WZ_OTHER","WZ_SHLDER_MDN","ROADWAY_CLEARED","WEATHER1","WEATHER2","WZ_WORKERS_INJ_KILLED","SECONDARY_CRASH","INTERSECTION_RELATED"
"0742","1","0","0","0","0","0","0","0","0","4","0","","36","05","2019","2019057464","4","40.0392","-76.0644","0732","08","0","0","0","0","0","1","0","0","3","0","2","0","07","1","0","01","2","40 02:21.008","6","00","76 03:51.801","0","0","0","0","36221","0","0","0","N","0","0","0","6","68J01","0","","1","01","N","N","0","","0","0","0","3","3","Y","0726","0","3","0","0","1","0","0","1","0","3","N","","","","","","","","","","","","03","  ","","",""
"1309","0","0","0","0","0","0","0","0","0","1","0","","36","05","2019","2019057465","4","40.0555","-76.0802","1248","08","0","0","0","0","0","0","0","1","3","0","0","1","12","1","2","00","2","40 03:19.830","6","00","76 04:48.740","2","0","0","0","36221","2","0","1","N","0","0","0","4","68J01","0","","1","01","N","N","0","","1","1","0","0","0","Y","1244","2","2","0","0","0","0","0","1","1","1","N","","","","","","","","","","","","03","  ","","",""
"1106","1","0","0","0","0","0","0","0","0","4","0","","36","05","2019","2019057475","2","40.2124","-76.0573","1057","08","0","0","0","0","0","1","0","0","2","0","0","0","10","1","1","01","1","40 12:44.566","1","00","76 03:26.169","8","0","0","0","36202","0","0","0","N","0","0","0","2","68J01","0","","1","01","N","N","1","","0","0","0","0","0","N","1055","1","2","0","0","0","1","0","1","0","2","N","","","","","","","","","","","","03","  ","","",""
"0627","0","0","0","0","0","0","0","0","0","7","0","","36","05","2019","2019057489","6","39.9027","-76.0371","0550","08","0","0","0","0","0","0","0","0","4","0","0","0","05","5","0","00","1","39 54:09.660","6","00","76 02:13.440","0","0","0","0","36201","0","0","0","N","0","0","0","1","68J01","0","","4","01","N","N","0","","0","0","0","0","0","Y","0550","0","1","0","0","0","0","0","1","1","1","N","","","","","","","","","","","","03","  ","","",""
"1545","1","0","0","0","0","0","0","0","0","7","0","","36","05","2019","2019057490","6","40.227","-76.3022","1510","08","0","1","0","0","0","0","0","0","","0","0","0","14","1","0","00","0","40 13:37.082","","00","76 18:07.826","0","0","0","0","36217","0","0","0","N","0","0","0","1","68J01","0","","2","01","N","N","0","","0","0","0","0","0","","1458","0","1","0","0","0","0","0","1","0","1","N","","","","","","","","","","","","03","  ","","",""
"2323","1","0","0","0","0","0","0","0","0","1","0","","36","05","2019","2019057523","6","40.2556","-76.1192","2312","08","0","0","0","0","0","0","0","0","2","0","0","0","23","2","0","00","1","40 15:20.020","6","00","76 07:09.120","0","0","0","0","36210","0","0","0","N","0","0","0","1","36210","0","","1","01","N","N","1","","0","0","0","0","0","N","2312","0","2","0","0","1","0","0","1","0","2","N","","","","","","","","","","","","03","  ","","",""
"1522","1","0","0","0","0","0","0","0","0","7","0","","36","05","2019","2019057524","2","40.2362","-76.1344","1605","08","0","0","0","0","1","0","0","0","","0","0","0","15","1","0","00","0","40 14:10.400","","00","76 08:03.660","0","0","0","0","36405","0","0","0","N","0","0","0","1","36210","0","","5","09","N","N","0","","0","0","0","0","0","","1512","0","1","0","0","1","0","0","1","0","1","N","","","","","","","","","","","","07","  ","","",""
"1819","0","0","0","0","0","0","0","0","0","7","0","","36","05","2019","2019057525","3","40.2144","-76.1475","1810","08","0","0","0","0","0","0","0","0","","0","0","0","18","1","0","00","0","40 12:51.737","","00","76 08:50.971","0","0","0","0","36210","0","0","0","N","0","0","0","1","36210","0","","4","01","N","N","1","","0","0","0","0","0","","1809","0","1","0","0","1","0","0","1","0","1","N","","","","","","","","","","","","03","  ","","",""
"1235","1","0","0","0","0","0","0","0","0","1","1","","36","05","2019","2019057526","4","40.2146","-76.096","1232","08","0","0","0","0","0","0","0","0","2","0","1","0","12","1","3","00","1","40 12:52.525","2","00","76 05:45.460","3","0","0","0","36210","0","0","0","N","0","0","0","3","36210","1","","1","01","N","N","0","","2","0","0","0","0","N","1231","3","2","0","0","2","0","0","1","0","2","N","","","","","","","","","","","","03","  ","","",""
"0448","1","0","0","0","0","0","0","0","0","7","0","","36","05","2019","2019057528","5","39.9917","-76.3144","0443","08","0","0","0","0","1","0","0","0","2","0","0","0","04","2","0","02","1","39 59:30.255","5","00","76 18:51.747","0","0","0","0","36228","0","0","0","N","0","0","0","2","36228","0","","4","09","N","N","0","","0","0","0","0","0","Y","0440","0","1","0","0","0","0","0","1","0","1","N","","","","","","","","","","","","05","  ","","",""
"1849","0","0","0","0","0","0","0","0","0","4","0","","36","05","2019","2019057529","5","39.9811","-76.3177","1842","08","0","1","0","0","0","0","1","0","","0","0","0","18","1","1","01","0","39 58:51.844","","00","76 19:03.584","4","0","0","0","36228","0","0","0","N","0","0","0","3","36228","1","","1","01","N","N","0","","0","0","1","3","2","","1841","1","2","0","0","0","0","0","1","1","2","N","","","","","","","","","","","","03","  ","","",""
"1204","0","0","1","0","0","0","0","0","0","7","0","","36","05","2019","2019057531","2","40.2048","-76.1179","1202","08","0","0","0","0","0","1","0","0","","0","0","0","12","1","1","00","0","40 12:17.208","","01","76 07:04.560","2","0","0","0","36210","0","0","0","N","0","0","0","1","36210","0","","4","01","N","N","1","","0","1","0","0","0","","1202","1","1","0","0","0","0","0","1","0","1","N","","","","","","","","","","","","03","  ","","",""
"1310","0","0","0","1","0","0","0","0","0","5","0","","36","05","2019","2019057532","3","40.203","-76.1574","1304","08","0","0","0","0","0","1","0","0","","0","0","0","13","1","1","01","0","40 12:10.779","","00","76 09:26.525","8","0","0","0","36210","1","0","0","N","0","0","0","2","36210","0","","1","01","N","N","0","","0","0","1","3","2","","1300","1","2","0","0","1","1","0","1","0","1","N","","","","","","","","","","","","03","  ","","",""
"1615","1","0","1","0","0","0","0","0","0","1","0","","36","05","2019","2019057534","4","40.1926","-76.1259","1612","08","0","2","0","0","0","0","0","0","","0","0","0","16","1","5","00","0","40 11:33.280","","00","76 07:33.070","2","0","0","0","36210","0","0","0","N","0","0","0","5","36210","2","","1","01","N","N","0","","2","1","1","0","0","","1610","5","2","0","0","0","0","0","1","0","2","N","","","","","","","","","","","","03","  ","","",""
"1347","0","0","0","0","0","0","0","0","0","1","1","","36","05","2019","2019057535","6","40.2102","-76.1067","1343","08","0","0","0","0","0","0","2","0","3","0","1","0","13","1","3","00","2","40 12:36.741","2","00","76 06:23.997","3","0","0","0","36210","0","0","0","N","0","0","0","3","36210","0","","1","01","N","N","0","","3","0","1","0","0","Y","1342","3","2","0","0","0","0","0","1","0","2","N","","","","","","","","","","","","03","  ","","",""
"1440","0","0","0","0","0","0","0","0","0","7","0","","36","05","2019","2019057536","2","39.9964","-76.3125","1434","08","0","0","0","0","0","0","0","0","2","0","0","0","14","1","0","00","1","39 59:46.925","1","00","76 18:44.997","0","0","0","0","36228","0","0","0","N","0","0","0","1","36228","0","","4","09","N","N","0","","0","0","1","0","0","N","1437","0","1","0","0","1","0","0","1","0","1","N","","","","","","","","","","","","07","  ","","",""
"1535","1","0","0","0","0","0","0","0","0","4","1","","36","05","2019","2019057537","6","40.214","-76.1259","1525","08","0","0","0","0","0","0","0","0","","0","1","0","15","1","0","00","0","40 12:50.484","","00","76 07:33.088","0","0","0","0","36210","0","0","0","N","0","0","0","2","36210","0","","1","01","N","N","0","","0","0","0","0","0","","1513","0","2","0","0","2","0","0","1","0","2","N","","","","","","","","","","","","03","  ","","",""
"1513","1","0","0","0","0","0","0","0","0","1","0","","36","05","2019","2019057538","7","40.2061","-76.1187","1509","08","0","0","0","0","0","1","0","0","","0","0","0","15","1","0","03","0","40 12:22.074","","00","76 07:07.249","0","0","0","0","36210","0","0","0","N","0","0","0","4","36210","0","","1","01","N","N","1","","0","0","0","0","0","","1509","0","2","0","0","1","0","0","1","0","2","N","","","","","","","","","","","","03","  ","","",""
"1552","0","0","0","0","0","0","0","0","0","4","0","","36","05","2019","2019057540","6","40.228","-76.0877","1551","08","0","0","0","0","0","1","0","0","","0","0","0","15","1","0","00","0","40 13:40.937","","07","76 05:15.681","0","0","0","0","36210","0","0","0","N","0","0","0","4","36210","0","","1","01","N","N","1","","0","0","1","0","0","","1550","0","2","0","0","0","0","0","1","0","2","N","","","","","","","","","","","","07","  ","","",""
"1650","0","0","0","0","0","0","0","0","0","7","0","","36","05","2019","2019057541","4","39.9744","-76.3093","1645","08","0","0","0","0","0","0","0","0","2","0","0","0","16","1","1","00","1","39 58:27.780","1","00","76 18:33.608","3","0","0","0","36228","0","0","0","N","0","0","0","1","36228","0","","5","01","N","N","1","","1","0","0","0","0","N","1645","1","1","0","0","1","0","0","1","0","1","N","","","","","","","","","","","","03","  ","","",""
"1611","1","0","0","0","0","0","0","0","0","6","0","","36","05","2019","2019057542","6","40.2254","-76.0932","1607","08","0","0","0","1","0","0","0","0","1","0","0","0","16","1","2","00","1","40 13:31.491","1","00","76 05:35.604","3","0","0","0","36210","0","0","0","N","0","0","0","3","36210","0","","1","01","N","N","0","","2","0","1","0","0","N","1604","2","2","0","0","1","0","0","1","0","2","N","","","","","","","","","","","","03","  ","","",""
"1335","0","0","0","0","0","0","0","0","0","4","0","","36","05","2019","2019057543","2","39.9652","-76.3017","1428","08","0","0","0","0","0","0","0","0","","0","0","0","13","1","0","01","0","39 57:54.616","","00","76 18:06.135","0","0","0","0","36228","0","0","0","N","0","0","0","2","36228","0","","1","01","N","N","0","","0","0","2","3","3","","1329","0","2","0","0","0","0","0","1","0","2","N","","","","","","","","","","","","03","  ","","",""
"1832","2","0","0","0","0","0","0","0","0","5","0","","36","05","2019","2019057544","6","40.2072","-76.1283","1827","08","0","0","0","0","0","0","0","0","","0","0","0","18","1","0","00","0","40 12:26.000","","00","76 07:41.700","0","0","0","0","36210","0","0","0","N","0","0","0","1","36210","0","","1","01","N","N","0","","0","0","0","0","0","","1827","0","2","0","0","1","0","0","1","0","2","N","","","","","","","","","","","","03","  ","","",""
"1233","1","0","0","0","0","0","0","0","0","2","0","","36","05","2019","2019057545","4","40.2448","-76.1041","1232","08","0","0","0","0","0","0","0","0","1","0","0","0","12","1","3","01","2","40 14:41.207","5","00","76 06:14.899","4","0","0","0","36210","0","0","0","N","0","0","0","3","36210","1","","1","01","N","N","1","","0","0","0","0","0","Y","1232","3","2","0","0","1","2","0","1","0","2","N","","","","","","","","","","","","03","  ","","",""
"1616","0","0","0","0","0","0","0","0","0","1","0","","36","05","2019","2019057546","5","40.2137","-76.1264","1614","08","0","0","0","0","0","1","0","0","","0","0","0","16","1","2","01","0","40 12:49.356","","00","76 07:35.127","3","0","0","0","36210","0","0","0","N","0","0","0","3","36210","0","","1","01","N","N","1","","2","0","1","3","4","","1614","2","2","0","0","0","0","0","1","0","2","N","","","","","","","","","","","","03","  ","","",""
"1554","0","0","0","0","0","0","0","0","0","7","0","","36","06","2019","2019057604","5","39.9892","-76.2269","1552","08","0","0","0","0","0","0","0","0","2","0","0","0","15","1","0","00","2","39 59:21.157","6","00","76 13:36.802","0","0","0","0","36240","0","0","0","N","0","0","0","3","36240","0","","4","01","N","N","0","","0","0","1","0","0","Y","1549","0","1","0","0","0","0","0","1","0","1","N","","","","","","","","","","","","03","  ","","",""
"1608","2","0","0","0","0","0","0","0","0","1","0","","36","06","2019","2019057621","1","40.0638","-76.2824","1549","08","0","0","0","0","0","0","0","0","","0","0","0","15","1","1","00","0","40 03:49.516","","00","76 16:56.461","4","0","0","0","36101","0","0","0","N","0","0","0","4","36101","1","","1","01","N","N","0","","0","0","0","0","0","","1545","1","2","0","0","0","0","0","3","0","2","N","","","","","","","","","","","","03","  ","","",""
"0853","2","0","0","0","0","0","0","0","0","1","0","","36","06","2019","2019057622","4","40.053","-76.3239","0848","08","0","0","1","0","0","0","0","0","1","0","0","0","08","1","0","00","1","40 03:10.866","3","00","76 19:26.117","0","0","0","0","36101","0","0","0","N","0","0","0","3","36101","0","","1","01","N","N","0","","0","0","0","0","0","N","0845","0","2","0","0","0","0","0","3","0","2","N","","","","","","","","","","","","03","  ","","",""
"1813","1","0","0","0","0","0","0","0","0","4","0","","36","06","2019","2019057623","4","40.0728","-76.3351","1809","08","0","0","0","0","0","0","1","0","2","0","0","0","18","1","1","00","2","40 04:22.010","2","00","76 20:06.183","3","0","0","0","36101","0","0","0","N","0","0","0","3","36101","0","","1","01","N","N","1","","1","0","0","0","0","N","1807","1","2","0","0","0","0","0","3","0","2","N","","","","","","","","","","","","03","  ","","",""
"0211","0","0","0","0","0","0","0","0","0","0","1","","36","05","2019","2019057624","7","40.0228","-76.193","0211","08","0","0","0","0","0","0","0","0","3","0","1","0","02","3","0","00","2","40 01:22.072","5","00","76 11:34.909","0","0","0","0","36215","0","0","0","N","0","0","0","1","36215","0","","1","01","N","N","0","","0","0","0","0","0","Y","0211","0","1","0","0","0","0","0","1","0","1","N","","","","","","","","","","","","03","  ","","",""
"1724","0","0","0","0","0","0","0","0","0","0","0","","36","05","2019","2019057625","2","40.0173","-76.1668","1719","08","0","0","0","0","0","0","0","0","2","0","0","0","17","1","0","00","2","40 01:02.358","6","00","76 10:00.652","0","0","0","0","36215","0","0","0","N","0","0","0","1","36215","0","","1","01","N","N","1","","0","0","0","0","0","Y","1719","0","1","0","0","0","0","0","1","0","1","N","","","","","","","","","","","","03","  ","","",""
"0747","1","0","0","0","0","0","0","0","0","1","0","","36","06","2019","2019057626","4","40.0796","-76.2521","0743","08","0","0","0","0","0","0","0","0","1","0","0","0","07","1","2","01","1","40 04:46.730","6","00","76 15:07.384","4","0","0","0","36215","0","0","0","N","0","0","0","2","36215","1","","1","01","N","N","1","","0","0","0","0","0","N","0743","2","2","0","0","0","1","0","1","0","2","N","","","","","","","","","","","","03","  ","","",""
"0149","2","0","0","0","0","0","0","0","0","5","0","","36","06","2019","2019057653","5","40.049","-76.3034","0147","08","0","0","0","0","0","0","0","0","2","0","0","0","01","3","0","00","2","40 02:56.228","1","00","76 18:12.196","0","0","0","0","36301","0","0","0","N","0","0","0","1","36301","0","","2","01","N","N","0","","0","0","0","0","0","Y","0146","0","2","0","0","0","0","0","3","0","2","N","","","","","","","","","","","","03","  ","","",""
"0748","2","0","0","0","0","0","0","0","0","6","0","","36","06","2019","2019057664","4","40.1449","-76.281","0744","08","0","0","0","0","0","1","0","0","1","0","0","0","07","1","0","01","1","40 08:41.532","2","00","76 16:51.736","0","0","0","0","36235","0","0","0","N","0","0","0","2","36506","0","","1","01","N","N","0","","0","0","0","3","3","Y","0744","0","2","0","0","0","0","0","1","0","2","N","","","","","","","","","","","","03","  ","","",""
"2345","1","0","0","0","0","0","0","0","0","8","0","","36","05","2019","2019057815","5","40.0319","-76.4915","2342","08","0","0","0","0","0","0","0","0","4","1","0","0","23","3","0","02","2","40 01:54.912","7","00","76 29:29.493","1","0","0","0","36404","1","1","0","N","1","1","0","2","36404","0","2","1","01","N","N","0","0","0","0","0","0","0","Y","2345","0","2","0","0","0","0","0","3","0","1","N","","","","","","","","","","","","03","  ","","",""
"0816","1","0","0","0","0","0","0","0","0","7","0","","36","06","2019","2019057881","5","40.0502","-76.3955","0808","08","0","0","0","0","0","0","0","0","","0","0","0","08","1","1","00","0","40 03:00.570","","00","76 23:43.790","3","0","0","0","36214","0","0","0","N","0","0","0","2","36214","0","","5","01","N","N","0","","1","0","0","0","0","","0800","1","1","0","0","0","0","0","3","0","1","N","","","","","","","","","","","","03","  ","","",""
"1201","1","0","0","0","0","0","0","0","0","1","0","","36","06","2019","2019057883","5","40.0547","-76.3594","1156","08","0","0","0","0","0","0","0","0","","0","0","0","11","1","0","00","0","40 03:17.055","","00","76 21:33.995","0","0","0","0","36214","0","0","0","N","0","0","0","2","36214","0","","1","01","N","N","0","","0","0","1","0","0","","1150","0","2","0","0","0","0","0","3","0","2","N","","","","","","","","","","","","03","  ","","",""
"0724","0","0","0","0","0","0","0","0","0","1","0","","36","05","2019","2019057955","5","","","9999","08","0","0","0","0","0","0","0","0","","0","0","0","07","1","0","00","0","","","00","","0","0","0","0","36404","0","0","0","N","0","0","0","2","36404","0","","1","01","N","N","0","","0","0","1","0","0","N","0724","0","2","0","0","0","0","0","3","1","2","N","","","","","","","","","","","","03","  ","","",""
"2216","0","0","0","0","0","0","0","0","0","9","0","","36","06","2019","2019058003","7","40.0093","-76.31","2211","08","0","0","0","0","0","1","0","0","1","0","0","0","22","2","2","00","2","40 00:33.520","5","00","76 18:35.900","2","0","1","1","36220","0","0","0","N","0","0","0","2","36101","0","","1","01","N","N","0","","1","1","0","0","0","N","2210","2","1","0","0","0","0","0","3","0","1","N","","","","","","","","","","","","03","  ","","",""
"1818","1","0","0","0","0","0","0","0","0","7","0","","36","05","2019","2019058004","3","40.0781","-76.2024","1808","08","0","0","0","0","0","0","0","0","2","0","0","0","18","1","0","00","1","40 04:41.221","1","00","76 12:08.481","0","0","0","0","36234","0","0","0","N","0","0","0","1","36215","0","","5","09","N","N","0","","0","0","0","0","0","N","1806","0","1","0","0","0","0","0","1","0","1","N","","","","","","","","","","","","09","  ","","",""
"0956","1","0","0","0","0","0","0","0","0","4","0","","36","06","2019","2019058005","5","40.0306","-76.2343","0939","08","0","0","0","0","0","0","1","0","1","0","0","0","09","1","0","01","1","40 01:50.123","2","00","76 14:03.641","0","0","0","0","36215","0","0","0","N","0","0","0","2","36215","0","","1","01","N","N","0","","0","0","1","3","2","N","0939","0","2","0","0","0","0","0","1","0","2","N","","","","","","","","","","","","03","  ","","",""
"0806","1","0","0","0","0","0","0","0","0","7","0","","36","05","2019","2019058109","4","40.1418","-76.1995","0800","08","0","0","0","0","0","0","0","0","","0","0","0","07","1","0","00","0","40 08:30.410","","00","76 11:58.306","0","0","0","0","36238","0","0","0","Y","0","0","0","1","36238","0","","3","01","N","N","0","","0","0","0","0","0","","0758","0","2","0","0","0","0","0","3","0","1","N","","","","","","","","","","","","03","  ","","",""
"1732","2","0","0","0","0","0","0","0","0","1","0","","36","05","2019","2019058112","2","40.1396","-76.2109","1729","08","0","0","0","0","0","0","1","0","","0","0","0","17","1","0","00","0","40 08:22.598","","00","76 12:39.296","0","0","0","0","36238","0","0","0","N","0","0","0","2","36238","0","","1","01","N","N","0","","0","0","0","0","0","","1727","0","2","0","0","0","0","0","3","0","2","N","","","","","","","","","","","","03","  ","","",""
"1156","0","0","0","0","0","0","0","0","0","4","0","","36","06","2019","2019058131","6","40.1647","-76.1568","1150","08","0","0","0","1","0","1","0","0","1","0","0","0","11","1","1","00","1","40 09:53.072","3","07","76 09:24.406","2","0","1","1","36218","0","0","0","N","0","0","0","4","36408","0","","2","01","N","N","0","","0","1","0","0","0","N","1149","1","2","0","0","3","0","0","1","1","2","N","","","","","","","","","","","","03","  ","","",""
"1841","2","0","0","0","0","0","0","0","0","4","0","","36","05","2019","2019058155","1","40.1445","-76.21","1837","08","0","0","0","0","0","0","1","0","","0","0","0","18","1","3","01","0","40 08:40.211","","00","76 12:36.127","3","0","0","0","36238","0","0","0","N","0","0","0","4","36238","0","","1","01","N","N","0","","3","0","0","3","3","","1835","3","2","0","0","0","0","0","3","0","2","N","","","","","","","","","","","","03","  ","","",""
"0537","1","0","0","0","0","0","0","0","0","1","0","","36","06","2019","2019058169","6","","","9999","08","0","0","0","0","0","1","0","0","1","0","0","0","05","5","0","00","1","","3","00","","0","0","0","0","36404","0","0","0","N","0","0","0","2","36404","0","","1","01","N","N","1","","0","0","0","0","0","N","0537","0","2","0","0","0","0","0","3","0","2","N","","","","","","","","","","","","03","  ","","",""
"1249","0","0","0","0","0","0","0","0","0","4","0","","36","06","2019","2019058174","6","40.0927","-76.1523","1239","08","0","0","0","0","0","1","0","0","","0","0","0","12","1","1","02","0","40 05:33.693","","00","76 09:08.445","3","0","0","1","36238","0","0","0","N","0","0","0","2","36238","0","","1","01","N","N","0","","1","0","0","3","3","","1239","1","2","0","0","0","0","0","3","1","2","N","","","","","","","","","","","","03","  ","","",""
"1512","1","0","0","0","0","0","0","0","0","4","0","","36","06","2019","2019058183","6","40.1315","-76.1479","1503","08","0","0","0","0","0","1","0","0","2","0","0","0","15","1","1","01","1","40 07:53.254","3","00","76 08:52.441","3","0","0","0","36238","0","0","0","N","0","0","0","3","36238","0","","1","01","N","N","0","","1","0","1","3","3","N","1500","1","2","0","0","0","0","0","3","0","2","N","","","","","","","","","","","","03","  ","","",""
"0948","1","0","0","0","0","0","0","0","0","4","0","","36","06","2019","2019058225","7","40.1145","-76.6467","0940","08","0","0","0","0","0","1","0","0","","0","0","0","09","1","0","01","0","40 06:52.206","","00","76 38:48.287","0","0","0","0","36237","0","0","0","N","0","0","0","2","36505","0","","1","01","N","N","0","","0","0","1","0","0","","0940","0","2","0","0","0","0","0","1","0","2","N","","","","","","","","","","","","03","  ","","",""
"0915","2","0","0","0","0","0","0","0","0","4","0","","36","06","2019","2019058261","6","40.0685","-76.3074","0910","08","0","0","0","0","0","2","0","0","2","0","0","0","09","1","2","01","1","40 04:06.527","1","00","76 18:26.750","3","0","0","0","36101","0","0","0","N","0","0","0","2","36101","0","","1","01","N","N","0","","2","0","0","3","2","N","0908","2","2","0","0","0","0","0","3","0","2","N","","","","","","","","","","","","03","  ","","",""
"1117","1","0","0","0","0","0","0","0","0","1","0","","36","06","2019","2019058262","6","40.0732","-76.2987","1117","08","0","0","0","0","1","0","0","0","","0","0","0","10","1","0","02","0","40 04:23.386","","00","76 17:55.294","0","0","0","0","36101","0","0","0","N","0","0","0","5","36101","0","","1","01","N","N","0","","0","0","1","0","0","","1053","0","2","0","0","0","0","0","3","0","2","N","","","","","","","","","","","","03","  ","","",""
"1611","1","0","0","0","0","0","0","0","0","4","0","","36","06","2019","2019058263","6","40.083","-76.269","1557","08","0","0","0","1","0","1","0","0","","0","0","0","15","1","0","01","0","40 04:58.889","","00","76 16:08.446","0","0","0","0","36101","0","0","0","N","0","0","0","2","36101","0","","1","01","N","N","0","","0","0","1","3","3","","1532","0","2","0","0","0","0","0","3","0","2","N","","","","","","","","","","","","03","  ","","",""
"2337","1","0","0","0","0","0","0","0","0","7","0","","36","04","2019","2019058289","7","39.9266","-76.2809","2325","08","0","0","0","0","0","0","0","0","2","0","0","0","23","2","1","03","1","39 55:35.643","4","00","76 16:51.209","3","0","0","0","36229","0","0","0","N","0","0","0","1","68J01","0","","4","01","N","N","0","","1","0","0","3","3","N","2302","1","1","0","0","0","0","0","1","0","1","N","","","","","","","","","","","","03","  ","","",""
"2126","0","0","0","0","0","0","0","0","0","7","0","","36","05","2019","2019058290","2","39.9142","-76.2999","2105","08","0","0","0","0","0","0","0","0","3","0","0","0","20","2","1","00","2","39 54:51.200","6","00","76 17:59.520","3","0","0","0","36224","0","0","0","N","0","0","0","1","68J01","0","","4","01","N","N","1","","1","0","0","0","0","Y","2058","1","1","0","0","0","0","0","1","0","1","N","","","","","","","","","","","","03","  ","","",""
"1549","2","0","0","0","0","0","0","0","0","4","0","","36","05","2019","2019058300","7","39.8414","-76.0932","1514","08","0","0","0","0","0","2","0","1","","0","0","0","15","1","0","01","0","39 50:28.973","","00","76 05:35.577","0","0","0","0","36205","0","0","0","N","0","0","0","6","68J01","0","","1","01","N","N","1","","0","0","0","3","3","","1513","0","3","0","0","0","0","0","1","0","3","N","","","","","","","","","","","","03","  ","","",""
"2200","2","0","0","0","0","0","0","0","0","1","0","","36","05","2019","2019058301","7","40.227","-76.3047","2136","08","0","0","0","0","0","0","0","0","2","0","0","0","21","2","0","00","1","40 13:37.289","5","00","76 18:16.925","0","0","0","0","36217","0","0","0","N","0","0","0","3","68J01","0","","1","01","N","N","0","","0","0","0","0","0","N","2130","0","2","0","0","0","0","0","1","0","2","N","","","","","","","","","","","","03","  ","","",""
"1745","1","0","0","0","0","0","0","0","0","4","0","","36","05","2019","2019058307","6","39.9615","-76.1028","1737","08","0","0","0","0","0","1","0","0","","0","0","0","17","1","0","01","0","39 57:41.266","","00","76 06:10.058","0","0","0","0","36226","0","0","0","N","0","0","0","2","68J01","0","","1","01","N","N","1","","0","0","0","3","3","","1733","0","2","0","0","1","0","0","1","0","2","N","","","","","","","","","","","","03","  ","","",""
"2024","1","0","0","0","0","0","0","0","0","7","0","","36","05","2019","2019058308","6","39.8813","-76.2313","2024","08","0","0","0","0","1","0","0","0","2","0","0","0","20","4","0","00","1","39 52:52.597","5","00","76 13:52.854","0","0","0","0","36208","0","0","0","N","0","0","0","1","68J01","0","","2","01","N","N","0","","0","0","0","0","0","N","2021","0","1","0","0","0","0","0","1","0","1","N","","","","","","","","","","","","03","  ","","",""
"1508","2","0","0","0","0","0","0","0","0","1","0","","36","05","2019","2019058310","7","40.2261","-76.3024","1437","08","0","0","0","0","0","1","1","0","2","0","0","0","14","1","0","01","1","40 13:34.012","2","00","76 18:08.758","0","0","0","0","36217","0","0","0","N","0","0","0","3","68J01","0","","1","01","N","N","0","","0","0","1","0","0","N","1435","0","3","0","0","0","0","0","1","0","3","N","","","","","","","","","","","","03","  ","","",""
"1931","2","0","0","0","0","0","0","0","0","2","0","","36","06","2019","2019058324","2","39.8756","-76.0339","1916","08","0","0","0","1","0","0","0","0","2","0","0","0","19","1","1","00","1","39 52:32.304","1","00","76 02:01.984","3","0","0","0","36205","0","0","0","N","0","0","0","3","68J01","0","","1","01","N","N","0","","1","0","0","0","0","N","1901","1","2","0","0","2","0","0","1","0","2","N","","","","","","","","","","","","03","  ","","",""