"ARRIVAL_TM","AUTOMOBILE_COUNT","BELTED_DEATH_COUNT","BELTED_SUSP_SERIOUS_INJ_COUNT","BICYCLE_COUNT","BICYCLE_DEATH_COUNT","BICYCLE_SUSP_SERIOUS_INJ_COUNT","BUS_COUNT","CHLDPAS_DEATH_COUNT","CHLDPAS_SUSP_SERIOUS_INJ_COUNT","COLLISION_TYPE","COMM_VEH_COUNT","CONS_ZONE_SPD_LIM","COUNTY","CRASH_MONTH","CRASH_YEAR","CRN","DAY_OF_WEEK","DEC_LAT","DEC_LONG","DISPATCH_TM","DISTRICT","DRIVER_COUNT_16YR","DRIVER_COUNT_17YR","DRIVER_COUNT_18YR","DRIVER_COUNT_19YR","DRIVER_COUNT_20YR","DRIVER_COUNT_50_64YR","DRIVER_COUNT_65_74YR","DRIVER_COUNT_75PLUS","EST_HRS_CLOSED","FATAL_COUNT","HEAVY_TRUCK_COUNT","HORSE_BUGGY_COUNT","HOUR_OF_DAY","ILLUMINATION","INJURY_COUNT","INTERSECT_TYPE","LANE_CLOSED","LATITUDE","LN_CLOSE_DIR","LOCATION_TYPE","LONGITUDE","MAX_SEVERITY_LEVEL","MCYCLE_DEATH_COUNT","MCYCLE_SUSP_SERIOUS_INJ_COUNT","MOTORCYCLE_COUNT","MUNICIPALITY","NONMOTR_COUNT","NONMOTR_DEATH_COUNT","NONMOTR_SUSP_SERIOUS_INJ_COUNT","NTFY_HIWY_MAINT","PED_COUNT","PED_DEATH_COUNT","PED_SUSP_SERIOUS_INJ_COUNT","PERSON_COUNT","POLICE_AGCY","POSSIBLE_INJ_COUNT","RDWY_SURF_TYPE_CD","RELATION_TO_ROAD","ROAD_CONDITION","SCH_BUS_IND","SCH_ZONE_IND","SMALL_TRUCK_COUNT","SPEC_JURIS_CD","SUSP_MINOR_INJ_COUNT","SUSP_SERIOUS_INJ_COUNT","SUV_COUNT","TCD_FUNC_CD","TCD_TYPE","TFC_DETOUR_IND","TIME_OF_DAY","TOT_INJ_COUNT","TOTAL_UNITS","UNB_DEATH_COUNT","UNB_SUSP_SERIOUS_INJ_COUNT","UNBELTED_OCC_COUNT","UNK_INJ_DEG_COUNT","UNK_INJ_PER_COUNT","URBAN_RURAL","VAN_COUNT","VEHICLE_COUNT","WORK_ZONE_IND","WORK_ZONE_LOC","WORK_ZONE_TYPE","WORKERS_PRES","WZ_CLOSE_DETOUR","WZ_FLAGGER","WZ_LAW_OFFCR_IND","WZ_LN_CLOSURE","WZ_MOVING","WZ_OTHER","WZ_SHLDER_MDN","ROADWAY_CLEARED","WEATHER1","WEATHER2","WZ_WORKERS_INJ_KILLED","SECONDARY_CRASH","INTERSECTION_RELATED"
"1554","1","0","0","0","0","0","0","0","0","4","0","","36","06","2019","2019058325","3","40.0392","-76.0644","1545","08","0","0","0","0","0","0","0","1","","0","0","0","15","1","0","01","0","40 02:21.008","","00","76 03:51.801","0","0","0","0","36221","0","0","0","N","0","0","0","4","68J01","0","","1","01","N","N","0","","0","0","0","3","3","","1536","0","2","0","0","0","0","0","1","1","2","N","","","","","","","","","","","","03","  ","","",""
"1216","2","0","0","0","0","0","0","0","0","4","0","99","36","05","2019","2019058402","5","40.0276","-76.4858","1213","08","1","0","0","0","0","0","0","0","3","0","0","0","12","1","1","01","2","40 01:39.493","7","00","76 29:09.034","4","0","0","0","36404","0","0","0","N","0","0","0","3","36404","1","","1","01","N","N","0","","0","0","0","3","3","Y","1213","1","2","0","0","0","0","0","3","0","2","Y","2","8","U","","","U","Y","","","","","03","  ","","",""
"1136","1","0","0","0","0","0","0","0","0","1","0","","36","06","2019","2019058403","1","40.0358","-76.3142","1130","08","0","0","0","0","0","1","0","0","","0","0","0","11","1","1","01","0","40 02:08.725","","00","76 18:51.113","4","0","0","0","36301","0","0","0","N","0","0","0","3","36301","1","","1","01","N","N","0","","0","0","0","0","0","","1126","1","2","0","0","0","0","0","3","1","2","N","","","","","","","","","","","","03","  ","","",""
"1517","1","0","0","0","0","0","0","0","0","4","0","","36","06","2019","2019058466","6","40.1093","-76.5074","1514","08","0","0","0","0","0","0","0","0","1","0","0","0","15","1","1","01","1","40 06:33.316","4","00","76 30:26.472","3","0","0","0","36413","0","0","0","N","0","0","0","2","36413","0","","1","01","N","N","0","","1","0","1","3","3","N","1514","1","2","0","0","0","0","0","2","0","2","N","","","","","","","","","","","","03","  ","","",""
"1057","1","0","0","0","0","0","0","0","0","4","0","","36","06","2019","2019058500","3","40.0326","-76.3301","1052","08","0","0","0","0","0","0","0","0","2","0","0","0","10","1","0","00","1","40 01:57.390","2","00","76 19:48.470","0","0","0","0","36220","0","0","0","N","0","0","0","1","36101","0","","5","01","N","N","0","","0","0","1","0","0","N","1051","0","2","0","0","0","0","0","3","0","2","N","","","","","","","","","","","","03","  ","","",""
"2331","2","0","0","0","0","0","0","0","0","1","0","","36","06","2019","2019058501","6","40.0679","-76.3293","2324","08","0","0","0","0","1","1","0","0","1","0","0","0","23","3","2","00","1","40 04:04.472","1","00","76 19:45.496","3","0","0","0","36101","0","0","0","N","0","0","0","3","36101","0","","1","01","N","N","0","","2","0","0","3","2","N","2323","2","2","0","0","0","0","0","3","0","2","N","","","","","","","","","","","","03","  ","","",""
"0131","1","0","0","0","0","0","0","0","0","9","0","","36","06","2019","2019058502","7","40.0634","-76.3401","0124","08","0","0","0","0","0","0","0","0","","0","0","0","01","3","0","00","0","40 03:48.103","","00","76 20:24.322","0","0","0","0","36101","0","0","0","N","0","0","0","1","36101","0","","1","01","N","N","0","","0","0","0","0","0","","0122","0","1","0","0","0","0","0","3","0","1","N","","","","","","","","","","","","03","  ","","",""
"0033","1","0","0","0","0","0","0","0","0","7","0","","36","06","2019","2019058524","1","40.1246","-76.0085","0031","08","0","0","0","0","0","0","0","0","2","0","0","0","00","3","1","00","1","40 07:28.418","6","00","76 00:30.492","3","0","0","0","36213","0","0","0","N","0","0","0","2","36213","0","","5","01","N","N","0","","1","0","0","0","0","N","0029","1","1","0","0","0","0","0","1","0","1","N","","","","","","","","","","","","03","  ","","",""
"0708","0","0","0","0","0","0","0","0","0","7","0","","36","04","2019","2019058528","3","39.888","-76.2416","0649","08","0","0","0","0","0","1","0","0","","0","0","0","06","1","0","02","0","39 53:16.839","","00","76 14:29.744","0","0","0","0","36229","0","0","0","N","0","0","0","1","68J01","0","","5","01","N","N","1","","0","0","0","0","0","","0648","0","1","0","0","0","0","0","1","0","1","N","","","","","","","","","","","","03","  ","","",""
"1533","1","0","0","0","0","0","0","0","0","4","0","","36","05","2019","2019058529","1","40.021","-75.9796","1516","08","0","1","0","0","0","0","0","0","2","0","0","1","15","1","2","01","2","40 01:15.560","5","00","75 58:46.686","3","0","0","0","36232","1","0","0","N","0","0","0","2","68J01","0","","1","08","N","N","0","","2","0","0","3","3","N","1514","2","2","0","0","0","0","0","1","0","1","N","","","","","","","","","","","","07","  ","","",""
"1658","2","0","0","0","0","0","0","0","0","1","0","","36","05","2019","2019058536","6","40.2075","-76.2991","1639","08","0","0","0","0","0","0","0","0","3","0","0","0","16","1","3","00","2","40 12:27.546","5","00","76 17:56.962","3","0","0","0","36217","0","0","0","N","0","0","0","4","68J01","0","","1","01","N","N","0","","3","0","1","0","0","Y","1636","3","3","0","0","0","0","0","1","0","3","N","","","","","","","","","","","","03","  ","","",""
"1514","0","0","0","0","0","0","0","0","0","0","0","","36","05","2019","2019058537","7","39.9183","-76.1486","1449","08","0","0","0","0","0","1","0","0","","0","0","0","14","1","1","00","0","39 55:05.980","","00","76 08:54.950","3","0","0","1","36216","0","0","0","N","0","0","0","1","68J01","0","","1","01","N","N","0","","1","0","0","0","0","","1447","1","1","0","0","0","0","0","1","0","1","N","","","","","","","","","","","","03","  ","","",""
"1858","0","0","0","0","0","0","0","0","0","0","0","","36","06","2019","2019058562","2","40.2091","-76.3208","1851","08","0","0","0","0","0","1","0","0","2","0","0","0","18","1","0","00","2","40 12:32.675","6","00","76 19:14.819","0","0","0","0","36217","0","0","0","N","0","0","0","1","68J01","0","","1","01","N","N","1","","0","0","0","0","0","Y","1837","0","1","0","0","0","0","0","1","0","1","N","","","","","","","","","","","","03","  ","","",""
"1716","1","0","0","0","0","0","0","0","0","7","0","","36","06","2019","2019058609","1","40.1147","-76.5093","1715","08","0","1","0","0","0","0","0","0","3","0","0","0","17","1","0","02","2","40 06:53.006","7","00","76 30:33.303","0","0","0","0","36413","0","0","0","N","0","0","0","2","36413","0","","4","01","N","N","0","","0","0","0","0","0","Y","1714","0","1","0","0","0","0","0","2","0","1","N","","","","","","","","","","","","03","  ","","",""
"1419","1","0","0","0","0","0","0","0","0","4","0","","36","06","2019","2019058613","1","39.9911","-76.2603","1416","08","0","0","0","0","0","1","1","0","2","0","0","0","14","1","3","02","2","39 59:28.076","5","00","76 15:37.017","8","0","0","0","36240","0","0","0","N","0","0","0","3","36240","0","","1","01","N","N","0","","0","0","1","3","3","Y","1414","3","2","0","0","0","3","0","1","0","2","N","","","","","","","","","","","","03","  ","","",""
"1205","1","0","0","0","0","0","0","0","0","4","0","","36","05","2019","2019058684","5","40.1106","-76.0206","1158","08","0","0","0","0","0","1","0","0","2","0","0","0","11","1","1","00","1","40 06:38.300","3","07","76 01:14.008","3","0","0","0","36213","0","0","0","N","0","0","0","4","36213","0","","1","01","N","N","0","","1","0","1","0","0","Y","1155","1","2","0","0","0","0","0","1","0","2","N","","","","","","","","","","","","03","  ","","",""
"1656","0","0","0","0","0","0","0","0","0","4","1","","36","06","2019","2019058774","3","40.2457","-76.1959","1644","08","0","0","0","0","0","0","0","0","2","0","1","0","16","1","1","00","1","40 14:44.485","4","00","76 11:45.417","4","0","0","0","36236","0","0","0","N","0","0","0","2","68T06","1","","1","01","N","N","0","","0","0","1","0","0","N","1644","1","2","0","0","0","0","0","1","0","2","N","","","","","","","","","","","","03","  ","","",""
"1729","2","0","0","0","0","0","0","0","0","4","0","","36","05","2019","2019058890","3","40.106","-76.3518","1722","08","0","1","0","0","0","0","0","0","2","0","0","0","17","1","1","01","2","40 06:21.682","6","00","76 21:06.393","3","0","0","0","36406","0","0","0","N","0","0","0","3","36101","0","","1","09","N","N","0","","1","0","0","3","3","Y","1721","1","2","0","0","0","0","0","3","0","2","N","","","","","","","","","","","","07","  ","","",""
"1818","1","0","0","0","0","0","0","0","0","7","0","","36","06","2019","2019058891","4","40.0709","-76.3229","1812","08","0","0","0","0","0","0","0","0","","0","0","0","18","1","0","00","0","40 04:15.158","","00","76 19:22.263","0","0","0","0","36101","0","0","0","N","0","0","0","1","36101","0","","4","01","N","N","0","","0","0","0","0","0","","1808","0","1","0","0","0","0","0","3","0","1","N","","","","","","","","","","","","03","  ","","",""
"1857","1","0","0","0","0","0","0","0","0","1","0","","36","06","2019","2019058892","6","40.0695","-76.3078","1857","08","0","0","0","0","0","1","0","0","","0","0","0","18","1","0","01","0","40 04:10.226","","00","76 18:28.241","0","0","0","0","36101","0","0","0","N","0","0","0","2","36101","0","","1","01","N","N","0","","0","0","1","3","4","","1835","0","2","0","0","0","0","0","3","0","2","N","","","","","","","","","","","","03","  ","","",""
"0805","1","0","0","0","0","0","0","0","0","4","0","","36","06","2019","2019058893","5","40.0343","-76.251","0803","08","0","0","0","1","0","0","0","0","","0","0","0","07","1","1","00","0","40 02:03.453","","00","76 15:03.673","3","0","0","0","36215","0","0","0","N","0","0","0","3","36215","0","","1","01","N","N","1","","1","0","0","0","0","","0758","1","2","0","0","0","0","0","1","0","2","N","","","","","","","","","","","","03","  ","","",""
"1614","2","0","0","0","0","0","0","0","0","4","0","","36","06","2019","2019058894","4","40.1647","-76.3986","1613","08","0","0","0","0","0","0","0","1","1","0","0","0","16","1","0","00","1","40 09:53.040","4","00","76 23:55.070","0","0","0","0","36410","0","0","0","N","0","0","0","1","36410","0","","1","01","N","N","0","","0","0","0","0","0","N","1611","0","2","0","0","0","0","0","2","0","2","N","","","","","","","","","","","","03","  ","","",""
"1431","1","0","0","0","0","0","0","0","0","7","0","","36","05","2019","2019058895","6","40.1388","-76.1013","1431","08","0","0","0","0","0","0","1","0","","0","0","0","14","1","0","00","0","40 08:19.618","","00","76 06:04.730","0","0","0","0","36209","0","0","0","N","0","0","0","4","36415","0","","5","01","N","N","0","","0","0","0","0","0","","1431","0","1","0","0","0","0","0","1","0","1","N","","","","","","","","","","","","03","  ","","",""
"0555","0","0","1","0","0","0","0","0","0","6","1","","36","06","2019","2019058896","4","40.1295","-76.1185","0546","08","0","0","0","0","0","0","0","0","2","0","1","0","05","1","1","00","2","40 07:46.339","5","00","76 07:06.614","2","0","0","0","36209","0","0","0","N","0","0","0","2","36415","0","","1","01","N","N","0","","0","1","1","0","0","Y","0545","1","2","0","0","0","0","0","1","0","2","N","","","","","","","","","","","","03","  ","","",""
"1534","2","0","0","0","0","0","0","0","0","4","0","","36","06","2019","2019058897","6","40.1161","-76.0966","1531","08","0","0","0","0","0","0","0","0","1","0","0","0","15","1","0","01","2","40 06:57.873","7","00","76 05:47.937","0","0","0","0","36209","0","0","0","N","0","0","0","2","36415","0","","1","01","N","N","0","","0","0","0","3","3","Y","1529","0","2","0","0","0","0","0","1","0","2","N","","","","","","","","","","","","03","  ","","",""
"1438","1","0","0","0","0","0","0","0","0","7","0","","36","06","2019","2019058920","2","40.0591","-76.4629","1433","08","0","0","1","0","0","0","0","0","1","0","0","0","14","1","0","03","1","40 03:32.814","1","00","76 27:46.398","0","0","0","0","36239","0","0","0","Y","0","0","0","1","36239","0","","4","09","N","N","0","","0","0","0","3","3","N","1433","0","1","0","0","0","0","0","3","0","1","N","","","","","","","","","","","","07","  ","","",""
"2011","2","0","0","0","0","0","0","0","0","4","0","","36","06","2019","2019059060","2","40.1602","-76.6632","2004","08","1","0","0","0","0","0","0","0","2","0","0","0","19","1","1","02","2","40 09:36.719","7","00","76 39:47.415","4","0","0","0","36237","0","0","0","N","0","0","0","6","36505","1","","1","09","N","N","0","","0","0","0","3","3","Y","1957","1","2","0","0","0","0","0","1","0","2","N","","","","","","","","","","","","07","  ","","",""
"1653","0","0","0","0","0","0","0","0","0","7","0","","36","06","2019","2019059369","3","40.1164","-76.041","1653","08","0","1","0","0","0","0","0","0","","0","0","0","16","1","0","00","0","40 06:59.070","","00","76 02:27.715","0","0","0","0","36213","0","0","0","N","0","0","0","1","36213","0","","4","01","N","N","0","","0","0","1","0","0","N","1650","0","1","0","0","0","0","0","1","0","1","N","","","","","","","","","","","","03","  ","","",""
"1329","1","0","1","0","0","0","0","0","0","7","0","","36","06","2019","2019059372","2","40.0889","-76.305","1326","08","0","0","0","0","0","0","0","0","2","0","0","0","13","1","1","02","1","40 05:19.907","5","00","76 18:18.172","2","0","0","0","36101","0","0","0","N","0","0","0","1","36101","0","","4","09","N","N","0","","0","1","0","3","2","N","1325","1","1","0","0","0","0","0","3","0","1","N","","","","","","","","","","","","07","  ","","",""
"1727","1","0","0","0","0","0","0","0","0","1","0","","36","06","2019","2019059373","7","40.0296","-76.229","1727","08","0","0","0","0","0","0","0","0","2","0","0","0","17","1","1","00","2","40 01:46.510","4","00","76 13:44.482","3","0","0","0","36215","0","0","0","N","0","0","0","2","36215","0","","1","01","N","N","1","","1","0","0","0","0","N","1727","1","2","0","0","0","0","0","1","0","2","N","","","","","","","","","","","","03","  ","","",""
"1505","0","0","0","0","0","0","0","0","0","0","0","","36","06","2019","2019059499","6","40.2425","-76.1491","1439","08","0","0","0","0","0","1","0","0","3","0","0","0","14","1","1","00","2","40 14:33.033","4","00","76 08:56.821","3","0","0","0","36236","0","0","0","N","0","0","0","2","68T06","0","","1","01","N","N","1","","1","0","0","0","0","N","1439","1","1","0","0","0","0","0","1","0","1","N","","","","","","","","","","","","03","  ","","",""
"1854","2","0","0","0","0","0","0","0","0","4","0","","36","06","2019","2019059549","3","40.1331","-76.3041","1851","08","1","0","0","0","0","0","0","0","","0","0","0","18","1","0","00","0","40 07:59.585","","00","76 18:14.742","0","0","0","0","36235","0","0","0","N","0","0","0","2","36506","0","","1","01","N","N","0","","0","0","0","0","0","","1851","0","2","0","0","0","0","0","1","0","2","N","","","","","","","","","","","","03","  ","","",""
"1319","1","0","1","0","0","0","0","0","0","2","0","","36","06","2019","2019059550","2","40.1335","-76.3041","1314","08","0","0","0","0","0","0","2","0","2","0","0","0","13","1","2","00","2","40 08:01.045","5","00","76 18:14.543","2","0","0","0","36235","0","0","0","N","0","0","0","2","36506","0","","1","09","N","N","0","","1","1","1","0","0","Y","1312","2","2","0","0","0","0","0","1","0","2","N","","","","","","","","","","","","03","  ","","",""
"1654","1","0","0","0","0","0","0","0","0","7","0","","36","06","2019","2019059589","1","40.1261","-76.2023","1648","08","0","0","0","0","0","0","0","0","","0","0","0","16","1","0","00","0","40 07:33.918","","00","76 12:08.200","0","0","0","0","36238","0","0","0","N","0","0","0","1","36238","0","","2","01","N","N","0","","0","0","0","0","0","","1645","0","1","0","0","0","0","0","3","0","1","N","","","","","","","","","","","","03","  ","","",""
"0950","2","0","0","0","0","0","0","0","0","4","0","","36","06","2019","2019059595","1","40.0623","-76.3066","0945","08","0","0","0","0","0","1","0","0","1","0","0","0","09","1","1","00","1","40 03:44.365","2","07","76 18:23.706","3","0","0","0","36101","0","0","0","N","0","0","0","4","36101","0","","1","01","N","N","0","","1","0","0","0","0","N","0943","1","2","0","0","0","0","0","3","0","2","N","","","","","","","","","","","","03","  ","","",""
"1748","1","0","0","0","0","0","0","0","0","4","0","","36","06","2019","2019059596","3","40.0976","-76.3529","1739","08","0","0","0","0","0","1","0","0","","0","0","0","17","1","0","01","0","40 05:51.516","","00","76 21:10.495","0","0","0","0","36406","0","0","0","N","0","0","0","2","36101","0","","1","01","N","N","0","","0","0","1","3","3","","1737","0","2","0","0","0","0","0","3","0","2","N","","","","","","","","","","","","03","  ","","",""
"1746","2","0","0","0","0","0","0","0","0","1","0","","36","06","2019","2019059597","3","40.04","-76.3723","1741","08","0","0","0","0","0","1","0","0","2","0","0","0","17","1","1","02","1","40 02:23.892","4","00","76 22:20.182","3","0","0","0","36223","0","0","0","N","0","0","0","2","36214","0","","1","01","N","N","0","","1","0","0","3","2","N","1730","1","2","0","0","0","0","0","1","0","2","N","","","","","","","","","","","","03","  ","","",""
"1706","0","0","0","0","0","0","0","0","0","1","0","","36","06","2019","2019059613","2","40.0305","-76.2957","1705","08","0","0","0","0","0","1","0","0","1","0","0","0","16","1","1","00","1","40 01:49.681","1","00","76 17:44.514","4","0","0","0","36301","0","0","0","N","0","0","0","3","36301","1","","1","01","N","N","0","","0","0","2","0","0","N","1659","1","2","0","0","0","0","0","3","0","2","N","","","","","","","","","","","","03","  ","","",""
"1720","0","0","0","0","0","0","0","0","0","8","0","","36","06","2019","2019059652","3","40.1419","-76.5937","1710","08","0","0","0","0","0","0","0","0","","0","0","0","17","1","1","02","0","40 08:30.892","","00","76 35:37.144","8","0","0","0","36237","1","0","0","N","1","0","0","3","36505","0","","1","01","N","N","0","","0","0","1","3","3","","1704","1","2","0","0","0","1","0","1","0","1","N","","","","","","","","","","","","03","  ","","",""
"0954","1","0","0","0","0","0","0","0","0","7","0","","36","06","2019","2019059799","6","40.2731","-76.1322","0949","08","0","0","0","0","0","0","0","0","2","0","0","0","09","1","1","00","1","40 16:22.988","4","00","76 07:56.008","3","0","0","0","36236","0","0","0","N","0","0","0","1","36408","0","","4","01","N","N","0","","1","0","0","0","0","N","0947","1","1","0","0","0","0","0","1","0","1","N","","","","","","","","","","","","03","  ","","",""
"2230","1","0","0","0","0","0","0","0","0","4","0","","36","05","2019","2019059801","5","40.214","-76.1583","2224","08","0","0","0","0","0","1","0","0","1","0","0","0","22","3","1","01","2","40 12:50.259","3","00","76 09:29.735","3","0","0","0","36210","0","0","0","N","0","0","0","2","36408","0","","1","01","N","N","1","","1","0","0","3","3","N","2222","1","2","0","0","1","0","0","1","0","2","N","","","","","","","","","","","","03","  ","","",""
"1135","0","0","0","0","0","0","0","0","0","4","0","","36","06","2019","2019059824","1","40.1694","-76.1984","1132","08","0","0","0","0","0","0","1","1","2","0","0","0","11","1","1","00","1","40 10:09.744","3","07","76 11:54.209","3","0","0","0","36408","0","0","0","N","0","0","0","3","36408","0","","1","01","N","N","1","","1","0","1","0","0","N","1129","1","2","0","0","1","0","0","2","0","2","N","","","","","","","","","","","","03","  ","","",""
"1446","1","0","0","0","0","0","0","0","0","1","0","","36","05","2019","2019059845","3","40.2083","-76.127","1510","08","0","0","0","0","0","0","0","0","1","0","0","0","14","1","0","02","1","40 12:29.732","2","00","76 07:37.131","0","0","0","0","36210","0","0","0","N","0","0","0","5","36210","0","","1","01","N","N","0","","0","0","1","0","0","N","1440","0","2","0","0","0","0","0","1","0","2","N","","","","","","","","","","","","03","  ","","",""
"1453","0","0","0","0","0","0","0","0","0","4","0","","36","06","2019","2019059860","3","40.0976","-76.3529","1440","08","0","0","0","0","0","1","0","0","2","0","0","0","14","1","0","01","2","40 05:51.516","2","00","76 21:10.495","0","0","0","0","36406","0","0","0","N","0","0","0","6","36101","0","","1","01","N","N","0","","0","0","2","3","3","N","1433","0","2","0","0","0","0","0","3","0","2","N","","","","","","","","","","","","03","  ","","",""
"1422","1","0","1","0","0","0","0","0","0","4","0","","36","06","2019","2019059861","4","40.109","-76.3347","1418","08","0","0","0","0","0","1","0","0","2","0","0","0","14","1","2","01","2","40 06:32.520","1","00","76 20:04.814","2","0","0","0","36101","0","0","0","N","0","0","0","2","36101","0","","1","01","N","N","0","","1","1","1","3","2","Y","1417","2","2","0","0","0","0","0","3","0","2","N","","","","","","","","","","","","03","  ","","",""
"0653","0","0","0","0","0","0","0","0","0","7","0","","36","06","2019","2019059862","2","39.9803","-76.4625","0640","08","1","0","0","0","0","0","0","0","2","0","0","0","06","1","1","00","2","39 58:48.970","5","03","76 27:44.903","3","0","0","0","36223","0","0","0","N","0","0","0","1","36223","0","","4","09","N","N","1","","1","0","0","0","0","Y","0639","1","1","0","0","0","0","0","1","0","1","N","","","","","","","","","","","","07","  ","","",""
"1324","1","0","0","0","0","0","0","0","0","7","0","","36","06","2019","2019059863","2","40.0156","-76.382","1314","08","0","0","0","0","0","0","0","0","","0","0","0","13","1","0","00","0","40 00:56.280","","00","76 22:55.360","0","0","0","0","36223","0","0","0","N","0","0","0","1","36223","0","","4","09","N","N","0","","0","0","0","0","0","","1313","0","1","0","0","0","0","0","1","0","1","N","","","","","","","","","","","","07","  ","","",""
"0448","0","0","0","0","0","0","0","0","0","7","0","","36","05","2019","2019059993","6","40.1551","-76.1244","0438","08","0","0","0","0","0","0","1","0","","0","0","0","04","3","0","02","0","40 09:18.278","","00","76 07:27.939","0","0","0","0","36218","0","0","0","N","0","0","0","1","36408","0","","4","01","N","N","0","","0","0","1","3","3","N","0435","0","1","0","0","0","0","0","1","0","1","N","","","","","","","","","","","","03","  ","","",""
"2347","1","0","0","0","0","0","0","0","0","7","0","","36","06","2019","2019060004","1","40.2306","-76.0724","2343","08","0","0","0","0","0","1","0","0","3","2","0","0","23","2","0","00","2","40 13:50.182","5","00","76 04:20.716","1","0","0","0","36210","0","0","0","N","0","0","0","2","36210","0","1","5","01","N","N","0","0","0","0","0","0","0","Y","2342","0","1","2","0","2","0","0","1","0","1","N","","","","","","","","","","","","03","  ","","",""
"1711","1","0","0","0","0","0","0","0","0","1","0","","36","06","2019","2019060005","4","40.2121","-76.1229","1708","08","0","0","0","0","0","0","0","0","","0","0","0","17","1","0","00","0","40 12:43.700","","00","76 07:22.300","0","0","0","0","36210","0","0","0","N","0","0","0","2","36210","0","","1","01","N","N","0","","0","0","1","0","0","","1706","0","2","0","0","2","0","0","1","0","2","N","","","","","","","","","","","","03","  ","","",""
"2255","2","0","0","0","0","0","0","0","0","6","0","","36","06","2019","2019060013","3","40.2604","-76.1818","2247","08","1","0","0","0","1","0","0","0","2","0","0","0","22","2","0","00","2","40 15:37.589","5","00","76 10:54.579","0","0","0","0","36236","0","0","0","N","0","0","0","3","36408","0","","1","01","N","N","0","","0","0","0","0","0","Y","2245","0","2","0","0","0","0","0","1","0","2","N","","","","","","","","","","","","03","  ","","",""
"1212","1","0","0","0","0","0","0","0","0","4","0","","36","06","2019","2019060026","4","40.1319","-76.2176","1208","08","0","1","0","0","0","0","1","0","2","0","0","0","12","1","3","00","1","40 07:54.904","4","07","76 13:03.515","3","0","0","0","36238","0","0","0","N","0","0","0","4","36238","0","","1","01","N","N","0","","3","0","1","0","0","N","1205","3","2","0","0","0","0","0","3","0","2","N","","","","","","","","","","","","03","  ","","",""
"1252","3","0","0","0","0","0","0","0","0","4","0","","36","06","2019","2019060032","4","40.0367","-76.3198","1223","08","0","0","0","0","0","0","0","0","","0","0","0","12","1","0","01","0","40 02:12.200","","00","76 19:11.100","0","0","0","0","36301","0","0","0","N","0","0","0","1","36301","0","","1","01","N","N","0","","0","0","0","0","0","N","1223","0","3","0","0","0","0","0","3","0","3","N","","","","","","","","","","","","03","  ","","",""
"1809","0","0","0","0","0","0","0","0","0","4","0","","36","06","2019","2019060061","6","40.0358","-76.5018","1809","08","0","0","0","1","0","1","0","0","","0","0","0","18","1","0","01","0","40 02:09.013","","00","76 30:06.445","0","0","0","0","36404","0","0","0","N","0","0","0","3","36404","0","","1","01","N","N","0","","0","0","2","3","3","N","1809","0","2","0","0","0","0","0","3","0","2","N","","","","","","","","","","","","03","  ","","",""
"1205","1","0","0","0","0","0","0","0","0","1","0","","36","06","2019","2019060072","4","40.0369","-76.2719","1157","08","0","0","0","0","0","2","1","0","2","0","0","0","11","1","0","00","1","40 02:12.786","2","00","76 16:18.693","0","0","0","0","36240","0","0","0","N","0","0","0","3","36240","0","","1","01","N","N","0","","0","0","2","0","0","N","1156","0","3","0","0","0","0","0","1","0","3","N","","","","","","","","","","","","03","  ","","",""
"0725","1","0","0","0","0","0","0","0","0","1","0","","36","06","2019","2019060119","4","39.9737","-76.3089","0719","08","0","0","0","0","0","0","0","1","1","0","0","0","07","1","1","00","1","39 58:25.231","5","00","76 18:32.002","3","0","0","0","36228","0","0","0","N","0","0","0","2","36228","0","","1","01","N","N","1","","1","0","0","0","0","Y","0718","1","2","0","0","1","0","0","1","0","2","N","","","","","","","","","","","","03","  ","","",""
"2253","2","0","0","0","0","0","0","0","0","4","0","","36","06","2019","2019060135","3","40.0379","-76.5042","2251","08","0","0","0","0","0","0","0","0","1","0","0","0","22","3","0","01","1","40 02:16.558","7","00","76 30:14.950","9","0","0","0","36404","0","0","0","N","0","0","0","2","36404","0","","1","01","N","N","0","","0","0","0","3","3","N","2245","0","2","0","0","0","0","1","3","0","2","N","","","","","","","","","","","","03","  ","","",""
"1144","1","0","0","0","0","0","0","0","0","1","0","","36","06","2019","2019060228","5","40.1843","-76.6009","1138","08","0","0","0","0","0","0","1","0","1","0","0","0","11","1","1","01","1","40 11:03.464","4","00","76 36:03.165","3","0","0","0","36225","0","0","0","N","0","0","0","2","36505","0","","1","01","N","N","1","","1","0","0","0","0","N","1135","1","2","0","0","0","0","0","2","0","2","N","","","","","","","","","","","","03","  ","","",""
"0218","0","0","0","0","0","0","0","0","0","7","0","","36","06","2019","2019060234","4","40.0184","-76.3525","0215","08","0","0","0","0","0","0","0","0","2","0","0","0","02","3","0","01","1","40 01:06.095","2","00","76 21:09.073","0","0","0","0","36412","0","0","0","N","0","0","0","2","36412","0","","2","01","N","N","1","","0","0","0","3","3","N","0211","0","1","0","0","0","0","0","3","0","1","N","","","","","","","","","","","","03","  ","","",""
"0702","0","0","0","0","0","0","0","0","0","4","0","","36","06","2019","2019060238","5","40.1074","-76.1675","0655","08","0","0","0","0","0","0","1","0","2","0","0","0","06","1","2","01","1","40 06:26.737","3","00","76 10:02.928","3","0","0","0","36238","0","0","0","N","0","0","0","2","36238","0","","1","09","N","N","0","","2","0","2","3","3","N","0650","2","2","0","0","1","0","0","3","0","2","N","","","","","","","","","","","","07","  ","","",""