"ARRIVAL_TM","AUTOMOBILE_COUNT","BELTED_DEATH_COUNT","BELTED_SUSP_SERIOUS_INJ_COUNT","BICYCLE_COUNT","BICYCLE_DEATH_COUNT","BICYCLE_SUSP_SERIOUS_INJ_COUNT","BUS_COUNT","CHLDPAS_DEATH_COUNT","CHLDPAS_SUSP_SERIOUS_INJ_COUNT","COLLISION_TYPE","COMM_VEH_COUNT","CONS_ZONE_SPD_LIM","COUNTY","CRASH_MONTH","CRASH_YEAR","CRN","DAY_OF_WEEK","DEC_LAT","DEC_LONG","DISPATCH_TM","DISTRICT","DRIVER_COUNT_16YR","DRIVER_COUNT_17YR","DRIVER_COUNT_18YR","DRIVER_COUNT_19YR","DRIVER_COUNT_20YR","DRIVER_COUNT_50_64YR","DRIVER_COUNT_65_74YR","DRIVER_COUNT_75PLUS","EST_HRS_CLOSED","FATAL_COUNT","HEAVY_TRUCK_COUNT","HORSE_BUGGY_COUNT","HOUR_OF_DAY","ILLUMINATION","INJURY_COUNT","INTERSECT_TYPE","LANE_CLOSED","LATITUDE","LN_CLOSE_DIR","LOCATION_TYPE","LONGITUDE","MAX_SEVERITY_LEVEL","MCYCLE_DEATH_COUNT","MCYCLE_SUSP_SERIOUS_INJ_COUNT","MOTORCYCLE_COUNT","MUNICIPALITY","NONMOTR_COUNT","NONMOTR_DEATH_COUNT","NONMOTR_SUSP_SERIOUS_INJ_COUNT","NTFY_HIWY_MAINT","PED_COUNT","PED_DEATH_COUNT","PED_SUSP_SERIOUS_INJ_COUNT","PERSON_COUNT","POLICE_AGCY","POSSIBLE_INJ_COUNT","RDWY_SURF_TYPE_CD","RELATION_TO_ROAD","ROAD_CONDITION","SCH_BUS_IND","SCH_ZONE_IND","SMALL_TRUCK_COUNT","SPEC_JURIS_CD","SUSP_MINOR_INJ_COUNT","SUSP_SERIOUS_INJ_COUNT","SUV_COUNT","TCD_FUNC_CD","TCD_TYPE","TFC_DETOUR_IND","TIME_OF_DAY","TOT_INJ_COUNT","TOTAL_UNITS","UNB_DEATH_COUNT","UNB_SUSP_SERIOUS_INJ_COUNT","UNBELTED_OCC_COUNT","UNK_INJ_DEG_COUNT","UNK_INJ_PER_COUNT","URBAN_RURAL","VAN_COUNT","VEHICLE_COUNT","WORK_ZONE_IND","WORK_ZONE_LOC","WORK_ZONE_TYPE","WORKERS_PRES","WZ_CLOSE_DETOUR","WZ_FLAGGER","WZ_LAW_OFFCR_IND","WZ_LN_CLOSURE","WZ_MOVING","WZ_OTHER","WZ_SHLDER_MDN","ROADWAY_CLEARED","WEATHER1","WEATHER2","WZ_WORKERS_INJ_KILLED","SECONDARY_CRASH","INTERSECTION_RELATED"
"1318","3","0","0","0","0","0","0","0","0","1","0","","36","06","2019","2019060275","6","40.0052","-76.305","1305","08","0","0","1","0","0","0","0","0","","0","0","0","12","1","1","02","0","40 00:18.747","","00","76 18:18.078","3","0","0","0","36220","0","0","0","N","0","0","0","3","36101","0","","1","01","N","N","0","","1","0","0","0","0","","1203","1","3","0","0","1","0","0","3","0","3","N","","","","","","","","","","","","03","  ","","",""
"1345","0","0","0","0","0","0","0","0","0","4","0","","36","06","2019","2019060276","4","40.0778","-76.2957","1344","08","0","0","0","0","0","1","0","0","1","0","0","0","13","1","0","02","1","40 04:40.027","1","00","76 17:44.549","0","0","0","0","36101","0","0","0","N","0","0","0","2","36101","0","","1","01","N","N","1","","0","0","1","3","2","N","1342","0","2","0","0","0","0","0","3","0","2","N","","","","","","","","","","","","03","  ","","",""
"1441","2","0","0","0","0","0","0","0","0","5","0","","36","06","2019","2019060277","3","40.0613","-76.3541","1436","08","0","0","0","1","0","1","0","0","1","0","0","0","14","1","2","00","2","40 03:40.608","4","00","76 21:14.921","3","0","0","0","36214","0","0","0","N","0","0","0","5","36214","0","","1","01","N","N","0","","2","0","1","0","0","N","1434","2","3","0","0","0","0","0","3","0","3","N","","","","","","","","","","","","03","  ","","",""
"1450","2","0","0","0","0","0","0","0","0","4","0","","36","05","2019","2019060298","3","40.2225","-76.0968","1446","08","0","0","0","0","1","0","0","0","1","0","0","0","14","1","1","01","1","40 13:20.882","2","00","76 05:48.548","3","0","0","0","36210","0","0","0","N","0","0","0","2","36210","0","","1","01","N","N","0","","1","0","0","3","2","N","1445","1","2","0","0","0","0","0","1","0","2","N","","","","","","","","","","","","03","  ","","",""
"0850","1","0","0","0","0","0","0","0","0","1","0","55","36","06","2019","2019060300","5","40.1913","-76.1246","0842","08","0","0","0","0","0","0","1","0","1","0","0","0","08","1","1","00","1","40 11:28.792","2","00","76 07:28.478","3","0","0","0","36210","0","0","0","N","0","0","0","2","36210","0","","1","09","N","N","0","","1","0","0","0","0","N","0841","1","2","0","0","1","0","0","1","1","2","Y","1","1","Y","","","Y","Y","","","","","07","  ","","",""
"2017","0","0","0","0","0","0","0","0","0","7","0","","36","05","2019","2019060320","5","40.0513","-76.0326","2017","08","0","0","0","0","0","0","0","0","2","0","0","0","19","4","1","00","2","40 03:04.853","6","00","76 01:57.392","3","0","0","0","36232","0","0","0","N","0","0","0","1","68J01","0","","4","01","N","N","0","","1","0","1","0","0","Y","1951","1","1","0","0","0","0","0","1","0","1","N","","","","","","","","","","","","03","  ","","",""
"1200","0","0","0","0","0","0","0","0","0","7","0","","36","06","2019","2019060352","2","39.9687","-76.3461","1143","08","1","0","0","0","0","0","0","0","","0","0","0","11","1","1","00","0","39 58:07.320","","00","76 20:45.860","3","0","0","0","36206","0","0","0","N","0","0","0","1","68J01","0","","4","09","N","N","0","","1","0","0","0","0","","1137","1","1","0","0","1","0","0","1","1","1","N","","","","","","","","","","","","07","  ","","",""
"0847","1","0","0","0","0","0","0","0","0","4","0","","36","06","2019","2019060363","4","39.8797","-76.0157","0821","08","0","0","0","0","0","0","0","0","2","0","0","0","08","1","0","00","1","39 52:47.081","5","00","76 00:56.440","0","0","0","0","36205","0","0","0","N","0","0","0","4","68J01","0","","1","01","N","N","0","","0","0","1","0","0","N","0816","0","2","0","0","0","0","0","1","0","2","N","","","","","","","","","","","","03","  ","","",""
"1954","2","0","0","0","0","0","0","0","0","4","0","","36","06","2019","2019060393","5","40.0317","-76.3045","1950","08","0","0","0","0","0","0","0","0","2","0","0","0","19","1","0","02","1","40 01:53.979","1","00","76 18:16.288","0","0","0","0","36301","0","0","0","N","0","0","0","3","36301","0","","1","09","N","N","0","","0","0","1","0","0","N","1948","0","3","0","0","0","0","0","3","0","3","N","","","","","","","","","","","","07","  ","","",""
"0828","2","0","0","0","0","0","0","0","0","4","0","","36","05","2019","2019060398","6","40.1315","-76.1479","0821","08","0","0","0","0","0","2","0","0","1","0","0","0","08","1","0","01","1","40 07:53.254","6","00","76 08:52.441","0","0","0","0","36238","0","0","0","N","0","0","0","3","36238","0","","1","01","N","N","0","","0","0","0","3","3","N","0820","0","2","0","0","0","0","0","3","0","2","N","","","","","","","","","","","","03","  ","","",""
"0137","0","0","0","0","0","0","0","0","0","0","0","","36","06","2019","2019060444","2","40.0172","-76.3951","0133","08","0","0","0","0","0","0","0","0","","0","0","0","01","2","1","01","0","40 01:01.883","","00","76 23:42.517","3","0","0","1","36223","0","0","0","N","0","0","0","1","36223","0","","1","01","N","N","0","","1","0","0","3","3","","0131","1","1","0","0","0","0","0","1","0","1","N","","","","","","","","","","","","03","  ","","",""
"0838","1","0","0","0","0","0","0","0","0","7","0","","36","06","2019","2019060490","6","40.2101","-76.1623","0832","08","0","0","0","0","0","0","0","0","1","0","0","0","08","1","0","00","1","40 12:36.302","2","00","76 09:44.398","0","0","0","0","36210","0","0","0","N","0","0","0","1","36408","0","","4","01","N","N","0","","0","0","0","0","0","N","0829","0","1","0","0","0","0","0","1","0","1","N","","","","","","","","","","","","03","  ","","",""
"1359","1","0","0","0","0","0","0","0","0","7","0","","36","06","2019","2019060517","4","40.0302","-76.3197","1359","08","0","0","0","0","0","0","0","0","1","0","0","0","13","1","2","02","2","40 01:48.878","1","00","76 19:11.038","2","0","0","0","36301","2","0","2","N","2","0","2","3","36301","0","","4","01","N","N","0","","0","2","0","0","0","Y","1359","2","3","0","0","0","0","0","3","0","1","N","","","","","","","","","","","","03","  ","","",""
"1008","0","1","0","0","0","0","0","0","0","7","1","","36","05","2019","2019060531","5","40.2456","-76.187","0952","08","0","0","0","0","0","0","0","0","3","1","1","0","09","1","0","00","2","40 14:44.037","3","00","76 11:13.212","1","0","0","0","36236","0","0","0","N","0","0","0","1","68T06","0","2","4","01","N","N","0","0","0","0","0","0","0","N","0952","0","1","0","0","0","0","0","1","0","1","N","","","","","","","","","","","","03","  ","","",""
"1112","1","0","0","0","0","0","0","0","0","4","0","","36","06","2019","2019060613","2","40.0762","-76.3477","1058","08","0","0","0","0","0","0","0","1","1","0","0","0","10","1","2","02","2","40 04:34.165","2","00","76 20:51.773","4","0","0","0","36101","0","0","0","N","0","0","0","2","36101","2","","1","01","N","N","0","","0","0","1","3","3","Y","1054","2","2","0","0","0","0","0","3","0","2","N","","","","","","","","","","","","03","  ","","",""
"1538","2","0","0","0","0","0","0","0","0","1","0","","36","06","2019","2019060614","3","40.0853","-76.3448","1538","08","0","0","0","0","0","1","2","0","","0","0","0","15","1","0","00","0","40 05:07.193","","07","76 20:41.207","0","0","0","0","36214","0","0","0","N","0","0","0","5","36101","0","","1","01","N","N","0","","0","0","2","0","0","","1534","0","4","0","0","0","0","0","3","0","4","N","","","","","","","","","","","","03","  ","","",""
"1557","1","0","0","0","0","0","0","0","0","1","0","","36","06","2019","2019060615","3","40.069","-76.3081","1541","08","0","0","0","0","0","1","0","0","","0","0","0","15","1","0","00","0","40 04:08.429","","00","76 18:29.083","0","0","0","0","36101","0","0","0","N","0","0","0","2","36101","0","","1","01","N","N","0","","0","0","1","0","0","","1537","0","2","0","0","0","0","0","3","0","2","N","","","","","","","","","","","","03","  ","","",""
"1642","0","0","0","0","0","0","0","0","0","1","0","","36","06","2019","2019060616","3","40.0823","-76.3583","1631","08","0","0","0","0","1","0","0","0","2","0","0","0","16","1","1","00","1","40 04:56.353","4","00","76 21:30.058","3","0","0","0","36214","0","0","0","N","0","0","0","2","36214","0","","1","01","N","N","0","","1","0","2","0","0","N","1613","1","2","0","0","0","0","0","3","0","2","N","","","","","","","","","","","","03","  ","","",""
"1717","1","0","0","0","0","0","0","0","0","4","0","","36","06","2019","2019060617","3","40.0228","-76.3671","1700","08","0","0","0","0","0","1","0","0","2","0","0","0","17","1","0","01","1","40 01:21.946","1","00","76 22:01.509","0","0","0","0","36223","0","0","0","N","0","0","0","2","36223","0","","1","01","N","N","1","","0","0","0","0","0","N","1700","0","2","0","0","0","0","0","1","0","2","N","","","","","","","","","","","","03","  ","","",""
"0600","1","0","0","0","0","0","0","0","0","4","0","","36","06","2019","2019060618","2","40.1624","-76.3821","0554","08","0","0","0","0","0","0","0","0","1","0","0","0","05","5","1","00","1","40 09:44.530","3","07","76 22:55.480","3","0","0","1","36410","0","0","0","N","0","0","0","2","36410","0","","1","01","N","N","0","","1","0","0","0","0","N","0554","1","2","0","0","0","0","0","2","0","2","N","","","","","","","","","","","","03","  ","","",""
"1707","1","0","0","0","0","0","0","0","0","4","0","","36","06","2019","2019060619","5","40.1408","-76.4247","1702","08","0","0","0","0","1","0","1","0","2","0","0","0","16","1","1","02","2","40 08:26.764","3","00","76 25:28.926","8","0","0","0","36230","0","0","0","N","0","0","0","3","36410","0","","1","01","N","N","0","","0","0","0","3","3","N","1659","1","2","0","0","0","1","0","1","1","2","N","","","","","","","","","","","","03","  ","","",""
"0931","2","0","0","0","0","0","0","0","0","4","0","","36","06","2019","2019060620","1","40.2","-76.421","0927","08","0","0","0","0","0","0","0","1","2","0","0","0","09","1","2","01","1","40 11:59.848","6","00","76 25:15.755","3","0","0","0","36230","0","0","0","N","0","0","0","4","36410","1","","1","01","N","N","0","","1","0","0","3","3","N","0925","2","2","0","0","0","0","0","1","0","2","N","","","","","","","","","","","","03","  ","","",""
"0553","1","0","0","0","0","0","0","0","0","7","0","","36","03","2019","2019060697","6","40.0998","-76.5912","0546","08","0","0","0","0","0","0","0","0","","0","0","0","05","1","0","00","0","40 05:59.103","","00","76 35:28.179","0","0","0","0","36211","0","0","0","N","0","0","0","1","36504","0","","2","07","N","N","0","","0","0","0","0","0","","0534","0","1","0","0","0","0","0","1","0","1","N","","","","","","","","","","","","10","  ","","",""
"2049","0","0","0","0","0","0","0","0","0","1","0","","36","06","2019","2019060720","6","40.1848","-76.1865","2043","08","0","0","0","0","0","0","0","0","3","0","0","0","20","4","0","00","1","40 11:05.242","4","00","76 11:11.343","0","0","0","0","36408","0","0","0","N","0","0","0","1","36408","0","","6","01","N","N","1","","0","0","1","0","0","N","2042","0","2","0","0","0","0","0","2","0","2","N","","","","","","","","","","","","03","  ","","",""
"2120","2","0","0","0","0","0","0","0","0","1","0","","36","06","2019","2019060723","6","40.1055","-76.5106","2051","08","0","0","0","1","0","0","0","0","","0","0","0","20","4","1","00","0","40 06:19.689","","00","76 30:38.272","4","0","0","0","36413","0","0","0","N","0","0","0","2","36413","1","","1","01","N","N","0","","0","0","0","0","0","","2051","1","2","0","0","0","0","0","2","0","2","N","","","","","","","","","","","","03","  ","","",""
"0045","1","0","0","0","0","0","0","0","0","4","0","","36","06","2019","2019060746","3","40.0229","-76.3048","0039","08","0","0","0","0","0","0","0","0","1","0","0","0","00","3","2","05","1","40 01:22.439","3","00","76 18:17.112","3","0","0","0","36220","0","0","0","N","0","0","0","2","36101","0","","1","09","N","N","0","","2","0","1","3","2","N","0028","2","2","0","0","0","0","0","3","0","2","N","","","","","","","","","","","","07","  ","","",""
"0724","1","0","0","0","0","0","0","0","0","4","0","","36","06","2019","2019060747","6","40.0579","-76.2808","0716","08","0","0","0","0","0","1","0","0","2","0","0","0","07","1","2","01","1","40 03:28.276","4","00","76 16:50.908","3","0","0","0","36101","0","0","0","N","0","0","0","2","36101","0","","1","01","N","N","0","","2","0","1","3","2","N","0714","2","2","0","0","0","0","0","3","0","2","N","","","","","","","","","","","","03","  ","","",""
"1626","2","0","0","0","0","0","0","0","0","1","0","","36","06","2019","2019060748","6","40.0606","-76.3063","1621","08","0","0","0","0","0","1","1","0","1","0","0","0","16","1","0","00","1","40 03:38.254","2","00","76 18:22.514","0","0","0","0","36101","0","0","0","N","0","0","0","2","36101","0","","1","01","N","N","0","","0","0","0","0","0","N","1619","0","2","0","0","0","0","0","3","0","2","N","","","","","","","","","","","","03","  ","","",""
"0750","0","0","0","0","0","0","0","0","0","0","0","","36","06","2019","2019060749","5","40.085","-76.3812","0750","08","0","0","0","0","0","0","0","0","","0","0","0","07","1","1","02","0","40 05:06.122","","00","76 22:52.204","3","0","0","1","36214","0","0","0","N","0","0","0","1","36214","0","","1","2","N","N","0","","1","0","0","3","2","","0749","1","1","0","0","0","0","0","3","0","1","N","","","","","","","","","","","","03","  ","","",""
"1634","1","0","0","0","0","0","0","0","0","1","0","","36","06","2019","2019060755","1","40.0302","-76.2933","1634","08","0","0","0","0","1","0","0","0","2","0","0","0","16","1","1","00","2","40 01:48.600","3","00","76 17:35.800","4","0","0","0","36301","0","0","0","N","0","0","0","4","36301","1","","1","01","N","N","1","","0","0","0","0","0","Y","1630","1","2","0","0","0","0","0","3","0","2","N","","","","","","","","","","","","03","  ","","",""
"0812","0","0","0","0","0","0","0","0","0","7","0","","36","06","2019","2019060764","3","40.2508","-76.1649","0806","08","0","0","0","1","0","0","0","0","2","0","0","0","08","1","0","00","1","40 15:02.700","4","00","76 09:53.500","0","0","0","0","36236","0","0","0","N","0","0","0","1","36408","0","","2","01","N","N","0","","0","0","1","0","0","N","0806","0","1","0","0","0","0","0","1","0","1","N","","","","","","","","","","","","03","  ","","",""
"1703","1","0","0","0","0","0","0","0","0","7","0","","36","06","2019","2019060780","6","40.0314","-76.3025","1703","08","0","0","0","0","0","0","0","0","","0","0","0","17","1","0","00","0","40 01:53.037","","00","76 18:08.928","9","0","0","0","36301","0","0","0","N","0","0","0","3","36301","0","","4","01","N","N","0","","0","0","0","0","0","","1700","0","1","0","0","0","0","3","3","0","1","N","","","","","","","","","","","","03","  ","","",""
"0858","1","0","0","0","0","0","0","0","0","4","0","","36","06","2019","2019060799","6","40.245","-76.0465","0841","08","0","0","0","0","0","0","0","1","2","0","0","0","08","1","1","01","1","40 14:41.925","2","00","76 02:47.244","8","0","0","0","36401","0","0","0","N","0","0","0","3","36408","0","","1","01","N","N","1","","0","0","0","3","3","N","0836","1","2","0","0","0","1","0","1","0","2","N","","","","","","","","","","","","03","  ","","",""
"1645","1","0","0","0","0","0","0","0","0","4","0","","36","05","2019","2019060823","1","39.9914","-76.0166","1638","08","0","1","0","0","0","0","0","0","","0","0","0","16","1","0","00","0","39 59:30.847","","07","76 01:10.216","0","0","0","0","36232","0","0","0","N","0","0","0","2","68J01","0","","1","08","N","N","0","","0","0","0","3","2","","1636","0","2","0","0","0","0","0","1","1","2","N","","","","","","","","","","","","07","  ","","",""
"1010","0","0","0","0","0","0","0","0","0","4","0","","36","05","2019","2019060825","6","39.8997","-76.0445","0955","08","0","0","0","0","0","0","0","1","2","0","0","0","09","1","1","01","1","39 53:58.957","7","00","76 02:40.203","3","0","0","0","36201","0","0","0","N","0","0","0","6","68J01","0","","1","01","N","N","0","","1","0","1","3","3","Y","0952","1","2","0","0","0","0","0","1","1","2","N","","","","","","","","","","","","03","  ","","",""
"0910","1","0","1","0","0","0","0","0","0","1","0","","36","05","2019","2019060833","5","39.8218","-76.2007","0845","08","0","0","0","0","0","1","0","0","2","0","0","0","08","1","2","02","1","39 49:18.557","1","00","76 12:02.429","2","0","0","0","36212","0","0","0","N","0","0","0","3","68J01","0","","1","01","N","N","0","","1","1","1","0","0","N","0844","2","2","0","0","0","0","0","1","0","2","N","","","","","","","","","","","","03","  ","","",""
"1136","0","0","0","0","0","0","0","0","0","1","0","50","36","05","2019","2019060834","5","39.817","-76.3238","1125","08","0","0","0","0","0","1","1","0","2","0","0","0","11","1","3","00","1","39 49:01.329","4","03","76 19:25.559","3","0","0","0","36224","0","0","0","N","0","0","0","4","68J01","0","","1","01","N","N","1","","1","0","1","3","7","N","1119","3","2","0","0","0","2","0","1","0","2","Y","2","2","Y","N","Y","N","Y","N","N","N","","03","  ","","",""
"1700","0","0","0","0","0","0","0","0","0","4","0","","36","05","2019","2019060836","6","39.9615","-76.1028","1641","08","0","1","0","0","0","0","0","0","2","0","0","0","16","1","0","01","1","39 57:41.266","1","00","76 06:10.058","0","0","0","0","36226","0","0","0","N","0","0","0","3","68J01","0","","1","01","N","N","0","","0","0","2","3","3","N","1631","0","2","0","0","0","0","0","1","0","2","N","","","","","","","","","","","","03","  ","","",""
"1135","0","0","0","0","0","0","0","0","0","6","0","","36","06","2019","2019060879","7","40.0375","-76.4206","1131","08","0","0","0","0","0","1","0","0","","0","0","0","11","1","0","00","0","40 02:15.054","","00","76 25:14.122","9","0","0","0","36414","0","0","0","N","0","0","0","3","36239","0","","1","01","N","N","0","","0","0","2","0","0","","1131","0","2","0","0","0","0","1","3","0","2","N","","","","","","","","","","","","03","  ","","",""
"2144","2","0","0","0","0","0","0","0","0","4","0","","36","06","2019","2019060905","6","40.0412","-76.3902","2142","08","0","1","0","0","0","0","0","0","2","0","0","0","21","3","4","01","1","40 02:28.220","2","00","76 23:24.681","3","0","0","0","36214","0","0","0","N","0","0","0","4","36223","0","","1","01","N","N","0","","4","0","0","3","2","Y","2141","4","2","0","0","0","0","0","3","0","2","N","","","","","","","","","","","","03","  ","","",""
"2047","0","0","0","0","0","0","0","0","0","4","0","","36","06","2019","2019060920","6","40.1917","-76.5752","2044","08","0","0","0","0","0","0","1","0","2","0","0","0","20","1","2","01","2","40 11:30.066","6","00","76 34:30.670","4","0","0","0","36225","0","0","0","N","0","0","0","5","36505","2","","1","01","N","N","0","","0","0","2","3","3","N","2041","2","2","0","0","0","0","0","2","0","2","N","","","","","","","","","","","","03","  ","","",""
"0636","1","0","0","0","0","0","0","0","0","7","0","","36","06","2019","2019060965","7","40.1625","-76.5741","0633","08","0","1","0","0","0","0","0","0","2","0","0","0","06","1","0","00","2","40 09:44.900","5","00","76 34:26.800","0","0","0","0","36225","0","0","0","N","0","0","0","1","36505","0","","5","01","N","N","0","","0","0","0","0","0","N","0631","0","1","0","0","0","0","0","2","0","1","N","","","","","","","","","","","","03","  ","","",""
"1829","0","0","0","0","0","0","0","0","0","4","0","","36","06","2019","2019060967","7","40.0379","-76.5042","1828","08","0","0","0","0","0","1","0","0","2","0","0","0","18","1","1","01","2","40 02:16.558","7","00","76 30:14.950","8","0","0","0","36404","0","0","0","N","0","0","0","2","36404","0","","1","09","N","N","1","","0","0","1","3","3","Y","1827","1","2","0","0","1","1","0","3","0","2","N","","","","","","","","","","","","03","  ","","",""
"2251","0","0","0","0","0","0","0","0","0","7","1","","36","06","2019","2019060978","6","40.0052","-76.2191","2246","08","0","0","0","0","0","0","0","0","4","0","1","0","22","2","1","00","2","40 00:18.788","7","00","76 13:08.612","3","0","0","0","36240","0","0","0","N","0","0","0","1","36240","0","","4","01","N","N","0","","1","0","0","0","0","Y","2240","1","1","0","0","0","0","0","1","0","1","N","","","","","","","","","","","","03","  ","","",""
"2145","0","0","0","0","0","0","0","0","0","4","0","","36","06","2019","2019060988","7","40.0309","-76.4566","2142","08","1","1","0","0","0","0","0","0","2","0","0","0","21","2","0","03","1","40 01:51.286","5","00","76 27:23.853","0","0","0","0","36239","0","0","0","N","0","0","0","4","36239","0","","1","01","N","N","0","","0","0","1","3","3","N","2142","0","2","0","0","0","0","0","3","1","2","N","","","","","","","","","","","","03","  ","","",""
"2317","1","0","0","0","0","0","0","0","0","1","0","","36","06","2019","2019060993","7","40.1808","-76.1592","2314","08","0","0","0","0","0","0","0","0","","0","0","0","23","2","1","00","0","40 10:50.900","","00","76 09:33.100","3","0","0","0","36408","0","0","0","N","0","0","0","1","36408","0","","1","01","N","N","1","","1","0","0","0","0","","2313","1","2","0","0","1","0","0","2","0","2","N","","","","","","","","","","","","03","  ","","",""
"1800","0","0","0","0","0","0","0","0","0","1","0","","36","06","2019","2019061019","7","40.1383","-76.5489","1756","08","0","0","0","0","0","1","0","0","","0","0","0","17","1","0","00","0","40 08:17.790","","00","76 32:56.125","0","0","0","0","36225","0","0","0","N","0","0","0","2","36505","0","","1","01","N","N","2","","0","0","0","0","0","","1756","0","2","0","0","0","0","0","2","0","2","N","","","","","","","","","","","","03","  ","","",""
"1248","2","0","0","0","0","0","0","0","0","5","0","","36","06","2019","2019061036","3","40.0298","-76.3042","1243","08","0","0","0","0","0","0","0","0","1","0","0","0","12","1","0","01","2","40 01:47.172","4","00","76 18:15.038","0","0","0","0","36301","0","0","0","N","0","0","0","1","36301","0","","1","01","N","N","0","","0","0","1","0","0","Y","1241","0","3","0","0","0","0","0","3","0","3","N","","","","","","","","","","","","03","  ","","",""
"2043","1","0","0","0","0","0","0","0","0","7","0","","36","06","2019","2019061057","7","39.8884","-76.1876","2040","08","0","0","0","1","0","0","0","0","2","0","0","0","20","1","0","00","1","39 53:18.313","3","00","76 11:15.462","0","0","0","0","36212","0","0","0","N","0","0","0","1","68J01","0","","4","01","N","N","0","","0","0","0","0","0","N","2040","0","1","0","0","0","0","0","1","0","1","N","","","","","","","","","","","","03","  ","","",""
"0828","1","0","0","0","0","0","0","0","0","6","0","","36","06","2019","2019061059","3","40.0549","-76.0828","0807","08","1","0","0","0","0","1","0","0","2","0","0","0","08","1","0","00","2","40 03:17.790","6","07","76 04:58.060","0","0","0","0","36221","0","0","0","N","0","0","0","3","68J01","0","","1","01","N","N","1","","0","0","0","0","0","Y","0806","0","2","0","0","0","0","0","1","0","2","N","","","","","","","","","","","","03","  ","","",""
"0636","1","0","0","0","0","0","0","0","0","7","0","","36","06","2019","2019061061","4","39.9903","-76.0092","0618","08","0","0","0","0","0","0","0","0","","0","0","0","06","2","0","00","0","39 59:25.108","","00","76 00:33.061","0","0","0","0","36232","0","0","0","N","0","0","0","1","68J01","0","","2","01","N","N","0","","0","0","0","0","0","","0601","0","1","0","0","0","0","0","1","0","1","N","","","","","","","","","","","","03","  ","","",""
"1441","2","0","0","0","0","0","0","0","0","4","0","","36","06","2019","2019061062","4","40.0024","-76.0924","1426","08","0","0","0","0","0","0","0","1","","0","0","0","14","1","0","02","0","40 00:08.574","","00","76 05:32.772","0","0","0","0","36226","0","0","0","N","0","0","0","5","68J01","0","","1","01","N","N","0","","0","0","0","0","0","","1415","0","2","0","0","0","0","0","1","0","2","N","","","","","","","","","","","","03","  ","","",""
"1721","1","0","0","0","0","0","0","0","0","4","0","","36","06","2019","2019061063","5","39.9298","-76.0547","1704","08","0","0","0","0","1","0","0","0","1","0","0","0","16","1","1","01","2","39 55:47.340","6","00","76 03:17.055","3","0","0","0","36201","0","0","0","N","0","0","0","3","68J01","0","","1","01","N","N","1","","1","0","0","2","3","Y","1653","1","2","0","0","0","0","0","1","0","2","N","","","","","","","","","","","","03","  ","","",""
"2343","1","0","0","0","0","0","0","0","0","7","0","","36","06","2019","2019061065","6","40.1101","-75.9781","2324","08","0","0","0","0","0","0","0","0","","0","0","0","23","2","0","00","0","40 06:36.300","","00","75 58:41.300","0","0","0","0","36203","0","0","0","N","0","0","0","1","68J01","0","","4","01","N","N","0","","0","0","0","0","0","","2311","0","1","0","0","0","0","0","1","0","1","N","","","","","","","","","","","","03","  ","","",""
"1037","0","0","1","0","0","0","0","0","0","4","0","","36","06","2019","2019061068","1","39.8726","-76.2286","1019","08","0","0","0","0","0","1","1","0","2","0","0","0","10","1","2","01","1","39 52:21.285","7","00","76 13:43.327","2","0","0","0","36212","0","0","0","N","0","0","0","2","68J01","1","","1","01","N","N","1","","0","1","1","3","2","N","1018","2","2","0","0","0","0","0","1","0","2","N","","","","","","","","","","","","03","  ","","",""
"0912","1","0","0","0","0","0","0","0","0","7","0","","36","06","2019","2019061071","2","39.8706","-76.228","0850","08","0","0","0","0","0","0","0","0","2","0","0","0","08","1","0","00","1","39 52:14.160","3","00","76 13:40.917","0","0","0","0","36208","0","0","0","N","0","0","0","1","68J01","0","","2","09","N","N","0","","0","0","0","0","0","N","0832","0","1","0","0","0","0","0","1","0","1","N","","","","","","","","","","","","07","  ","","",""
"1436","2","0","0","0","0","0","0","0","0","4","0","","36","06","2019","2019061075","3","39.9914","-76.0166","1424","08","0","0","0","0","0","0","0","0","","0","0","0","13","1","1","01","0","39 59:29.214","","00","76 00:59.722","3","0","0","0","36232","0","0","0","N","0","0","0","2","68J01","0","","1","01","N","N","0","","1","0","0","3","2","","1333","1","2","0","0","0","0","0","1","0","2","N","","","","","","","","","","","","03","  ","","",""
"2124","1","0","0","0","0","0","0","0","0","7","0","","36","06","2019","2019061086","5","39.9179","-76.0388","2106","08","1","0","0","0","0","0","0","0","3","0","0","0","20","2","0","00","1","39 55:04.540","1","00","76 02:19.595","0","0","0","0","36231","0","0","0","N","0","0","0","1","68J01","0","","2","09","N","N","0","","0","0","0","0","0","N","2048","0","1","0","0","0","0","0","1","0","1","N","","","","","","","","","","","","07","  ","","",""
"1351","2","0","0","0","0","0","0","0","0","1","0","","36","06","2019","2019061087","6","39.884","-76.1609","1349","08","0","0","0","0","1","0","0","0","1","0","0","0","13","1","1","02","2","39 53:02.562","1","00","76 09:39.179","3","0","0","0","36212","0","0","0","N","0","0","0","2","68J01","0","","1","01","N","N","0","","1","0","0","0","0","N","1346","1","2","0","0","0","0","0","1","0","2","N","","","","","","","","","","","","03","  ","","",""