"ARRIVAL_TM","AUTOMOBILE_COUNT","BELTED_DEATH_COUNT","BELTED_SUSP_SERIOUS_INJ_COUNT","BICYCLE_COUNT","BICYCLE_DEATH_COUNT","BICYCLE_SUSP_SERIOUS_INJ_COUNT","BUS_COUNT","CHLDPAS_DEATH_COUNT","CHLDPAS_SUSP_SERIOUS_INJ_COUNT","COLLISION_TYPE","COMM_VEH_COUNT","CONS_ZONE_SPD_LIM","COUNTY","CRASH_MONTH","CRASH_YEAR","CRN","DAY_OF_WEEK","DEC_LAT","DEC_LONG","DISPATCH_TM","DISTRICT","DRIVER_COUNT_16YR","DRIVER_COUNT_17YR","DRIVER_COUNT_18YR","DRIVER_COUNT_19YR","DRIVER_COUNT_20YR","DRIVER_COUNT_50_64YR","DRIVER_COUNT_65_74YR","DRIVER_COUNT_75PLUS","EST_HRS_CLOSED","FATAL_COUNT","HEAVY_TRUCK_COUNT","HORSE_BUGGY_COUNT","HOUR_OF_DAY","ILLUMINATION","INJURY_COUNT","INTERSECT_TYPE","LANE_CLOSED","LATITUDE","LN_CLOSE_DIR","LOCATION_TYPE","LONGITUDE","MAX_SEVERITY_LEVEL","MCYCLE_DEATH_COUNT","MCYCLE_SUSP_SERIOUS_INJ_COUNT","MOTORCYCLE_COUNT","MUNICIPALITY","NONMOTR_COUNT","NONMOTR_DEATH_COUNT","NONMOTR_SUSP_SERIOUS_INJ_COUNT","NTFY_HIWY_MAINT","PED_COUNT","PED_DEATH_COUNT","PED_SUSP_SERIOUS_INJ_COUNT","PERSON_COUNT","POLICE_AGCY","POSSIBLE_INJ_COUNT","RDWY_SURF_TYPE_CD","RELATION_TO_ROAD","ROAD_CONDITION","SCH_BUS_IND","SCH_ZONE_IND","SMALL_TRUCK_COUNT","SPEC_JURIS_CD","SUSP_MINOR_INJ_COUNT","SUSP_SERIOUS_INJ_COUNT","SUV_COUNT","TCD_FUNC_CD","TCD_TYPE","TFC_DETOUR_IND","TIME_OF_DAY","TOT_INJ_COUNT","TOTAL_UNITS","UNB_DEATH_COUNT","UNB_SUSP_SERIOUS_INJ_COUNT","UNBELTED_OCC_COUNT","UNK_INJ_DEG_COUNT","UNK_INJ_PER_COUNT","URBAN_RURAL","VAN_COUNT","VEHICLE_COUNT","WORK_ZONE_IND","WORK_ZONE_LOC","WORK_ZONE_TYPE","WORKERS_PRES","WZ_CLOSE_DETOUR","WZ_FLAGGER","WZ_LAW_OFFCR_IND","WZ_LN_CLOSURE","WZ_MOVING","WZ_OTHER","WZ_SHLDER_MDN","ROADWAY_CLEARED","WEATHER1","WEATHER2","WZ_WORKERS_INJ_KILLED","SECONDARY_CRASH","INTERSECTION_RELATED"
"0430","1","0","0","0","0","0","0","0","0","7","0","","36","06","2019","2019061144","1","40.0412","-76.4404","0424","08","0","0","0","0","0","0","0","0","1","0","0","0","04","2","0","00","1","40 02:28.394","3","00","76 26:25.304","0","0","0","0","36239","0","0","0","Y","0","0","0","1","36239","0","","3","01","N","N","0","","0","0","0","0","0","N","0424","0","1","0","0","0","0","0","3","0","1","N","","","","","","","","","","","","03","  ","","",""
"0635","1","0","0","0","0","0","0","0","0","7","0","","36","06","2019","2019061176","5","39.8196","-76.1174","0607","08","0","0","0","0","0","0","0","0","","0","0","0","05","3","0","00","0","39 49:10.645","","00","76 07:02.657","0","0","0","0","36222","0","0","0","N","0","0","0","1","68J01","0","","4","09","N","N","0","","0","0","0","0","0","","0541","0","1","0","0","0","0","0","1","0","1","N","","","","","","","","","","","","07","  ","","",""
"2049","2","0","0","0","0","0","0","0","0","4","0","","36","06","2019","2019061230","1","40.0426","-76.2918","2043","08","0","0","0","0","0","2","0","0","1","0","0","0","20","3","0","01","1","40 02:33.489","3","00","76 17:30.624","0","0","0","0","36301","0","0","0","N","0","0","0","2","36301","0","","1","01","N","N","0","","0","0","0","3","1","N","2028","0","2","0","0","0","0","0","3","0","2","N","","","","","","","","","","","","03","  ","","",""
"1931","3","0","0","0","0","0","0","0","0","5","0","","36","06","2019","2019061233","1","40.0409","-76.2929","1857","08","0","0","0","0","0","1","0","0","2","0","0","0","18","3","0","00","1","40 02:27.204","4","00","76 17:34.302","0","0","0","0","36301","0","0","0","N","0","0","0","1","36301","0","","1","01","N","N","0","","0","0","1","0","0","N","1852","0","4","0","0","0","0","0","3","0","4","N","","","","","","","","","","","","03","  ","","",""
"2222","1","0","0","0","0","0","0","0","0","7","0","","36","05","2019","2019061239","7","40.139","-76.1513","2217","08","0","1","0","0","0","0","0","0","","0","0","0","22","2","0","00","0","40 08:20.398","","00","76 09:04.592","0","0","0","0","36238","0","0","0","N","0","0","0","1","36238","0","","4","2","N","N","0","","0","0","0","0","0","N","2217","0","1","0","0","0","0","0","3","0","1","N","","","","","","","","","","","","03","  ","","",""
"0419","1","0","0","0","0","0","0","0","0","7","0","","36","05","2019","2019061243","6","40.1504","-76.169","0411","08","0","0","0","0","0","0","0","0","","0","0","0","04","2","0","00","0","40 09:01.267","","00","76 10:08.500","9","0","0","0","36238","0","0","0","Y","0","0","0","1","36238","0","","3","01","N","N","0","","0","0","0","0","0","N","0411","0","1","0","0","0","0","1","3","0","1","N","","","","","","","","","","","","03","  ","","",""
"1128","2","0","0","0","0","0","0","0","0","4","0","","36","06","2019","2019061265","6","40.0661","-76.3064","1123","08","0","0","0","0","0","2","0","0","1","0","0","0","11","1","1","01","1","40 03:58.000","1","00","76 18:23.000","3","0","0","0","36101","0","0","0","N","0","0","0","2","36101","0","","1","01","N","N","0","","1","0","0","0","0","N","1119","1","2","0","0","0","0","0","3","0","2","N","","","","","","","","","","","","03","  ","","",""
"0750","0","0","0","0","0","0","0","0","0","4","0","","36","06","2019","2019061318","6","40.1736","-76.3384","0736","08","0","0","0","0","0","0","0","0","","0","0","0","07","1","0","01","0","40 10:25.133","","00","76 20:18.061","0","0","0","0","36227","0","0","0","N","0","0","0","2","36506","0","","1","01","N","N","0","","0","0","2","3","3","","0736","0","2","0","0","0","0","0","1","0","2","N","","","","","","","","","","","","03","  ","","",""
"1733","1","0","0","0","0","0","0","0","0","1","0","","36","06","2019","2019061319","2","40.16","-76.2255","1729","08","1","0","0","0","0","0","1","1","3","0","0","0","17","1","2","02","1","40 09:35.961","6","00","76 13:31.967","4","0","0","0","36235","0","0","0","N","0","0","0","4","36506","2","","1","01","N","N","0","","0","0","1","0","0","Y","1729","2","3","0","0","0","0","0","1","1","3","N","","","","","","","","","","","","03","  ","","",""
"0153","0","0","0","0","0","0","0","0","0","7","0","","36","06","2019","2019061324","1","40.0202","-76.3036","0153","08","0","0","0","0","0","0","0","0","","0","0","0","01","3","0","02","0","40 01:12.711","","00","76 18:12.790","0","0","0","0","36240","0","0","0","N","0","0","0","1","36240","0","","2","01","N","N","1","","0","0","0","0","0","N","0152","0","1","0","0","1","0","0","1","0","1","N","","","","","","","","","","","","03","  ","","",""
"0559","0","0","0","0","0","0","0","0","0","9","0","","36","06","2019","2019061342","7","39.9901","-76.2651","0553","08","0","0","0","0","0","1","0","0","","0","0","0","05","1","0","02","0","39 59:24.536","","00","76 15:54.473","0","0","0","0","36240","0","0","0","N","0","0","0","1","36240","0","","1","01","N","N","0","","0","0","1","3","3","N","0551","0","1","0","0","0","0","0","1","0","1","N","","","","","","","","","","","","03","  ","","",""
"0758","0","0","0","0","0","0","0","0","0","7","0","","36","06","2019","2019061347","1","40.0118","-76.2893","0752","08","0","0","0","0","0","0","0","0","1","0","0","0","07","1","0","00","1","40 00:42.400","6","00","76 17:21.600","0","0","0","0","36240","0","0","0","N","0","0","0","1","36240","0","","5","01","N","N","0","","0","0","1","0","0","N","0750","0","1","0","0","0","0","0","1","0","1","N","","","","","","","","","","","","03","  ","","",""
"0002","1","0","0","0","0","0","0","0","0","7","0","","36","05","2019","2019061360","7","40.0094","-76.1266","2343","08","0","0","0","0","0","0","0","0","1","0","0","0","23","3","1","00","1","40 00:33.753","4","00","76 07:35.821","8","0","0","0","36226","0","0","0","N","0","0","0","1","68J01","0","","4","09","N","N","0","","0","0","0","0","0","N","2336","1","1","0","0","1","1","0","1","0","1","N","","","","","","","","","","","","07","  ","","",""
"1721","2","0","0","0","0","0","0","0","0","1","0","","36","05","2019","2019061460","5","40.0689","-76.3072","1705","08","0","0","0","0","0","1","0","0","2","0","0","0","17","1","0","00","1","40 04:08.011","3","03","76 18:25.876","0","0","0","0","36101","0","0","0","N","0","0","0","2","36101","0","","1","01","N","N","0","","0","0","0","0","0","N","1704","0","2","0","0","0","0","0","3","0","2","N","","","","","","","","","","","","03","  ","","",""
"2124","0","0","0","0","0","0","0","0","0","7","0","","36","06","2019","2019061461","1","40.1254","-76.3371","2117","08","0","0","0","0","0","0","0","0","2","0","0","0","21","2","1","00","2","40 07:31.340","5","00","76 20:13.510","8","0","0","0","36101","0","0","0","N","0","0","0","1","36101","0","","5","01","N","N","1","","0","0","0","0","0","Y","2114","1","2","0","0","0","1","0","3","1","2","N","","","","","","","","","","","","03","  ","","",""
"1100","1","0","0","0","0","0","0","0","0","4","0","","36","04","2019","2019061462","4","40.1648","-76.3936","1057","08","0","0","0","0","0","0","1","0","1","0","0","0","10","1","1","01","2","40 09:53.148","2","00","76 23:36.797","8","0","0","0","36410","0","0","0","N","0","0","0","2","36410","0","","1","01","N","N","0","","0","0","0","3","3","N","1056","1","2","0","0","0","1","0","2","1","2","N","","","","","","","","","","","","03","  ","","",""
"1023","1","0","0","0","0","0","0","0","0","7","0","","36","06","2019","2019061463","7","40.1645","-76.3959","1023","08","0","0","0","1","0","0","0","0","2","0","0","0","10","1","0","02","2","40 09:52.034","3","00","76 23:45.071","0","0","0","0","36410","0","0","0","N","0","0","0","1","36410","0","","4","01","N","N","0","","0","0","0","3","8","N","1023","0","1","0","0","0","0","0","2","0","1","N","","","","","","","","","","","","03","  ","","",""
"0837","1","0","0","0","0","0","0","0","0","4","0","","36","06","2019","2019061464","1","40.1818","-76.4945","0829","08","0","0","0","0","1","0","0","0","2","0","0","0","08","1","0","01","2","40 10:54.338","1","00","76 29:40.023","0","0","0","0","36230","0","0","0","N","0","0","0","2","36410","0","","1","01","N","N","0","","0","0","1","3","3","Y","0827","0","2","0","0","1","0","0","1","0","2","N","","","","","","","","","","","","03","  ","","",""
"1637","2","0","0","0","0","0","0","0","0","4","0","","36","06","2019","2019061466","6","40.1015","-76.0919","1635","08","0","0","0","0","0","0","1","0","2","0","0","0","16","1","1","01","1","40 06:05.289","4","00","76 05:30.805","8","0","0","0","36415","0","0","0","N","0","0","0","2","36415","0","","1","01","N","N","0","","0","0","0","3","2","Y","1630","1","2","0","0","0","1","0","1","0","2","N","","","","","","","","","","","","03","  ","","",""
"2308","1","0","0","0","0","0","0","0","0","7","0","","36","05","2019","2019061486","4","40.0481","-76.3086","2302","08","0","0","0","0","0","0","0","0","","0","0","0","23","3","0","00","0","40 02:53.000","","00","76 18:31.100","9","0","0","0","36301","0","0","0","N","0","0","0","1","36301","0","","5","01","N","N","0","","0","0","0","0","0","N","2300","0","1","0","0","0","0","1","3","0","1","N","","","","","","","","","","","","03","  ","","",""
"0314","0","0","0","0","0","0","0","0","0","7","0","","36","06","2019","2019061672","5","40.039","-76.3641","0312","08","0","0","1","0","0","0","0","0","1","0","0","0","02","3","0","00","1","40 02:20.352","2","00","76 21:50.874","0","0","0","0","36223","0","0","0","N","0","0","0","1","36223","0","","5","09","N","N","0","","0","0","1","3","2","N","0240","0","1","0","0","0","0","0","1","0","1","N","","","","","","","","","","","","07","  ","","",""
"1515","3","0","0","0","0","0","0","0","0","1","0","","36","06","2019","2019061728","6","40.0514","-76.2633","1510","08","0","0","0","0","0","0","0","1","2","0","0","0","15","1","1","00","0","40 03:04.873","","00","76 15:47.774","3","0","0","0","36301","0","0","0","N","0","0","0","1","36301","0","","2","01","N","N","0","","1","0","0","0","0","Y","1510","1","3","0","0","0","0","0","3","0","3","N","","","","","","","","","","","","03","  ","","",""
"2101","0","0","0","0","0","0","0","0","0","7","0","","36","06","2019","2019061734","2","40.0222","-76.2677","2101","08","0","0","0","0","0","0","0","0","","0","0","0","20","4","0","00","0","40 01:19.797","","00","76 16:03.703","0","0","0","0","36240","0","0","0","N","0","0","0","1","36240","0","","1","01","N","N","0","","0","0","0","0","0","","2042","0","1","0","0","0","0","0","1","1","1","N","","","","","","","","","","","","03","  ","","",""
"1539","0","0","0","0","0","0","0","0","0","8","0","","36","06","2019","2019061739","2","40.0459","-76.3072","1535","08","0","0","0","0","0","0","0","0","1","0","0","0","15","1","1","01","2","40 02:45.142","6","00","76 18:25.864","8","0","0","0","36301","1","0","0","N","1","0","0","2","36301","0","","1","01","N","N","0","","0","0","1","3","2","N","1533","1","2","0","0","0","1","0","3","0","1","N","","","","","","","","","","","","03","  ","","",""
"1844","1","0","0","0","0","0","0","0","0","1","0","","36","06","2019","2019061898","4","40.0701","-76.3014","1842","08","0","0","0","0","0","0","1","0","1","0","0","0","18","1","1","00","1","40 04:12.298","1","00","76 18:05.132","3","0","0","0","36101","0","0","0","N","0","0","0","4","36101","0","","1","01","N","N","0","","1","0","1","0","0","N","1840","1","2","0","0","0","0","0","3","0","2","N","","","","","","","","","","","","03","  ","","",""
"1517","1","0","0","0","0","0","0","0","0","1","0","","36","06","2019","2019061899","2","40.0743","-76.3085","1515","08","0","0","0","0","0","2","0","0","","0","0","0","15","1","0","00","0","40 04:27.418","","00","76 18:30.450","0","0","0","0","36101","0","0","0","N","0","0","0","2","36101","0","","1","01","N","N","1","","0","0","0","0","0","","1513","0","2","0","0","0","0","0","3","0","2","N","","","","","","","","","","","","03","  ","","",""
"1651","1","0","0","0","0","0","0","0","0","5","1","","36","06","2019","2019061985","2","40.2223","-76.0922","1647","08","0","0","0","1","0","0","0","0","","0","1","0","16","1","1","00","0","40 13:20.193","","00","76 05:32.030","3","0","0","0","36210","0","0","0","N","0","0","0","2","68T06","0","","1","09","N","N","0","","1","0","0","0","0","","1646","1","2","0","0","0","0","1","1","0","2","N","","","","","","","","","","","","07","  ","","",""
"2120","0","0","0","0","0","0","0","0","0","1","0","","36","06","2019","2019062053","3","40.0497","-76.419","2113","08","0","0","0","0","0","0","0","0","1","0","0","0","21","2","0","02","1","40 02:58.855","6","00","76 25:08.289","0","0","0","0","36239","0","0","0","N","0","0","0","7","36239","0","","1","01","N","N","0","","0","0","1","0","0","Y","2110","0","2","0","0","0","0","0","3","1","2","N","","","","","","","","","","","","03","  ","","",""
"1704","0","0","0","0","0","0","0","0","0","4","1","","36","06","2019","2019062093","5","40.0798","-76.2796","1658","08","0","0","0","0","0","0","0","0","","0","1","0","16","1","0","00","0","40 04:47.147","","00","76 16:46.443","0","0","0","0","36101","0","0","0","N","0","0","0","1","36101","0","","4","09","N","N","0","","0","0","0","0","0","","1656","0","2","0","0","0","0","0","3","1","2","N","","","","","","","","","","","","07","  ","","",""
"0830","0","0","0","0","0","0","0","0","0","1","2","","36","06","2019","2019062137","4","40.0532","-76.2636","0820","08","0","0","0","0","0","1","0","0","1","0","2","0","08","1","1","00","1","40 03:11.629","3","00","76 15:48.890","4","0","0","0","36301","0","0","0","N","0","0","0","3","36301","1","","1","01","N","N","0","","0","0","1","0","0","N","0803","1","3","0","0","0","0","0","3","0","3","N","","","","","","","","","","","","03","  ","","",""
"0758","1","0","0","0","0","0","0","0","0","1","0","","36","06","2019","2019062152","4","40.1374","-76.2113","0754","08","0","0","0","0","0","0","1","0","","0","0","0","07","1","0","00","0","40 08:14.700","","00","76 12:40.725","0","0","0","0","36238","0","0","0","N","0","0","0","2","36238","0","","1","01","N","N","1","","0","0","0","0","0","N","0751","0","2","0","0","0","0","0","3","0","2","N","","","","","","","","","","","","03","  ","","",""
"1555","1","0","0","0","0","0","0","0","0","4","0","","36","06","2019","2019062249","5","40.1506","-76.6072","1551","08","0","0","0","0","0","2","0","0","","0","0","0","15","1","0","00","0","40 09:02.000","","07","76 36:26.000","0","0","0","0","36407","0","0","0","N","0","0","0","2","36407","0","","1","01","N","N","0","","0","0","1","0","0","","1550","0","2","0","0","0","0","0","2","0","2","N","","","","","","","","","","","","03","  ","","",""
"1536","0","0","0","0","0","0","0","0","0","1","0","","36","06","2019","2019062270","4","40.1288","-76.2159","1532","08","0","0","0","1","0","0","1","0","","0","0","0","15","1","1","03","0","40 07:43.674","","02","76 12:57.124","4","0","0","0","36238","0","0","0","N","0","0","0","2","36238","1","","1","09","N","N","0","","0","0","2","3","2","N","1527","1","2","0","0","0","0","0","3","0","2","N","","","","","","","","","","","","03","  ","","",""
"1201","1","0","0","0","0","0","0","0","0","4","1","","36","06","2019","2019062316","2","40.0843","-76.2889","1156","08","0","0","1","0","0","0","0","0","2","0","1","0","11","1","0","01","2","40 05:03.483","1","00","76 17:20.096","0","0","0","0","36101","0","0","0","N","0","0","0","3","36101","0","","1","09","N","N","0","","0","0","0","3","2","Y","1154","0","2","0","0","0","0","0","3","0","2","N","","","","","","","","","","","","07","  ","","",""
"1431","1","0","0","0","0","0","0","0","0","4","0","","36","06","2019","2019062317","3","40.1145","-76.2442","1423","08","0","0","0","0","0","1","0","0","1","0","0","0","14","1","1","00","1","40 06:52.199","1","00","76 14:39.103","3","0","0","0","36101","0","0","0","N","0","0","0","2","36101","0","","1","01","N","N","0","","1","0","0","0","0","N","1420","1","2","0","0","0","0","0","3","1","2","N","","","","","","","","","","","","03","  ","","",""
"1647","1","0","0","0","0","0","0","0","0","4","0","","36","06","2019","2019062318","3","40.0537","-76.3253","1640","08","0","0","0","0","0","2","0","0","1","0","0","0","16","1","1","02","1","40 03:13.400","3","00","76 19:31.003","3","0","0","0","36101","0","0","0","N","0","0","0","3","36101","0","","1","01","N","N","0","","1","0","0","0","0","Y","1639","1","2","0","0","0","0","0","3","1","2","N","","","","","","","","","","","","03","  ","","",""
"1718","1","0","0","0","0","0","0","0","0","1","0","","36","06","2019","2019062319","2","40.1102","-76.3055","1706","08","0","0","0","0","0","0","0","0","","0","0","0","16","1","0","00","0","40 06:36.825","","00","76 18:19.932","0","0","0","0","36101","0","0","0","N","0","0","0","2","36101","0","","1","01","N","N","0","","0","0","1","0","0","","1647","0","2","0","0","0","0","0","3","0","2","N","","","","","","","","","","","","03","  ","","",""
"0500","0","0","0","0","0","0","0","0","0","1","1","","36","05","2019","2019062320","4","40.022","-76.1906","0458","08","0","0","0","0","0","1","0","0","","0","1","0","04","5","0","00","0","40 01:19.187","","00","76 11:26.129","0","0","0","0","36215","0","0","0","N","0","0","0","2","36215","0","","1","01","N","N","1","","0","0","0","0","0","","0458","0","2","0","0","0","0","0","1","0","2","N","","","","","","","","","","","","03","  ","","",""
"1233","0","0","0","0","0","0","0","0","0","4","0","","36","06","2019","2019062321","1","40.0252","-76.2064","1230","08","0","0","0","0","0","0","0","0","1","0","0","0","12","1","1","00","1","40 01:30.879","3","07","76 12:23.140","3","0","0","1","36215","0","0","0","N","0","0","0","3","36215","0","","1","01","N","N","1","","1","0","0","0","0","N","1229","1","2","0","0","2","0","0","1","0","2","N","","","","","","","","","","","","03","  ","","",""
"1019","1","0","0","0","0","0","0","0","0","7","0","","36","06","2019","2019062322","6","40.0756","-76.1324","1012","08","0","0","0","0","0","0","0","0","3","0","0","0","10","1","0","00","2","40 04:32.042","5","00","76 07:56.600","9","0","0","0","36234","0","0","0","N","0","0","0","1","36215","0","","4","01","N","N","0","","0","0","0","0","0","Y","1009","0","1","0","0","0","0","1","1","0","1","N","","","","","","","","","","","","03","  ","","",""
"1232","1","0","0","0","0","0","0","0","0","7","0","","36","06","2019","2019062323","6","40.0635","-76.2174","1228","08","0","1","0","0","0","0","0","0","2","0","0","0","12","1","2","00","2","40 03:48.550","1","00","76 13:02.620","3","0","0","0","36215","0","0","0","N","0","0","0","2","36215","0","","5","01","N","N","0","","2","0","0","0","0","N","1226","2","1","0","0","0","0","0","1","0","1","N","","","","","","","","","","","","03","  ","","",""
"1743","2","0","0","0","0","0","0","0","0","4","0","","36","06","2019","2019062324","6","40.0232","-76.224","1734","08","0","0","0","0","1","0","0","1","","0","0","0","17","1","0","02","0","40 01:23.458","","00","76 13:26.464","0","0","0","0","36215","0","0","0","N","0","0","0","2","36215","0","","1","01","N","N","0","","0","0","0","0","0","","1733","0","2","0","0","0","0","0","1","0","2","N","","","","","","","","","","","","03","  ","","",""
"2320","1","0","0","0","0","0","0","0","0","9","0","","36","06","2019","2019062325","7","40.0499","-76.2554","2313","08","0","0","0","0","0","0","0","0","","0","0","0","23","2","0","00","0","40 02:59.699","","00","76 15:19.410","0","0","0","0","36215","0","0","0","N","0","0","0","2","36215","0","","1","01","N","N","0","","0","0","1","0","0","","2313","0","2","0","0","0","0","0","1","0","2","N","","","","","","","","","","","","03","  ","","",""
"1628","1","0","0","0","0","0","0","0","0","0","0","","36","06","2019","2019062326","5","39.9698","-76.43","1622","08","0","0","0","0","0","0","0","0","2","0","0","0","16","1","0","00","2","39 58:11.170","6","00","76 25:47.858","0","0","0","0","36223","0","0","0","N","0","0","0","1","36223","0","","1","01","N","N","0","","0","0","0","0","0","Y","1619","0","1","0","0","0","0","0","1","0","1","N","","","","","","","","","","","","03","  ","","",""
"0542","0","0","0","0","0","0","0","0","0","7","0","","36","06","2019","2019062514","6","39.9994","-76.2909","0537","08","0","0","0","0","0","0","0","0","2","0","0","0","05","1","0","02","2","39 59:57.806","1","00","76 17:27.155","0","0","0","0","36240","0","0","0","Y","0","0","0","3","36240","0","","4","01","N","N","0","","0","0","1","3","3","Y","0537","0","1","0","0","0","0","0","1","0","1","N","","","","","","","","","","","","03","  ","","",""
"1305","0","0","0","0","0","0","0","0","0","0","1","","36","06","2019","2019062525","4","40.0886","-76.38","1258","08","0","0","0","0","0","0","0","0","","0","1","0","12","1","0","00","0","40 05:18.794","","00","76 22:47.959","0","0","0","0","36214","0","0","0","N","0","0","0","1","36214","0","","1","01","N","N","0","","0","0","0","0","0","","1255","0","1","0","0","0","0","0","3","0","1","N","","","","","","","","","","","","03","  ","","",""
"0605","1","0","0","0","0","0","0","0","0","7","0","","36","06","2019","2019062550","5","40.0693","-76.4371","0603","08","0","0","1","0","0","0","0","0","","0","0","0","06","1","0","00","0","40 04:09.500","","03","76 26:13.500","0","0","0","0","36239","0","0","0","N","0","0","0","1","36239","0","","4","09","N","N","0","","0","0","0","0","0","N","0603","0","1","0","0","0","0","0","3","0","1","N","","","","","","","","","","","","07","  ","","",""
"1317","1","0","0","0","0","0","0","0","0","4","0","","36","06","2019","2019062559","4","40.1421","-76.5665","1312","08","0","0","1","0","0","0","1","0","1","0","0","0","13","1","0","01","1","40 08:31.700","5","00","76 33:59.551","0","0","0","0","36225","0","0","0","N","0","0","0","4","36505","0","","1","01","N","N","0","","0","0","1","3","3","N","1312","0","2","0","0","1","0","0","2","0","2","N","","","","","","","","","","","","03","  ","","",""
"1531","2","0","0","0","0","0","0","0","0","1","0","","36","06","2019","2019062743","3","40.0562","-76.2703","1528","08","0","0","0","0","0","0","0","0","","0","0","0","15","1","1","06","0","40 03:22.478","","02","76 16:13.018","3","0","0","0","36215","0","0","0","N","0","0","0","7","36215","0","","1","01","N","N","0","","1","0","0","0","0","","1528","1","2","0","0","1","0","0","1","0","2","N","","","","","","","","","","","","03","  ","","",""
"1349","0","0","0","0","0","0","0","0","0","1","0","","36","06","2019","2019062744","7","40.04","-76.2303","1347","08","0","0","0","0","0","1","0","0","1","0","0","0","13","1","0","00","1","40 02:24.092","3","00","76 13:49.066","0","0","0","0","36215","0","0","0","N","0","0","0","6","36215","0","","1","01","N","N","0","","0","0","3","0","0","N","1344","0","3","0","0","0","0","0","1","0","3","N","","","","","","","","","","","","03","  ","","",""
"1333","0","0","0","0","0","0","0","0","0","4","0","","36","06","2019","2019062745","3","40.0319","-76.2398","1329","08","0","0","0","0","0","0","1","0","2","0","0","0","13","1","2","01","1","40 01:54.765","3","00","76 14:23.331","4","0","0","0","36215","0","0","0","N","0","0","0","2","36215","2","","1","01","N","N","0","","0","0","2","3","2","N","1327","2","2","0","0","0","0","0","1","0","2","N","","","","","","","","","","","","03","  ","","",""
"1557","0","0","0","0","0","0","0","0","0","7","0","","36","06","2019","2019062773","5","40.1522","-76.63","1551","08","0","1","0","0","0","0","0","0","","0","0","0","15","1","0","00","0","40 09:07.800","","00","76 37:48.100","0","0","0","0","36237","0","0","0","Y","0","0","0","1","36505","0","","2","01","N","N","0","","0","0","0","0","0","","1551","0","1","0","0","0","0","0","1","1","1","N","","","","","","","","","","","","03","  ","","",""
"1405","1","0","0","0","0","0","0","0","0","4","0","","36","06","2019","2019062789","1","39.8692","-76.2276","1342","08","0","0","0","0","0","0","0","1","1","0","1","0","13","1","0","01","1","39 52:09.173","6","00","76 13:39.324","0","0","0","0","36212","0","0","0","N","0","0","0","2","68J01","0","","1","01","N","N","0","","0","0","0","3","2","N","1339","0","2","0","0","0","0","0","1","0","2","N","","","","","","","","","","","","03","  ","","",""
"1542","0","0","0","0","0","0","0","0","0","2","0","","36","06","2019","2019062815","2","40.0623","-76.1551","1537","08","0","0","0","0","0","0","0","1","2","0","0","0","15","1","1","00","2","40 03:44.107","6","00","76 09:18.492","4","0","0","0","36221","0","0","0","N","0","0","0","4","68J01","1","","1","01","N","N","0","","0","0","2","0","0","N","1526","1","2","0","0","0","0","0","1","0","2","N","","","","","","","","","","","","03","  ","","",""
"0822","2","0","0","0","0","0","0","0","0","4","0","","36","06","2019","2019062820","3","40.2077","-76.0179","0801","08","0","0","0","0","1","1","0","0","","0","0","0","07","1","0","02","0","40 12:27.708","","00","76 01:04.296","0","0","0","0","36202","0","0","0","N","0","0","0","2","68J01","0","","4","09","N","N","0","","0","0","0","0","0","","0759","0","2","0","0","0","0","0","1","0","2","N","","","","","","","","","","","","03","  ","","",""
"2253","1","0","0","0","0","0","0","0","0","2","0","","36","06","2019","2019062827","4","40.2261","-76.3024","2245","08","0","0","0","0","1","1","0","0","3","0","0","0","22","2","2","01","2","40 13:34.012","6","00","76 18:08.758","4","0","0","0","36217","0","0","0","N","0","0","0","3","68J01","2","","1","09","N","N","1","","0","0","0","3","2","Y","2243","2","2","0","0","0","0","0","1","0","2","N","","","","","","","","","","","","07","  ","","",""
"1522","1","0","0","0","0","0","0","0","0","4","0","","36","06","2019","2019062890","3","40.0436","-76.5129","1515","08","0","0","1","0","0","1","0","0","2","0","0","0","15","1","0","01","1","40 02:37.018","1","00","76 30:46.496","0","0","0","0","36239","0","0","0","N","0","0","0","5","36239","0","","1","01","","","0","","0","0","1","0","0","N","1515","0","2","0","0","0","0","0","3","0","2","N","","","","","","","","","","","","03","  ","","",""
"1428","0","0","0","0","0","0","0","0","0","8","0","","36","06","2019","2019062905","4","40.0523","-76.3963","1421","08","0","0","0","0","0","0","0","0","1","0","0","0","14","1","1","00","1","40 03:08.287","2","00","76 23:46.718","3","0","0","0","36214","1","0","0","N","1","0","0","2","36214","0","","1","01","N","N","1","","1","0","0","0","0","N","1421","1","2","0","0","0","0","0","3","0","1","N","","","","","","","","","","","","03","  ","","",""
"1130","0","0","0","0","0","0","0","0","0","7","0","","36","06","2019","2019062906","5","40.0959","-76.3961","1122","08","0","0","0","0","0","1","0","0","2","0","0","0","11","1","0","00","1","40 05:45.178","3","00","76 23:45.882","0","0","0","0","36214","0","0","0","N","0","0","0","2","36214","0","","4","01","N","N","0","","0","0","1","0","0","Y","1120","0","1","0","0","0","0","0","3","0","1","N","","","","","","","","","","","","03","  ","","",""
"1340","1","0","0","0","0","0","0","0","0","1","0","","36","06","2019","2019062907","5","40.0612","-76.3539","1336","08","0","0","0","0","0","2","0","0","1","0","0","0","13","1","1","00","1","40 03:40.160","3","01","76 21:14.085","4","0","0","0","36214","0","0","0","N","0","0","0","4","36214","1","","1","01","N","N","0","","0","0","1","0","0","N","1319","1","3","0","0","0","0","1","3","0","3","N","","","","","","","","","","","","03","  ","","",""