"ARRIVAL_TM","AUTOMOBILE_COUNT","BELTED_DEATH_COUNT","BELTED_SUSP_SERIOUS_INJ_COUNT","BICYCLE_COUNT","BICYCLE_DEATH_COUNT","BICYCLE_SUSP_SERIOUS_INJ_COUNT","BUS_COUNT","CHLDPAS_DEATH_COUNT","CHLDPAS_SUSP_SERIOUS_INJ_COUNT","COLLISION_TYPE","COMM_VEH_COUNT","CONS_ZONE_SPD_LIM","COUNTY","CRASH_MONTH","CRASH_YEAR","CRN","DAY_OF_WEEK","DEC_LAT","DEC_LONG","DISPATCH_TM","DISTRICT","DRIVER_COUNT_16YR","DRIVER_COUNT_17YR","DRIVER_COUNT_18YR","DRIVER_COUNT_19YR","DRIVER_COUNT_20YR","DRIVER_COUNT_50_64YR","DRIVER_COUNT_65_74YR","DRIVER_COUNT_75PLUS","EST_HRS_CLOSED","FATAL_COUNT","HEAVY_TRUCK_COUNT","HORSE_BUGGY_COUNT","HOUR_OF_DAY","ILLUMINATION","INJURY_COUNT","INTERSECT_TYPE","LANE_CLOSED","LATITUDE","LN_CLOSE_DIR","LOCATION_TYPE","LONGITUDE","MAX_SEVERITY_LEVEL","MCYCLE_DEATH_COUNT","MCYCLE_SUSP_SERIOUS_INJ_COUNT","MOTORCYCLE_COUNT","MUNICIPALITY","NONMOTR_COUNT","NONMOTR_DEATH_COUNT","NONMOTR_SUSP_SERIOUS_INJ_COUNT","NTFY_HIWY_MAINT","PED_COUNT","PED_DEATH_COUNT","PED_SUSP_SERIOUS_INJ_COUNT","PERSON_COUNT","POLICE_AGCY","POSSIBLE_INJ_COUNT","RDWY_SURF_TYPE_CD","RELATION_TO_ROAD","ROAD_CONDITION","SCH_BUS_IND","SCH_ZONE_IND","SMALL_TRUCK_COUNT","SPEC_JURIS_CD","SUSP_MINOR_INJ_COUNT","SUSP_SERIOUS_INJ_COUNT","SUV_COUNT","TCD_FUNC_CD","TCD_TYPE","TFC_DETOUR_IND","TIME_OF_DAY","TOT_INJ_COUNT","TOTAL_UNITS","UNB_DEATH_COUNT","UNB_SUSP_SERIOUS_INJ_COUNT","UNBELTED_OCC_COUNT","UNK_INJ_DEG_COUNT","UNK_INJ_PER_COUNT","URBAN_RURAL","VAN_COUNT","VEHICLE_COUNT","WORK_ZONE_IND","WORK_ZONE_LOC","WORK_ZONE_TYPE","WORKERS_PRES","WZ_CLOSE_DETOUR","WZ_FLAGGER","WZ_LAW_OFFCR_IND","WZ_LN_CLOSURE","WZ_MOVING","WZ_OTHER","WZ_SHLDER_MDN","ROADWAY_CLEARED","WEATHER1","WEATHER2","WZ_WORKERS_INJ_KILLED","SECONDARY_CRASH","INTERSECTION_RELATED"
"1749","2","0","0","0","0","0","0","0","0","4","0","","36","06","2019","2019062908","5","40.1015","-76.4267","1745","08","0","0","0","0","0","0","1","0","2","0","0","0","17","1","1","00","2","40 06:05.364","6","00","76 25:36.031","4","0","0","0","36214","0","0","0","N","0","0","0","2","36214","1","","1","01","N","N","0","","0","0","0","0","0","Y","1739","1","2","0","0","0","0","0","3","0","2","N","","","","","","","","","","","","03","  ","","",""
"1240","1","0","0","0","0","0","0","0","0","4","0","","36","05","2019","2019062930","7","40.043","-76.2879","1239","08","0","0","0","0","0","0","1","0","1","0","0","0","12","1","1","01","1","40 02:34.960","1","00","76 17:16.322","3","0","0","0","36301","0","0","0","N","0","0","0","3","36301","0","","1","01","N","N","1","","1","0","0","3","2","Y","1239","1","2","0","0","0","0","0","3","0","2","N","","","","","","","","","","","","03","  ","","",""
"0836","0","0","0","0","0","0","0","0","0","6","0","","36","06","2019","2019062938","6","40.0591","-76.4629","0830","08","0","0","0","0","0","1","0","0","2","0","0","0","08","1","0","03","2","40 03:32.814","2","00","76 27:46.398","0","0","0","0","36239","0","0","0","N","0","0","0","3","36239","0","","1","09","","","0","","0","0","1","0","0","N","0830","0","2","0","0","0","0","0","3","1","2","N","","","","","","","","","","","","07","  ","","",""
"1741","2","0","0","0","0","0","0","0","0","1","0","","36","06","2019","2019062961","4","40.163","-76.2901","1736","08","0","0","0","0","0","0","0","0","","0","0","0","17","1","1","00","0","40 09:46.885","","00","76 17:24.367","8","0","0","0","36235","1","0","0","N","0","0","0","2","36506","0","","1","01","N","N","0","","0","0","0","0","0","","1736","1","2","0","0","1","1","0","1","0","2","N","","","","","","","","","","","","03","  ","","",""
"1704","1","0","0","0","0","0","0","0","0","2","0","","36","06","2019","2019062974","7","40.2663","-76.261","1646","08","0","0","0","0","0","2","0","0","2","0","0","0","16","1","0","00","1","40 15:58.500","2","00","76 15:39.721","0","0","0","0","36204","0","0","0","N","0","0","0","3","36506","0","","1","01","N","N","0","","0","0","1","0","0","N","1646","0","2","0","0","0","0","0","1","0","2","N","","","","","","","","","","","","03","  ","","",""
"1534","0","0","0","0","0","0","0","0","0","4","0","","36","06","2019","2019062975","1","40.1895","-76.31","1534","08","0","0","0","0","0","1","1","0","","0","0","0","15","1","4","01","0","40 11:22.225","","00","76 18:36.138","8","0","0","0","36217","0","0","0","N","0","0","0","5","36506","0","","1","01","N","N","0","","0","0","2","3","3","","1534","4","2","0","0","0","4","0","1","0","2","N","","","","","","","","","","","","03","  ","","",""
"1710","0","0","0","0","0","0","0","0","0","4","0","","36","06","2019","2019062986","2","40.253","-76.1593","1702","08","0","0","0","0","0","1","0","0","2","0","0","0","17","1","2","02","2","40 15:10.882","5","00","76 09:33.562","4","0","0","0","36236","0","0","0","N","0","0","0","2","36408","1","","1","01","N","N","1","","0","0","1","0","0","Y","1700","2","2","0","0","0","1","0","1","0","2","N","","","","","","","","","","","","03","  ","","",""
"0626","0","0","0","0","0","0","0","0","0","9","0","","36","06","2019","2019063091","2","40.0947","-76.261","0618","08","0","0","0","0","0","1","0","0","","0","0","0","06","1","0","00","0","40 05:40.947","","00","76 15:39.520","0","0","0","0","36101","0","0","0","N","0","0","0","1","36101","0","","1","01","N","N","0","","0","0","1","0","0","","0616","0","1","0","0","0","0","0","3","0","1","N","","","","","","","","","","","","03","  ","","",""
"0909","1","0","0","0","0","0","0","0","0","4","0","","36","06","2019","2019063092","3","40.0294","-76.3234","0859","08","0","0","0","0","0","0","0","0","2","0","0","0","08","1","2","00","1","40 01:46.009","3","00","76 19:24.326","3","0","0","0","36220","0","0","0","N","0","0","0","3","36101","0","","1","01","N","N","0","","2","0","1","0","0","N","0842","2","2","0","0","0","0","0","3","0","2","N","","","","","","","","","","","","03","  ","","",""
"2237","1","0","0","0","0","0","0","0","0","7","0","","36","06","2019","2019063093","5","40.0867","-76.1964","2237","08","0","1","0","0","0","0","0","0","1","0","0","0","22","3","0","00","1","40 05:12.062","3","00","76 11:46.907","0","0","0","0","36234","0","0","0","N","0","0","0","1","36215","0","","5","01","N","N","0","","0","0","0","0","0","N","2237","0","1","0","0","0","0","0","1","0","1","N","","","","","","","","","","","","03","  ","","",""
"0517","1","0","0","0","0","0","0","0","0","5","0","","36","06","2019","2019063168","6","40.037","-76.315","0512","08","0","0","0","0","0","0","0","0","2","0","0","0","05","3","1","00","2","40 02:13.081","3","00","76 18:53.896","3","0","0","0","36301","0","0","0","N","0","0","0","1","36301","0","","6","01","N","N","0","","1","0","1","0","0","N","0510","1","2","0","0","0","0","0","3","0","2","N","","","","","","","","","","","","03","  ","","",""
"2211","0","0","0","0","0","0","0","0","0","8","0","","36","06","2019","2019063171","2","40.0333","-76.3107","2206","08","0","0","0","0","0","0","0","0","9","0","0","0","17","3","1","00","0","40 01:59.900","","00","76 18:38.400","3","0","0","0","36301","1","0","0","N","1","0","0","2","36301","0","","1","01","N","N","1","","1","0","0","0","0","N","1700","1","2","0","0","0","0","1","3","0","1","N","","","","","","","","","","","","03","  ","","",""
"1708","0","0","0","0","0","0","0","0","0","7","0","","36","06","2019","2019063234","6","40.0949","-76.3345","1705","08","0","0","0","0","0","1","0","0","3","0","0","0","17","1","1","00","2","40 05:41.560","6","00","76 20:04.260","3","0","0","0","36101","0","0","0","N","0","0","0","1","36101","0","","4","01","N","N","0","","1","0","1","0","0","Y","1701","1","1","0","0","1","0","0","3","0","1","N","","","","","","","","","","","","03","  ","","",""
"0827","2","0","0","0","0","0","0","0","0","1","0","","36","06","2019","2019063251","5","40.0508","-76.2578","0811","08","1","0","0","0","0","2","0","0","3","0","0","0","08","1","1","00","1","40 03:02.819","3","00","76 15:27.967","4","0","0","0","36301","0","0","0","N","0","0","0","9","36301","1","","1","01","N","N","1","","0","0","0","0","0","N","0810","1","5","0","0","0","0","0","3","2","5","N","","","","","","","","","","","","03","  ","","",""
"1304","1","0","0","0","0","0","0","0","0","4","0","","36","06","2019","2019063257","6","40.0479","-76.3065","1301","08","0","0","0","0","0","0","0","0","1","0","0","0","12","1","1","01","2","40 02:52.288","7","00","76 18:23.457","4","0","0","0","36301","0","0","0","N","0","0","0","4","36301","1","","1","01","N","N","0","","0","0","1","3","3","Y","1258","1","2","0","0","0","0","0","3","0","2","N","","","","","","","","","","","","03","  ","","",""
"1115","0","0","0","0","0","0","0","0","0","1","0","","36","06","2019","2019063298","6","40.1712","-76.1703","1112","08","0","0","0","0","0","0","1","0","","0","0","0","11","1","0","00","0","40 10:16.318","","00","76 10:12.969","0","0","0","0","36408","0","0","0","N","0","0","0","1","36408","0","","6","01","N","N","1","","0","0","1","0","0","N","1110","0","3","0","0","0","0","0","2","1","3","N","","","","","","","","","","","","03","  ","","",""
"1428","2","0","0","0","0","0","0","0","0","1","0","","36","05","2019","2019063299","7","40.092","-76.1354","1410","08","0","0","0","0","0","1","1","0","1","0","0","0","14","1","1","02","1","40 05:31.160","6","00","76 08:07.275","8","0","0","0","36209","0","0","0","N","0","0","0","3","36238","0","","1","01","N","N","0","","0","0","0","0","0","N","1408","1","2","0","0","0","1","0","1","0","2","N","","","","","","","","","","","","03","  ","","",""
"0935","0","0","0","0","0","0","0","0","0","1","0","","36","06","2019","2019063393","6","40.1006","-76.3542","0925","08","0","0","0","0","0","0","0","0","","0","0","0","09","1","0","00","0","40 06:02.195","","00","76 21:15.036","9","0","0","0","36406","0","0","0","N","0","0","0","2","36101","0","","1","01","N","N","0","","0","0","0","0","0","","0924","0","2","0","0","0","0","1","3","1","2","N","","","","","","","","","","","","03","  ","","",""
"0232","0","0","0","0","0","0","0","0","0","5","0","","36","06","2019","2019063478","4","40.0586","-76.3336","0225","08","0","0","0","0","0","1","0","0","2","0","0","0","02","3","0","00","1","40 03:30.931","4","07","76 20:00.993","0","0","0","0","36101","0","0","0","N","0","0","0","2","36101","0","","1","01","N","N","0","","0","0","2","0","0","N","0223","0","2","0","0","0","0","0","3","0","2","N","","","","","","","","","","","","03","  ","","",""
"1210","1","0","0","0","0","0","0","0","0","5","0","","36","06","2019","2019063479","6","40.0901","-76.3432","1203","08","0","1","0","0","0","0","0","0","1","0","0","0","12","1","0","00","1","40 05:24.340","4","00","76 20:35.690","0","0","0","0","36406","0","0","0","N","0","0","0","1","36101","0","","1","01","N","N","1","","0","0","0","0","0","N","1200","0","2","0","0","0","0","0","3","0","2","N","","","","","","","","","","","","03","  ","","",""
"1729","1","0","0","0","0","0","0","0","0","1","0","","36","06","2019","2019063480","6","40.0685","-76.3042","1715","08","0","0","1","0","0","0","1","0","","0","0","0","17","1","1","00","0","40 04:06.513","","00","76 18:14.947","3","0","0","0","36101","0","0","0","N","0","0","0","4","36101","0","","1","01","N","N","1","","1","0","0","0","0","","1709","1","3","0","0","0","0","0","3","1","3","N","","","","","","","","","","","","03","  ","","",""
"1525","1","0","0","0","0","0","0","0","0","6","0","","36","06","2019","2019063484","7","40.0385","-76.4739","1455","08","0","0","0","0","0","0","0","0","","0","0","0","14","1","0","00","0","40 02:18.478","","00","76 28:25.910","0","0","0","0","36239","0","0","0","N","0","0","0","5","36239","0","","1","01","","","1","","0","0","0","0","0","","1455","0","2","0","0","1","0","0","3","0","2","N","","","","","","","","","","","","03","  ","","",""
"0950","2","0","0","0","0","0","0","0","0","3","0","","36","06","2019","2019063518","1","40.1781","-76.1284","0943","08","0","1","1","0","0","0","0","0","1","0","0","0","09","1","0","00","1","40 10:41.151","3","00","76 07:42.199","0","0","0","0","36218","0","0","0","N","0","0","0","3","36408","0","","1","01","N","N","0","","0","0","0","0","0","N","0943","0","2","0","0","0","0","0","1","0","2","N","","","","","","","","","","","","03","  ","","",""
"1437","2","0","0","0","0","0","0","0","0","4","0","","36","06","2019","2019063631","6","40.0786","-76.3384","1533","08","0","0","0","0","0","0","1","0","2","0","0","0","14","1","1","01","1","40 04:42.891","7","00","76 20:18.294","4","0","0","0","36101","0","0","0","N","0","0","0","5","36101","1","","1","01","N","N","0","","0","0","0","3","2","N","1432","1","2","0","0","1","0","0","3","0","2","N","","","","","","","","","","","","03","  ","","",""
"1802","1","0","0","0","0","0","0","0","0","1","0","","36","06","2019","2019063632","6","40.0766","-76.3375","1744","08","0","0","0","0","0","0","0","0","","0","0","0","17","1","0","00","0","40 04:35.871","","00","76 20:15.082","0","0","0","0","36101","0","0","0","N","0","0","0","4","36101","0","","1","01","N","N","0","","0","0","1","3","2","","1729","0","2","0","0","0","0","0","3","0","2","N","","","","","","","","","","","","03","  ","","",""
"1318","0","0","0","1","0","0","0","0","0","4","0","","36","06","2019","2019063633","7","40.094","-76.3031","1315","08","0","0","0","0","0","0","0","0","","0","0","0","13","1","1","00","0","40 05:38.300","","00","76 18:11.300","4","0","0","0","36101","1","0","0","N","0","0","0","4","36101","1","","1","01","N","N","0","","0","0","1","0","0","","1314","1","2","0","0","0","0","0","3","0","1","N","","","","","","","","","","","","03","  ","","",""
"0837","2","0","0","0","0","0","0","0","0","1","0","","36","06","2019","2019063769","6","40.1309","-76.2172","0833","08","0","0","0","0","0","0","1","0","","0","0","0","08","1","0","01","0","40 07:51.556","","00","76 13:01.609","0","0","0","0","36238","0","0","0","N","0","0","0","3","36238","0","","1","01","N","N","1","","0","0","0","3","2","","0833","0","3","0","0","0","0","0","3","0","3","N","","","","","","","","","","","","03","  ","","",""
"1721","1","0","0","0","0","0","0","0","0","8","0","","36","06","2019","2019063803","6","40.0358","-76.3142","1720","08","0","0","0","1","0","0","0","0","","0","0","0","17","1","1","01","0","40 02:08.544","","00","76 18:51.312","8","0","0","0","36301","1","0","0","N","1","0","0","3","36301","0","","1","01","N","N","0","","0","0","0","0","0","","1719","1","2","0","0","0","1","0","3","0","1","N","","","","","","","","","","","","03","  ","","",""
"0814","1","0","0","0","0","0","0","0","0","4","0","","36","06","2019","2019063810","2","40.1902","-76.2123","0810","08","0","0","1","1","0","0","0","0","1","0","0","0","08","1","1","02","1","40 11:24.649","4","00","76 12:44.276","8","0","0","0","36218","0","0","0","N","0","0","0","2","36408","0","","1","01","N","N","0","","0","0","0","3","3","Y","0807","1","2","0","0","0","1","0","1","1","2","N","","","","","","","","","","","","03","  ","","",""
"0718","1","0","0","0","0","0","0","0","0","7","0","","36","06","2019","2019063847","4","40.1396","-76.3047","0713","08","0","0","0","0","0","1","0","0","","0","0","0","07","1","0","00","0","40 08:22.728","","00","76 18:16.946","0","0","0","0","36235","0","0","0","N","0","0","0","1","36506","0","","5","09","N","N","0","","0","0","0","0","0","","0713","0","1","0","0","0","0","0","1","0","1","N","","","","","","","","","","","","03","  ","","",""
"2136","1","0","0","0","0","0","0","0","0","7","0","","36","06","2019","2019063937","4","40.1712","-76.3882","2136","08","0","1","0","0","0","0","0","0","","0","0","0","21","2","0","02","0","40 10:16.201","","00","76 23:17.584","0","0","0","0","36227","0","0","0","N","0","0","0","2","36506","0","","2","09","N","N","0","","0","0","0","0","0","","2136","0","1","0","0","0","0","0","1","0","1","N","","","","","","","","","","","","07","  ","","",""
"0801","1","0","0","0","0","0","0","0","0","7","0","","36","06","2019","2019063946","6","40.1937","-76.3777","0752","08","0","0","0","0","0","0","0","0","2","0","0","0","07","1","0","00","2","40 11:37.254","6","00","76 22:39.740","0","0","0","0","36227","0","0","0","N","0","0","0","1","36506","0","","5","01","N","N","0","","0","0","0","0","0","Y","0752","0","1","0","0","0","0","0","1","0","1","N","","","","","","","","","","","","03","  ","","",""
"1858","0","0","0","0","0","0","0","0","0","4","0","","36","06","2019","2019063967","1","40.0669","-76.3044","1856","08","0","0","0","0","0","0","0","0","2","0","0","0","18","1","0","01","1","40 04:00.689","2","00","76 18:15.730","0","0","0","0","36101","0","0","0","N","0","0","0","3","36101","0","","1","01","N","N","0","","0","0","2","3","2","N","1853","0","2","0","0","0","0","0","3","0","2","N","","","","","","","","","","","","03","  ","","",""
"1625","2","0","0","0","0","0","0","0","0","4","0","","36","06","2019","2019063968","4","40.1652","-76.3939","1610","08","0","0","1","0","0","0","0","0","2","0","0","0","16","1","0","00","2","40 09:54.620","5","00","76 23:38.210","0","0","0","0","36410","0","0","0","N","0","0","0","1","36410","0","","6","01","N","N","0","","0","0","0","0","0","Y","1608","0","2","0","0","0","0","0","2","0","2","N","","","","","","","","","","","","03","  ","","",""
"1713","1","0","0","0","0","0","0","0","0","7","0","","36","06","2019","2019063969","4","40.0938","-76.497","1703","08","0","0","0","0","0","0","0","0","2","0","0","0","17","1","0","00","1","40 05:37.516","5","00","76 29:49.365","0","0","0","0","36230","0","0","0","N","0","0","0","2","36410","0","","5","09","N","N","0","","0","0","0","0","0","N","1701","0","1","0","0","0","0","0","1","0","1","N","","","","","","","","","","","","03","  ","","",""
"1310","0","0","0","0","0","0","0","0","0","4","0","","36","06","2019","2019063971","4","40.093","-76.1172","1305","08","0","0","0","0","0","1","0","0","1","0","0","0","13","1","1","00","1","40 05:34.834","3","07","76 07:01.877","3","0","0","1","36209","0","0","0","N","0","0","0","4","36415","0","","1","09","N","N","0","","1","0","1","0","0","Y","1305","1","2","0","0","0","0","0","1","0","2","N","","","","","","","","","","","","07","  ","","",""
"0854","1","0","0","0","0","0","0","0","0","1","0","","36","06","2019","2019063972","7","40.1033","-76.0871","0852","08","0","0","0","0","0","1","0","0","1","0","0","0","08","1","0","01","1","40 06:11.878","4","00","76 05:13.467","0","0","0","0","36415","0","0","0","N","0","0","0","3","36415","0","","1","01","N","N","0","","0","0","0","3","2","N","0851","0","2","0","0","0","0","0","1","1","2","N","","","","","","","","","","","","03","  ","","",""
"1831","1","0","0","0","0","0","0","0","0","4","0","","36","06","2019","2019064117","2","40.1524","-76.602","1827","08","0","1","0","0","0","0","0","0","2","0","0","0","18","1","0","01","2","40 09:08.532","7","00","76 36:07.196","0","0","0","0","36407","0","0","0","N","0","0","0","3","36407","0","","1","01","N","N","0","","0","0","1","0","0","Y","1826","0","2","0","0","0","0","0","2","0","2","N","","","","","","","","","","","","03","  ","","",""
"2235","1","0","0","0","0","0","0","0","0","2","0","","36","06","2019","2019064143","6","40.1858","-76.5862","2230","08","0","0","0","0","0","0","0","0","2","0","0","0","22","2","1","00","2","40 11:08.857","1","00","76 35:10.272","8","0","0","0","36225","0","0","0","N","0","0","0","5","36505","0","","1","01","N","N","1","","0","0","0","0","0","Y","2228","1","2","0","0","0","1","0","2","0","2","N","","","","","","","","","","","","03","  ","","",""
"1405","0","0","0","0","0","0","0","0","0","7","0","","36","06","2019","2019064193","4","40.0435","-76.298","1309","08","0","0","0","0","0","0","0","0","","0","0","0","12","1","0","01","0","40 02:36.541","","00","76 17:52.639","0","0","0","0","36301","0","0","0","N","0","0","0","1","36301","0","","4","01","N","N","0","","0","0","1","0","0","N","1245","0","1","0","0","0","0","0","3","0","1","N","","","","","","","","","","","","03","  ","","",""
"1134","1","0","0","0","0","0","0","0","0","4","0","","36","06","2019","2019064198","6","40.0414","-76.3204","1126","08","0","0","0","0","0","0","1","1","","0","0","0","11","1","0","01","0","40 02:29.072","","00","76 19:13.339","0","0","0","0","36301","0","0","0","N","0","0","0","2","36301","0","","1","01","N","N","0","","0","0","1","3","2","N","1126","0","2","0","0","0","0","0","3","0","2","N","","","","","","","","","","","","03","  ","","",""
"0126","1","0","0","0","0","0","0","0","0","7","0","","36","06","2019","2019064389","7","40.0814","-76.33","0123","08","0","0","0","1","0","0","0","0","2","0","0","0","01","2","0","00","1","40 04:53.010","3","00","76 19:47.920","0","0","0","0","36101","0","0","0","N","0","0","0","1","36101","0","","5","01","N","N","0","","0","0","0","0","0","N","0120","0","1","0","0","0","0","0","3","0","1","N","","","","","","","","","","","","03","  ","","",""
"1623","2","0","0","0","0","0","0","0","0","1","0","","36","06","2019","2019064412","3","40.1669","-76.6069","1622","08","0","0","0","1","0","0","0","0","","0","0","0","16","1","0","00","0","40 10:00.910","","00","76 36:24.846","0","0","0","0","36225","0","0","0","N","0","0","0","2","36505","0","","1","01","N","N","0","","0","0","0","0","0","N","1618","0","2","0","0","0","0","0","2","0","2","N","","","","","","","","","","","","03","  ","","",""
"1339","0","0","0","0","0","0","0","0","0","8","0","","36","06","2019","2019064484","5","40.145","-76.6011","1337","08","0","0","0","0","0","1","0","0","1","0","0","0","13","1","1","02","1","40 08:42.146","3","00","76 36:03.911","3","0","0","0","36407","1","0","0","N","1","0","0","2","36407","0","","1","01","N","N","1","","1","0","0","3","2","N","1336","1","2","0","0","0","0","0","2","0","1","N","","","","","","","","","","","","03","  ","","",""
"0707","2","0","0","0","0","0","0","0","0","4","0","","36","05","2019","2019064493","6","40.2179","-76.0999","0704","08","0","0","0","0","0","0","0","0","1","0","0","0","07","1","1","02","1","40 13:04.422","2","00","76 05:59.492","3","0","0","0","36210","0","0","0","N","0","0","0","4","36210","0","","1","01","N","N","0","","1","0","0","3","3","N","0704","1","2","0","0","1","0","0","1","0","2","N","","","","","","","","","","","","03","  ","","",""
"1924","1","0","0","0","0","0","0","0","0","7","0","","36","06","2019","2019064494","5","40.2261","-76.1455","1916","08","0","0","0","0","0","0","0","0","","0","0","0","19","1","1","00","0","40 13:33.801","","00","76 08:43.706","4","0","0","0","36405","0","0","0","N","0","0","0","1","36210","1","","4","01","N","N","0","","0","0","0","0","0","","1914","1","1","0","0","0","0","0","1","0","1","N","","","","","","","","","","","","03","  ","","",""
"1207","1","0","0","0","0","0","0","0","0","1","0","","36","06","2019","2019064497","3","40.2165","-76.0906","1203","08","0","0","0","0","0","1","0","1","","0","0","0","11","1","0","00","0","40 12:59.237","","00","76 05:26.118","0","0","0","0","36210","0","0","0","N","0","0","0","3","36210","0","","1","01","N","N","0","","0","0","1","0","0","","1150","0","2","0","0","3","0","0","1","0","2","N","","","","","","","","","","","","03","  ","","",""
"1645","1","0","0","0","0","0","0","0","0","1","0","","36","06","2019","2019064505","2","40.2205","-76.1002","1645","08","0","0","0","0","1","0","0","0","","0","0","0","16","1","0","00","0","40 13:13.656","","00","76 06:00.673","0","0","0","0","36210","0","0","0","N","0","0","0","3","36210","0","","1","01","N","N","0","","0","0","1","0","0","","1640","0","2","0","0","0","0","0","1","0","2","N","","","","","","","","","","","","03","  ","","",""
"1014","1","0","0","0","0","0","0","0","0","1","1","","36","06","2019","2019064508","2","40.218","-76.0865","1100","08","0","0","0","1","0","1","0","0","","0","1","0","10","1","0","03","0","40 13:04.850","","02","76 05:11.226","0","0","0","0","36210","0","0","0","N","0","0","0","2","36210","0","","1","01","N","N","0","","0","0","0","0","0","","1008","0","2","0","0","2","0","0","1","0","2","N","","","","","","","","","","","","03","  ","","",""
"2058","0","0","0","0","0","0","0","0","0","4","0","","36","06","2019","2019064511","5","40.1436","-76.3048","2056","08","0","0","0","0","0","2","0","0","","0","0","0","20","4","0","01","0","40 08:36.966","","00","76 18:17.243","0","0","0","0","36409","0","0","0","N","0","0","0","3","36409","0","","1","01","N","N","0","","0","0","2","3","2","N","2048","0","2","0","0","0","0","0","3","0","2","N","","","","","","","","","","","","03","  ","","",""
"1718","1","0","0","0","0","0","0","0","0","1","0","","36","06","2019","2019064530","3","40.1545","-76.5981","1718","08","0","0","0","0","0","0","0","0","","0","0","0","17","1","0","00","0","40 09:16.360","","00","76 35:53.182","0","0","0","0","36407","0","0","0","N","0","0","0","5","36407","0","","1","01","N","N","0","","0","0","1","0","0","N","1718","0","2","0","0","0","0","0","2","0","2","N","","","","","","","","","","","","03","  ","","",""
"1342","0","0","2","0","0","0","0","0","0","4","0","","36","06","2019","2019064537","6","40.045","-76.2837","1342","08","0","0","0","0","0","0","1","1","1","0","0","0","13","1","3","01","2","40 02:41.859","3","00","76 17:01.240","2","0","0","0","36301","0","0","0","N","0","0","0","3","36301","0","","1","01","N","N","0","","1","2","2","3","2","Y","1342","3","2","0","0","0","0","0","3","0","2","N","","","","","","","","","","","","03","  ","","",""
"1732","1","0","0","0","0","0","0","0","0","5","0","","36","06","2019","2019064557","3","40.1619","-76.6046","1710","08","0","0","0","0","0","0","0","0","2","0","0","0","17","1","0","00","1","40 09:42.783","4","00","76 36:16.406","0","0","0","0","36407","0","0","0","N","0","0","0","1","36407","0","","1","01","N","N","1","","0","0","0","0","0","N","1710","0","2","0","0","0","0","0","2","0","2","N","","","","","","","","","","","","03","  ","","",""
"1728","0","0","0","0","0","0","0","0","0","1","0","","36","06","2019","2019064558","2","39.98","-76.3111","1750","08","0","0","0","0","0","0","1","0","","0","0","0","17","1","1","01","0","39 58:48.043","","00","76 18:40.056","3","0","0","0","36228","0","0","0","N","0","0","0","2","36228","0","","1","01","N","N","0","","1","0","1","3","2","","1720","1","2","0","0","2","0","0","1","1","2","N","","","","","","","","","","","","03","  ","","",""
"1835","0","0","0","0","0","0","0","0","0","1","0","","36","06","2019","2019064559","2","39.98","-76.3111","1828","08","0","0","0","0","0","0","0","0","2","0","1","0","18","1","0","01","1","39 58:48.043","1","00","76 18:40.056","0","0","0","0","36228","0","0","0","N","0","0","0","3","36228","0","","1","01","N","N","0","","0","0","1","3","2","N","1828","0","2","0","0","0","0","0","1","0","2","N","","","","","","","","","","","","03","  ","","",""
"1510","1","0","0","0","0","0","0","0","0","1","0","","36","05","2019","2019064618","1","39.8692","-76.2276","1456","08","0","0","1","0","0","1","0","0","2","0","0","0","14","1","0","01","1","39 52:09.173","1","00","76 13:39.324","0","0","0","1","36208","0","0","0","N","0","0","0","3","68J01","0","","1","09","N","N","0","","0","0","1","0","0","N","1455","0","3","0","0","0","0","0","1","0","3","N","","","","","","","","","","","","03","  ","","",""
"1122","0","0","0","0","0","0","0","0","0","1","0","","36","06","2019","2019064700","7","40.229","-76.0845","1118","08","0","0","0","0","0","1","1","0","","0","0","0","11","1","0","01","0","40 13:44.455","","00","76 05:04.125","0","0","0","0","36210","0","0","0","N","0","0","0","2","36210","0","","1","01","N","N","1","","0","0","1","0","0","","1118","0","2","0","0","2","0","0","1","0","2","N","","","","","","","","","","","","03","  ","","",""
"1653","2","0","0","0","0","0","0","0","0","1","0","","36","06","2019","2019064701","5","40.2406","-76.0823","1646","08","0","0","0","0","0","0","0","0","2","0","0","0","16","1","1","00","1","40 14:26.074","6","00","76 04:56.231","3","0","0","0","36210","0","0","0","N","0","0","0","2","36210","0","","1","09","N","N","0","","1","0","0","0","0","N","1628","1","2","0","0","1","0","0","1","0","2","N","","","","","","","","","","","","07","  ","","",""
"1619","1","0","0","0","0","0","0","0","0","1","0","","36","06","2019","2019064702","2","40.2175","-76.1159","1615","08","0","0","0","1","0","0","0","0","","0","0","0","16","1","0","00","0","40 13:02.862","","00","76 06:57.200","0","0","0","0","36210","0","0","0","N","0","0","0","2","36210","0","","1","09","N","N","1","","0","0","0","0","0","","1615","0","2","0","0","2","0","0","1","0","2","N","","","","","","","","","","","","07","  ","","",""