"ARRIVAL_TM","AUTOMOBILE_COUNT","BELTED_DEATH_COUNT","BELTED_SUSP_SERIOUS_INJ_COUNT","BICYCLE_COUNT","BICYCLE_DEATH_COUNT","BICYCLE_SUSP_SERIOUS_INJ_COUNT","BUS_COUNT","CHLDPAS_DEATH_COUNT","CHLDPAS_SUSP_SERIOUS_INJ_COUNT","COLLISION_TYPE","COMM_VEH_COUNT","CONS_ZONE_SPD_LIM","COUNTY","CRASH_MONTH","CRASH_YEAR","CRN","DAY_OF_WEEK","DEC_LAT","DEC_LONG","DISPATCH_TM","DISTRICT","DRIVER_COUNT_16YR","DRIVER_COUNT_17YR","DRIVER_COUNT_18YR","DRIVER_COUNT_19YR","DRIVER_COUNT_20YR","DRIVER_COUNT_50_64YR","DRIVER_COUNT_65_74YR","DRIVER_COUNT_75PLUS","EST_HRS_CLOSED","FATAL_COUNT","HEAVY_TRUCK_COUNT","HORSE_BUGGY_COUNT","HOUR_OF_DAY","ILLUMINATION","INJURY_COUNT","INTERSECT_TYPE","LANE_CLOSED","LATITUDE","LN_CLOSE_DIR","LOCATION_TYPE","LONGITUDE","MAX_SEVERITY_LEVEL","MCYCLE_DEATH_COUNT","MCYCLE_SUSP_SERIOUS_INJ_COUNT","MOTORCYCLE_COUNT","MUNICIPALITY","NONMOTR_COUNT","NONMOTR_DEATH_COUNT","NONMOTR_SUSP_SERIOUS_INJ_COUNT","NTFY_HIWY_MAINT","PED_COUNT","PED_DEATH_COUNT","PED_SUSP_SERIOUS_INJ_COUNT","PERSON_COUNT","POLICE_AGCY","POSSIBLE_INJ_COUNT","RDWY_SURF_TYPE_CD","RELATION_TO_ROAD","ROAD_CONDITION","SCH_BUS_IND","SCH_ZONE_IND","SMALL_TRUCK_COUNT","SPEC_JURIS_CD","SUSP_MINOR_INJ_COUNT","SUSP_SERIOUS_INJ_COUNT","SUV_COUNT","TCD_FUNC_CD","TCD_TYPE","TFC_DETOUR_IND","TIME_OF_DAY","TOT_INJ_COUNT","TOTAL_UNITS","UNB_DEATH_COUNT","UNB_SUSP_SERIOUS_INJ_COUNT","UNBELTED_OCC_COUNT","UNK_INJ_DEG_COUNT","UNK_INJ_PER_COUNT","URBAN_RURAL","VAN_COUNT","VEHICLE_COUNT","WORK_ZONE_IND","WORK_ZONE_LOC","WORK_ZONE_TYPE","WORKERS_PRES","WZ_CLOSE_DETOUR","WZ_FLAGGER","WZ_LAW_OFFCR_IND","WZ_LN_CLOSURE","WZ_MOVING","WZ_OTHER","WZ_SHLDER_MDN","ROADWAY_CLEARED","WEATHER1","WEATHER2","WZ_WORKERS_INJ_KILLED","SECONDARY_CRASH","INTERSECTION_RELATED"
"1428","0","0","0","0","0","0","0","0","0","1","0","","36","06","2019","2019064730","7","40.0082","-76.1872","1415","08","0","2","0","0","0","0","0","0","","0","0","0","14","1","0","00","0","40 00:29.616","","00","76 11:13.812","0","0","0","0","36215","0","0","0","N","0","0","0","2","36215","0","","1","01","N","N","1","","0","0","1","0","0","","1415","0","2","0","0","0","0","0","1","0","2","N","","","","","","","","","","","","03","  ","","",""
"1646","1","0","0","0","0","0","0","0","0","1","0","","36","06","2019","2019064731","2","40.0901","-76.174","1636","08","0","0","0","0","0","1","0","0","","0","0","0","16","1","0","00","0","40 05:24.397","","00","76 10:26.468","0","0","0","0","36234","0","0","0","N","0","0","0","2","36215","0","","1","09","N","N","1","","0","0","0","0","0","","1635","0","2","0","0","0","0","0","1","0","2","N","","","","","","","","","","","","07","  ","","",""
"1610","1","0","0","0","0","0","0","0","0","0","0","","36","06","2019","2019064732","1","40.0601","-76.2123","1551","08","0","0","0","0","1","0","0","0","2","0","0","0","15","1","0","00","2","40 03:36.394","5","00","76 12:44.453","0","0","0","0","36215","0","0","0","N","0","0","0","1","36215","0","","1","01","N","N","0","","0","0","0","0","0","Y","1551","0","1","0","0","0","0","0","1","0","1","N","","","","","","","","","","","","03","  ","","",""
"1852","2","0","0","0","0","0","0","0","0","1","0","35","36","06","2019","2019064733","6","40.0419","-76.2091","1849","08","0","0","0","0","0","1","0","0","2","0","0","0","18","1","0","00","1","40 02:30.785","1","00","76 12:32.580","0","0","0","0","36215","0","0","0","N","0","0","0","2","36215","0","","1","01","N","N","0","","0","0","0","3","2","N","1846","0","2","0","0","0","0","0","1","0","2","Y","2","1","N","N","N","N","Y","N","N","N","","03","  ","","",""
"1457","1","0","0","0","0","0","0","0","0","4","0","","36","06","2019","2019064734","7","40.0222","-76.1913","1451","08","0","0","0","0","0","0","0","0","1","0","1","0","14","1","0","00","2","40 01:19.842","3","00","76 11:28.662","0","0","0","0","36215","0","0","0","N","0","0","0","2","36215","0","","1","01","N","N","0","","0","0","0","0","0","Y","1449","0","2","0","0","0","0","0","1","0","2","N","","","","","","","","","","","","03","  ","","",""
"1655","1","0","0","0","0","0","0","0","0","7","0","","36","06","2019","2019064735","7","40.0778","-76.1844","1653","08","0","0","0","0","1","0","0","0","2","0","0","0","16","1","1","00","2","40 04:40.148","6","00","76 11:03.766","4","0","0","0","36234","0","0","0","N","0","0","0","2","36215","1","","4","01","N","N","0","","0","0","0","0","0","Y","1653","1","1","0","0","0","0","0","1","0","1","N","","","","","","","","","","","","03","  ","","",""
"1018","1","0","0","0","0","0","0","0","0","7","0","","36","04","2019","2019064780","6","39.9065","-76.3219","1001","08","0","0","0","0","0","1","0","0","","0","0","0","09","1","0","00","0","39 54:23.251","","00","76 19:18.849","0","0","0","0","36224","0","0","0","Y","0","0","0","1","68J01","0","","4","01","N","N","0","","0","0","0","0","0","","0956","0","1","0","0","1","0","0","1","0","1","N","","","","","","","","","","","","03","  ","","",""
"1822","2","0","0","0","0","0","0","0","0","4","0","","36","05","2019","2019064798","5","39.9044","-76.0319","1810","08","0","0","0","0","0","1","1","0","2","0","0","0","18","1","1","01","1","39 54:15.661","6","00","76 01:54.945","3","0","0","0","36201","0","0","0","N","0","0","0","3","68J01","0","","1","01","N","N","0","","1","0","0","3","3","N","1803","1","2","0","0","0","0","0","1","0","2","N","","","","","","","","","","","","03","  ","","",""
"1736","2","0","0","0","0","0","0","0","0","1","0","","36","06","2019","2019064929","2","40.2197","-76.0805","1729","08","0","0","1","0","0","0","0","0","","0","0","0","17","1","0","00","0","40 13:11.023","","00","76 04:49.626","0","0","0","0","36210","0","0","0","N","0","0","0","5","36210","0","","1","01","N","N","0","","0","0","1","3","7","","1728","0","3","0","0","0","0","0","1","0","3","N","","","","","","","","","","","","03","  ","","",""
"2258","2","0","0","0","0","0","0","0","0","4","0","","36","06","2019","2019064953","2","40.1","-76.3541","2252","08","0","0","0","0","0","0","0","0","2","0","0","0","22","3","0","01","1","40 06:00.025","2","00","76 21:14.898","0","0","0","0","36406","0","0","0","N","0","0","0","3","36101","0","","1","01","N","N","0","","0","0","0","3","2","N","2249","0","2","0","0","0","0","0","3","0","2","N","","","","","","","","","","","","03","  ","","",""
"0658","0","0","0","0","0","0","0","0","0","4","0","","36","06","2019","2019064955","7","40.0305","-76.3559","0652","08","0","0","0","0","0","1","0","0","","0","0","0","06","1","0","01","0","40 01:49.695","","00","76 21:21.182","0","0","0","0","36223","0","0","0","N","0","0","0","2","36223","0","","1","01","N","N","1","","0","0","1","3","3","","0650","0","2","0","0","0","0","0","1","0","2","N","","","","","","","","","","","","03","  ","","",""
"0900","0","0","0","0","0","0","0","0","0","4","0","","36","06","2019","2019064963","4","40.0478","-76.3137","","08","0","0","0","0","0","0","1","0","2","0","0","0","09","1","0","00","2","40 02:52.246","3","00","76 18:49.380","0","0","0","0","36301","0","0","0","N","0","0","0","2","36301","0","","1","01","N","N","0","","0","0","2","0","0","Y","0900","0","2","0","0","0","0","0","3","0","2","N","","","","","","","","","","","","03","  ","","",""
"1813","2","0","0","0","0","0","0","0","0","1","0","","36","06","2019","2019064964","6","40.0346","-76.2976","1803","08","0","0","0","0","0","1","0","0","1","0","0","0","18","1","2","00","2","40 02:04.674","5","00","76 17:51.464","4","0","0","0","36301","0","0","0","N","0","0","0","2","36301","2","","1","01","N","N","0","","0","0","0","0","0","Y","1801","2","2","0","0","1","0","0","3","0","2","N","","","","","","","","","","","","03","  ","","",""
"1201","1","0","0","0","0","0","0","0","0","4","0","","36","06","2019","2019065116","4","40.0441","-76.3089","1200","08","0","0","0","0","0","0","1","0","2","0","0","0","11","1","0","01","1","40 02:38.755","2","00","76 18:32.002","0","0","0","0","36301","0","0","0","N","0","0","0","3","36301","0","","1","01","N","N","0","","0","0","1","3","2","N","1143","0","2","0","0","0","0","0","3","0","2","N","","","","","","","","","","","","03","  ","","",""
"1632","1","0","0","0","0","0","0","0","0","6","0","","36","06","2019","2019065162","5","40.208","-76.1188","1627","08","0","0","0","0","0","1","0","0","1","0","0","0","16","1","0","00","1","40 12:28.804","3","00","76 07:07.505","0","0","0","0","36210","0","0","0","N","0","0","0","2","36210","0","","1","09","N","N","0","","0","0","1","0","0","N","1626","0","2","0","0","0","0","0","1","0","2","N","","","","","","","","","","","","07","  ","","",""
"1728","2","0","0","0","0","0","0","0","0","1","0","","36","06","2019","2019065176","5","40.1021","-76.3054","1710","08","0","0","0","0","0","1","0","0","1","0","0","0","17","1","0","00","1","40 06:07.542","2","00","76 18:19.362","0","0","0","0","36101","0","0","0","N","0","0","0","2","36101","0","","1","09","N","N","0","","0","0","0","0","0","N","1708","0","2","0","0","0","0","0","3","0","2","N","","","","","","","","","","","","03","  ","","",""
"0018","0","0","0","0","0","0","0","0","0","0","0","","36","06","2019","2019065177","4","40.0384","-76.2769","0018","08","0","0","0","0","0","0","0","0","","0","0","0","00","6","1","00","0","40 02:18.115","","00","76 16:36.903","3","0","0","1","36220","0","0","0","N","0","0","0","1","36101","0","","1","01","N","N","0","","1","0","0","0","0","","0018","1","1","0","0","0","0","0","3","0","1","N","","","","","","","","","","","","03","  ","","",""
"0827","1","0","1","0","0","0","0","0","0","2","0","","36","06","2019","2019065179","7","40.1098","-76.4127","0823","08","0","0","0","0","0","0","0","0","2","0","0","0","08","1","3","03","1","40 06:35.305","5","00","76 24:45.604","2","0","0","0","36214","0","0","0","N","0","0","0","3","36214","0","","1","01","N","N","0","","2","1","1","9","3","Y","0820","3","2","0","0","0","0","0","3","0","2","N","","","","","","","","","","","","03","  ","","",""
"1900","0","0","0","0","0","0","0","0","0","1","0","","36","06","2019","2019065180","3","40.0702","-76.3553","1902","08","0","0","2","0","0","0","0","0","","0","0","0","18","1","0","00","0","40 04:12.723","","07","76 21:19.020","0","0","0","0","36214","0","0","0","N","0","0","0","3","36214","0","","1","01","N","N","0","","0","0","2","3","3","","1858","0","2","0","0","0","0","0","3","0","2","N","","","","","","","","","","","","03","  ","","",""
"0853","0","0","0","0","0","0","0","0","0","4","0","","36","06","2019","2019065181","4","40.0775","-76.4032","0850","08","0","0","0","1","0","0","0","0","1","0","0","0","08","1","1","00","2","40 04:38.880","5","00","76 24:11.490","4","0","0","0","36214","1","0","0","N","0","0","0","2","36214","1","","1","01","N","N","0","","0","0","2","0","0","Y","0848","1","2","0","0","0","0","0","3","0","2","N","","","","","","","","","","","","03","  ","","",""
"1803","1","0","0","0","0","0","0","0","0","2","0","","36","06","2019","2019065182","2","39.9517","-76.4332","1742","08","0","1","0","0","0","0","0","0","2","0","0","0","17","1","0","03","2","39 57:06.066","5","00","76 25:59.422","0","0","0","0","36223","0","0","0","N","0","0","0","2","36223","0","","1","09","N","N","0","","0","0","0","0","0","Y","1740","0","2","0","0","0","0","0","1","1","2","N","","","","","","","","","","","","07","  ","","",""
"2011","0","0","0","0","0","0","0","0","0","7","0","","36","06","2019","2019065183","1","40.0406","-76.3934","2006","08","0","0","0","0","0","0","0","0","1","0","0","0","20","4","1","02","1","40 02:26.198","3","00","76 23:36.170","3","0","0","0","36223","0","0","0","N","0","0","0","1","36223","0","","2","01","N","N","1","","1","0","0","0","0","N","2000","1","1","0","0","0","0","0","1","0","1","N","","","","","","","","","","","","03","  ","","",""
"1911","1","0","0","1","0","0","0","0","0","4","0","","36","06","2019","2019065279","4","40.0326","-76.3123","1910","08","0","0","0","0","0","0","0","0","","0","0","0","19","1","1","01","0","40 01:57.478","","00","76 18:44.412","3","0","0","0","36301","1","0","0","N","0","0","0","2","36301","0","","1","01","N","N","0","","1","0","0","0","0","N","1910","1","2","0","0","0","0","0","3","0","1","N","","","","","","","","","","","","03","  ","","",""
"1920","2","0","0","0","0","0","0","0","0","4","0","","36","06","2019","2019065284","5","40.0267","-76.3201","1849","08","0","0","1","0","0","0","0","0","","0","0","0","18","1","1","01","0","40 01:35.975","","00","76 19:12.417","3","0","0","0","36301","0","0","0","N","0","0","0","2","36301","0","","1","01","N","N","0","","1","0","0","3","3","N","1849","1","2","0","0","1","0","0","3","0","2","N","","","","","","","","","","","","03","  ","","",""
"0135","1","0","0","0","0","0","0","0","0","7","0","","36","06","2019","2019065313","3","40.1346","-76.5634","0135","08","0","0","0","0","0","0","0","0","","0","0","0","01","2","1","00","0","40 08:04.453","","00","76 33:48.130","3","0","0","0","36225","0","0","0","N","0","0","0","1","36505","0","","5","01","N","N","0","","1","0","0","3","3","N","0135","1","1","0","0","0","0","0","2","0","1","N","","","","","","","","","","","","03","  ","","",""
"2122","3","0","0","0","0","0","0","0","0","1","0","","36","06","2019","2019065320","7","40.0789","-76.3272","2119","08","0","1","0","0","0","0","0","0","2","0","0","0","21","2","4","02","2","40 04:44.107","5","00","76 19:37.860","3","0","0","0","36101","0","0","0","N","0","0","0","6","36101","2","","1","01","N","N","0","","2","0","0","0","0","Y","2118","4","3","0","0","2","0","0","3","0","3","N","","","","","","","","","","","","03","  ","","",""
"1409","1","0","0","0","0","0","0","0","0","4","0","","36","06","2019","2019065321","4","40.0703","-76.3013","1409","08","0","0","0","0","1","1","0","0","1","0","0","0","14","1","0","02","1","40 04:12.969","3","07","76 18:04.751","0","0","0","0","36101","0","0","0","N","0","0","0","3","36101","0","","1","01","N","N","0","","0","0","1","3","3","N","1409","0","2","0","0","0","0","0","3","0","2","N","","","","","","","","","","","","03","  ","","",""
"1923","0","0","0","0","0","0","0","0","0","4","0","","36","06","2019","2019065322","1","40.039","-76.3598","1919","08","0","0","0","0","0","2","0","0","1","0","0","0","19","1","2","02","2","40 02:20.432","2","00","76 21:35.292","4","0","0","0","36214","0","0","0","N","0","0","0","3","36214","2","","1","01","N","N","0","","0","0","2","3","2","N","1915","2","2","0","0","0","0","0","3","0","2","N","","","","","","","","","","","","03","  ","","",""
"1730","2","0","0","0","0","0","0","0","0","5","0","","36","06","2019","2019065324","4","40.0422","-76.3906","1703","08","0","0","0","0","1","0","0","0","","0","0","0","17","1","0","00","0","40 02:31.860","","00","76 23:26.280","0","0","0","0","36214","0","0","0","N","0","0","0","2","36214","0","","1","98","N","N","0","","0","0","0","0","0","","1702","0","2","0","0","0","0","0","3","0","2","N","","","","","","","","","","","","03","  ","","",""
"1248","1","0","0","0","0","0","0","0","0","1","0","","36","06","2019","2019065336","1","40.1422","-76.5943","1248","08","0","0","0","0","0","0","0","0","","0","0","0","12","1","0","00","0","40 08:32.062","","00","76 35:39.452","0","0","0","0","36407","0","0","0","N","0","0","0","3","36407","0","","1","01","N","N","0","","0","0","1","0","0","N","1248","0","2","0","0","0","0","0","2","0","2","N","","","","","","","","","","","","03","  ","","",""
"1745","0","0","0","0","0","0","0","0","0","1","1","","36","06","2019","2019065394","5","40.1782","-76.601","1740","08","0","0","0","0","0","1","0","0","","0","1","0","17","1","0","00","0","40 10:41.406","","00","76 36:03.436","0","0","0","0","36225","0","0","0","N","0","0","0","2","36505","0","","1","01","N","N","0","","0","0","1","0","0","N","1735","0","2","0","0","0","0","0","2","0","2","N","","","","","","","","","","","","03","  ","","",""
"2342","2","0","0","0","0","0","0","0","0","5","0","","36","06","2019","2019065510","4","40.0526","-76.3232","2338","08","0","0","0","0","0","0","0","0","2","0","0","0","23","3","1","00","2","40 03:09.533","6","00","76 19:23.458","4","0","0","0","36101","0","0","0","N","0","0","0","3","36101","1","","1","01","N","N","0","","0","0","0","0","0","Y","2336","1","2","0","0","0","0","0","3","0","2","N","","","","","","","","","","","","03","  ","","",""
"1703","2","0","0","0","0","0","0","0","0","2","0","","36","06","2019","2019065511","3","40.1006","-76.3054","1700","08","0","0","1","0","0","0","0","0","1","0","0","0","16","1","2","00","1","40 06:01.997","2","00","76 18:19.286","3","0","0","0","36101","0","0","0","N","0","0","0","5","36101","0","","1","01","N","N","0","","2","0","0","0","0","N","1657","2","2","0","0","1","0","0","3","0","2","N","","","","","","","","","","","","03","  ","","",""
"2153","0","0","0","0","0","0","0","0","0","1","0","","36","06","2019","2019065512","5","40.0813","-76.2933","2151","08","0","0","0","0","0","0","0","0","2","0","0","0","21","3","1","02","1","40 04:52.627","5","00","76 17:35.836","3","0","0","0","36101","0","0","0","N","0","0","0","2","36101","0","","1","01","N","N","1","","1","0","1","0","0","N","2150","1","2","0","0","0","0","0","3","0","2","N","","","","","","","","","","","","03","  ","","",""
"0954","2","0","0","0","0","0","0","0","0","5","0","","36","06","2019","2019065513","3","40.0941","-76.407","0952","08","0","0","0","0","0","1","0","0","2","0","0","0","09","1","1","00","2","40 05:38.842","6","00","76 24:25.129","3","0","0","0","36214","0","0","0","N","0","0","0","1","36214","0","","4","01","N","N","0","","1","0","0","0","0","Y","0950","1","2","0","0","0","0","0","3","0","2","N","","","","","","","","","","","","03","  ","","",""
"0821","1","0","0","0","0","0","0","0","0","4","1","","36","06","2019","2019065514","2","40.0402","-76.2391","0817","08","0","0","0","0","0","1","1","0","1","0","1","0","08","1","0","01","1","40 02:24.730","3","00","76 14:20.844","0","0","0","0","36215","0","0","0","N","0","0","0","2","36215","0","","1","01","N","N","0","","0","0","0","3","2","N","0817","0","2","0","0","0","0","0","1","0","2","N","","","","","","","","","","","","03","  ","","",""
"0951","1","0","0","0","0","0","0","0","0","4","0","","36","06","2019","2019065515","5","40.0405","-76.2489","0947","08","0","0","0","0","0","0","0","1","1","0","0","0","09","1","2","00","1","40 02:25.889","3","07","76 14:55.899","3","0","0","0","36215","0","0","0","N","0","0","0","3","36215","0","","1","01","N","N","0","","2","0","2","0","0","N","0945","2","3","0","0","0","0","0","1","0","3","N","","","","","","","","","","","","03","  ","","",""
"2140","2","0","0","0","0","0","0","0","0","4","0","","36","06","2019","2019065594","2","40.1642","-76.1543","2138","08","0","1","0","0","0","0","1","0","","0","0","0","21","3","2","00","0","40 09:51.150","","00","76 09:15.643","3","0","0","0","36218","0","0","0","N","0","0","0","3","36408","0","","1","01","N","N","0","","2","0","0","3","2","","2137","2","2","0","0","0","0","0","1","0","2","N","","","","","","","","","","","","03","  ","","",""
"1612","1","0","0","0","0","0","0","0","0","4","0","","36","06","2019","2019065646","6","40.0513","-76.3062","1539","08","0","0","1","0","0","0","0","0","","0","0","0","15","1","1","01","0","40 03:04.511","","00","76 18:22.162","4","0","0","0","36301","0","0","0","N","0","0","0","3","36301","1","","1","09","N","N","0","","0","0","1","3","3","","1536","1","2","0","0","0","0","0","3","0","2","N","","","","","","","","","","","","07","  ","","",""
"0901","0","0","0","0","0","0","0","0","0","0","0","","36","06","2019","2019065649","7","40.1295","-76.2157","0854","08","0","0","0","0","0","0","0","0","2","0","0","0","08","1","1","00","1","40 07:46.288","1","00","76 12:56.591","3","0","0","1","36238","0","0","0","N","0","0","0","1","36238","0","","1","01","N","N","0","","1","0","0","0","0","N","0851","1","1","0","0","0","0","0","3","0","1","N","","","","","","","","","","","","03","  ","","",""
"1650","0","0","0","0","0","0","0","0","0","0","0","","36","06","2019","2019065657","6","40.1475","-76.1839","1642","08","0","0","0","0","0","0","0","0","3","0","0","0","16","1","1","00","1","40 08:51.017","2","00","76 11:01.959","4","0","0","0","36238","0","0","0","N","0","0","0","3","36238","1","","1","01","N","N","1","","0","0","0","0","0","N","1640","1","1","0","0","0","0","0","3","0","1","N","","","","","","","","","","","","03","  ","","",""
"1220","2","0","0","0","0","0","0","0","0","4","0","","36","06","2019","2019065665","7","40.0435","-76.298","1217","08","0","0","0","0","0","1","0","0","","0","0","0","12","1","0","01","0","40 02:36.501","","00","76 17:52.632","0","0","0","0","36301","0","0","0","N","0","0","0","2","36301","0","","1","01","N","N","0","","0","0","0","3","2","N","1214","0","2","0","0","0","0","0","3","0","2","N","","","","","","","","","","","","03","  ","","",""
"1419","2","0","0","0","0","0","0","0","0","1","0","","36","04","2019","2019065676","6","39.9841","-76.1009","1409","08","0","1","0","0","0","0","0","0","","0","0","0","13","1","1","00","0","39 59:02.678","","00","76 06:03.322","3","0","0","0","36226","0","0","0","N","0","0","0","2","68J01","0","","1","01","N","N","0","","1","0","0","0","0","","1357","1","2","0","0","0","0","0","1","0","2","N","","","","","","","","","","","","03","  ","","",""
"2006","0","0","0","0","0","0","0","0","0","2","0","","36","06","2019","2019065686","5","39.8146","-76.1284","1956","08","0","0","0","0","0","1","0","0","3","0","0","0","19","4","1","01","2","39 48:52.593","6","00","76 07:42.259","3","0","0","0","36222","0","0","0","N","0","0","0","2","68J01","0","","1","09","N","N","1","","1","0","1","3","3","Y","1953","1","2","0","0","1","0","0","1","0","2","N","","","","","","","","","","","","07","  ","","",""
"1426","1","0","0","0","0","0","0","0","0","4","0","","36","06","2019","2019065723","7","40.2264","-76.1804","1421","08","0","0","0","1","0","1","0","0","2","0","0","0","14","1","3","01","2","40 13:34.893","7","00","76 10:49.273","3","0","0","0","36236","0","0","0","N","0","0","0","3","36408","0","","1","01","N","N","0","","1","0","0","3","3","Y","1419","3","2","0","0","0","2","0","1","1","2","N","","","","","","","","","","","","03","  ","","",""
"1607","1","0","0","0","0","0","0","0","0","1","0","","36","06","2019","2019065744","3","40.055","-76.3278","1557","08","0","0","0","1","0","0","0","0","2","0","0","0","15","1","0","00","1","40 03:17.918","3","00","76 19:40.016","0","0","0","0","36101","0","0","0","N","0","0","0","2","36101","0","","1","01","N","N","1","","0","0","0","0","0","N","1555","0","2","0","0","0","0","0","3","0","2","N","","","","","","","","","","","","03","  ","","",""
"1130","1","0","0","0","0","0","0","0","0","4","0","","36","06","2019","2019065745","6","40.0603","-76.2772","1130","08","0","0","0","0","0","0","1","0","2","0","0","0","11","1","1","01","1","40 03:37.033","4","00","76 16:38.007","4","0","0","0","36101","0","0","0","N","0","0","0","2","36101","1","","1","01","N","N","1","","0","0","0","3","2","N","1127","1","2","0","0","0","0","0","3","0","2","N","","","","","","","","","","","","03","  ","","",""
"1619","1","0","0","0","0","0","0","0","0","4","0","","36","06","2019","2019065753","7","40.1034","-76.4349","1604","08","0","0","0","0","0","0","0","0","2","0","0","0","16","1","1","02","2","40 06:12.364","6","00","76 26:05.688","4","0","0","0","36239","0","0","0","N","0","0","0","2","36239","1","","1","09","N","N","0","","0","0","1","2","3","Y","1604","1","2","0","0","0","0","0","3","0","2","N","","","","","","","","","","","","07","  ","","",""
"1749","3","0","0","0","0","0","0","0","0","1","0","","36","06","2019","2019065802","6","39.9865","-76.2812","1742","08","0","0","0","0","0","1","0","1","1","0","0","0","17","1","0","00","1","39 59:11.342","3","00","76 16:52.253","0","0","0","0","36240","0","0","0","N","0","0","0","3","36240","0","","1","01","N","N","0","","0","0","0","0","0","N","1740","0","3","0","0","0","0","0","1","0","3","N","","","","","","","","","","","","03","  ","","",""
"1310","0","0","0","0","0","0","0","0","0","4","0","","36","06","2019","2019065832","6","40.0819","-76.351","1305","08","0","0","0","0","0","0","1","0","","0","0","0","13","1","0","01","0","40 04:54.975","","02","76 21:03.454","0","0","0","0","36214","0","0","0","N","0","0","0","2","36214","0","","1","01","N","N","1","","0","0","1","3","2","","1300","0","2","0","0","0","0","0","3","0","2","N","","","","","","","","","","","","03","  ","","",""
"1232","0","0","0","0","0","0","0","0","0","7","0","","36","06","2019","2019065952","7","40.0909","-76.3041","1223","08","0","0","0","0","0","0","0","0","2","0","0","0","12","1","2","00","1","40 05:27.371","2","00","76 18:14.713","3","0","0","0","36101","0","0","0","N","0","0","0","2","36101","0","","5","01","N","N","0","","2","0","0","0","0","N","1220","2","1","0","0","0","0","0","3","1","1","N","","","","","","","","","","","","03","  ","","",""
"1311","0","0","0","0","0","0","0","0","0","7","0","","36","06","2019","2019065953","1","40.0757","-76.3364","1305","08","0","0","0","0","0","0","0","0","2","0","0","0","13","1","3","00","1","40 04:32.474","3","00","76 20:10.877","3","0","0","0","36101","0","0","0","N","0","0","0","3","36101","0","","3","01","N","N","0","","3","0","1","0","0","N","1301","3","2","0","0","0","0","0","3","0","1","N","","","","","","","","","","","","03","  ","","",""
"1608","0","0","0","0","0","0","0","0","0","1","0","","36","06","2019","2019065954","7","40.0689","-76.3305","1551","08","0","0","0","0","0","1","0","0","","0","0","0","15","1","2","02","0","40 04:08.225","","02","76 19:49.770","3","0","0","0","36101","0","0","0","N","0","0","0","4","36101","0","","1","09","N","N","0","","2","0","2","3","2","","1550","2","2","0","0","0","0","0","3","0","2","N","","","","","","","","","","","","07","  ","","",""
"1330","1","0","0","0","0","0","0","0","0","7","0","","36","06","2019","2019065961","7","40.0477","-76.5093","1318","08","0","0","0","0","0","0","0","0","1","0","0","0","13","1","0","00","1","40 02:51.813","3","00","76 30:33.380","0","0","0","0","36239","0","0","0","N","0","0","0","1","36239","0","","5","01","N","N","0","","0","0","0","0","0","N","1318","0","1","0","0","0","0","0","3","0","1","N","","","","","","","","","","","","03","  ","","",""
"0002","1","0","0","0","0","0","0","0","0","4","0","","36","06","2019","2019066036","6","40.1642","-76.1543","2359","08","0","0","0","0","0","0","0","0","","0","0","0","23","3","0","00","0","40 09:51.150","","00","76 09:15.643","0","0","0","0","36218","0","0","0","N","0","0","0","3","36408","0","","1","01","N","N","0","","0","0","0","3","2","","2357","0","2","0","0","0","0","0","1","1","2","N","","","","","","","","","","","","03","  ","","",""
"0111","1","0","0","0","0","0","0","0","0","7","0","","36","06","2019","2019066042","1","40.046","-76.2884","9999","08","0","1","0","0","0","0","0","0","","0","0","0","01","3","0","02","0","40 02:45.654","","00","76 17:18.214","0","0","0","0","36301","0","0","0","N","0","0","0","1","36301","0","","2","01","","","0","","0","0","0","3","3","N","0102","0","1","0","0","1","0","0","3","0","1","N","","","","","","","","","","","","03","  ","","",""
"1823","3","0","0","0","0","0","0","0","0","4","0","","36","06","2019","2019066049","6","40.0512","-76.3062","1823","08","0","1","0","0","0","0","0","0","2","0","0","0","18","1","0","01","1","40 03:04.433","2","00","76 18:22.148","0","0","0","0","36301","0","0","0","N","0","0","0","3","36301","0","","1","01","N","N","0","","0","0","0","3","3","N","1820","0","3","0","0","0","0","0","3","0","3","N","","","","","","","","","","","","03","  ","","",""
"1803","1","0","0","0","0","0","0","0","0","4","0","","36","04","2019","2019066051","1","40.0387","-76.4948","1801","08","0","0","0","0","0","0","0","0","1","0","0","0","17","1","1","01","1","40 02:19.442","1","00","76 29:41.229","4","0","0","0","36404","0","0","0","N","0","0","0","2","36404","1","","1","01","N","N","0","","0","0","1","3","3","N","1758","1","2","0","0","0","0","0","3","0","2","N","","","","","","","","","","","","03","  ","","",""
"0006","2","0","0","0","0","0","0","0","0","5","0","","36","06","2019","2019066058","1","40.0499","-76.3036","2350","08","0","0","0","0","0","0","0","0","","0","0","0","23","3","1","00","0","40 02:59.575","","00","76 18:12.836","3","0","0","0","36301","0","0","0","N","0","0","0","2","36301","0","","6","01","N","N","0","","1","0","1","0","0","","2350","1","3","0","0","2","0","0","3","0","3","N","","","","","","","","","","","","03","  ","","",""
"1252","1","0","0","0","0","0","0","0","0","1","0","","36","06","2019","2019066076","6","40.0949","-76.3048","1246","08","0","0","0","1","0","0","0","0","","0","0","0","12","1","1","00","0","40 05:41.607","","00","76 18:17.265","4","0","0","0","36101","0","0","0","N","0","0","0","5","36101","1","","1","01","N","N","0","","0","0","0","0","0","","1240","1","2","0","0","0","0","0","3","1","2","N","","","","","","","","","","","","03","  ","","",""