"ARRIVAL_TM","AUTOMOBILE_COUNT","BELTED_DEATH_COUNT","BELTED_SUSP_SERIOUS_INJ_COUNT","BICYCLE_COUNT","BICYCLE_DEATH_COUNT","BICYCLE_SUSP_SERIOUS_INJ_COUNT","BUS_COUNT","CHLDPAS_DEATH_COUNT","CHLDPAS_SUSP_SERIOUS_INJ_COUNT","COLLISION_TYPE","COMM_VEH_COUNT","CONS_ZONE_SPD_LIM","COUNTY","CRASH_MONTH","CRASH_YEAR","CRN","DAY_OF_WEEK","DEC_LAT","DEC_LONG","DISPATCH_TM","DISTRICT","DRIVER_COUNT_16YR","DRIVER_COUNT_17YR","DRIVER_COUNT_18YR","DRIVER_COUNT_19YR","DRIVER_COUNT_20YR","DRIVER_COUNT_50_64YR","DRIVER_COUNT_65_74YR","DRIVER_COUNT_75PLUS","EST_HRS_CLOSED","FATAL_COUNT","HEAVY_TRUCK_COUNT","HORSE_BUGGY_COUNT","HOUR_OF_DAY","ILLUMINATION","INJURY_COUNT","INTERSECT_TYPE","LANE_CLOSED","LATITUDE","LN_CLOSE_DIR","LOCATION_TYPE","LONGITUDE","MAX_SEVERITY_LEVEL","MCYCLE_DEATH_COUNT","MCYCLE_SUSP_SERIOUS_INJ_COUNT","MOTORCYCLE_COUNT","MUNICIPALITY","NONMOTR_COUNT","NONMOTR_DEATH_COUNT","NONMOTR_SUSP_SERIOUS_INJ_COUNT","NTFY_HIWY_MAINT","PED_COUNT","PED_DEATH_COUNT","PED_SUSP_SERIOUS_INJ_COUNT","PERSON_COUNT","POLICE_AGCY","POSSIBLE_INJ_COUNT","RDWY_SURF_TYPE_CD","RELATION_TO_ROAD","ROAD_CONDITION","SCH_BUS_IND","SCH_ZONE_IND","SMALL_TRUCK_COUNT","SPEC_JURIS_CD","SUSP_MINOR_INJ_COUNT","SUSP_SERIOUS_INJ_COUNT","SUV_COUNT","TCD_FUNC_CD","TCD_TYPE","TFC_DETOUR_IND","TIME_OF_DAY","TOT_INJ_COUNT","TOTAL_UNITS","UNB_DEATH_COUNT","UNB_SUSP_SERIOUS_INJ_COUNT","UNBELTED_OCC_COUNT","UNK_INJ_DEG_COUNT","UNK_INJ_PER_COUNT","URBAN_RURAL","VAN_COUNT","VEHICLE_COUNT","WORK_ZONE_IND","WORK_ZONE_LOC","WORK_ZONE_TYPE","WORKERS_PRES","WZ_CLOSE_DETOUR","WZ_FLAGGER","WZ_LAW_OFFCR_IND","WZ_LN_CLOSURE","WZ_MOVING","WZ_OTHER","WZ_SHLDER_MDN","ROADWAY_CLEARED","WEATHER1","WEATHER2","WZ_WORKERS_INJ_KILLED","SECONDARY_CRASH","INTERSECTION_RELATED"
"1550","0","0","0","0","0","0","0","0","0","0","0","","36","06","2019","2019066077","6","40.0619","-76.3446","1542","08","0","0","0","0","0","1","0","0","2","0","0","0","15","1","1","00","1","40 03:42.813","3","00","76 20:40.506","3","0","0","1","36214","0","0","0","N","0","0","0","1","36214","0","","1","09","N","N","0","","1","0","0","0","0","N","1540","1","1","0","0","0","0","0","3","0","1","N","","","","","","","","","","","","03","  ","","",""
"1400","2","0","0","0","0","0","0","0","0","5","0","","36","06","2019","2019066168","1","39.9824","-76.1726","1350","08","0","0","0","0","0","1","0","0","","0","0","0","13","1","0","00","0","39 58:56.652","","00","76 10:21.423","0","0","0","0","36417","0","0","0","N","0","0","0","1","36417","0","","1","01","N","N","0","","0","0","0","0","0","","1335","0","2","0","0","1","0","0","1","0","2","N","","","","","","","","","","","","03","  ","","",""
"1729","1","0","0","0","0","0","0","0","0","1","0","","36","06","2019","2019066176","7","39.9758","-76.2752","1727","08","1","0","0","0","0","0","0","0","2","0","0","0","17","1","0","00","1","39 58:32.878","2","00","76 16:30.601","0","0","0","0","36228","0","0","0","N","0","0","0","2","36228","0","","1","09","N","N","0","","0","0","0","0","0","N","1727","0","2","0","0","0","0","0","1","1","2","N","","","","","","","","","","","","03","  ","","",""
"1400","2","0","0","0","0","0","0","0","0","5","0","","36","06","2019","2019066222","1","39.9824","-76.1725","1350","08","0","0","0","0","0","0","0","0","","0","0","0","13","1","0","00","0","39 58:56.598","","00","76 10:21.103","0","0","0","0","36417","0","0","0","N","0","0","0","1","36417","0","","6","01","N","N","0","","0","0","0","0","0","","1335","0","2","0","0","1","0","0","1","0","2","N","","","","","","","","","","","","03","  ","","",""
"1345","2","0","0","0","0","0","0","0","0","4","0","","36","06","2019","2019066274","6","40.0788","-76.3367","1339","08","0","0","0","1","0","1","0","0","1","0","0","0","13","1","2","00","2","40 04:43.630","3","00","76 20:11.950","3","0","0","0","36101","0","0","0","N","0","0","0","3","36101","0","","1","01","N","N","0","","2","0","1","3","3","N","1335","2","3","0","0","0","0","0","3","0","3","N","","","","","","","","","","","","03","  ","","",""
"1930","0","0","0","0","0","0","0","0","0","0","1","","36","06","2019","2019066275","3","40.0687","-76.3308","1921","08","0","0","0","0","0","0","0","0","3","0","0","0","19","1","0","00","2","40 04:07.305","4","02","76 19:51.012","0","0","0","0","36101","0","0","0","N","0","0","0","1","36101","0","","1","01","N","N","1","","0","0","0","0","0","Y","1916","0","1","0","0","0","0","0","3","0","1","N","","","","","","","","","","","","03","  ","","",""
"0556","0","0","0","0","0","0","0","0","0","4","0","25","36","06","2019","2019066276","6","40.1607","-76.4","0554","08","0","0","0","0","0","0","0","0","2","0","0","0","05","1","1","01","2","40 09:38.682","6","00","76 24:00.155","4","0","0","1","36410","0","0","0","N","0","0","0","2","36410","1","","1","01","N","N","0","","0","0","1","0","0","Y","0553","1","2","0","0","0","0","0","2","0","2","Y","2","1","N","Y","N","N","Y","N","N","N","","03","  ","","",""
"1753","2","0","1","0","0","0","0","0","0","7","0","","36","06","2019","2019066277","5","40.1879","-76.4941","1746","08","0","0","0","0","0","0","0","0","2","0","0","0","17","1","3","00","2","40 11:16.542","5","00","76 29:38.745","2","0","0","0","36230","0","0","0","N","0","0","0","3","36410","0","","5","01","N","N","0","","2","1","0","0","0","Y","1745","3","2","0","0","0","0","0","1","0","2","N","","","","","","","","","","","","03","  ","","",""
"0255","1","0","0","0","0","0","0","0","0","7","0","","36","06","2019","2019066278","7","40.133","-76.4336","0248","08","0","0","0","0","0","0","0","0","3","0","0","0","02","2","1","00","2","40 07:58.716","6","00","76 26:00.895","4","0","0","0","36230","0","0","0","N","0","0","0","1","36410","1","","5","01","N","N","0","","0","0","0","0","0","Y","0248","1","1","0","0","0","0","0","1","0","1","N","","","","","","","","","","","","03","  ","","",""
"0915","0","0","0","0","0","0","0","0","0","4","0","","36","06","2019","2019066279","7","40.2339","-76.4347","0913","08","1","0","0","0","0","0","0","0","2","0","0","0","09","1","1","03","2","40 14:01.894","1","02","76 26:05.025","8","0","0","0","36230","0","0","0","N","0","0","0","5","36410","0","","1","01","N","N","1","","0","0","1","3","2","N","0910","1","2","0","0","0","1","0","1","0","2","N","","","","","","","","","","","","03","  ","","",""
"1559","0","0","0","0","0","0","0","0","0","4","1","","36","04","2019","2019066325","2","40.0716","-76.0996","1550","08","0","0","0","0","0","0","0","0","4","1","1","0","15","1","0","03","2","40 04:17.601","6","00","76 05:58.494","1","1","0","1","36209","0","0","0","N","0","0","0","2","68J01","0","2","1","01","N","N","0","0","0","0","0","0","0","Y","1542","0","2","0","0","0","0","0","1","0","2","N","","","","","","","","","","","","03","  ","","",""
"1210","1","0","0","0","0","0","0","0","0","0","0","","36","05","2019","2019066329","7","40.2008","-76.3008","1149","08","0","0","0","0","0","1","0","0","","0","0","0","11","1","0","00","0","40 12:03.041","","00","76 18:02.995","0","0","0","0","36217","0","0","0","N","0","0","0","5","68J01","0","","1","01","N","N","0","","0","0","1","0","0","","1144","0","2","0","0","0","0","0","1","0","2","N","","","","","","","","","","","","03","  ","","",""
"0516","0","0","0","0","0","0","0","0","0","0","1","","36","06","2019","2019066354","4","40.2134","-76.0601","0510","08","0","0","0","0","0","0","0","0","","0","1","0","05","5","1","00","0","40 12:48.328","","00","76 03:36.393","3","0","0","0","36202","0","0","0","N","0","0","0","1","68T06","0","","4","09","N","N","0","","1","0","0","0","0","","0510","1","1","0","0","0","0","0","1","0","1","N","","","","","","","","","","","","07","  ","","",""
"1431","1","0","0","0","0","0","0","0","0","7","0","","36","06","2019","2019066356","4","40.2097","-76.029","1424","08","0","0","0","0","0","0","0","0","","0","0","0","14","1","0","00","0","40 12:34.975","","00","76 01:44.336","0","0","0","0","36202","0","0","0","N","0","0","0","2","68T06","0","","4","09","N","N","0","","0","0","0","0","0","","1424","0","1","0","0","0","0","0","1","0","1","N","","","","","","","","","","","","07","  ","","",""
"1647","2","0","0","0","0","0","0","0","0","4","0","","36","06","2019","2019066370","1","40.2459","-76.217","1631","08","0","0","0","0","0","0","0","0","","0","0","0","16","1","0","00","0","40 14:45.184","","00","76 13:01.269","0","0","0","0","36204","0","0","0","N","0","0","0","2","68T06","0","","4","01","N","N","0","","0","0","0","0","0","","1631","0","2","0","0","0","0","0","1","0","2","N","","","","","","","","","","","","03","  ","","",""
"1129","1","0","0","0","0","0","0","0","0","9","0","","36","06","2019","2019066386","5","40.2441","-76.1594","1110","08","0","0","0","0","0","0","1","0","","0","0","0","11","1","0","00","0","40 14:38.626","","00","76 09:33.666","0","0","0","0","36236","0","0","0","N","0","0","0","2","68T06","0","","1","01","N","N","0","","0","0","0","0","0","","1109","0","1","0","0","0","0","0","1","0","1","N","","","","","","","","","","","","03","  ","","",""
"1630","0","0","0","0","0","0","0","0","0","7","0","","36","06","2019","2019066390","5","40.1786","-75.9886","1625","08","0","0","0","0","0","1","0","0","2","0","0","0","16","1","0","00","1","40 10:43.081","4","00","75 59:18.916","0","0","0","0","36202","0","0","0","N","0","0","0","1","68T06","0","","3","01","N","N","0","","0","0","1","0","0","N","1625","0","1","0","0","0","0","0","1","0","1","N","","","","","","","","","","","","03","  ","","",""
"1436","1","0","0","0","0","0","0","0","0","1","0","","36","05","2019","2019066450","5","40.2199","-76.0797","1432","08","0","0","0","0","0","2","0","0","","0","0","0","14","1","1","00","0","40 13:11.779","","00","76 04:47.012","3","0","0","0","36210","0","0","0","N","0","0","0","2","36210","0","","1","01","N","N","0","","1","0","1","0","0","","1430","1","2","0","0","0","0","0","1","0","2","N","","","","","","","","","","","","03","  ","","",""
"0755","0","0","0","0","0","0","0","0","0","6","0","","36","06","2019","2019066452","4","","","0820","08","0","0","0","0","0","1","1","0","","0","0","0","07","1","0","00","0","","","00","","0","0","0","0","36210","0","0","0","N","0","0","0","2","36210","0","","1","01","N","N","0","","0","0","1","0","0","","0752","0","2","0","0","0","0","0","1","1","2","N","","","","","","","","","","","","03","  ","","",""
"1552","2","0","0","0","0","0","0","0","0","2","0","","36","06","2019","2019066453","4","40.2099","-76.1212","1631","08","0","0","0","0","0","1","0","0","1","0","0","0","15","1","2","00","2","40 12:35.713","6","00","76 07:16.370","3","0","0","0","36210","0","0","0","N","0","0","0","2","36210","1","","1","09","N","N","0","","1","0","0","0","0","Y","1551","2","2","0","0","0","0","0","1","0","2","N","","","","","","","","","","","","07","  ","","",""
"0912","0","0","0","0","0","0","0","0","0","1","0","","36","06","2019","2019066456","6","40.218","-76.1288","0910","08","0","0","0","0","0","1","0","0","1","0","0","0","09","1","0","00","1","40 13:04.661","3","07","76 07:43.737","0","0","0","0","36210","0","0","0","N","0","0","0","2","36210","0","","1","01","N","N","1","","0","0","1","0","0","N","0908","0","2","0","0","0","0","0","1","0","2","N","","","","","","","","","","","","03","  ","","",""
"1803","1","0","0","0","0","0","0","0","0","1","0","99","36","06","2019","2019066458","7","40.1925","-76.1241","1757","08","0","0","0","0","1","0","0","0","","0","0","0","17","1","0","00","0","40 11:33.126","","00","76 07:26.701","0","0","0","0","36210","0","0","0","N","0","0","0","2","36210","0","","1","01","N","N","0","","0","0","1","0","0","","1757","0","2","0","0","2","0","0","1","0","2","Y","3","1","U","","","U","","","","","","03","  ","","",""
"1740","1","0","0","0","0","0","0","0","0","1","0","","36","06","2019","2019066491","4","40.176","-76.5984","1729","08","0","0","1","0","0","0","0","0","3","0","0","0","17","1","0","00","1","40 10:33.511","3","00","76 35:54.195","0","0","0","0","36225","0","0","0","N","0","0","0","3","36505","0","","1","01","","","0","","0","0","2","0","0","N","1729","0","3","0","0","0","0","0","2","0","3","N","","","","","","","","","","","","03","  ","","",""
"0544","2","0","0","0","0","0","0","0","0","2","0","","36","07","2019","2019066496","3","40.0072","-76.2489","0539","08","0","0","0","0","0","0","0","0","3","0","0","0","05","1","2","00","2","40 00:25.857","5","00","76 14:56.100","8","0","0","0","36240","0","0","0","N","0","0","0","2","36240","0","","1","01","N","N","0","","0","0","0","0","0","Y","0539","2","2","0","0","0","2","0","1","0","2","N","","","","","","","","","","","","03","  ","","",""
"1105","2","0","0","0","0","0","0","0","0","4","0","","36","06","2019","2019066506","4","40.1115","-76.356","1058","08","0","0","0","0","0","0","1","0","2","0","0","0","10","1","3","02","1","40 06:41.494","5","00","76 21:21.712","3","0","0","0","36214","0","0","0","N","0","0","0","3","36214","0","","1","01","N","N","0","","1","0","0","3","3","Y","1055","3","2","0","0","0","2","0","3","0","2","N","","","","","","","","","","","","03","  ","","",""
"1215","2","0","0","0","0","0","0","0","0","4","0","","36","06","2019","2019066513","1","40.0287","-76.32","1210","08","0","0","0","1","0","1","0","0","2","0","0","0","12","1","2","01","1","40 01:43.316","7","00","76 19:11.992","3","0","0","0","36301","0","0","0","N","0","0","0","2","36301","0","","1","01","N","N","0","","2","0","0","3","3","N","1210","2","2","0","0","0","0","0","3","0","2","N","","","","","","","","","","","","03","  ","","",""
"1728","0","0","0","0","0","0","0","0","0","0","0","","36","07","2019","2019066536","2","40.023","-76.2752","1720","08","0","0","0","0","0","0","0","0","","0","0","0","17","1","1","00","0","40 01:22.978","","00","76 16:30.632","3","0","0","1","36240","0","0","0","N","0","0","0","1","36240","0","","2","01","N","N","0","","1","0","0","3","3","N","1720","1","1","0","0","0","0","0","1","0","1","N","","","","","","","","","","","","03","  ","","",""
"0722","3","0","0","0","0","0","0","0","0","1","0","","36","07","2019","2019066560","3","40.1993","-76.2043","0722","08","0","0","0","0","0","1","0","0","","0","0","0","07","1","0","00","0","40 11:57.558","","00","76 12:15.531","0","0","0","0","36408","0","0","0","N","0","0","0","5","36408","0","","1","01","N","N","0","","0","0","0","0","0","N","0720","0","3","0","0","1","0","0","2","0","3","N","","","","","","","","","","","","03","  ","","",""
"1225","2","0","0","0","0","0","0","0","0","1","0","","36","07","2019","2019066594","3","40.0633","-76.4316","1221","08","0","0","1","0","0","0","0","0","1","0","0","0","12","1","0","00","1","40 03:47.797","4","00","76 25:53.761","0","0","0","0","36239","0","0","0","N","0","0","0","2","36239","0","","1","01","N","N","0","","0","0","0","0","0","N","1219","0","2","0","0","0","0","0","3","0","2","N","","","","","","","","","","","","03","  ","","",""
"1213","2","0","0","0","0","0","0","0","0","4","0","","36","07","2019","2019066697","3","40.012","-76.2263","1209","08","0","0","0","0","0","0","0","1","2","0","0","0","12","1","0","01","2","40 00:43.379","5","00","76 13:34.666","0","0","0","0","36240","0","0","0","N","0","0","0","3","36240","0","","1","01","N","N","0","","0","0","0","3","3","Y","1209","0","2","0","0","0","0","0","1","0","2","N","","","","","","","","","","","","03","  ","","",""
"1158","1","0","0","0","0","0","0","0","0","5","1","","36","07","2019","2019066704","3","40.0526","-76.3042","1140","08","0","0","0","0","0","0","0","0","2","0","1","0","11","1","0","00","1","40 03:09.432","4","00","76 18:15.262","0","0","0","0","36301","0","0","0","N","0","0","0","2","36301","0","","1","01","N","N","0","","0","0","0","0","0","N","1136","0","2","0","0","0","0","0","3","0","2","N","","","","","","","","","","","","03","  ","","",""
"0423","1","0","0","0","0","0","0","0","0","7","0","","36","06","2019","2019066728","4","40.0249","-76.3111","0424","08","0","0","0","0","0","0","0","0","","0","0","0","04","5","0","00","0","40 01:29.499","","00","76 18:40.057","0","0","0","0","36301","0","0","0","N","0","0","0","1","36301","0","","5","09","N","N","0","","0","0","0","0","0","N","0423","0","1","0","0","0","0","0","3","0","1","N","","","","","","","","","","","","07","  ","","",""
"1444","0","0","0","0","0","0","0","0","0","4","0","","36","06","2019","2019066742","5","40.095","-76.113","1442","08","0","0","0","0","0","0","0","1","1","0","0","0","14","1","1","01","1","40 05:41.985","2","00","76 06:46.742","2","0","1","1","36209","0","0","0","N","0","0","0","3","36415","0","","1","01","N","N","0","","0","1","0","0","0","Y","1440","1","2","0","0","0","0","0","1","1","2","N","","","","","","","","","","","","03","  ","","",""
"1716","1","0","0","0","0","0","0","0","0","1","0","","36","06","2019","2019066743","5","40.1528","-76.1273","1707","08","0","0","0","0","0","1","0","0","","0","0","0","17","3","0","00","0","40 09:10.020","","00","76 07:38.286","0","0","0","0","36209","0","0","0","N","0","0","0","2","36415","0","","1","01","N","N","0","","0","0","1","0","0","","1706","0","2","0","0","0","0","0","1","0","2","N","","","","","","","","","","","","03","  ","","",""
"1729","1","0","0","0","0","0","0","0","0","1","0","","36","06","2019","2019066744","5","40.1528","-76.1273","1729","08","0","0","0","0","0","0","0","0","","0","0","0","17","3","0","00","0","40 09:10.020","","00","76 07:38.286","0","0","0","0","36209","0","0","0","N","0","0","0","7","36415","0","","1","01","N","N","0","","0","0","1","0","0","","1729","0","3","0","0","0","0","0","1","1","3","N","","","","","","","","","","","","03","  ","","",""
"1227","1","0","0","0","0","0","0","0","0","5","0","","36","05","2019","2019066791","7","39.9887","-75.9846","1154","08","0","0","0","0","0","0","0","0","1","0","0","0","11","1","1","02","1","39 59:19.228","6","00","75 59:04.409","8","0","0","1","36232","0","0","0","N","0","0","0","4","68J01","0","","1","01","N","N","0","","0","0","0","0","0","N","1151","1","2","0","0","0","1","0","1","0","2","N","","","","","","","","","","","","03","  ","","",""
"0234","1","0","0","0","0","0","0","0","0","7","0","","36","05","2019","2019066797","7","40.2124","-76.0573","0219","08","0","0","1","0","0","0","0","0","","0","0","0","02","2","1","01","0","40 12:44.566","","00","76 03:26.169","4","0","0","0","36202","0","0","0","N","0","0","0","1","68J01","1","","4","01","N","N","0","","0","0","0","0","0","","0214","1","1","0","0","0","0","0","1","0","1","N","","","","","","","","","","","","03","  ","","",""
"1721","1","0","0","0","0","0","0","0","0","7","0","","36","05","2019","2019066798","7","40.1425","-75.9329","1704","08","0","0","0","0","0","1","0","0","2","0","0","0","16","1","0","00","1","40 08:33.170","6","00","75 55:58.370","0","0","0","0","36203","0","0","0","Y","0","0","0","1","68J01","0","","2","01","N","N","0","","0","0","0","0","0","N","1614","0","1","0","0","0","0","0","1","0","1","N","","","","","","","","","","","","03","  ","","",""
"1624","0","0","0","0","0","0","0","0","0","0","0","","36","05","2019","2019066800","2","40.2249","-76.2981","1611","08","0","0","0","0","0","0","0","0","","0","0","0","16","1","1","00","0","40 13:29.549","","07","76 17:53.322","8","0","0","1","36217","0","0","0","N","0","0","0","1","68J01","0","","1","01","N","N","0","","0","0","0","0","0","","1609","1","2","0","0","0","1","0","1","0","1","N","","","","","","","","","","","","03","  ","","",""
"2218","0","0","0","0","0","0","0","0","0","7","0","","36","06","2019","2019066803","1","39.9882","-76.2118","2211","08","0","1","0","0","0","0","0","0","","0","0","0","21","2","0","00","0","39 59:17.370","","00","76 12:42.560","0","0","0","0","36233","0","0","0","N","0","0","0","2","68J01","0","","4","01","N","N","0","","0","0","1","0","0","","2158","0","1","0","0","0","0","0","1","0","1","N","","","","","","","","","","","","03","  ","","",""
"2227","1","0","0","0","0","0","0","0","0","2","0","","36","06","2019","2019066813","7","39.9494","-76.161","2215","08","0","0","0","0","0","0","0","0","2","0","0","0","22","2","0","00","2","39 56:57.869","5","00","76 09:39.604","9","0","0","0","36233","0","0","0","N","0","0","0","2","68J01","0","","1","01","N","N","0","","0","0","1","0","0","Y","2210","0","2","0","0","0","0","1","1","0","2","N","","","","","","","","","","","","03","  ","","",""
"0959","0","0","0","0","0","0","0","0","0","7","1","","36","06","2019","2019066816","2","40.0364","-76.0998","0946","08","0","0","0","0","0","0","0","0","3","0","1","0","09","1","2","00","2","40 02:11.061","6","00","76 05:59.318","4","0","0","0","36221","0","0","0","N","0","0","0","2","68J01","1","","4","09","N","N","0","","0","0","0","0","0","Y","0943","2","1","0","0","2","1","0","1","0","1","N","","","","","","","","","","","","07","  ","","",""
"0511","2","0","0","0","0","0","0","0","0","7","0","","36","06","2019","2019066819","4","40.2414","-76.0404","1454","08","0","1","0","0","0","0","1","0","3","0","0","0","04","5","1","00","2","40 14:28.885","2","00","76 02:25.266","3","0","0","0","36202","0","0","0","N","0","0","0","2","68J01","0","","4","01","N","N","0","","1","0","0","0","0","Y","0452","1","2","0","0","0","0","0","1","0","2","N","","","","","","","","","","","","03","  ","","",""
"1624","1","0","0","0","0","0","0","0","0","4","1","","36","06","2019","2019066820","4","40.0392","-76.0644","1611","08","0","0","0","0","0","0","1","0","","0","1","0","15","1","0","01","0","40 02:21.008","","00","76 03:51.801","0","0","0","0","36221","0","0","0","N","0","0","0","3","68J01","0","","1","01","N","N","0","","0","0","0","3","3","","1556","0","2","0","0","0","0","0","1","0","2","N","","","","","","","","","","","","03","  ","","",""
"1045","0","0","0","0","0","0","0","0","0","1","0","","36","06","2019","2019066867","7","39.9383","-76.0733","1025","08","0","0","0","0","0","0","0","0","2","0","0","1","10","1","1","00","1","39 56:17.949","3","00","76 04:23.877","2","0","1","1","36201","1","0","0","N","0","0","0","2","68J01","0","","1","01","N","N","0","","0","1","0","0","0","N","1024","1","2","0","0","0","0","0","1","0","1","N","","","","","","","","","","","","03","  ","","",""
"1345","0","0","0","0","0","0","0","0","0","7","0","","36","06","2019","2019066869","7","40.0387","-76.1581","1344","08","0","0","0","0","0","0","0","0","2","0","0","0","13","1","0","00","1","40 02:19.211","5","00","76 09:29.208","0","0","0","0","36221","0","0","0","Y","0","0","0","1","68J01","0","","4","01","N","N","1","","0","0","0","0","0","N","1342","0","1","0","0","0","0","0","1","0","1","N","","","","","","","","","","","","03","  ","","",""
"1720","0","0","0","0","0","0","0","0","0","7","0","","36","06","2019","2019066870","7","39.9109","-76.1117","1713","08","0","0","0","0","0","0","0","1","","0","0","0","17","1","0","00","0","39 54:39.101","","00","76 06:42.216","0","0","0","0","36216","0","0","0","N","0","0","0","1","68J01","0","","4","09","N","N","0","","0","0","0","0","0","","1706","0","1","0","0","0","0","0","1","1","1","N","","","","","","","","","","","","07","  ","","",""
"0619","1","0","0","0","0","0","0","0","0","7","0","","36","06","2019","2019066873","1","39.8775","-76.2162","0603","08","0","0","0","0","0","0","0","0","","0","0","0","05","5","0","00","0","39 52:39.072","","00","76 12:58.227","0","0","0","0","36212","0","0","0","N","0","0","0","1","68J01","0","","4","01","N","N","0","","0","0","0","0","0","","0543","0","1","0","0","0","0","0","1","0","1","N","","","","","","","","","","","","03","  ","","",""
"1701","2","0","0","0","0","0","0","0","0","4","0","","36","06","2019","2019066925","5","40.17","-76.1974","1656","08","0","0","0","0","0","2","0","0","","0","0","0","16","1","0","00","0","40 10:11.852","","00","76 11:50.561","0","0","0","0","36408","0","0","0","N","0","0","0","4","36408","0","","1","01","N","N","0","","0","0","0","0","0","","1655","0","2","0","0","0","0","0","2","0","2","N","","","","","","","","","","","","03","  ","","",""
"1840","1","0","0","0","0","0","0","0","0","4","0","","36","06","2019","2019066942","5","40.041","-76.2916","1830","08","0","0","0","0","0","1","0","0","1","0","0","0","18","1","0","01","1","40 02:27.689","4","00","76 17:29.630","0","0","0","0","36301","0","0","0","N","0","0","0","2","36301","0","","1","01","N","N","0","","0","0","0","0","0","N","1822","0","2","0","0","0","0","0","3","1","2","N","","","","","","","","","","","","03","  ","","",""
"1036","0","0","0","0","0","0","0","0","0","8","0","","36","07","2019","2019066962","3","40.0395","-76.306","1034","08","0","0","0","0","0","0","0","0","","0","0","0","10","1","1","01","0","40 02:22.325","","00","76 18:21.503","3","0","0","0","36301","1","0","0","N","1","0","0","2","36301","0","","1","01","N","N","0","","1","0","1","3","2","N","1034","1","2","0","0","0","0","0","3","0","1","N","","","","","","","","","","","","03","  ","","",""
"1119","0","0","0","0","0","0","0","0","0","4","0","","36","06","2019","2019066964","7","40.1093","-76.5074","1116","08","0","0","0","0","0","1","0","0","","0","0","0","11","1","0","01","0","40 06:33.316","","00","76 30:26.472","0","0","0","0","36413","0","0","0","N","0","0","0","4","36413","0","","1","01","N","N","0","","0","0","2","2","3","","1115","0","2","0","0","2","0","0","2","0","2","N","","","","","","","","","","","","03","  ","","",""
"1420","0","0","0","0","0","0","0","0","0","4","1","","36","06","2019","2019067017","6","40.1034","-76.4349","1417","08","0","0","0","0","0","1","0","0","4","0","1","0","14","1","0","02","2","40 06:12.364","6","00","76 26:05.688","0","0","0","0","36239","0","0","0","N","0","0","0","2","36239","0","","1","01","N","N","0","","0","0","1","3","3","Y","1417","0","2","0","0","0","0","0","3","0","2","N","","","","","","","","","","","","03","  ","","",""
"0544","1","0","0","0","0","0","0","0","0","5","0","","36","06","2019","2019067044","5","40.0393","-76.4535","0538","08","0","1","0","0","0","1","0","0","3","0","0","0","05","1","0","00","1","40 02:21.303","4","00","76 27:12.701","0","0","0","0","36239","0","0","0","N","0","0","0","3","36239","0","","1","01","N","N","1","","0","0","1","0","0","N","0538","0","3","0","0","1","0","0","3","0","3","N","","","","","","","","","","","","03","  ","","",""
"2214","3","0","0","0","0","0","0","0","0","1","0","","36","06","2019","2019067074","4","40.2159","-76.0689","2202","08","0","0","0","0","0","0","1","0","3","0","0","0","21","2","0","00","1","40 12:57.364","3","00","76 04:08.195","0","0","0","0","36210","0","0","0","N","0","0","0","3","68J01","0","","1","01","N","N","0","","0","0","0","0","0","N","2154","0","3","0","0","0","0","0","1","0","3","N","","","","","","","","","","","","03","  ","","",""
"0028","1","0","0","0","0","0","0","0","0","7","0","","36","06","2019","2019067075","6","39.9379","-76.0759","0010","08","0","0","0","0","0","0","0","0","","0","0","0","00","2","0","02","0","39 56:16.335","","00","76 04:33.305","0","0","0","0","36201","0","0","0","Y","0","0","0","1","68J01","0","","4","01","N","N","0","","0","0","0","0","0","","0005","0","1","0","0","0","0","0","1","0","1","N","","","","","","","","","","","","03","  ","","",""
"1451","1","0","0","0","0","0","0","0","0","1","0","","36","06","2019","2019067077","6","40.1737","-76.0083","1429","08","0","0","0","0","0","0","1","0","2","0","0","0","14","1","1","02","1","40 10:25.330","1","00","76 00:29.745","4","0","0","0","36202","0","0","0","N","0","0","0","3","68J01","1","","1","01","N","N","1","","0","0","0","0","0","N","1418","1","2","0","0","1","0","0","1","0","2","N","","","","","","","","","","","","03","  ","","",""
"1408","1","0","0","0","0","0","0","0","0","1","0","","36","06","2019","2019067079","7","40.0043","-76.1023","1351","08","0","0","0","0","0","0","1","0","2","0","0","0","13","1","0","00","1","40 00:15.420","4","00","76 06:08.276","0","0","0","0","36226","0","0","0","N","0","0","0","7","68J01","0","","1","01","N","N","0","","0","0","2","0","0","N","1348","0","3","0","0","0","0","0","1","0","3","N","","","","","","","","","","","","03","  ","","",""
"2221","0","0","0","0","0","0","0","0","0","2","0","","36","06","2019","2019067080","7","39.9399","-76.0839","2212","08","0","0","0","0","0","0","1","0","2","0","0","0","22","2","2","03","2","39 56:23.578","5","00","76 05:02.080","3","0","0","0","36201","0","0","0","N","0","0","0","3","68J01","0","","1","01","N","N","0","","2","0","0","3","3","Y","2210","2","2","0","0","0","0","0","1","2","2","N","","","","","","","","","","","","03","  ","","",""