"ARRIVAL_TM","AUTOMOBILE_COUNT","BELTED_DEATH_COUNT","BELTED_SUSP_SERIOUS_INJ_COUNT","BICYCLE_COUNT","BICYCLE_DEATH_COUNT","BICYCLE_SUSP_SERIOUS_INJ_COUNT","BUS_COUNT","CHLDPAS_DEATH_COUNT","CHLDPAS_SUSP_SERIOUS_INJ_COUNT","COLLISION_TYPE","COMM_VEH_COUNT","CONS_ZONE_SPD_LIM","COUNTY","CRASH_MONTH","CRASH_YEAR","CRN","DAY_OF_WEEK","DEC_LAT","DEC_LONG","DISPATCH_TM","DISTRICT","DRIVER_COUNT_16YR","DRIVER_COUNT_17YR","DRIVER_COUNT_18YR","DRIVER_COUNT_19YR","DRIVER_COUNT_20YR","DRIVER_COUNT_50_64YR","DRIVER_COUNT_65_74YR","DRIVER_COUNT_75PLUS","EST_HRS_CLOSED","FATAL_COUNT","HEAVY_TRUCK_COUNT","HORSE_BUGGY_COUNT","HOUR_OF_DAY","ILLUMINATION","INJURY_COUNT","INTERSECT_TYPE","LANE_CLOSED","LATITUDE","LN_CLOSE_DIR","LOCATION_TYPE","LONGITUDE","MAX_SEVERITY_LEVEL","MCYCLE_DEATH_COUNT","MCYCLE_SUSP_SERIOUS_INJ_COUNT","MOTORCYCLE_COUNT","MUNICIPALITY","NONMOTR_COUNT","NONMOTR_DEATH_COUNT","NONMOTR_SUSP_SERIOUS_INJ_COUNT","NTFY_HIWY_MAINT","PED_COUNT","PED_DEATH_COUNT","PED_SUSP_SERIOUS_INJ_COUNT","PERSON_COUNT","POLICE_AGCY","POSSIBLE_INJ_COUNT","RDWY_SURF_TYPE_CD","RELATION_TO_ROAD","ROAD_CONDITION","SCH_BUS_IND","SCH_ZONE_IND","SMALL_TRUCK_COUNT","SPEC_JURIS_CD","SUSP_MINOR_INJ_COUNT","SUSP_SERIOUS_INJ_COUNT","SUV_COUNT","TCD_FUNC_CD","TCD_TYPE","TFC_DETOUR_IND","TIME_OF_DAY","TOT_INJ_COUNT","TOTAL_UNITS","UNB_DEATH_COUNT","UNB_SUSP_SERIOUS_INJ_COUNT","UNBELTED_OCC_COUNT","UNK_INJ_DEG_COUNT","UNK_INJ_PER_COUNT","URBAN_RURAL","VAN_COUNT","VEHICLE_COUNT","WORK_ZONE_IND","WORK_ZONE_LOC","WORK_ZONE_TYPE","WORKERS_PRES","WZ_CLOSE_DETOUR","WZ_FLAGGER","WZ_LAW_OFFCR_IND","WZ_LN_CLOSURE","WZ_MOVING","WZ_OTHER","WZ_SHLDER_MDN","ROADWAY_CLEARED","WEATHER1","WEATHER2","WZ_WORKERS_INJ_KILLED","SECONDARY_CRASH","INTERSECTION_RELATED"
"0941","0","0","0","0","0","0","0","0","0","5","1","","36","06","2019","2019067081","2","40.2263","-76.303","0855","08","0","0","0","0","0","1","0","0","","0","1","0","08","1","1","00","0","40 13:34.779","","00","76 18:10.677","3","0","0","0","36217","0","0","0","N","0","0","0","3","68J01","0","","1","01","N","N","0","","1","0","1","0","0","","0850","1","2","0","0","0","0","0","1","0","2","N","","","","","","","","","","","","03","  ","","",""
"1103","2","0","0","0","0","0","0","0","0","4","0","","36","07","2019","2019067156","3","40.0416","-76.3019","1052","08","0","0","0","0","0","0","1","0","1","0","0","0","10","1","1","01","1","40 02:29.665","1","00","76 18:06.967","3","0","0","0","36301","0","0","0","N","0","0","0","2","36301","0","","1","01","N","N","0","","1","0","0","3","2","N","1052","1","2","0","0","1","0","0","3","0","2","N","","","","","","","","","","","","03","  ","","",""
"1559","1","0","0","0","0","0","0","0","0","1","0","","36","06","2019","2019067197","2","40.0731","-76.3083","1546","08","0","0","0","0","0","0","0","0","","0","0","0","15","1","1","00","0","40 04:23.281","","00","76 18:29.959","3","0","0","0","36101","0","0","0","N","0","0","0","2","36101","0","","1","01","N","N","0","","1","0","1","0","0","","1540","1","2","0","0","0","0","1","3","0","2","N","","","","","","","","","","","","03","  ","","",""
"1000","0","0","0","0","0","0","0","0","0","4","0","","36","06","2019","2019067198","1","40.1163","-76.3057","0955","08","0","0","0","0","0","1","0","1","2","0","0","0","09","1","1","01","1","40 06:58.631","3","00","76 18:20.445","4","0","0","1","36101","0","0","0","N","0","0","0","3","36101","1","","1","01","N","Y","0","","0","0","1","3","2","N","0952","1","2","0","0","0","0","0","3","0","2","N","","","","","","","","","","","","03","  ","","",""
"1223","0","0","0","0","0","0","0","0","0","8","0","","36","06","2019","2019067199","1","40.0236","-76.2834","1219","08","0","0","0","0","0","0","0","0","2","0","0","0","12","1","1","00","2","40 01:24.966","6","03","76 17:00.380","8","0","0","0","36220","1","0","0","N","1","0","0","2","36101","0","","2","01","N","N","0","","0","0","0","0","0","Y","1214","1","2","0","0","0","1","1","3","0","1","N","","","","","","","","","","","","03","  ","","",""
"1947","0","0","0","0","0","0","0","0","0","7","0","","36","07","2019","2019067200","2","40.0608","-76.3598","1940","08","0","0","0","1","0","0","0","0","","0","0","0","19","4","1","01","0","40 03:38.802","","00","76 21:35.222","3","0","0","0","36214","0","0","0","N","0","0","0","1","36214","0","","3","01","N","N","0","","1","0","1","0","0","","1937","1","1","0","0","0","0","0","3","0","1","N","","","","","","","","","","","","03","  ","","",""
"1700","0","0","0","1","0","0","0","0","0","4","0","","36","07","2019","2019067201","3","40.0401","-76.3954","1655","08","0","0","0","0","0","0","0","1","","0","0","0","12","1","1","02","0","40 02:24.526","","00","76 23:43.535","3","0","0","0","36223","1","0","0","N","0","0","0","2","36214","0","","2","01","N","N","0","","1","0","1","0","0","","1200","1","2","0","0","0","0","0","1","0","1","N","","","","","","","","","","","","03","  ","","",""
"1457","0","0","0","0","0","0","0","0","0","4","0","","36","06","2019","2019067202","5","40.0207","-76.1922","1454","08","0","0","0","0","0","0","1","0","2","0","0","0","14","1","1","02","1","40 01:14.397","5","00","76 11:32.005","3","0","0","0","36215","0","0","0","N","0","0","0","2","36215","0","","1","01","N","N","1","","1","0","1","3","2","N","1453","1","2","0","0","1","0","0","1","0","2","N","","","","","","","","","","","","03","  ","","",""
"0733","1","0","0","0","0","0","0","0","0","1","1","","36","06","2019","2019067203","2","40.0295","-76.2347","0729","08","0","0","0","0","0","1","1","0","1","0","1","0","07","1","1","00","1","40 01:46.320","2","00","76 14:04.740","4","0","0","0","36215","0","0","0","N","0","0","0","3","36215","1","","1","01","N","N","0","","0","0","0","0","0","N","0727","1","2","0","0","0","0","0","1","0","2","N","","","","","","","","","","","","03","  ","","",""
"1504","2","0","0","0","0","0","0","0","0","4","0","","36","06","2019","2019067204","2","40.0378","-76.2707","1453","08","0","0","0","0","0","2","0","0","1","0","0","0","14","1","0","01","1","40 02:16.133","2","00","76 16:14.672","0","0","0","0","36215","0","0","0","N","0","0","0","2","36215","0","","1","01","N","N","0","","0","0","0","3","2","N","1453","0","2","0","0","0","0","0","1","0","2","N","","","","","","","","","","","","03","  ","","",""
"1026","1","0","0","0","0","0","0","0","0","1","0","","36","06","2019","2019067205","6","40.0331","-76.2452","1022","08","0","0","0","1","0","1","0","0","1","0","0","0","10","1","2","01","2","40 01:59.353","4","00","76 14:42.859","3","0","0","0","36215","0","0","0","N","0","0","0","4","36215","0","","1","01","N","N","1","","1","0","0","3","2","Y","1022","2","3","0","0","0","1","0","1","1","3","N","","","","","","","","","","","","03","  ","","",""
"1137","1","0","0","0","0","0","0","0","0","7","0","","36","06","2019","2019067206","6","40.0925","-76.1537","1131","08","0","0","0","0","0","0","1","0","2","0","0","0","11","1","1","00","2","40 05:32.859","3","00","76 09:13.228","3","0","0","0","36234","0","0","0","N","0","0","0","1","36215","0","","4","01","N","N","0","","1","0","0","0","0","N","1129","1","1","0","0","0","0","0","1","0","1","N","","","","","","","","","","","","03","  ","","",""
"0156","2","0","0","0","0","0","0","0","0","1","0","","36","06","2019","2019067207","5","40.1554","-76.3106","0154","08","0","1","0","0","0","0","0","0","1","0","0","0","01","3","0","00","1","40 09:19.615","3","00","76 18:38.017","0","0","0","0","36409","0","0","0","N","0","0","0","1","36409","0","","6","09","N","N","0","","0","0","1","0","0","N","0151","0","3","0","0","0","0","0","3","0","3","N","","","","","","","","","","","","07","  ","","",""
"1954","1","0","0","0","0","0","0","0","0","4","0","","36","06","2019","2019067208","3","40.1553","-76.2961","1952","08","0","0","0","0","0","0","0","0","2","0","0","0","19","1","0","00","2","40 09:19.218","3","07","76 17:46.029","0","0","0","0","36409","0","0","0","N","0","0","0","4","36409","0","","1","01","N","N","1","","0","0","0","0","0","Y","1950","0","2","0","0","0","0","0","3","0","2","N","","","","","","","","","","","","03","  ","","",""
"1743","1","0","0","0","0","0","0","0","0","0","0","","36","05","2019","2019067209","4","40.1268","-76.4734","1736","08","0","0","0","0","0","0","0","0","2","0","0","0","17","1","1","00","1","40 07:36.397","4","00","76 28:24.306","3","0","0","0","36230","0","0","0","N","0","0","0","1","36410","0","","1","01","N","N","0","","1","0","0","0","0","N","1734","1","1","0","0","0","0","0","1","0","1","N","","","","","","","","","","","","03","  ","","",""
"1236","1","0","0","0","0","0","0","0","0","7","0","","36","06","2019","2019067210","2","40.156","-76.4111","1233","08","0","0","0","0","0","0","0","0","1","0","0","0","12","1","1","00","1","40 09:21.610","1","00","76 24:39.950","4","0","0","0","36410","0","0","0","N","0","0","0","1","36410","1","","4","01","N","N","0","","0","0","0","0","0","N","1232","1","1","0","0","0","0","0","2","0","1","N","","","","","","","","","","","","03","  ","","",""
"2039","0","0","0","0","0","0","0","0","0","0","0","","36","06","2019","2019067242","2","39.8044","-76.2207","2005","08","0","0","0","0","0","0","0","0","1","0","0","0","20","1","2","00","1","39 48:15.900","2","00","76 13:14.400","8","0","0","1","36208","0","0","0","N","0","0","0","2","68J01","0","","1","2","N","N","0","","0","0","0","0","0","N","2000","2","1","0","0","0","2","0","1","0","1","N","","","","","","","","","","","","03","  ","","",""
"0834","1","0","0","0","0","0","0","0","0","7","0","","36","06","2019","2019067254","2","39.8202","-76.1521","0812","08","0","1","0","0","0","0","0","0","","0","0","0","08","1","0","00","0","39 49:12.692","","00","76 09:07.665","0","0","0","0","36222","0","0","0","N","0","0","0","1","68J01","0","","4","01","N","N","0","","0","0","0","0","0","","0810","0","1","0","0","0","0","0","1","0","1","N","","","","","","","","","","","","03","  ","","",""
"1805","0","0","0","0","0","0","0","0","0","4","0","","36","06","2019","2019067259","4","40.0387","-76.1574","1754","08","0","0","0","0","0","1","0","0","4","0","0","0","17","1","2","00","2","40 02:19.272","6","00","76 09:26.706","2","0","1","1","36221","0","0","0","N","0","0","0","6","68J01","0","","1","01","N","N","0","","1","1","0","0","0","Y","1748","2","2","0","0","0","0","0","1","1","2","N","","","","","","","","","","","","03","  ","","",""
"1831","0","0","0","0","0","0","0","0","0","4","0","","36","06","2019","2019067262","7","39.7846","-76.1153","1827","08","0","0","0","0","0","0","1","0","","0","0","0","18","1","1","01","0","39 47:04.715","","00","76 06:55.146","3","0","0","0","36222","0","0","0","N","0","0","0","2","68J01","0","","1","01","N","N","0","","1","0","2","3","3","","1823","1","2","0","0","0","0","0","1","0","2","N","","","","","","","","","","","","03","  ","","",""
"1244","2","0","0","0","0","0","0","0","0","1","0","","36","06","2019","2019067264","1","40.0054","-76.1607","1240","08","0","0","1","0","0","0","0","0","","0","0","0","12","1","0","00","0","40 00:19.400","","00","76 09:38.640","0","0","0","0","36233","0","0","0","N","0","0","0","4","68J01","0","","2","01","N","N","0","","0","0","0","0","0","","1238","0","2","0","0","0","0","0","1","0","2","N","","","","","","","","","","","","03","  ","","",""
"1536","0","0","0","0","0","0","0","0","0","1","0","","36","06","2019","2019067266","1","39.9092","-76.1167","1507","08","0","0","0","0","0","0","1","0","2","0","0","1","14","1","1","00","1","39 54:33.001","3","00","76 07:00.272","3","0","0","0","36216","1","0","0","N","0","0","0","2","68J01","0","","1","01","N","N","1","","1","0","0","0","0","N","1443","1","2","0","0","0","0","0","1","0","1","N","","","","","","","","","","","","03","  ","","",""
"2024","1","0","0","0","0","0","0","0","0","4","0","","36","06","2019","2019067275","3","39.9756","-75.9939","2010","08","1","0","0","0","0","0","0","0","","0","0","0","20","3","0","01","0","39 58:32.262","","00","75 59:37.905","0","0","0","0","36231","0","0","0","N","0","0","0","2","68J01","0","","1","01","N","N","0","","0","0","1","3","3","","2001","0","2","0","0","0","0","0","1","0","2","N","","","","","","","","","","","","03","  ","","",""
"1932","0","0","0","0","0","0","0","0","0","4","0","","36","06","2019","2019067281","4","39.7213","-76.1544","1925","08","0","0","0","0","0","1","1","0","1","0","0","0","19","1","1","01","1","39 43:16.729","5","00","76 09:15.718","4","0","0","0","36219","0","0","0","N","0","0","0","2","68J01","1","","1","01","N","N","1","","0","0","1","3","3","N","1921","1","2","0","0","0","0","0","1","0","2","N","","","","","","","","","","","","03","  ","","",""
"1321","1","0","0","0","0","0","0","0","0","1","0","","36","07","2019","2019067320","3","40.2251","-76.2991","1311","08","0","0","0","0","0","1","1","0","","0","0","0","13","1","0","00","0","40 13:30.354","","00","76 17:56.667","0","0","0","0","36217","0","0","0","N","0","0","0","2","68J01","0","","1","01","N","N","1","","0","0","0","0","0","","1308","0","2","0","0","0","0","0","1","0","2","N","","","","","","","","","","","","03","  ","","",""
"1912","2","0","0","0","0","0","0","0","0","4","0","","36","07","2019","2019067360","4","40.036","-76.2868","1906","08","0","0","0","0","0","0","0","0","2","0","0","0","19","1","1","01","1","40 02:09.618","2","00","76 17:12.530","4","0","0","0","36301","0","0","0","N","0","0","0","2","36301","1","","1","01","N","N","0","","0","0","0","3","3","N","1903","1","2","0","0","0","0","0","3","0","2","N","","","","","","","","","","","","03","  ","","",""
"0033","0","0","0","0","0","0","0","0","0","8","0","","36","06","2019","2019067374","3","40.0291","-76.3103","0028","08","0","0","0","0","0","0","0","0","2","0","0","0","00","3","1","00","1","40 01:44.646","3","00","76 18:37.259","2","0","0","0","36301","1","0","1","N","1","0","1","2","36301","0","","1","01","N","N","0","","0","1","0","0","0","N","0026","1","2","0","0","0","0","0","3","1","1","N","","","","","","","","","","","","03","  ","","",""
"1447","0","0","0","0","0","0","0","0","0","1","0","","36","07","2019","2019067382","4","40.1832","-76.1739","1437","08","0","0","0","0","0","1","0","0","1","0","0","0","14","1","0","00","2","40 10:59.571","5","00","76 10:26.095","0","0","0","0","36408","0","0","0","N","0","0","0","3","36408","0","","2","01","N","N","0","","0","0","2","0","0","Y","1437","0","2","0","0","1","0","0","2","0","2","N","","","","","","","","","","","","03","  ","","",""
"1624","2","0","0","0","0","0","0","0","0","2","0","","36","07","2019","2019067383","4","40.0375","-76.4466","1612","08","0","0","0","0","0","0","0","1","2","0","0","0","16","1","3","01","2","40 02:15.040","6","00","76 26:47.880","8","0","0","0","36239","0","0","0","N","0","0","0","4","36239","0","","1","01","N","N","0","","0","0","0","0","0","Y","1612","3","2","0","0","0","3","1","3","0","2","N","","","","","","","","","","","","03","  ","","",""
"1510","2","0","0","0","0","0","0","0","0","4","0","","36","07","2019","2019067504","5","40.0392","-76.2951","1506","08","0","0","0","0","0","0","0","0","","0","0","0","15","1","0","01","0","40 02:20.968","","00","76 17:42.317","0","0","0","0","36301","0","0","0","N","0","0","0","4","36301","0","","1","01","N","N","0","","0","0","0","3","2","N","1505","0","2","0","0","0","0","0","3","0","2","N","","","","","","","","","","","","03","  ","","",""
"1038","0","0","0","0","0","0","0","0","0","4","1","","36","07","2019","2019067447","5","40.0119","-76.2652","1036","08","0","0","0","0","0","0","0","0","2","0","1","0","10","1","0","00","2","40 00:43.000","6","00","76 15:54.600","0","0","0","0","36240","0","0","0","N","0","0","0","8","36240","0","","1","01","N","N","0","","0","0","0","3","8","N","1028","0","2","0","0","0","0","0","1","1","2","N","","","","","","","","","","","","03","  ","","",""
"1113","3","0","0","0","0","0","0","0","0","4","0","","36","06","2019","2019067501","3","40.0324","-76.3185","1109","08","0","0","0","0","0","1","0","0","1","0","0","0","11","1","0","00","1","40 01:56.641","4","00","76 19:06.625","0","0","0","0","36301","0","0","0","N","0","0","0","1","36301","0","","1","01","N","N","0","","0","0","0","0","0","Y","1106","0","3","0","0","0","0","0","3","0","3","N","","","","","","","","","","","","03","  ","","",""
"1254","1","0","0","0","0","0","0","0","0","4","0","","36","06","2019","2019067502","4","40.0358","-76.3142","1246","08","0","0","0","0","0","0","0","0","1","0","0","0","12","1","0","01","1","40 02:08.740","3","00","76 18:51.097","0","0","0","0","36301","0","0","0","N","0","0","0","2","36301","0","","1","01","N","N","1","","0","0","0","3","3","Y","1243","0","2","0","0","0","0","0","3","0","2","N","","","","","","","","","","","","03","  ","","",""
"1400","0","0","0","0","0","0","0","0","0","1","0","","36","06","2019","2019067518","1","40.0072","-76.4026","1356","08","0","0","0","0","0","0","0","0","1","0","0","0","13","1","1","00","1","40 00:25.822","6","00","76 24:09.203","3","0","0","0","36223","0","0","0","N","0","0","0","2","36223","0","","1","01","N","N","0","","1","0","0","0","0","N","1352","1","2","0","0","0","0","0","1","2","2","N","","","","","","","","","","","","03","  ","","",""
"1343","2","0","0","0","0","0","0","0","0","1","0","","36","07","2019","2019067548","4","40.0314","-76.4816","1338","08","0","0","0","0","0","0","2","0","2","0","0","0","13","1","1","01","1","40 01:53.017","4","00","76 28:53.643","3","0","0","0","36239","0","0","0","N","0","0","0","3","36239","0","","1","01","N","N","0","","1","0","1","3","2","N","1338","1","3","0","0","0","0","0","3","0","3","N","","","","","","","","","","","","03","  ","","",""
"1420","1","0","0","0","0","0","0","0","0","1","0","","36","07","2019","2019067594","3","40.1616","-76.1459","1412","08","0","0","0","0","0","0","0","1","","0","0","0","14","1","1","00","0","40 09:41.890","","00","76 08:45.225","3","0","0","0","36218","0","0","0","N","0","0","0","3","36408","0","","1","01","N","N","0","","1","0","1","0","0","","1410","1","2","0","0","0","0","0","1","0","2","N","","","","","","","","","","","","03","  ","","",""
"1810","1","0","0","0","0","0","0","0","0","4","0","","36","06","2019","2019067597","4","40.0377","-76.2948","1806","08","0","0","0","0","0","0","0","0","1","0","0","0","17","1","0","01","1","40 02:15.878","1","00","76 17:41.132","0","0","0","0","36301","0","0","0","N","0","0","0","2","36301","0","","1","01","N","N","0","","0","0","1","3","3","N","1703","0","2","0","0","0","0","0","3","0","2","N","","","","","","","","","","","","03","  ","","",""
"0713","2","0","0","0","0","0","0","0","0","5","0","","36","07","2019","2019067624","3","40.0452","-76.3143","0708","08","0","0","0","0","0","0","0","0","","0","0","0","06","1","0","00","0","40 02:42.700","","00","76 18:51.400","0","0","0","0","36301","0","0","0","N","0","0","0","1","36301","0","","6","01","N","N","0","","0","0","1","0","0","","0641","0","3","0","0","0","0","0","3","0","3","N","","","","","","","","","","","","03","  ","","",""
"2021","1","0","0","0","0","0","0","0","0","7","0","","36","07","2019","2019067704","2","40.1795","-76.5541","2008","08","0","0","0","0","0","0","0","0","","0","0","0","20","1","2","00","0","40 10:46.200","","00","76 33:14.800","4","0","0","0","36225","0","0","0","N","0","0","0","2","36505","2","","2","01","N","N","0","","0","0","0","0","0","N","2006","2","1","0","0","0","0","0","2","0","1","N","","","","","","","","","","","","03","  ","","",""
"1630","0","0","0","0","0","0","0","0","0","4","0","","36","05","2019","2019067729","6","40.0091","-76.0577","1628","08","0","0","0","0","0","0","0","1","1","0","0","0","16","1","1","01","2","40 00:32.677","7","00","76 03:27.871","3","0","0","0","36232","0","0","0","N","0","0","0","2","68J01","0","","1","01","N","N","0","","1","0","1","3","3","Y","1605","1","2","0","0","0","0","0","1","1","2","N","","","","","","","","","","","","03","  ","","",""
"1750","2","0","0","0","0","0","0","0","0","4","0","","36","06","2019","2019067745","5","39.9855","-76.0178","1728","08","0","0","0","0","0","1","0","0","3","0","0","0","17","1","3","01","2","39 59:07.866","2","00","76 01:04.009","3","0","0","0","36232","0","0","0","N","0","0","0","3","68J01","0","","1","01","N","N","0","","2","0","0","3","2","Y","1724","3","2","0","0","0","1","0","1","0","2","N","","","","","","","","","","","","03","  ","","",""
"1334","2","0","0","0","0","0","0","0","0","1","0","","36","06","2019","2019067747","1","39.9918","-76.0191","1309","08","0","0","0","0","0","1","0","0","","0","0","0","13","1","1","00","0","39 59:30.644","","07","76 01:08.909","3","0","0","0","36232","0","0","0","N","0","0","0","4","68J01","0","","1","01","N","N","0","","1","0","1","3","2","","1306","1","4","0","0","0","0","0","1","0","4","N","","","","","","","","","","","","03","  ","","",""
"1620","0","0","0","0","0","0","0","0","0","4","2","","36","06","2019","2019067754","7","39.987","-76.216","1611","08","0","0","0","0","0","0","0","0","2","0","2","0","15","1","0","00","2","39 59:13.065","5","00","76 12:57.774","0","0","0","0","36233","0","0","0","N","0","0","0","3","68J01","0","","1","09","N","N","0","","0","0","0","0","0","Y","1543","0","2","0","0","0","0","0","1","0","2","N","","","","","","","","","","","","07","05","","",""
"0734","0","0","0","0","0","0","0","0","0","4","0","","36","07","2019","2019067768","6","39.9593","-76.0996","0725","08","0","0","0","0","0","0","1","0","2","0","0","0","07","1","3","01","1","39 57:33.444","1","00","76 05:58.443","3","0","0","0","36226","0","0","0","N","0","0","0","3","68J01","0","","1","01","N","N","1","","3","0","0","3","3","Y","0712","3","2","0","0","1","0","0","1","1","2","N","","","","","","","","","","","","03","  ","","",""
"1844","2","0","0","0","0","0","0","0","0","4","0","","36","07","2019","2019067785","6","40.0437","-76.5129","1836","08","0","1","0","0","0","1","0","0","","0","0","0","18","1","2","02","0","40 02:37.342","","00","76 30:46.650","8","0","0","0","36239","0","0","0","N","0","0","0","2","36239","0","","1","01","","","0","","0","0","0","3","3","","1836","2","2","0","0","0","2","0","3","0","2","N","","","","","","","","","","","","03","  ","","",""
"1033","0","0","0","0","0","0","0","0","0","7","0","","36","07","2019","2019067789","2","40.2428","-76.0832","1030","08","0","0","0","0","0","0","1","0","3","0","0","0","10","1","1","00","2","40 14:33.926","5","00","76 04:59.594","3","0","0","0","36210","0","0","0","Y","0","0","0","1","36210","0","","5","01","N","N","1","","1","0","0","0","0","Y","1028","1","1","0","0","0","0","0","1","0","1","N","","","","","","","","","","","","03","  ","","",""
"1418","1","0","0","0","0","0","0","0","0","1","0","55","36","06","2019","2019067790","1","40.2057","-76.1167","1412","08","0","0","0","1","0","0","0","0","","0","0","0","14","1","1","00","0","40 12:20.575","","00","76 07:00.271","3","0","0","0","36210","0","0","0","N","0","0","0","2","36210","0","","1","01","N","N","0","","1","0","1","0","0","","1410","1","2","0","0","0","0","0","1","0","2","Y","2","1","N","N","N","N","Y","N","N","N","","03","  ","","",""
"0746","2","0","0","0","0","0","0","0","0","1","0","","36","07","2019","2019067791","3","40.2171","-76.091","0742","08","0","0","0","1","0","0","0","0","","0","0","0","07","1","0","07","0","40 13:01.925","","00","76 05:27.176","0","0","0","0","36210","0","0","0","N","0","0","0","3","36210","0","","1","01","N","N","0","","0","0","0","3","2","","0741","0","2","0","0","3","0","0","1","0","2","N","","","","","","","","","","","","03","  ","","",""
"1744","1","0","0","0","0","0","0","0","0","7","0","","36","07","2019","2019067808","6","40.2071","-76.1136","1740","08","0","0","0","0","0","0","0","0","2","0","0","0","17","1","1","00","1","40 12:25.648","2","00","76 06:48.878","3","0","0","0","36210","0","0","0","N","0","0","0","1","36210","0","","3","01","N","N","0","","1","0","0","0","0","N","1736","1","1","0","0","0","0","0","1","0","1","N","","","","","","","","","","","","03","  ","","",""
"1845","1","0","0","0","0","0","0","0","0","4","0","","36","07","2019","2019067830","3","40.0085","-76.3807","1829","08","0","0","0","0","0","0","0","0","3","0","0","0","18","1","2","03","1","40 00:30.591","3","00","76 22:50.458","8","0","0","0","36223","0","0","0","N","0","0","0","3","36223","0","","2","01","N","N","1","","0","0","0","0","0","N","1827","2","2","0","0","0","2","0","1","0","2","N","","","","","","","","","","","","03","  ","","",""
"1332","0","0","0","0","0","0","0","0","0","4","0","","36","07","2019","2019067847","6","40.0346","-76.3023","1323","08","0","0","0","0","0","1","0","0","1","0","0","0","13","1","1","05","2","40 02:04.434","2","00","76 18:08.381","8","0","0","1","36301","0","0","0","N","0","0","0","2","36301","0","","1","01","N","N","0","","0","0","1","3","3","Y","1309","1","2","0","0","0","1","0","3","0","2","N","","","","","","","","","","","","03","  ","","",""
"0720","0","0","0","0","0","0","0","0","0","7","0","","36","07","2019","2019067866","2","40.0918","-76.1338","0704","08","0","0","0","0","0","0","0","0","","0","0","0","07","1","0","00","0","40 05:30.557","","00","76 08:01.720","9","0","0","0","36209","0","0","0","N","0","0","0","1","36238","0","","4","01","N","N","0","","0","0","0","0","0","","0700","0","1","0","0","1","0","1","1","1","1","N","","","","","","","","","","","","03","  ","","",""
"1543","2","0","0","0","0","0","0","0","0","4","0","","36","06","2019","2019067931","1","40.1745","-76.1726","1540","08","0","0","0","0","0","2","0","0","","0","0","0","15","1","0","02","0","40 10:28.257","","00","76 10:21.292","0","0","0","0","36408","0","0","0","N","0","0","0","3","36408","0","","1","01","N","N","0","","0","0","1","3","2","","1541","0","3","0","0","3","0","0","2","0","3","N","","","","","","","","","","","","03","  ","","",""
"1027","1","0","0","0","0","0","0","0","0","7","0","","36","07","2019","2019067932","7","40.067","-76.3434","1021","08","0","0","0","0","0","0","0","1","1","0","0","0","10","1","0","00","1","40 04:01.284","5","00","76 20:36.294","0","0","0","0","36301","0","0","0","N","0","0","0","1","36301","0","","3","01","N","N","0","","0","0","0","0","0","N","1019","0","1","0","0","0","0","0","3","0","1","N","","","","","","","","","","","","03","  ","","",""
"1310","0","0","0","0","0","0","0","0","0","1","0","","36","07","2019","2019067959","2","40.0772","-76.3375","1305","08","0","0","0","0","0","1","0","0","","0","0","0","13","1","1","00","0","40 04:38.082","","00","76 20:14.865","3","0","0","0","36101","0","0","0","N","0","0","0","4","36101","0","","1","01","N","N","0","","1","0","2","3","4","","1302","1","2","0","0","0","0","0","3","0","2","N","","","","","","","","","","","","03","  ","","",""
"1350","2","0","0","0","0","0","0","0","0","1","0","","36","07","2019","2019067960","6","40.0709","-76.3173","1348","08","0","0","0","0","0","1","0","0","","0","0","0","13","1","1","00","0","40 04:15.119","","00","76 19:02.148","8","0","0","0","36101","0","0","0","N","0","0","0","2","36101","0","","1","01","N","N","0","","0","0","0","3","4","","1337","1","2","0","0","0","1","0","3","0","2","N","","","","","","","","","","","","03","  ","","",""
"1447","2","0","0","0","0","0","0","0","0","1","0","","36","07","2019","2019067961","6","40.0861","-76.2689","1437","08","0","0","0","0","0","1","0","0","2","0","0","0","14","1","0","00","1","40 05:10.066","1","00","76 16:08.009","0","0","0","0","36101","0","0","0","N","0","0","0","3","36101","0","","1","01","N","N","0","","0","0","0","0","0","N","1436","0","2","0","0","1","0","0","3","0","2","N","","","","","","","","","","","","03","  ","","",""
"1549","0","0","0","0","0","0","0","0","0","9","0","","36","07","2019","2019067962","6","40.0917","-76.2629","1544","08","0","0","0","0","0","0","0","0","","0","0","0","15","1","0","00","0","40 05:30.140","","00","76 15:46.555","0","0","0","0","36101","0","0","0","N","0","0","0","3","36101","0","","1","01","N","N","1","","0","0","0","0","0","","1542","0","2","0","0","1","0","0","3","1","2","N","","","","","","","","","","","","03","  ","","",""
"0943","0","0","0","0","0","0","0","0","0","5","0","","36","06","2019","2019067963","1","40.1517","-76.2956","0940","08","0","0","0","0","0","0","0","0","2","0","0","0","09","1","0","00","2","40 09:06.180","5","00","76 17:44.330","9","0","0","0","36409","0","0","0","N","0","0","0","1","36409","0","","2","01","N","N","1","","0","0","1","0","0","Y","0939","0","2","0","0","0","0","1","3","0","2","N","","","","","","","","","","","","03","  ","","",""
"1755","2","0","0","0","0","0","0","0","0","4","0","","36","07","2019","2019067976","7","40.0349","-76.5007","1752","08","0","0","0","0","0","0","0","0","","0","0","0","17","1","0","01","0","40 02:05.517","","00","76 30:02.514","0","0","0","0","36404","0","0","0","N","0","0","0","5","36404","0","","1","01","N","N","0","","0","0","0","3","3","","1749","0","2","0","0","0","0","0","3","0","2","N","","","","","","","","","","","","03","  ","","",""