"ARRIVAL_TM","AUTOMOBILE_COUNT","BELTED_DEATH_COUNT","BELTED_SUSP_SERIOUS_INJ_COUNT","BICYCLE_COUNT","BICYCLE_DEATH_COUNT","BICYCLE_SUSP_SERIOUS_INJ_COUNT","BUS_COUNT","CHLDPAS_DEATH_COUNT","CHLDPAS_SUSP_SERIOUS_INJ_COUNT","COLLISION_TYPE","COMM_VEH_COUNT","CONS_ZONE_SPD_LIM","COUNTY","CRASH_MONTH","CRASH_YEAR","CRN","DAY_OF_WEEK","DEC_LAT","DEC_LONG","DISPATCH_TM","DISTRICT","DRIVER_COUNT_16YR","DRIVER_COUNT_17YR","DRIVER_COUNT_18YR","DRIVER_COUNT_19YR","DRIVER_COUNT_20YR","DRIVER_COUNT_50_64YR","DRIVER_COUNT_65_74YR","DRIVER_COUNT_75PLUS","EST_HRS_CLOSED","FATAL_COUNT","HEAVY_TRUCK_COUNT","HORSE_BUGGY_COUNT","HOUR_OF_DAY","ILLUMINATION","INJURY_COUNT","INTERSECT_TYPE","LANE_CLOSED","LATITUDE","LN_CLOSE_DIR","LOCATION_TYPE","LONGITUDE","MAX_SEVERITY_LEVEL","MCYCLE_DEATH_COUNT","MCYCLE_SUSP_SERIOUS_INJ_COUNT","MOTORCYCLE_COUNT","MUNICIPALITY","NONMOTR_COUNT","NONMOTR_DEATH_COUNT","NONMOTR_SUSP_SERIOUS_INJ_COUNT","NTFY_HIWY_MAINT","PED_COUNT","PED_DEATH_COUNT","PED_SUSP_SERIOUS_INJ_COUNT","PERSON_COUNT","POLICE_AGCY","POSSIBLE_INJ_COUNT","RDWY_SURF_TYPE_CD","RELATION_TO_ROAD","ROAD_CONDITION","SCH_BUS_IND","SCH_ZONE_IND","SMALL_TRUCK_COUNT","SPEC_JURIS_CD","SUSP_MINOR_INJ_COUNT","SUSP_SERIOUS_INJ_COUNT","SUV_COUNT","TCD_FUNC_CD","TCD_TYPE","TFC_DETOUR_IND","TIME_OF_DAY","TOT_INJ_COUNT","TOTAL_UNITS","UNB_DEATH_COUNT","UNB_SUSP_SERIOUS_INJ_COUNT","UNBELTED_OCC_COUNT","UNK_INJ_DEG_COUNT","UNK_INJ_PER_COUNT","URBAN_RURAL","VAN_COUNT","VEHICLE_COUNT","WORK_ZONE_IND","WORK_ZONE_LOC","WORK_ZONE_TYPE","WORKERS_PRES","WZ_CLOSE_DETOUR","WZ_FLAGGER","WZ_LAW_OFFCR_IND","WZ_LN_CLOSURE","WZ_MOVING","WZ_OTHER","WZ_SHLDER_MDN","ROADWAY_CLEARED","WEATHER1","WEATHER2","WZ_WORKERS_INJ_KILLED","SECONDARY_CRASH","INTERSECTION_RELATED"
"1739","2","0","0","0","0","0","0","0","0","4","0","","36","07","2019","2019068044","7","40.1502","-76.2988","1739","08","0","0","0","0","1","0","0","0","","0","0","0","17","1","0","01","0","40 09:00.792","","00","76 17:55.615","0","0","0","0","36409","0","0","0","N","0","0","0","3","36409","0","","1","01","N","N","0","","0","0","0","3","3","","1739","0","2","0","0","0","0","0","3","0","2","N","","","","","","","","","","","","03","  ","","",""
"1130","1","0","0","0","0","0","0","0","0","1","0","45","36","07","2019","2019068047","7","40.1695","-76.15","1120","08","0","0","0","0","0","0","1","0","","0","0","0","11","1","0","00","0","40 10:10.212","","00","76 09:00.089","0","0","0","0","36218","0","0","0","N","0","0","0","6","36408","0","","1","01","N","N","0","","0","0","1","0","0","","1120","0","2","0","0","0","0","0","1","0","2","Y","4","1","N","","","N","Y","","","","","03","  ","","",""
"1714","2","0","0","0","0","0","0","0","0","1","0","","36","07","2019","2019068066","6","40.0629","-76.5214","1712","08","0","0","0","0","1","0","0","0","","0","0","0","17","1","0","00","0","40 03:46.490","","00","76 31:17.097","0","0","0","0","36211","0","0","0","N","0","0","0","4","36504","0","","1","09","N","N","0","","0","0","0","0","0","N","1709","0","2","0","0","0","0","0","1","0","2","N","","","","","","","","","","","","07","  ","","",""
"1340","2","0","1","0","0","0","0","0","0","5","0","","36","05","2019","2019068120","7","40.1048","-76.0276","1330","08","0","0","0","0","0","0","1","0","2","0","0","0","13","1","1","00","2","40 06:17.200","6","00","76 01:39.200","2","0","0","0","36213","0","0","0","N","0","0","0","1","36213","0","","1","01","N","N","0","","0","1","0","0","0","Y","1325","1","2","0","0","0","0","0","1","0","2","N","","","","","","","","","","","","03","  ","","",""
"1616","0","0","0","0","0","0","0","0","0","1","0","","36","07","2019","2019068150","3","40.1232","-76.3424","1610","08","0","0","0","0","0","0","0","0","2","0","0","0","16","1","0","00","2","40 07:23.485","1","00","76 20:32.577","0","0","0","0","36101","0","0","0","N","0","0","0","4","36101","0","","1","01","N","N","1","","0","0","2","0","0","N","1608","0","3","0","0","0","0","0","3","0","3","N","","","","","","","","","","","","03","  ","","",""
"1224","1","0","0","0","0","0","1","0","0","1","1","","36","07","2019","2019068152","7","40.0669","-76.3044","1217","08","0","1","0","0","0","0","0","0","2","0","0","0","12","1","0","00","1","40 04:00.689","2","00","76 18:15.730","9","0","0","0","36101","0","0","0","N","0","0","0","3","36101","0","","1","01","N","N","0","","0","0","0","0","0","N","1214","0","2","0","0","0","0","1","3","0","2","N","","","","","","","","","","","","03","  ","","",""
"1845","2","0","0","0","0","0","0","0","0","4","0","","36","07","2019","2019068172","1","39.9822","-76.278","1840","08","0","0","0","1","0","0","1","0","2","0","0","0","18","1","0","01","2","39 58:55.869","7","00","76 16:40.851","0","0","0","0","36240","0","0","0","N","0","0","0","3","36240","0","","1","01","N","N","0","","0","0","0","3","3","Y","1833","0","2","0","0","0","0","0","1","0","2","N","","","","","","","","","","","","03","  ","","",""
"1509","1","0","0","0","0","0","0","0","0","7","0","","36","07","2019","2019068293","5","40.1896","-76.125","1549","08","0","0","0","0","0","0","0","0","2","0","0","0","15","1","0","00","1","40 11:22.573","1","00","76 07:29.924","0","0","0","0","36210","0","0","0","Y","0","0","0","1","36210","0","","5","01","N","N","0","","0","0","0","0","0","N","1501","0","1","0","0","0","0","0","1","0","1","N","","","","","","","","","","","","03","  ","","",""
"1109","3","0","0","0","0","0","0","0","0","4","0","","36","07","2019","2019068350","5","40.0346","-76.3072","1107","08","0","0","0","0","0","0","0","0","1","0","0","0","11","1","0","01","1","40 02:04.446","2","00","76 18:25.750","0","0","0","0","36301","0","0","0","N","0","0","0","6","36301","0","","1","01","N","N","0","","0","0","1","3","3","N","1105","0","4","0","0","0","0","0","3","0","4","N","","","","","","","","","","","","03","  ","","",""
"0932","1","0","0","0","0","0","0","0","0","6","1","","36","07","2019","2019068397","2","40.0451","-76.4137","0925","08","0","0","0","0","0","0","0","0","1","0","1","0","09","1","1","00","2","40 02:42.258","6","00","76 24:49.250","4","0","0","0","36239","0","0","0","N","0","0","0","2","36239","1","","1","09","N","N","0","","0","0","0","0","0","Y","0923","1","2","0","0","0","0","0","3","0","2","N","","","","","","","","","","","","07","  ","","",""
"1243","1","0","0","0","0","0","0","0","0","4","0","","36","07","2019","2019068406","2","40.0515","-76.29","1239","08","0","0","0","0","0","0","0","0","","0","0","0","12","1","0","02","0","40 03:05.315","","07","76 17:24.091","0","0","0","0","36301","0","0","0","N","0","0","0","6","36301","0","","1","09","N","N","0","","0","0","0","3","2","N","1238","0","2","0","0","1","0","0","3","1","2","N","","","","","","","","","","","","07","  ","","",""
"1747","1","0","0","0","0","0","0","0","0","4","0","","36","07","2019","2019068410","5","40.0307","-76.3178","1746","08","0","0","0","0","0","0","0","0","","0","0","0","17","1","1","01","0","40 01:50.628","","00","76 19:04.238","4","0","0","1","36301","0","0","0","N","0","0","0","3","36301","1","","1","01","N","N","0","","0","0","0","3","3","","1746","1","2","0","0","0","0","1","3","0","2","N","","","","","","","","","","","","03","  ","","",""
"1225","0","0","0","0","0","0","0","0","0","7","0","","36","06","2019","2019068415","4","40.2297","-76.444","1200","08","0","0","0","0","0","0","0","0","","0","0","0","12","1","0","00","0","40 13:46.908","","00","76 26:38.578","0","0","0","0","36230","0","0","0","N","0","0","0","2","68T06","0","","4","01","N","N","0","","0","0","0","0","0","","1200","0","1","0","0","0","0","0","1","1","1","N","","","","","","","","","","","","03","  ","","",""
"0759","1","0","0","0","0","0","0","0","0","5","1","","36","07","2019","2019068459","3","40.1763","-76.5984","0734","08","0","0","0","0","0","0","0","0","","0","1","0","07","1","0","07","0","40 10:34.680","","02","76 35:54.180","0","0","0","0","36225","0","0","0","N","0","0","0","2","36505","0","","1","01","N","N","0","","0","0","0","0","0","N","0734","0","2","0","0","0","0","0","2","0","2","N","","","","","","","","","","","","03","  ","","",""
"1549","1","0","0","0","0","0","0","0","0","4","1","","36","07","2019","2019068473","2","40.1468","-76.0613","1514","08","0","0","0","0","0","2","0","0","2","0","1","0","15","1","0","01","2","40 08:48.508","7","00","76 03:40.586","0","0","0","0","36213","0","0","0","N","0","0","0","2","36213","0","","1","01","N","N","0","","0","0","0","3","3","Y","1510","0","2","0","0","0","0","0","1","0","2","N","","","","","","","","","","","","03","  ","","",""
"1402","2","0","0","0","0","0","0","0","0","1","0","","36","06","2019","2019068491","4","40.0682","-76.3057","1352","08","0","0","0","1","0","0","0","0","","0","0","0","13","1","0","00","0","40 04:05.660","","00","76 18:20.605","0","0","0","0","36101","0","0","0","N","0","0","0","3","36101","0","","1","01","N","N","0","","0","0","0","0","0","","1350","0","2","0","0","0","0","0","3","0","2","N","","","","","","","","","","","","03","  ","","",""
"1709","0","0","0","0","0","0","0","0","0","7","0","","36","06","2019","2019068492","1","40.1146","-76.245","1709","08","0","0","0","0","0","0","0","0","1","0","0","0","17","1","0","02","1","40 06:52.583","4","00","76 14:41.992","0","0","0","0","36101","0","0","0","N","0","0","0","4","36101","0","","5","01","N","N","0","","0","0","1","0","0","N","1708","0","2","0","0","0","0","0","3","0","1","N","","","","","","","","","","","","03","  ","","",""
"1304","1","0","0","0","0","0","0","0","0","0","0","","36","07","2019","2019068493","6","40.0145","-76.3164","1304","08","0","0","0","0","0","0","0","0","3","0","0","0","13","1","0","02","2","40 00:52.368","4","00","76 18:59.161","0","0","0","0","36220","0","0","0","N","0","0","0","2","36101","0","","1","01","N","N","0","","0","0","0","3","3","N","1304","0","1","0","0","0","0","0","3","0","1","N","","","","","","","","","","","","03","  ","","",""
"0109","3","0","0","0","0","0","0","0","0","1","0","","36","07","2019","2019068494","7","40.0537","-76.3066","0104","08","0","0","0","0","0","1","0","0","2","0","0","0","01","3","1","02","1","40 03:13.368","2","00","76 18:23.602","3","0","0","0","36101","0","0","0","N","0","0","0","5","36101","0","","1","01","N","N","0","","1","0","0","3","2","N","0102","1","3","0","0","0","0","0","3","0","3","N","","","","","","","","","","","","03","  ","","",""
"0609","1","0","0","0","0","0","0","0","0","7","0","","36","06","2019","2019068495","1","40.0224","-76.1931","0603","08","0","0","0","0","0","0","0","1","1","0","0","0","05","5","0","00","1","40 01:20.777","4","00","76 11:35.126","0","0","0","0","36215","0","0","0","N","0","0","0","1","36215","0","","4","01","N","N","0","","0","0","0","0","0","Y","0559","0","1","0","0","0","0","0","1","0","1","N","","","","","","","","","","","","03","  ","","",""
"1620","0","0","0","0","0","0","0","0","0","1","0","","36","06","2019","2019068496","7","40.0325","-76.2421","1613","08","0","0","0","1","0","2","0","0","2","0","0","0","16","1","0","00","2","40 01:56.854","3","00","76 14:31.539","0","0","0","0","36215","0","0","0","N","0","0","0","4","36215","0","","1","01","N","N","0","","0","0","3","0","0","N","1610","0","3","0","0","0","0","0","1","0","3","N","","","","","","","","","","","","03","  ","","",""
"1537","1","0","0","0","0","0","0","0","0","4","0","","36","06","2019","2019068497","1","40.0134","-76.2201","1534","08","0","0","0","0","0","0","0","1","2","0","0","0","15","1","0","02","1","40 00:48.340","2","00","76 13:12.504","0","0","0","0","36215","0","0","0","N","0","0","0","4","36215","0","","1","01","N","N","0","","0","0","1","9","3","Y","1534","0","2","0","0","0","0","0","1","0","2","N","","","","","","","","","","","","03","  ","","",""
"0923","1","0","0","0","0","0","0","0","0","4","1","","36","06","2019","2019068498","3","40.0248","-76.2048","0843","08","0","0","0","0","1","0","0","0","","0","1","0","08","1","1","01","0","40 01:29.358","","00","76 12:17.190","3","0","0","0","36215","0","0","0","N","0","0","0","3","36215","0","","1","01","N","N","0","","1","0","0","3","2","","0836","1","2","0","0","0","0","0","1","0","2","N","","","","","","","","","","","","03","  ","","",""
"1632","1","0","0","0","0","0","0","0","0","1","0","","36","07","2019","2019068499","2","40.0359","-76.2434","1626","08","0","0","0","1","0","1","0","0","1","0","0","0","16","1","1","00","1","40 02:09.409","3","00","76 14:36.116","2","0","1","1","36215","0","0","0","N","0","0","0","2","36215","0","","1","01","N","N","0","","0","1","0","0","0","N","1626","1","2","0","0","0","0","0","1","0","2","N","","","","","","","","","","","","03","  ","","",""
"1200","1","0","0","0","0","0","0","0","0","4","0","","36","07","2019","2019068500","6","40.0297","-76.2299","1153","08","0","0","0","0","1","0","0","0","","0","0","0","11","1","0","00","0","40 01:46.924","","07","76 13:47.674","0","0","0","0","36215","0","0","0","N","0","0","0","3","36215","0","","1","01","N","N","1","","0","0","0","0","0","","1153","0","2","0","0","0","0","0","1","0","2","N","","","","","","","","","","","","03","  ","","",""
"2220","1","0","0","0","0","0","0","0","0","7","0","","36","07","2019","2019068501","7","40.0404","-76.2578","2208","08","0","0","0","0","0","0","0","0","2","0","0","0","22","2","0","00","2","40 02:25.540","3","00","76 15:28.227","0","0","0","0","36215","0","0","0","N","0","0","0","5","36215","0","","2","09","N","N","0","","0","0","0","0","0","N","2206","0","1","0","0","0","0","0","1","0","1","N","","","","","","","","","","","","07","  ","","",""
"0206","0","0","0","0","0","0","0","0","0","7","0","","36","07","2019","2019068630","6","40.0277","-76.3058","0206","08","0","0","0","0","1","0","0","0","","0","0","0","02","3","0","02","0","40 01:39.873","","00","76 18:20.877","0","0","0","0","36301","0","0","0","N","0","0","0","1","36301","0","","5","01","N","N","0","","0","0","1","0","0","","0200","0","1","0","0","0","0","0","3","0","1","N","","","","","","","","","","","","03","  ","","",""
"2200","1","0","0","0","0","0","0","0","0","7","0","","36","07","2019","2019068657","2","40.0418","-76.4225","2157","08","0","0","0","0","0","1","0","0","3","0","0","0","21","2","1","00","2","40 02:30.646","5","00","76 25:20.924","8","0","0","0","36414","0","0","0","N","0","0","0","1","36239","0","","5","01","N","N","0","","0","0","0","0","0","Y","2157","1","1","0","0","0","1","0","3","0","1","N","","","","","","","","","","","","03","  ","","",""
"1519","1","0","0","0","0","0","0","0","0","7","0","","36","07","2019","2019068686","2","40.0477","-76.4472","1515","08","1","0","0","0","0","0","0","0","1","0","0","0","15","1","0","02","1","40 02:51.662","3","00","76 26:49.981","0","0","0","0","36239","0","0","0","N","0","0","0","2","36239","0","","5","01","N","N","0","","0","0","0","0","0","N","1515","0","1","0","0","0","0","0","3","0","1","N","","","","","","","","","","","","03","  ","","",""
"1710","2","0","0","0","0","0","0","0","0","4","0","","36","07","2019","2019068687","2","40.0377","-76.3078","1707","08","0","0","0","0","0","1","0","0","2","0","0","0","17","1","0","01","1","40 02:15.851","2","00","76 18:28.000","0","0","0","0","36301","0","0","0","N","0","0","0","2","36301","0","","1","01","N","N","0","","0","0","0","3","2","N","1707","0","2","0","0","0","0","0","3","0","2","N","","","","","","","","","","","","03","  ","","",""
"1635","0","0","0","0","0","0","0","0","0","1","0","","36","07","2019","2019068759","4","39.9823","-76.1783","1630","08","0","0","0","0","0","1","0","0","2","0","0","0","16","1","0","00","2","39 58:56.299","5","00","76 10:42.023","0","0","0","0","36417","0","0","0","N","0","0","0","3","36417","0","","1","01","N","N","1","","0","0","1","3","2","Y","1628","0","3","0","0","3","0","0","1","1","3","N","","","","","","","","","","","","03","  ","","",""
"1222","1","0","0","0","0","0","0","0","0","4","0","","36","07","2019","2019068948","2","40.026","-76.335","1220","08","0","0","0","0","0","1","1","0","2","0","0","0","12","1","2","02","2","40 01:33.646","2","00","76 20:06.118","8","0","0","0","36220","0","0","0","N","0","0","0","2","36101","0","","1","09","N","N","0","","0","0","1","3","3","N","1218","2","2","0","0","0","2","0","3","0","2","N","","","","","","","","","","","","07","  ","","",""
"1405","0","0","0","0","0","0","0","0","0","4","0","","36","07","2019","2019068949","2","40.038","-76.347","1359","08","0","0","0","0","0","0","0","0","","0","0","0","13","1","1","00","0","40 02:16.908","","00","76 20:49.213","4","0","0","0","36223","0","0","0","N","0","0","0","2","36214","1","","1","01","N","N","1","","0","0","1","0","0","","1355","1","2","0","0","0","0","0","1","0","2","N","","","","","","","","","","","","03","  ","","",""
"1544","2","0","0","0","0","0","0","0","0","1","0","","36","07","2019","2019068950","2","40.0822","-76.3573","1540","08","0","0","0","0","0","1","0","0","1","0","0","0","15","1","2","00","1","40 04:55.784","4","00","76 21:26.399","3","0","0","0","36214","0","0","0","N","0","0","0","4","36214","0","","1","01","N","N","0","","2","0","1","0","0","N","1535","2","3","0","0","0","0","0","3","0","3","N","","","","","","","","","","","","03","  ","","",""
"0620","0","0","0","0","0","0","0","0","0","7","0","","36","06","2019","2019068951","7","40.1163","-76.4301","0612","08","0","0","0","0","1","0","0","0","","0","0","0","06","5","0","02","0","40 06:58.672","","00","76 25:48.262","9","0","0","0","36230","0","0","0","N","0","0","0","1","36410","0","","5","01","N","N","0","","0","0","1","3","3","","0610","0","1","0","0","0","0","1","1","0","1","N","","","","","","","","","","","","03","  ","","",""
"2051","0","0","0","0","0","0","0","0","0","9","0","","36","07","2019","2019068952","6","40.1223","-76.4644","2044","08","0","0","0","0","0","0","0","0","2","0","0","0","20","2","0","00","1","40 07:20.239","4","00","76 27:51.767","0","0","0","0","36230","0","0","0","N","0","0","0","2","36410","0","","1","01","N","N","0","","0","0","1","0","0","N","2042","0","1","0","0","0","0","0","1","0","1","N","","","","","","","","","","","","03","  ","","",""
"1233","1","0","0","0","0","0","0","0","0","4","0","","36","07","2019","2019068953","1","40.1648","-76.3935","1232","08","0","0","0","0","0","1","0","0","2","0","0","0","12","1","2","01","2","40 09:53.213","5","00","76 23:36.692","8","0","0","1","36410","0","0","0","N","0","0","0","3","36410","0","","1","01","N","N","0","","0","0","0","0","0","N","1231","2","2","0","0","0","2","0","2","0","2","N","","","","","","","","","","","","03","  ","","",""
"0732","1","0","0","0","0","0","0","0","0","4","0","","36","07","2019","2019068954","4","40.1508","-76.104","0726","08","0","1","0","0","0","0","0","0","2","0","0","0","07","1","0","00","2","40 09:02.700","5","03","76 06:14.300","0","0","0","0","36209","0","0","0","N","0","0","0","3","36415","0","","1","01","N","N","0","","0","0","0","0","0","Y","0725","0","2","0","0","0","0","0","1","1","2","N","","","","","","","","","","","","03","  ","","",""
"0612","1","0","0","0","0","0","0","0","0","7","0","","36","07","2019","2019068955","6","40.0846","-76.1193","0605","08","0","0","1","0","0","0","0","0","","0","0","0","06","5","0","00","0","40 05:04.451","","00","76 07:09.449","0","0","0","0","36209","0","0","0","N","0","0","0","2","36415","0","","4","01","N","N","0","","0","0","0","0","0","","0602","0","1","0","0","0","0","0","1","0","1","N","","","","","","","","","","","","03","  ","","",""
"0605","0","0","0","0","0","0","0","0","0","7","0","","36","07","2019","2019069009","3","40.1236","-76.0651","0603","08","0","0","0","0","0","0","0","0","","0","0","0","06","1","0","00","0","40 07:24.894","","00","76 03:54.346","0","0","0","0","36213","0","0","0","N","0","0","0","1","36213","0","","4","01","N","N","0","","0","0","1","0","0","N","0600","0","2","0","0","0","0","0","1","0","1","N","","","","","","","","","","","","03","  ","","",""
"2031","2","0","0","0","0","0","0","0","0","1","0","","36","06","2019","2019069150","3","40.0414","-76.2876","2028","08","0","0","0","0","0","0","0","0","","0","0","0","20","1","0","00","0","40 02:29.125","","00","76 17:15.339","9","0","0","0","36301","0","0","0","N","0","0","0","1","36301","0","","6","01","N","N","0","","0","0","0","0","0","N","2023","0","2","0","0","0","0","1","3","0","2","N","","","","","","","","","","","","03","  ","","",""
"1004","0","0","0","0","0","0","0","0","0","4","0","","36","07","2019","2019069225","4","40.2162","-76.1551","0959","08","0","0","0","0","0","0","0","1","1","0","0","0","09","1","0","01","1","40 12:58.376","2","00","76 09:18.249","0","0","0","0","36210","0","0","0","N","0","0","0","6","36408","0","","1","01","","","0","","0","0","2","1","3","N","0955","0","2","0","0","0","0","0","1","0","2","N","","","","","","","","","","","","03","  ","","",""
"1003","1","0","0","0","0","0","1","0","0","1","1","","36","07","2019","2019069227","3","40.1159","-76.4997","0957","08","0","0","0","0","0","0","2","0","2","0","0","0","09","1","19","00","1","40 06:57.261","5","00","76 29:58.938","8","0","0","0","36225","0","0","0","N","0","0","0","34","36505","0","","2","01","Y","N","0","","0","0","1","0","0","N","0957","19","3","0","0","0","19","0","2","0","3","N","","","","","","","","","","","","03","  ","","",""
"1059","2","0","0","0","0","0","0","0","0","1","0","","36","07","2019","2019069228","6","40.1491","-76.6044","1058","08","0","0","1","0","0","0","0","0","","0","0","0","10","1","0","01","0","40 08:56.743","","00","76 36:15.856","0","0","0","0","36407","0","0","0","N","0","0","0","2","36407","0","","1","01","N","N","0","","0","0","0","0","0","","1058","0","2","0","0","0","0","0","2","0","2","N","","","","","","","","","","","","03","  ","","",""
"1240","2","0","0","0","0","0","0","0","0","4","1","","36","07","2019","2019069244","2","40.0701","-76.3146","1234","08","0","0","0","0","0","0","0","0","2","0","1","0","12","1","3","00","1","40 04:12.328","4","00","76 18:52.581","8","0","0","0","36101","0","0","0","N","0","0","0","5","36101","0","","1","09","N","N","0","","0","0","0","0","0","N","1231","3","3","0","0","2","3","0","3","0","3","N","","","","","","","","","","","","07","  ","","",""
"0852","2","0","0","0","0","0","0","0","0","1","0","","36","07","2019","2019069384","4","40.0702","-76.3014","0848","08","0","0","0","0","0","2","0","0","1","0","0","0","08","1","1","00","1","40 04:12.788","2","00","76 18:05.210","4","0","0","0","36101","0","0","0","N","0","0","0","2","36101","1","","1","01","N","N","0","","0","0","0","0","0","N","0845","1","2","0","0","0","0","0","3","0","2","N","","","","","","","","","","","","03","  ","","",""
"1230","1","0","0","0","0","0","0","0","0","4","0","","36","07","2019","2019069385","6","40.0293","-76.3237","1221","08","0","0","0","0","0","0","0","0","","0","0","0","12","1","0","00","0","40 01:45.467","","07","76 19:25.223","0","0","0","0","36220","0","0","0","N","0","0","0","3","36101","0","","1","01","N","N","0","","0","0","1","0","0","","1217","0","2","0","0","0","0","0","3","0","2","N","","","","","","","","","","","","03","  ","","",""
"0018","1","0","0","0","0","0","0","0","0","5","2","","36","07","2019","2019069386","4","40.0224","-76.1929","0012","08","0","0","0","1","0","0","0","0","2","0","2","0","00","3","0","00","1","40 01:20.668","3","00","76 11:34.539","0","0","0","0","36215","0","0","0","N","0","0","0","6","36215","0","","1","01","N","N","0","","0","0","0","3","2","N","0010","0","3","0","0","2","0","0","1","0","3","N","","","","","","","","","","","","03","  ","","",""
"1626","0","0","0","0","0","0","0","0","0","6","0","","36","06","2019","2019069401","4","40.1617","-76.202","1624","08","0","0","0","0","0","1","1","0","3","0","0","0","16","1","2","00","2","40 09:42.214","5","00","76 12:07.297","2","0","0","0","36402","0","0","0","N","0","0","0","2","36402","0","","1","01","N","N","0","","1","1","2","0","0","Y","1623","2","2","0","0","0","0","0","2","0","2","N","","","","","","","","","","","","03","  ","","",""
"0717","1","0","0","0","0","0","0","0","0","4","0","","36","06","2019","2019069435","3","40.2259","-76.3017","0651","08","0","0","0","0","0","1","0","0","","0","0","0","06","1","1","00","0","40 13:33.102","","00","76 18:05.970","3","0","0","0","36217","0","0","0","N","0","0","0","2","68J01","0","","1","01","N","N","0","","1","0","1","0","0","","0640","1","2","0","0","0","0","0","1","0","2","N","","","","","","","","","","","","03","  ","","",""
"1655","1","0","0","0","0","0","0","0","0","7","0","","36","06","2019","2019069464","5","40.2409","-76.3365","1648","08","0","0","0","0","0","0","1","0","","0","0","0","16","1","0","00","0","40 14:27.239","","00","76 20:11.378","0","0","0","0","36217","0","0","0","Y","0","0","0","1","68J01","0","","2","01","N","N","0","","0","0","0","0","0","","1647","0","1","0","0","0","0","0","1","0","1","N","","","","","","","","","","","","03","  ","","",""
"1359","1","0","0","0","0","0","0","0","0","7","0","","36","07","2019","2019069479","3","40.1896","-76.0165","1331","08","1","0","0","0","0","0","0","0","2","0","0","0","13","1","1","00","1","40 11:22.383","2","00","76 00:59.419","4","0","0","0","36202","0","0","0","N","0","0","0","1","68J01","1","","4","01","N","N","0","","0","0","0","0","0","N","1326","1","1","0","0","0","0","0","1","0","1","N","","","","","","","","","","","","03","  ","","",""
"2055","1","0","0","0","0","0","0","0","0","2","0","","36","07","2019","2019069507","1","39.9026","-76.2416","2055","08","0","0","1","0","0","0","0","0","1","0","0","0","20","2","1","00","1","39 54:09.247","5","00","76 14:29.932","4","0","0","0","36229","0","0","0","N","0","0","0","2","68J01","1","","1","01","N","N","0","","0","0","1","0","0","N","2055","1","2","0","0","0","0","0","1","0","2","N","","","","","","","","","","","","03","  ","","",""
"0754","1","0","0","0","0","0","0","0","0","7","0","","36","07","2019","2019069535","4","40.1322","-76.3808","0742","08","0","0","0","0","0","1","0","0","4","0","0","0","07","1","1","00","2","40 07:55.748","5","00","76 22:50.800","8","0","0","0","36227","0","0","0","N","0","0","0","1","36506","0","","2","01","N","N","0","","0","0","0","0","0","Y","0741","1","1","0","0","1","1","0","1","0","1","N","","","","","","","","","","","","03","  ","","",""
"0155","1","0","0","0","0","0","0","0","0","7","0","","36","07","2019","2019069536","1","40.176","-76.341","0155","08","0","0","0","0","0","0","0","0","3","0","0","0","01","2","0","03","2","40 10:33.677","6","00","76 20:27.836","0","0","0","0","36227","0","0","0","N","0","0","0","1","36506","0","","4","09","Y","N","0","","0","0","0","0","0","Y","0155","0","1","0","0","0","0","0","1","0","1","N","","","","","","","","","","","","07","  ","","",""
"2223","1","0","0","0","0","0","0","0","0","8","0","","36","07","2019","2019069539","4","40.0382","-76.3235","2221","08","0","0","0","0","0","0","1","0","","0","0","0","22","3","1","01","0","40 02:17.653","","00","76 19:24.603","3","0","0","0","36301","1","0","0","N","1","0","0","3","36301","0","","1","01","N","N","0","","1","0","0","3","2","N","2214","1","2","0","0","0","0","0","3","0","1","N","","","","","","","","","","","","03","  ","","",""
"2207","2","0","0","0","0","0","0","0","0","4","0","","36","06","2019","2019069565","6","40.0444","-76.2902","2205","08","0","0","0","0","0","0","0","0","","0","0","0","22","3","1","01","0","40 02:39.861","","00","76 17:24.701","3","0","0","0","36301","0","0","0","N","0","0","0","3","36301","0","","1","01","N","N","0","","1","0","0","3","3","","2204","1","2","0","0","1","0","0","3","0","2","N","","","","","","","","","","","","03","  ","","",""
"1146","1","0","0","0","0","0","0","0","0","7","0","","36","07","2019","2019069566","2","40.1778","-76.1382","1136","08","0","0","0","0","0","0","0","0","2","0","0","0","11","1","0","00","1","40 10:40.152","1","00","76 08:17.649","0","0","0","0","36210","0","0","0","Y","0","0","0","1","36210","0","","3","09","N","N","0","","0","0","0","0","0","N","1130","0","1","0","0","0","0","0","1","0","1","N","","","","","","","","","","","","07","  ","","",""
"1155","1","0","0","0","0","0","0","0","0","7","0","","36","07","2019","2019069582","1","40.0461","-76.4222","1155","08","0","0","0","0","0","0","0","0","","0","0","0","11","1","1","01","0","40 02:46.289","","02","76 25:19.988","4","0","0","0","36239","0","0","0","Y","0","0","0","1","36239","1","","2","01","N","N","0","","0","0","0","0","0","N","1155","1","1","0","0","0","0","0","3","0","1","N","","","","","","","","","","","","03","  ","","",""