"ARRIVAL_TM","AUTOMOBILE_COUNT","BELTED_DEATH_COUNT","BELTED_SUSP_SERIOUS_INJ_COUNT","BICYCLE_COUNT","BICYCLE_DEATH_COUNT","BICYCLE_SUSP_SERIOUS_INJ_COUNT","BUS_COUNT","CHLDPAS_DEATH_COUNT","CHLDPAS_SUSP_SERIOUS_INJ_COUNT","COLLISION_TYPE","COMM_VEH_COUNT","CONS_ZONE_SPD_LIM","COUNTY","CRASH_MONTH","CRASH_YEAR","CRN","DAY_OF_WEEK","DEC_LAT","DEC_LONG","DISPATCH_TM","DISTRICT","DRIVER_COUNT_16YR","DRIVER_COUNT_17YR","DRIVER_COUNT_18YR","DRIVER_COUNT_19YR","DRIVER_COUNT_20YR","DRIVER_COUNT_50_64YR","DRIVER_COUNT_65_74YR","DRIVER_COUNT_75PLUS","EST_HRS_CLOSED","FATAL_COUNT","HEAVY_TRUCK_COUNT","HORSE_BUGGY_COUNT","HOUR_OF_DAY","ILLUMINATION","INJURY_COUNT","INTERSECT_TYPE","LANE_CLOSED","LATITUDE","LN_CLOSE_DIR","LOCATION_TYPE","LONGITUDE","MAX_SEVERITY_LEVEL","MCYCLE_DEATH_COUNT","MCYCLE_SUSP_SERIOUS_INJ_COUNT","MOTORCYCLE_COUNT","MUNICIPALITY","NONMOTR_COUNT","NONMOTR_DEATH_COUNT","NONMOTR_SUSP_SERIOUS_INJ_COUNT","NTFY_HIWY_MAINT","PED_COUNT","PED_DEATH_COUNT","PED_SUSP_SERIOUS_INJ_COUNT","PERSON_COUNT","POLICE_AGCY","POSSIBLE_INJ_COUNT","RDWY_SURF_TYPE_CD","RELATION_TO_ROAD","ROAD_CONDITION","SCH_BUS_IND","SCH_ZONE_IND","SMALL_TRUCK_COUNT","SPEC_JURIS_CD","SUSP_MINOR_INJ_COUNT","SUSP_SERIOUS_INJ_COUNT","SUV_COUNT","TCD_FUNC_CD","TCD_TYPE","TFC_DETOUR_IND","TIME_OF_DAY","TOT_INJ_COUNT","TOTAL_UNITS","UNB_DEATH_COUNT","UNB_SUSP_SERIOUS_INJ_COUNT","UNBELTED_OCC_COUNT","UNK_INJ_DEG_COUNT","UNK_INJ_PER_COUNT","URBAN_RURAL","VAN_COUNT","VEHICLE_COUNT","WORK_ZONE_IND","WORK_ZONE_LOC","WORK_ZONE_TYPE","WORKERS_PRES","WZ_CLOSE_DETOUR","WZ_FLAGGER","WZ_LAW_OFFCR_IND","WZ_LN_CLOSURE","WZ_MOVING","WZ_OTHER","WZ_SHLDER_MDN","ROADWAY_CLEARED","WEATHER1","WEATHER2","WZ_WORKERS_INJ_KILLED","SECONDARY_CRASH","INTERSECTION_RELATED"
"2234","1","0","0","0","0","0","0","0","0","7","0","","36","07","2019","2019069617","7","40.114","-76.5207","2229","08","1","0","0","0","0","0","0","0","1","0","0","0","22","3","0","01","1","40 06:50.558","2","00","76 31:14.611","0","0","0","0","36413","0","0","0","N","0","0","0","1","36413","0","","2","09","N","N","0","","0","0","0","3","2","Y","2229","0","1","0","0","0","0","0","2","0","1","N","","","","","","","","","","","","07","  ","","",""
"1056","1","0","0","0","0","0","0","0","0","4","0","","36","07","2019","2019069641","5","40.0928","-76.1466","1045","08","0","0","0","0","1","0","0","1","1","0","0","0","10","1","0","00","1","40 05:34.157","4","07","76 08:47.708","0","0","0","0","36238","0","0","0","N","0","0","0","4","36238","0","","1","01","N","N","0","","0","0","1","0","0","N","1043","0","2","0","0","0","0","0","3","0","2","N","","","","","","","","","","","","03","  ","","",""
"0511","0","0","0","0","0","0","0","0","0","4","1","","36","06","2019","2019069679","4","40.2281","-76.0541","0454","08","0","0","0","0","0","2","0","0","3","0","1","0","04","2","1","00","2","40 13:41.253","2","00","76 03:14.722","3","0","0","0","36202","0","0","0","N","0","0","0","7","68J01","0","","1","01","N","N","0","","1","0","1","0","0","Y","0454","1","3","0","0","0","0","0","1","1","3","N","","","","","","","","","","","","03","  ","","",""
"1913","0","0","0","0","0","0","0","0","0","4","0","","36","06","2019","2019069717","5","40.0705","-76.0034","1855","08","0","0","0","1","0","0","0","0","1","0","0","0","18","1","0","00","1","40 04:13.900","1","07","76 00:12.200","0","0","0","1","36232","0","0","0","N","0","0","0","4","68J01","0","","1","01","N","N","1","","0","0","0","0","0","N","1851","0","2","0","0","0","0","0","1","0","2","N","","","","","","","","","","","","03","  ","","",""
"2315","0","0","0","0","0","0","0","0","0","7","0","","36","07","2019","2019069875","7","40.0914","-76.2573","2310","08","0","0","0","0","0","0","0","0","","0","0","0","22","2","0","00","0","40 05:29.113","","00","76 15:26.363","0","0","0","0","36101","0","0","0","N","0","0","0","1","36101","0","","5","09","N","N","0","","0","0","1","0","0","","2250","0","1","0","0","0","0","0","3","0","1","N","","","","","","","","","","","","03","  ","","",""
"1631","0","0","0","0","0","0","0","0","0","4","0","","36","07","2019","2019069876","4","40.0606","-76.3063","1625","08","0","0","0","1","0","0","0","0","","0","0","0","16","1","0","01","0","40 03:38.254","","00","76 18:22.514","0","0","0","0","36101","0","0","0","N","0","0","0","2","36101","0","","1","01","N","N","0","","0","0","1","3","2","","1619","0","2","0","0","0","0","0","3","1","2","N","","","","","","","","","","","","03","  ","","",""
"0745","1","0","0","0","0","0","0","0","0","1","0","","36","07","2019","2019069877","5","40.0679","-76.2987","0744","08","0","0","0","0","0","0","0","0","","0","0","0","07","1","0","00","0","40 04:04.483","","00","76 17:55.402","0","0","0","0","36101","0","0","0","N","0","0","0","2","36101","0","","1","09","N","N","0","","0","0","1","0","0","","0741","0","2","0","0","0","0","0","3","0","2","N","","","","","","","","","","","","07","  ","","",""
"1013","1","0","0","0","0","0","0","0","0","1","0","","36","07","2019","2019069878","5","40.0701","-76.3124","1013","08","0","0","0","0","0","0","0","0","2","0","0","0","10","1","0","00","1","40 04:12.294","4","00","76 18:44.777","0","0","0","0","36101","0","0","0","N","0","0","0","2","36101","0","","1","01","N","N","1","","0","0","0","0","0","N","1011","0","2","0","0","0","0","0","3","0","2","N","","","","","","","","","","","","98","  ","","",""
"2200","2","0","0","0","0","0","0","0","0","4","0","","36","07","2019","2019069989","5","40.0459","-76.3072","2200","08","1","0","0","0","0","0","1","0","2","0","0","0","22","3","3","01","1","40 02:45.113","1","00","76 18:25.858","3","0","0","0","36301","0","0","0","N","0","0","0","4","36301","0","","1","09","N","N","0","","3","0","0","3","2","N","2200","3","2","0","0","0","0","0","3","0","2","N","","","","","","","","","","","","07","  ","","",""
"1955","0","0","0","0","0","0","0","0","0","4","0","","36","06","2019","2019069991","6","40.1491","-76.1991","1950","08","0","0","0","0","0","1","0","0","","0","0","0","19","4","1","00","0","40 08:56.700","","00","76 11:56.900","3","0","0","1","36238","0","0","0","N","0","0","0","2","36238","0","","1","01","N","N","0","","1","0","1","0","0","N","1949","1","2","0","0","0","0","0","3","0","2","N","","","","","","","","","","","","03","  ","","",""
"2301","1","0","0","0","0","0","0","0","0","7","0","","36","07","2019","2019069999","5","40.2415","-76.1231","2259","08","1","0","0","0","0","0","0","0","","0","0","0","22","2","0","00","0","40 14:29.281","","00","76 07:23.123","0","0","0","0","36210","0","0","0","Y","0","0","0","1","36210","0","","5","09","N","N","0","","0","0","0","3","8","","2255","0","1","0","0","1","0","0","1","0","1","N","","","","","","","","","","","","03","  ","","",""
"2239","3","0","0","0","0","0","0","0","0","5","0","","36","07","2019","2019070007","5","40.156","-76.3001","2239","08","0","0","0","0","0","0","0","0","","0","0","0","22","3","0","00","0","40 09:21.635","","00","76 18:00.220","0","0","0","0","36409","0","0","0","N","0","0","0","1","36409","0","","6","01","N","N","0","","0","0","0","0","0","N","2239","0","3","0","0","0","0","0","3","0","3","N","","","","","","","","","","","","03","  ","","",""
"1730","3","0","0","0","0","0","0","0","0","1","0","","36","07","2019","2019070021","4","40.1371","-76.3824","1717","08","0","0","0","0","0","1","0","0","","0","0","0","17","1","1","00","0","40 08:13.410","","00","76 22:56.460","8","0","0","0","36227","0","0","0","N","0","0","0","5","36506","0","","1","01","N","N","0","","0","0","0","0","0","","1717","1","3","0","0","0","1","0","1","0","3","N","","","","","","","","","","","","03","  ","","",""
"1736","2","0","1","0","0","0","0","0","0","4","0","","36","07","2019","2019070039","3","40.1719","-76.5991","1729","08","0","0","0","0","0","0","1","0","2","0","0","0","17","1","3","00","1","40 10:18.958","5","00","76 35:56.857","2","0","0","0","36225","0","0","0","N","0","0","0","3","36505","0","","1","01","N","N","0","","1","1","1","0","0","Y","1725","3","3","0","0","0","1","0","2","0","3","N","","","","","","","","","","","","03","  ","","",""
"0754","0","0","0","0","0","0","0","0","0","7","0","","36","07","2019","2019070058","6","39.9757","-76.2422","0730","08","0","1","0","0","0","0","0","0","","0","0","0","06","5","0","00","0","39 58:32.400","","00","76 14:31.800","0","0","0","0","36240","0","0","0","N","0","0","0","4","36240","0","","4","01","N","N","1","","0","0","0","0","0","","0655","0","1","0","0","0","0","0","1","0","1","N","","","","","","","","","","","","03","  ","","",""
"0355","1","0","0","0","0","0","0","0","0","7","0","55","36","07","2019","2019070059","2","","","0347","08","0","0","0","0","0","1","0","0","","0","0","0","03","2","0","00","0","","","00","","0","0","0","0","36238","0","0","0","Y","0","0","0","1","36238","0","","4","01","N","N","0","","0","0","0","0","0","N","0347","0","1","0","0","0","0","0","3","0","1","Y","2","2","U","","","N","Y","","","","","03","  ","","",""
"0915","1","0","0","0","0","0","0","0","0","4","0","","36","07","2019","2019070071","5","40.083","-76.269","0912","08","0","0","0","0","0","0","0","1","1","0","0","0","09","1","0","01","1","40 04:58.889","1","00","76 16:08.446","0","0","0","0","36101","0","0","0","N","0","0","0","2","36101","0","","1","09","N","N","0","","0","0","1","3","3","N","0911","0","2","0","0","0","0","0","3","0","2","N","","","","","","","","","","","","03","  ","","",""
"1729","1","0","0","0","0","0","0","0","0","4","0","","36","07","2019","2019070072","5","40.0519","-76.396","1717","08","0","0","0","0","0","1","0","0","","0","0","0","17","1","0","00","0","40 03:06.700","","00","76 23:45.516","0","0","0","0","36214","0","0","0","N","0","0","0","4","36214","0","","1","09","N","N","0","","0","0","1","0","0","","1715","0","2","0","0","0","0","0","3","0","2","N","","","","","","","","","","","","07","  ","","",""
"1740","0","0","0","0","0","0","0","0","0","1","0","","36","07","2019","2019070073","5","40.0688","-76.3563","1734","08","0","0","0","0","0","0","0","0","1","0","0","0","17","1","0","00","1","40 04:07.618","4","00","76 21:22.553","0","0","0","0","36214","0","0","0","N","0","0","0","2","36214","0","","1","09","N","N","0","","0","0","2","0","0","N","1730","0","2","0","0","0","0","0","3","0","2","N","","","","","","","","","","","","07","  ","","",""
"1631","1","0","1","0","0","0","0","0","0","4","0","","36","07","2019","2019070209","1","39.9865","-76.2812","1627","08","0","0","0","0","0","0","0","0","2","0","0","0","16","1","2","01","2","39 59:11.342","7","00","76 16:52.253","2","0","0","0","36240","0","0","0","N","0","0","0","3","36240","1","","1","01","N","N","0","","0","1","2","3","2","Y","1626","2","3","0","0","0","0","0","1","0","3","N","","","","","","","","","","","","03","  ","","",""
"0646","1","0","0","0","0","0","0","0","0","4","0","","36","07","2019","2019070253","3","40.0704","-76.1712","0644","08","0","0","0","0","0","1","0","0","2","0","0","0","06","1","1","01","2","40 04:13.610","7","00","76 10:16.209","8","0","0","0","36234","0","0","0","N","0","0","0","2","36215","0","","1","01","N","N","1","","0","0","0","3","3","Y","0643","1","2","0","0","0","1","0","1","0","2","N","","","","","","","","","","","","03","  ","","",""
"1654","1","0","0","0","0","0","0","0","0","4","0","","36","07","2019","2019070362","6","39.9822","-76.278","1654","08","0","0","0","0","0","0","0","0","","0","0","0","16","1","0","01","0","39 58:55.869","","00","76 16:40.851","0","0","0","0","36240","0","0","0","N","0","0","0","2","36240","0","","1","01","N","N","0","","0","0","1","0","0","N","1630","0","2","0","0","0","0","0","1","0","2","N","","","","","","","","","","","","03","  ","","",""
"0945","1","0","0","0","0","0","0","0","0","4","0","","36","07","2019","2019070414","3","40.0389","-76.5105","0940","08","0","0","0","0","0","1","0","0","1","0","0","0","09","1","2","01","1","40 02:20.202","3","02","76 30:37.819","3","0","0","0","36404","0","0","0","N","0","0","0","2","36404","0","","1","01","N","N","0","","2","0","1","3","2","N","0940","2","2","0","0","0","0","0","3","0","2","N","","","","","","","","","","","","03","  ","","",""
"0900","1","0","0","0","0","0","0","0","0","4","0","","36","07","2019","2019070435","7","40.1375","-76.5832","0857","08","0","0","0","0","0","1","0","0","","0","0","0","08","1","1","01","0","40 08:14.961","","00","76 34:59.447","3","0","0","0","36225","0","0","0","N","0","0","0","2","36505","0","","1","01","N","N","0","","1","0","1","3","2","N","0857","1","2","0","0","0","0","0","2","0","2","N","","","","","","","","","","","","03","  ","","",""
"0732","0","0","0","0","0","0","0","0","0","4","0","","36","07","2019","2019070437","6","40.1713","-76.1238","0732","08","0","0","0","0","0","1","0","0","1","0","0","0","07","1","0","01","1","40 10:16.682","2","00","76 07:25.649","0","0","0","0","36218","0","0","0","N","0","0","0","2","36408","0","","1","01","N","N","1","","0","0","1","3","3","N","0731","0","2","0","0","0","0","0","1","0","2","N","","","","","","","","","","","","03","  ","","",""
"1216","1","0","0","0","0","0","0","0","0","4","0","","36","07","2019","2019070462","7","40.1506","-76.0237","1210","08","0","0","0","0","0","1","1","0","1","0","0","0","12","1","2","01","1","40 09:02.299","6","00","76 01:25.365","3","0","0","0","36213","0","0","0","N","0","0","0","3","36213","0","","1","01","N","N","0","","2","0","0","3","3","Y","1205","2","2","0","0","0","0","0","1","1","2","N","","","","","","","","","","","","03","  ","","",""
"1422","0","0","1","0","0","0","0","0","0","4","0","","36","07","2019","2019070522","7","39.993","-76.2753","1420","08","0","0","0","0","0","1","0","0","2","0","1","0","14","1","3","01","2","39 59:34.742","7","00","76 16:31.018","2","0","0","0","36240","0","0","0","N","0","0","0","4","36240","0","","1","01","N","N","0","","1","2","0","3","3","Y","1416","3","2","0","1","1","0","0","1","1","2","N","","","","","","","","","","","","03","  ","","",""
"0755","1","0","0","0","0","0","0","0","0","1","0","","36","06","2019","2019070541","2","40.0529","-76.3604","0750","08","0","0","0","0","0","0","0","0","1","0","0","0","07","1","1","00","2","40 03:10.569","3","00","76 21:37.341","4","0","0","0","36214","0","0","0","N","0","0","0","3","36214","1","","1","01","N","N","0","","0","0","2","3","2","Y","0748","1","3","0","0","0","0","0","3","0","3","N","","","","","","","","","","","","03","  ","","",""
"1756","1","0","0","0","0","0","0","0","0","2","0","","36","07","2019","2019070543","2","40.0911","-76.3978","1754","08","0","0","1","0","0","0","0","0","2","0","0","0","17","1","4","00","2","40 05:27.898","6","00","76 23:51.955","3","0","0","0","36214","0","0","0","N","0","0","0","6","36214","0","","1","01","N","N","0","","4","0","1","0","0","Y","1754","4","2","0","0","0","0","0","3","0","2","N","","","","","","","","","","","","03","  ","","",""
"0758","1","0","0","0","0","0","0","0","0","7","0","","36","07","2019","2019070544","6","40.0634","-76.3582","0756","08","0","0","0","0","0","0","0","0","2","0","0","0","07","1","1","00","1","40 03:48.180","3","00","76 21:29.690","4","0","0","0","36214","0","0","0","N","0","0","0","1","36214","1","","4","01","N","N","0","","0","0","0","0","0","Y","0750","1","1","0","0","0","0","0","3","0","1","N","","","","","","","","","","","","03","  ","","",""
"1457","1","0","0","0","0","0","0","0","0","4","0","","36","07","2019","2019070545","6","40.0565","-76.3984","1452","08","0","0","0","0","0","0","2","0","2","0","0","0","14","1","1","00","1","40 03:23.400","2","07","76 23:54.200","3","0","0","0","36214","0","0","0","N","0","0","0","2","36214","0","","1","01","N","N","0","","1","0","0","0","0","Y","1450","1","2","0","0","0","0","0","3","1","2","N","","","","","","","","","","","","03","  ","","",""
"1742","2","0","0","0","0","0","0","0","0","1","0","","36","07","2019","2019070546","6","40.0811","-76.351","1731","08","0","0","0","0","0","0","1","0","1","0","0","0","17","1","0","00","2","40 04:51.856","3","03","76 21:03.562","0","0","0","0","36101","0","0","0","N","0","0","0","4","36214","0","","1","01","N","N","0","","0","0","1","0","0","N","1725","0","4","0","0","0","0","0","3","1","4","N","","","","","","","","","","","","03","  ","","",""
"1843","0","0","0","0","0","0","0","0","0","0","0","","36","07","2019","2019070547","6","40.0691","-76.392","1840","08","0","0","0","0","0","0","0","0","","0","0","0","18","1","1","01","0","40 04:08.882","","00","76 23:31.081","3","0","0","1","36214","0","0","0","N","0","0","0","1","36214","0","","1","01","N","N","0","","1","0","0","0","0","","1840","1","1","0","0","0","0","0","3","0","1","N","","","","","","","","","","","","03","  ","","",""
"1319","1","0","0","0","0","0","0","0","0","1","0","","36","07","2019","2019070548","6","40.1559","-76.3072","1319","08","0","0","0","0","0","1","1","0","1","0","0","0","13","1","0","00","1","40 09:21.288","2","00","76 18:26.068","0","0","0","0","36409","0","0","0","N","0","0","0","5","36409","0","","1","01","N","N","1","","0","0","1","0","0","N","1319","0","3","0","0","0","0","0","3","0","3","N","","","","","","","","","","","","03","  ","","",""
"1522","2","0","0","0","0","0","0","0","0","4","0","","36","07","2019","2019070695","7","40.1184","-76.5835","1518","08","0","1","0","0","0","0","0","0","","0","0","0","15","1","0","01","0","40 07:06.347","","00","76 35:00.610","0","0","0","0","36237","0","0","0","N","0","0","0","2","36505","0","","1","01","N","N","0","","0","0","0","3","3","N","1522","0","2","0","0","0","0","0","1","0","2","N","","","","","","","","","","","","03","  ","","",""
"1109","0","0","0","0","0","0","0","0","0","4","0","","36","07","2019","2019070696","1","40.2117","-76.5067","1058","08","0","0","0","0","0","0","1","0","","0","0","0","10","1","0","02","0","40 12:42.228","","00","76 30:24.020","0","0","0","0","36225","0","0","0","N","0","0","0","2","36505","0","","1","01","N","N","1","","0","0","1","3","3","N","1058","0","2","0","0","0","0","0","2","0","2","N","","","","","","","","","","","","03","  ","","",""
"1413","0","0","0","0","0","0","0","0","0","0","0","","36","07","2019","2019070769","7","40.1065","-76.4221","1407","08","0","0","0","0","0","1","0","0","2","0","0","0","14","1","1","00","2","40 06:23.550","5","00","76 25:19.480","3","0","0","1","36214","0","0","0","N","0","0","0","1","36214","0","","1","01","N","N","0","","1","0","0","0","0","Y","1400","1","1","0","0","0","0","0","3","0","1","N","","","","","","","","","","","","03","  ","","",""
"1929","1","0","0","0","0","0","0","0","0","7","0","","36","07","2019","2019070881","7","40.1755","-76.6022","1923","08","0","0","0","0","0","0","0","0","","0","0","0","19","1","0","00","0","40 10:31.656","","00","76 36:07.935","0","0","0","0","36225","0","0","0","N","0","0","0","1","36505","0","","5","01","N","N","0","","0","0","0","0","0","","1921","0","1","0","0","0","0","0","2","0","1","N","","","","","","","","","","","","03","  ","","",""
"0445","0","0","0","0","0","0","0","0","0","7","0","","36","07","2019","2019070905","6","40.0452","-76.4132","0437","08","0","0","0","0","0","0","0","0","","0","0","0","04","2","1","00","0","40 02:42.600","","00","76 24:47.600","4","0","0","0","36239","0","0","0","N","0","0","0","1","36239","1","","4","09","N","N","0","","0","0","1","0","0","","0430","1","1","0","0","0","0","0","3","0","1","N","","","","","","","","","","","","07","  ","","",""
"1716","2","0","0","0","0","0","0","0","0","4","0","","36","07","2019","2019070941","5","40.039","-76.5105","1712","08","0","0","0","0","0","1","0","0","2","0","0","0","17","1","2","01","1","40 02:20.317","1","00","76 30:37.949","3","0","0","0","36404","0","0","0","N","0","0","0","3","36404","0","","1","01","N","N","0","","2","0","0","3","1","N","1710","2","2","0","0","0","0","0","3","0","2","N","","","","","","","","","","","","03","  ","","",""
"1047","1","0","0","0","0","0","0","0","0","1","0","","36","07","2019","2019070961","2","40.1648","-76.2006","1041","08","0","0","1","0","0","1","0","0","","0","0","0","10","1","0","00","0","40 09:53.231","","00","76 12:02.211","0","0","0","0","36218","0","0","0","N","0","0","0","2","36408","0","","1","01","N","N","0","","0","0","1","0","0","","1038","0","2","0","0","0","0","0","1","0","2","N","","","","","","","","","","","","03","  ","","",""
"1706","1","0","0","0","0","0","0","0","0","1","1","","36","07","2019","2019071099","6","40.075","-76.3348","1659","08","0","0","1","0","0","0","0","0","1","0","1","0","16","1","1","00","1","40 04:29.978","3","00","76 20:05.404","3","0","0","0","36101","0","0","0","N","0","0","0","4","36101","0","","1","01","N","N","0","","1","0","0","0","0","N","1656","1","2","0","0","0","0","0","3","0","2","N","","","","","","","","","","","","03","  ","","",""
"1037","0","0","0","0","0","0","0","0","0","7","0","","36","07","2019","2019071100","6","40.0271","-76.2361","1035","08","0","0","0","0","0","0","0","0","1","0","0","0","10","1","1","00","2","40 01:37.500","6","00","76 14:10.000","3","0","0","0","36215","0","0","0","N","0","0","0","1","36215","0","","4","01","N","N","0","","1","0","1","0","0","Y","1033","1","1","0","0","1","0","0","1","0","1","N","","","","","","","","","","","","03","  ","","",""
"0011","1","0","0","0","0","0","0","0","0","7","0","","36","07","2019","2019071101","7","40.0341","-76.2505","0003","08","0","0","0","0","0","0","0","0","1","0","0","0","00","3","0","01","1","40 02:02.929","6","00","76 15:01.795","0","0","0","0","36215","0","0","0","N","0","0","0","1","36215","0","","5","01","N","N","0","","0","0","0","3","2","N","0003","0","1","0","0","0","0","0","1","0","1","N","","","","","","","","","","","","03","  ","","",""
"0913","1","0","0","0","0","0","0","0","0","4","0","","36","07","2019","2019071102","1","40.0278","-76.2235","0910","08","0","0","0","0","0","1","0","0","1","0","0","0","09","1","1","00","1","40 01:40.252","3","07","76 13:24.467","3","0","0","0","36215","0","0","0","N","0","0","0","5","36215","0","","1","01","N","N","0","","1","0","1","0","0","N","0908","1","2","0","0","0","0","0","1","0","2","N","","","","","","","","","","","","03","  ","","",""
"1439","0","0","0","0","0","0","0","0","0","0","0","","36","07","2019","2019071103","7","40.0093","-76.4297","1425","08","0","0","0","0","0","0","1","0","","0","0","0","14","1","0","00","0","40 00:33.379","","00","76 25:46.813","0","0","0","0","36223","0","0","0","N","0","0","0","1","36223","0","","1","01","N","N","0","","0","0","0","0","0","","1421","0","1","0","0","0","0","0","1","1","1","N","","","","","","","","","","","","03","  ","","",""
"1715","1","0","0","0","0","0","0","0","0","4","0","","36","07","2019","2019071104","6","40.1271","-76.0733","1711","08","0","1","0","0","0","2","0","0","2","0","0","0","17","1","0","02","1","40 07:37.575","7","00","76 04:24.021","0","0","0","0","36209","0","0","0","N","0","0","0","4","36415","0","","1","01","N","N","1","","0","0","1","3","3","Y","1709","0","3","0","0","0","0","0","1","0","3","N","","","","","","","","","","","","03","  ","","",""
"1206","0","0","0","0","0","0","0","0","0","4","0","","36","06","2019","2019071154","1","40.1417","-75.9374","1138","08","0","0","0","0","0","1","0","0","3","0","0","1","11","1","1","01","1","40 08:29.984","4","00","75 56:14.547","2","0","1","1","36203","6","0","0","N","0","0","0","7","68J01","0","","1","01","N","N","0","","0","1","0","0","0","N","1136","1","2","0","0","0","0","0","1","0","1","N","","","","","","","","","","","","03","  ","","",""
"2336","0","0","0","0","0","0","0","0","0","7","0","","36","06","2019","2019071156","3","39.7312","-76.153","2314","08","0","0","0","0","0","0","0","0","","0","0","0","22","2","1","00","9","39 43:52.245","","00","76 09:10.851","8","0","0","0","36219","0","0","0","N","0","0","0","1","68J01","0","","4","01","N","N","1","","0","0","0","0","0","","2246","1","1","0","0","0","1","0","1","0","1","N","","","","","","","","","","","","03","  ","","",""
"1014","0","0","0","0","0","0","0","0","0","7","0","","36","06","2019","2019071157","5","39.82","-76.045","0953","08","0","0","0","0","0","0","0","0","","0","0","0","09","1","0","00","0","39 49:11.855","","00","76 02:42.135","0","0","0","0","36205","0","0","0","N","0","0","0","1","68J01","0","","4","01","N","N","0","","0","0","1","0","0","","0938","0","1","0","0","1","0","0","1","0","1","N","","","","","","","","","","","","03","  ","","",""
"0126","2","0","0","0","0","0","0","0","0","1","0","","36","06","2019","2019071268","7","40.0802","-76.5788","","08","0","0","0","0","0","0","0","0","","0","0","0","01","3","0","00","0","40 04:48.801","","00","76 34:43.656","0","0","0","0","36211","0","0","0","N","0","0","0","1","36504","0","","4","01","N","N","0","","0","0","0","0","0","N","0120","0","2","0","0","0","0","0","1","0","2","N","","","","","","","","","","","","03","  ","","",""
"2004","1","0","2","0","0","0","0","0","0","4","0","","36","07","2019","2019071271","2","40.0907","-76.5924","2002","08","0","0","0","0","0","1","0","0","2","0","0","0","20","1","2","01","2","40 05:26.665","5","00","76 35:32.496","2","0","0","0","36211","0","0","0","N","0","0","0","3","36504","0","","1","01","N","N","0","","0","2","0","3","3","Y","2000","2","2","0","0","0","0","0","1","1","2","N","","","","","","","","","","","","03","  ","","",""
"2007","1","0","0","0","0","0","0","0","0","7","0","","36","06","2019","2019071348","5","40.136","-76.2547","2002","08","0","0","0","0","0","0","0","0","4","1","0","0","20","2","0","11","2","40 08:09.592","7","00","76 15:17.099","1","0","0","0","36235","0","0","0","N","0","0","0","1","36506","0","2","4","09","N","N","0","0","0","0","0","0","0","Y","2000","0","1","0","0","0","0","0","1","0","1","N","","","","","","","","","","","","03","  ","","",""
"1645","1","0","0","0","0","0","0","0","0","1","0","","36","07","2019","2019071357","2","40.1791","-76.6006","1636","08","0","0","0","1","0","0","0","0","","0","0","0","16","1","0","06","0","40 10:46.324","","02","76 36:01.450","0","0","0","0","36225","0","0","0","N","0","0","0","6","36505","0","","7","01","N","N","0","","0","0","1","3","4","N","1630","0","2","0","0","0","0","0","2","0","2","N","","","","","","","","","","","","03","  ","","",""
"1152","0","0","0","0","0","0","0","0","0","4","0","","36","07","2019","2019071361","3","40.1545","-76.2924","1152","08","0","0","0","0","0","0","0","1","","0","0","0","11","1","2","01","0","40 09:16.247","","00","76 17:32.782","4","0","0","0","36409","0","0","0","N","0","0","0","2","36409","1","","1","01","N","N","0","","0","0","2","3","2","N","1137","2","2","0","0","0","1","0","3","0","2","N","","","","","","","","","","","","03","  ","","",""
"1014","1","0","0","0","0","0","0","0","0","4","0","","36","07","2019","2019071506","4","40.0638","-76.3405","1010","08","0","0","0","0","0","0","2","0","","0","0","0","09","1","0","05","0","40 03:49.895","","00","76 20:25.345","0","0","0","0","36101","0","0","0","N","0","0","0","2","36101","0","","1","01","N","N","0","","0","0","1","3","2","","0956","0","2","0","0","0","0","0","3","0","2","N","","","","","","","","","","","","03","  ","","",""
"1649","3","0","0","0","0","0","0","0","0","4","0","","36","07","2019","2019071507","5","40.1167","-76.3077","1637","08","0","0","0","0","0","0","0","0","2","0","0","0","16","1","0","02","1","40 07:00.047","3","00","76 18:27.626","0","0","0","0","36101","0","0","0","N","0","0","0","3","36101","0","","1","09","N","N","0","","0","0","0","0","0","N","1608","0","3","0","0","0","0","0","3","0","3","N","","","","","","","","","","","","07","  ","","",""
"1629","1","0","0","0","0","0","0","0","0","1","0","","36","07","2019","2019071508","5","40.0433","-76.3287","1627","08","0","0","0","0","0","1","0","0","","0","0","0","16","1","2","00","0","40 02:35.911","","00","76 19:43.336","3","0","0","0","36220","0","0","0","N","0","0","0","3","36101","0","","1","09","N","N","0","","2","0","1","0","0","","1625","2","2","0","0","0","0","0","3","0","2","N","","","","","","","","","","","","07","  ","","",""
"1538","0","0","0","0","0","0","0","0","0","8","0","","36","06","2019","2019071509","5","40.0572","-76.3965","1533","08","0","0","0","0","0","1","0","0","2","0","0","0","15","1","1","00","1","40 03:26.071","3","00","76 23:47.222","2","0","0","0","36214","1","0","1","N","1","0","1","2","36214","0","","1","01","N","N","0","","0","1","1","0","0","N","1531","1","2","0","0","0","0","0","3","0","1","N","","","","","","","","","","","","03","  ","","",""
"1218","0","0","0","0","0","0","0","0","0","4","1","","36","07","2019","2019071510","2","40.0824","-76.351","1213","08","0","0","0","0","0","0","0","0","1","0","1","0","12","1","1","02","1","40 04:56.816","3","00","76 21:03.528","3","0","0","1","36214","0","0","0","N","0","0","0","3","36214","0","","1","01","N","N","0","","1","0","0","3","2","N","1210","1","2","0","0","0","0","0","3","0","2","N","","","","","","","","","","","","03","  ","","",""