"ARRIVAL_TM","AUTOMOBILE_COUNT","BELTED_DEATH_COUNT","BELTED_SUSP_SERIOUS_INJ_COUNT","BICYCLE_COUNT","BICYCLE_DEATH_COUNT","BICYCLE_SUSP_SERIOUS_INJ_COUNT","BUS_COUNT","CHLDPAS_DEATH_COUNT","CHLDPAS_SUSP_SERIOUS_INJ_COUNT","COLLISION_TYPE","COMM_VEH_COUNT","CONS_ZONE_SPD_LIM","COUNTY","CRASH_MONTH","CRASH_YEAR","CRN","DAY_OF_WEEK","DEC_LAT","DEC_LONG","DISPATCH_TM","DISTRICT","DRIVER_COUNT_16YR","DRIVER_COUNT_17YR","DRIVER_COUNT_18YR","DRIVER_COUNT_19YR","DRIVER_COUNT_20YR","DRIVER_COUNT_50_64YR","DRIVER_COUNT_65_74YR","DRIVER_COUNT_75PLUS","EST_HRS_CLOSED","FATAL_COUNT","HEAVY_TRUCK_COUNT","HORSE_BUGGY_COUNT","HOUR_OF_DAY","ILLUMINATION","INJURY_COUNT","INTERSECT_TYPE","LANE_CLOSED","LATITUDE","LN_CLOSE_DIR","LOCATION_TYPE","LONGITUDE","MAX_SEVERITY_LEVEL","MCYCLE_DEATH_COUNT","MCYCLE_SUSP_SERIOUS_INJ_COUNT","MOTORCYCLE_COUNT","MUNICIPALITY","NONMOTR_COUNT","NONMOTR_DEATH_COUNT","NONMOTR_SUSP_SERIOUS_INJ_COUNT","NTFY_HIWY_MAINT","PED_COUNT","PED_DEATH_COUNT","PED_SUSP_SERIOUS_INJ_COUNT","PERSON_COUNT","POLICE_AGCY","POSSIBLE_INJ_COUNT","RDWY_SURF_TYPE_CD","RELATION_TO_ROAD","ROAD_CONDITION","SCH_BUS_IND","SCH_ZONE_IND","SMALL_TRUCK_COUNT","SPEC_JURIS_CD","SUSP_MINOR_INJ_COUNT","SUSP_SERIOUS_INJ_COUNT","SUV_COUNT","TCD_FUNC_CD","TCD_TYPE","TFC_DETOUR_IND","TIME_OF_DAY","TOT_INJ_COUNT","TOTAL_UNITS","UNB_DEATH_COUNT","UNB_SUSP_SERIOUS_INJ_COUNT","UNBELTED_OCC_COUNT","UNK_INJ_DEG_COUNT","UNK_INJ_PER_COUNT","URBAN_RURAL","VAN_COUNT","VEHICLE_COUNT","WORK_ZONE_IND","WORK_ZONE_LOC","WORK_ZONE_TYPE","WORKERS_PRES","WZ_CLOSE_DETOUR","WZ_FLAGGER","WZ_LAW_OFFCR_IND","WZ_LN_CLOSURE","WZ_MOVING","WZ_OTHER","WZ_SHLDER_MDN","ROADWAY_CLEARED","WEATHER1","WEATHER2","WZ_WORKERS_INJ_KILLED","SECONDARY_CRASH","INTERSECTION_RELATED"
"1627","1","0","0","0","0","0","0","0","0","7","0","","36","07","2019","2019071543","5","40.0383","-76.4588","1622","08","0","0","1","0","0","0","0","0","","0","0","0","16","1","0","00","0","40 02:17.820","","00","76 27:31.807","0","0","0","0","36239","0","0","0","N","0","0","0","1","36239","0","","3","09","N","N","0","","0","0","0","0","0","","1622","0","1","0","0","0","0","0","3","0","1","N","","","","","","","","","","","","07","  ","","",""
"1733","0","0","0","0","0","0","0","0","0","1","1","","36","07","2019","2019071688","3","40.2062","-76.1487","1732","08","0","0","0","0","1","1","0","0","","0","1","0","17","1","0","00","0","40 12:22.331","","00","76 08:55.382","0","0","0","0","36210","0","0","0","N","0","0","0","2","36210","0","","1","01","N","N","1","","0","0","0","3","2","","1731","0","2","0","0","2","0","0","1","0","2","N","","","","","","","","","","","","03","  ","","",""
"1614","2","0","0","0","0","0","0","0","0","1","0","","36","07","2019","2019071700","1","40.1923","-76.1868","1610","08","0","0","0","0","0","0","0","0","1","0","0","0","16","1","0","02","1","40 11:32.243","1","00","76 11:12.415","0","0","0","0","36408","0","0","0","N","0","0","0","5","36408","0","","1","01","N","N","0","","0","0","0","0","0","Y","1608","0","2","0","0","0","0","0","2","0","2","N","","","","","","","","","","","","03","  ","","",""
"1327","2","0","0","0","0","0","0","0","0","4","0","","36","07","2019","2019071722","1","40.0459","-76.3072","1322","08","0","0","0","0","0","0","0","1","1","0","0","0","13","1","4","01","2","40 02:45.142","1","00","76 18:25.864","8","0","0","0","36301","0","0","0","N","0","0","0","4","36301","0","","1","01","N","N","0","","0","0","0","3","2","Y","1320","4","2","0","0","0","4","0","3","0","2","N","","","","","","","","","","","","03","  ","","",""
"0824","2","0","0","0","0","0","0","0","0","1","1","","36","07","2019","2019071743","5","40.0691","-76.3071","0759","08","0","0","0","0","0","1","0","0","3","0","1","0","07","5","0","00","1","40 04:08.587","4","00","76 18:25.484","0","0","0","0","36101","0","0","0","N","0","0","0","5","36101","0","","1","09","N","N","0","","0","0","2","0","0","N","0752","0","5","0","0","1","0","0","3","0","5","N","","","","","","","","","","","","07","  ","","",""
"2111","2","0","0","0","0","0","0","0","0","4","0","","36","07","2019","2019071744","2","40.0245","-76.3309","2109","08","0","0","0","0","0","0","0","0","2","0","0","0","21","3","1","01","1","40 01:28.028","6","00","76 19:51.268","8","0","0","0","36220","0","0","0","N","0","0","0","2","36101","0","","1","01","N","N","0","","0","0","0","3","2","N","2107","1","2","0","0","0","1","1","3","0","2","N","","","","","","","","","","","","03","  ","","",""
"1820","1","0","0","0","0","0","0","0","0","7","0","","36","02","2019","2019071745","4","40.0406","-76.3934","1813","08","0","0","0","0","0","0","0","1","","0","0","0","18","3","0","02","0","40 02:26.198","","00","76 23:36.170","0","0","0","0","36223","0","0","0","N","0","0","0","1","36223","0","","5","09","N","N","0","","0","0","0","0","0","","1813","0","1","0","0","0","0","0","1","0","1","N","","","","","","","","","","","","07","05","","",""
"1550","1","0","0","0","0","0","0","0","0","4","0","","36","06","2019","2019071746","1","40.0228","-76.3671","1549","08","0","0","0","1","0","0","0","0","1","0","0","0","15","1","0","01","1","40 01:21.946","6","00","76 22:01.509","0","0","0","0","36223","0","0","0","N","0","0","0","4","36223","0","","1","01","N","N","0","","0","0","1","0","0","N","1547","0","2","0","0","2","0","0","1","0","2","N","","","","","","","","","","","","03","  ","","",""
"1405","2","0","0","0","0","0","0","0","0","1","0","","36","07","2019","2019071747","3","40.0084","-76.3804","1359","08","0","0","1","0","0","0","0","1","2","0","0","0","13","1","1","00","2","40 00:30.218","6","00","76 22:49.436","8","0","0","0","36223","0","0","0","N","0","0","0","2","36223","0","","1","01","N","N","0","","0","0","0","0","0","Y","1357","1","2","0","0","0","1","0","1","0","2","N","","","","","","","","","","","","03","  ","","",""
"0512","1","0","0","0","0","0","0","0","0","8","0","","36","07","2019","2019071748","5","40.0398","-76.3966","0504","08","0","0","0","0","0","0","0","0","3","0","0","0","05","2","2","00","2","40 02:23.378","6","00","76 23:47.870","2","0","0","0","36223","1","0","1","N","1","0","1","2","36223","0","","1","01","N","N","0","","1","1","0","0","0","Y","0504","2","2","0","0","0","0","0","1","0","1","N","","","","","","","","","","","","03","  ","","",""
"1118","1","0","0","0","0","0","0","0","0","1","1","55","36","07","2019","2019071764","7","40.1665","-76.1509","1108","08","0","0","0","0","0","1","1","0","2","0","1","0","11","1","1","00","2","40 09:59.228","2","00","76 09:03.261","8","0","0","1","36218","0","0","0","N","0","0","0","3","36408","0","","1","01","N","N","0","","0","0","0","3","8","Y","1108","1","3","0","0","0","1","0","1","0","3","Y","5","1","Y","","","N","Y","","","","","03","  ","","",""
"1630","2","0","0","0","0","0","0","0","0","1","0","50","36","06","2019","2019071878","7","40.1604","-76.1523","1615","08","0","0","1","0","0","0","0","1","","0","0","0","16","1","0","00","0","40 09:37.599","","00","76 09:08.322","0","0","0","0","36238","0","0","0","N","0","0","0","5","36238","0","","1","01","N","N","1","","0","0","0","3","8","","1612","0","4","0","0","0","0","0","3","1","4","Y","2","1","N","","","U","Y","","","","","03","  ","","",""
"1356","0","0","0","0","0","0","0","0","0","4","0","","36","07","2019","2019071895","3","40.0698","-76.3163","1352","08","0","0","0","0","0","0","0","0","1","0","0","0","13","1","1","00","1","40 04:11.133","3","00","76 18:58.613","8","0","0","1","36101","0","0","0","N","0","0","0","2","36101","0","","1","01","N","N","0","","0","0","1","0","0","N","1351","1","2","0","0","0","1","0","3","0","2","N","","","","","","","","","","","","03","  ","","",""
"1501","0","0","0","0","0","0","0","0","0","4","0","","36","07","2019","2019071896","3","40.1058","-76.3499","1455","08","0","0","0","0","0","1","0","1","1","0","0","0","14","1","0","01","1","40 06:20.779","2","00","76 20:59.474","0","0","0","0","36406","0","0","0","N","0","0","0","3","36101","0","","1","01","N","N","0","","0","0","2","3","3","N","1452","0","2","0","0","0","0","0","3","0","2","N","","","","","","","","","","","","03","  ","","",""
"1242","1","0","0","0","0","0","0","0","0","4","0","","36","07","2019","2019071897","7","40.0805","-76.3423","1233","08","1","0","0","0","0","0","0","0","2","0","0","0","12","1","0","02","2","40 04:49.688","3","00","76 20:32.211","0","0","0","0","36101","0","0","0","N","0","0","0","2","36101","0","","1","01","N","N","1","","0","0","0","3","3","N","1231","0","2","0","0","0","0","0","3","0","2","N","","","","","","","","","","","","03","  ","","",""
"0953","0","0","0","0","0","0","0","0","0","4","0","","36","07","2019","2019071898","1","40.0948","-76.3249","0950","08","0","0","1","0","0","0","0","0","3","0","0","0","09","1","1","01","2","40 05:41.424","7","00","76 19:29.571","3","0","0","0","36101","0","0","0","N","0","0","0","2","36101","0","","1","01","N","N","1","","1","0","1","3","3","Y","0948","1","2","0","0","1","0","0","3","0","2","N","","","","","","","","","","","","03","  ","","",""
"1953","0","0","0","0","0","0","0","0","0","4","0","","36","07","2019","2019071899","3","40.0631","-76.1569","1948","08","0","0","0","0","0","0","1","1","2","0","0","0","19","1","4","01","2","40 03:47.143","5","00","76 09:24.928","3","0","0","0","36234","0","0","0","N","0","0","0","15","36215","0","","1","09","N","N","0","","4","0","1","3","3","N","1946","4","2","0","0","3","0","0","1","1","2","N","","","","","","","","","","","","07","  ","","",""
"0732","1","0","0","0","0","0","0","0","0","5","1","","36","06","2019","2019071961","3","40.2249","-76.0617","0713","08","0","0","0","0","0","0","0","0","","0","1","0","06","1","1","00","0","40 13:29.615","","00","76 03:42.116","4","0","0","0","36202","0","0","0","N","0","0","0","2","68J01","1","","1","01","N","N","0","","0","0","0","0","0","","0655","1","2","0","0","0","0","0","1","0","2","N","","","","","","","","","","","","03","  ","","",""
"1847","1","0","0","0","0","0","0","0","0","7","0","","36","06","2019","2019071962","6","39.8495","-76.3135","1831","08","0","0","0","0","1","0","0","0","1","0","0","0","22","2","0","00","1","39 50:58.300","1","00","76 18:48.560","0","0","0","0","36224","0","0","0","N","0","0","0","1","68J01","0","","4","01","N","N","0","","0","0","0","0","0","N","2200","0","1","0","0","0","0","0","1","0","1","N","","","","","","","","","","","","03","  ","","",""
"1750","1","0","0","0","0","0","0","0","0","1","0","","36","06","2019","2019071964","4","40.0052","-76.1069","1749","08","0","0","0","0","0","1","0","0","1","0","0","0","17","1","0","00","1","40 00:18.774","3","00","76 06:24.718","0","0","0","0","36226","0","0","0","N","0","0","0","8","68J01","0","","1","01","N","N","0","","0","0","1","0","0","N","1749","0","3","0","0","0","0","0","1","1","3","N","","","","","","","","","","","","03","  ","","",""
"2012","2","0","0","0","0","0","0","0","0","4","0","","36","06","2019","2019071967","6","40.1846","-76.0768","2003","08","0","0","0","0","0","1","0","0","","0","0","0","19","1","0","01","0","40 11:04.592","","00","76 04:36.648","0","0","0","0","36202","0","0","0","N","0","0","0","3","68J01","0","","1","01","N","N","0","","0","0","0","3","3","","1944","0","2","0","0","0","0","0","1","0","2","N","","","","","","","","","","","","03","  ","","",""
"1909","2","0","0","0","0","0","0","0","0","1","0","","36","07","2019","2019072046","4","40.1432","-76.5962","1900","08","0","0","0","0","0","0","0","0","","0","0","0","19","1","1","02","0","40 08:35.370","","00","76 35:46.214","8","0","0","0","36407","0","0","0","N","0","0","0","2","36407","0","","1","09","N","N","0","","0","0","0","3","2","N","1900","1","2","0","0","0","1","0","2","0","2","N","","","","","","","","","","","","07","  ","","",""
"1904","0","0","0","0","0","0","0","0","0","0","0","","36","07","2019","2019072071","1","40.0788","-76.579","1858","08","0","0","0","0","0","0","0","0","","0","0","0","18","1","2","00","0","40 04:43.789","","00","76 34:44.226","3","0","0","1","36211","0","0","0","N","0","0","0","2","36504","0","","1","01","N","N","0","","2","0","0","0","0","N","1858","2","1","0","0","0","0","0","1","0","1","N","","","","","","","","","","","","03","  ","","",""
"1246","1","0","0","0","0","0","0","0","0","8","0","","36","07","2019","2019072075","2","40.0317","-76.477","1243","08","0","0","0","0","0","1","0","0","1","0","0","0","12","1","1","00","1","40 01:54.248","3","00","76 28:37.273","8","0","0","0","36404","1","0","0","N","1","0","0","3","36404","0","","2","01","N","N","0","","0","0","0","0","0","N","1242","1","2","0","0","0","1","0","3","0","1","N","","","","","","","","","","","","03","  ","","",""
"1908","1","0","0","0","0","0","0","0","0","4","0","","36","07","2019","2019072084","4","40.0373","-76.4185","1905","08","0","0","0","0","0","1","0","0","1","0","0","0","19","1","3","02","2","40 02:14.377","6","00","76 25:06.745","8","0","0","0","36239","0","0","0","N","0","0","0","3","36239","0","","1","09","N","N","1","","0","0","0","3","2","Y","1905","3","2","0","0","0","3","0","3","0","2","N","","","","","","","","","","","","07","  ","","",""
"2107","3","0","0","0","0","0","0","0","0","4","0","","36","07","2019","2019072088","4","40.2414","-76.1745","2102","08","0","0","0","0","0","2","0","0","1","0","0","0","21","3","0","01","1","40 14:28.864","3","00","76 10:28.164","0","0","0","0","36236","0","0","0","N","0","0","0","3","36408","0","","1","09","N","N","0","","0","0","0","3","3","N","2100","0","3","0","0","0","0","0","1","0","3","N","","","","","","","","","","","","03","  ","","",""
"0224","2","0","0","0","0","0","0","0","0","4","0","","36","07","2019","2019072093","5","40.0408","-76.2935","0222","08","0","0","0","0","0","0","0","0","1","0","0","0","02","3","0","01","1","40 02:26.970","1","00","76 17:36.562","0","0","0","0","36301","0","0","0","N","0","0","0","3","36301","0","","1","01","N","N","0","","0","0","0","3","3","N","0220","0","2","0","0","0","0","0","3","0","2","N","","","","","","","","","","","","03","  ","","",""
"1957","0","0","0","0","0","0","0","0","0","4","0","","36","07","2019","2019072110","4","40.059","-76.463","1952","08","0","0","0","0","0","1","0","0","","0","0","0","19","1","1","00","0","40 03:32.438","","00","76 27:46.978","8","0","0","0","36239","0","0","0","N","0","0","0","3","36239","0","","1","09","N","N","1","","0","0","1","0","0","N","1952","1","2","0","0","0","1","0","3","0","2","N","","","","","","","","","","","","07","  ","","",""
"1156","2","0","0","0","0","0","0","0","0","1","0","","36","07","2019","2019072282","4","40.1246","-76.5644","1149","08","1","0","0","0","0","1","0","0","2","0","0","0","11","1","1","00","2","40 07:28.677","5","00","76 33:51.967","3","0","0","0","36237","0","0","0","N","0","0","0","3","36505","0","","1","01","N","N","0","","1","0","0","0","0","Y","1145","1","2","0","0","0","0","0","1","0","2","N","","","","","","","","","","","","03","  ","","",""
"1546","2","0","0","0","0","0","0","0","0","4","0","","36","07","2019","2019072351","6","40.0791","-76.3465","1540","08","0","0","0","0","0","0","0","1","","0","0","0","15","1","0","02","0","40 04:44.596","","02","76 20:47.282","0","0","0","0","36101","0","0","0","N","0","0","0","4","36101","0","","1","01","N","N","0","","0","0","1","3","3","","1538","0","3","0","0","0","0","0","3","0","3","N","","","","","","","","","","","","03","  ","","",""
"1000","2","0","0","0","0","0","0","0","0","4","0","","36","07","2019","2019072352","7","40.0685","-76.3074","0952","08","0","0","0","0","0","0","0","0","2","0","0","0","09","1","0","01","1","40 04:06.605","3","00","76 18:27.559","0","0","0","0","36101","0","0","0","N","0","0","0","2","36101","0","","1","01","N","N","0","","0","0","0","3","2","N","0949","0","2","0","0","0","0","0","3","0","2","N","","","","","","","","","","","","03","  ","","",""
"0913","1","0","0","0","0","0","0","0","0","7","0","","36","07","2019","2019072353","7","40.1115","-76.325","0907","08","0","0","0","0","0","1","0","0","","0","0","0","21","2","0","00","0","40 06:41.410","","00","76 19:30.160","0","0","0","0","36101","0","0","0","N","0","0","0","1","36101","0","","4","01","N","N","0","","0","0","0","0","0","","2145","0","1","0","0","0","0","0","3","0","1","N","","","","","","","","","","","","03","  ","","",""
"1329","0","0","0","0","0","0","0","0","0","1","0","","36","06","2019","2019072381","5","39.8167","-76.0404","1321","08","0","0","0","0","0","1","0","0","","0","0","0","13","1","1","02","0","39 49:00.165","","00","76 02:25.284","3","0","0","0","36205","0","0","0","N","0","0","0","2","68J01","0","","1","01","N","N","0","","1","0","2","0","0","","1314","1","2","0","0","0","0","0","1","0","2","N","","","","","","","","","","","","03","  ","","",""
"1550","1","0","0","0","0","0","0","0","0","7","0","","36","06","2019","2019072384","7","40.2303","-76.347","1529","08","0","0","0","0","0","1","0","0","","0","0","0","15","1","0","00","0","40 13:49.054","","00","76 20:49.376","0","0","0","0","36217","0","0","0","N","0","0","0","1","68T06","0","","4","09","N","N","0","","0","0","0","0","0","","1528","0","1","0","0","0","0","0","1","0","1","N","","","","","","","","","","","","07","  ","","",""
"1358","0","0","0","0","0","0","0","0","0","4","0","","36","06","2019","2019072385","1","40.0387","-76.1547","1358","08","0","0","0","0","0","2","0","0","2","0","0","0","13","1","0","00","2","40 02:19.373","6","07","76 09:17.002","0","0","0","1","36221","0","0","0","N","0","0","0","2","68J01","0","","1","01","N","N","1","","0","0","0","0","0","Y","1347","0","2","0","0","1","0","0","1","0","2","N","","","","","","","","","","","","03","  ","","",""
"1704","0","0","0","0","0","0","0","0","0","0","0","","36","07","2019","2019072391","4","39.9999","-75.9816","1641","08","0","0","0","0","0","0","0","0","3","0","0","0","16","1","0","00","2","39 59:59.730","5","00","75 58:53.680","0","0","0","0","36232","0","0","0","N","0","0","0","1","68J01","0","","1","01","N","N","1","","0","0","0","0","0","Y","1636","0","1","0","0","0","0","0","1","0","1","N","","","","","","","","","","","","03","  ","","",""
"1612","1","0","0","0","0","0","0","0","0","7","0","","36","07","2019","2019072393","6","40.2299","-76.4412","1607","08","0","0","0","0","0","0","0","0","","0","0","0","16","1","0","00","0","40 13:47.480","","00","76 26:28.373","0","0","0","0","36230","0","0","0","N","0","0","0","1","68T06","0","","3","08","N","N","0","","0","0","0","0","0","","1607","0","1","0","0","0","0","0","1","0","1","N","","","","","","","","","","","","07","  ","","",""
"1848","0","0","0","0","0","0","0","0","0","1","0","","36","07","2019","2019072395","6","40.2442","-76.1605","1845","08","0","0","0","0","0","0","0","0","1","0","0","0","18","1","2","00","1","40 14:38.970","4","00","76 09:37.772","8","0","0","0","36236","0","0","0","N","0","0","0","10","68T06","0","","1","09","N","N","0","","0","0","2","0","0","N","1845","2","2","0","0","0","2","0","1","0","2","N","","","","","","","","","","","","07","  ","","",""
"1917","0","0","0","0","0","0","0","0","0","7","0","","36","07","2019","2019072400","7","40.2413","-76.2488","1915","08","0","0","0","0","0","0","0","0","","0","0","0","19","1","0","00","0","40 14:28.573","","00","76 14:55.670","0","0","0","0","36204","0","0","0","N","0","0","0","1","68T06","0","","4","09","N","N","1","","0","0","0","0","0","","1915","0","1","0","0","0","0","0","1","0","1","N","","","","","","","","","","","","07","  ","","",""
"1630","1","0","0","0","0","0","0","0","0","2","0","","36","07","2019","2019072405","1","40.2458","-76.2011","1610","08","0","0","0","1","0","1","0","0","","0","0","0","16","1","0","00","0","40 14:44.736","","00","76 12:03.837","0","0","0","0","36236","0","0","0","N","0","0","0","2","68T06","0","","1","01","N","N","1","","0","0","0","0","0","","1610","0","2","0","0","0","0","0","1","0","2","N","","","","","","","","","","","","03","  ","","",""
"1817","1","0","0","0","0","0","0","0","0","5","1","","36","07","2019","2019072407","1","40.2298","-76.4383","1815","08","0","0","0","0","0","2","0","0","","0","1","0","18","1","0","00","0","40 13:47.183","","00","76 26:17.961","0","0","0","0","36230","0","0","0","N","0","0","0","2","68T06","0","","1","01","N","N","0","","0","0","0","0","0","","1815","0","2","0","0","0","0","0","1","0","2","N","","","","","","","","","","","","03","  ","","",""
"2202","1","0","0","0","0","0","0","0","0","7","0","","36","07","2019","2019072409","1","40.2311","-76.3409","2154","08","0","0","0","0","0","0","0","0","2","0","0","0","21","1","0","00","1","40 13:52.135","4","00","76 20:27.411","9","0","0","0","36217","0","0","0","N","0","0","0","1","68T06","0","","4","08","N","N","0","","0","0","0","0","0","N","2154","0","1","0","0","0","0","1","1","0","1","N","","","","","","","","","","","","03","  ","","",""
"1716","1","0","0","0","0","0","0","0","0","4","0","","36","07","2019","2019072412","3","39.9501","-76.1202","1659","08","0","0","0","0","0","0","0","0","","0","0","0","16","1","0","01","0","39 57:00.187","","00","76 07:12.579","0","0","0","0","36216","0","0","0","N","0","0","0","2","68J01","0","","1","01","N","N","0","","0","0","1","3","3","","1657","0","2","0","0","0","0","0","1","0","2","N","","","","","","","","","","","","03","  ","","",""
"2213","1","0","0","0","0","0","0","0","0","1","0","","36","07","2019","2019072413","3","39.8584","-76.0818","2153","08","0","0","0","0","0","1","0","0","2","0","0","0","21","2","1","00","1","39 51:30.128","1","00","76 04:54.545","3","0","0","0","36205","0","0","0","N","0","0","0","3","68J01","0","","1","01","N","N","1","","1","0","0","0","0","N","2148","1","2","0","0","0","0","0","1","0","2","N","","","","","","","","","","","","03","  ","","",""
"1259","2","0","0","0","0","0","0","0","0","4","0","","36","07","2019","2019072416","7","39.9593","-76.0996","1253","08","0","0","0","0","0","1","0","0","2","0","0","0","12","1","1","01","1","39 57:33.444","1","00","76 05:58.443","3","0","0","0","36226","0","0","0","N","0","0","0","2","68J01","0","","1","01","N","N","0","","1","0","0","3","3","N","1250","1","2","0","0","0","0","0","1","0","2","N","","","","","","","","","","","","03","  ","","",""
"1607","2","0","0","0","0","0","0","0","0","4","0","","36","07","2019","2019072558","3","40.1917","-76.5752","1603","08","0","0","0","0","0","1","0","0","2","0","0","0","16","1","2","01","2","40 11:30.066","7","00","76 34:30.670","8","0","0","0","36225","0","0","0","N","0","0","0","5","36505","0","","1","01","N","N","0","","0","0","0","3","3","Y","1600","2","2","0","0","0","2","0","2","0","2","N","","","","","","","","","","","","03","  ","","",""
"0858","0","0","0","0","0","0","0","0","0","1","0","","36","06","2019","2019072579","3","39.9893","-75.9918","0819","08","0","0","0","0","0","1","0","0","1","0","0","0","08","1","0","00","1","39 59:21.337","3","00","75 59:30.407","0","0","0","0","36232","0","0","0","N","0","0","0","2","68J01","0","","1","01","N","N","0","","0","0","1","0","0","N","0815","0","2","0","0","0","0","0","1","1","2","N","","","","","","","","","","","","03","  ","","",""
"1520","1","0","1","0","0","0","0","0","0","2","0","","36","07","2019","2019072593","7","40.1121","-75.9791","1500","08","0","0","0","1","0","0","0","0","4","0","0","0","14","1","3","00","2","40 06:43.501","6","00","75 58:44.907","2","0","0","0","36203","0","0","0","N","0","0","0","3","68J01","0","","1","01","N","N","1","","0","3","0","0","0","Y","1455","3","2","0","2","2","0","0","1","0","2","N","","","","","","","","","","","","03","  ","","",""
"0708","1","0","0","0","0","0","0","0","0","4","0","","36","07","2019","2019072649","6","40.2835","-76.1535","0700","08","0","0","1","0","0","1","0","0","1","0","0","0","07","1","0","01","1","40 17:00.648","4","00","76 09:12.638","0","0","0","0","36236","0","0","0","N","0","0","0","2","36408","0","","1","01","N","N","1","","0","0","0","3","3","N","0700","0","2","0","0","0","0","0","1","0","2","N","","","","","","","","","","","","03","  ","","",""
"1335","1","0","0","0","0","0","0","0","0","1","0","","36","07","2019","2019072672","3","40.0697","-76.3079","1332","08","0","0","0","0","0","0","0","0","","0","0","0","13","1","0","00","0","40 04:10.922","","00","76 18:28.339","0","0","0","0","36101","0","0","0","N","0","0","0","2","36101","0","","1","01","N","N","0","","0","0","1","0","0","","1330","0","2","0","0","0","0","0","3","0","2","N","","","","","","","","","","","","03","  ","","",""
"0513","1","0","0","0","0","0","0","0","0","7","0","","36","06","2019","2019072700","7","40.0387","-76.1436","0503","08","0","0","0","0","0","0","0","0","","0","0","0","04","5","0","00","0","40 02:19.495","","00","76 08:36.912","0","0","0","0","36221","0","0","0","N","0","0","0","1","68J01","0","","4","01","N","N","0","","0","0","0","0","0","","0438","0","1","0","0","0","0","0","1","0","1","N","","","","","","","","","","","","03","  ","","",""
"1642","0","0","0","0","0","0","0","0","0","4","0","","36","06","2019","2019072705","1","40.037","-76.1023","1627","08","0","0","0","0","0","0","0","0","","0","0","0","16","1","0","02","0","40 02:13.338","","00","76 06:08.315","0","0","0","0","36221","0","0","0","N","0","0","0","4","68J01","0","","1","01","N","N","0","","0","0","2","3","3","","1625","0","2","0","0","0","0","0","1","0","2","N","","","","","","","","","","","","03","  ","","",""
"1312","0","0","0","0","0","0","0","0","0","1","0","","36","07","2019","2019072707","2","40.0396","-76.1299","1312","08","0","0","0","0","0","0","0","1","2","0","0","0","12","1","1","00","1","40 02:22.460","3","00","76 07:47.698","3","0","0","0","36221","0","0","0","N","0","0","0","2","68J01","0","","1","01","N","N","0","","1","0","2","0","0","N","1257","1","2","0","0","0","0","0","1","0","2","N","","","","","","","","","","","","03","  ","","",""
"0810","2","0","0","0","0","0","0","0","0","4","0","","36","07","2019","2019072708","4","40.1968","-76.0175","0751","08","0","0","0","0","0","1","0","0","1","0","0","0","07","1","0","01","1","40 11:48.467","5","00","76 01:02.880","0","0","0","0","36202","0","0","0","N","0","0","0","3","68J01","0","","1","01","N","N","1","","0","0","0","3","3","N","0726","0","3","0","0","0","0","0","1","0","3","N","","","","","","","","","","","","03","  ","","",""
"1825","1","0","0","0","0","0","0","0","0","4","0","","36","07","2019","2019072709","4","40.031","-76.0634","1805","08","0","0","0","0","0","0","1","0","2","0","0","0","17","1","0","03","1","40 01:51.594","2","00","76 03:48.069","0","0","0","0","36221","0","0","0","N","0","0","0","2","68J01","0","","1","01","N","N","0","","0","0","1","3","3","N","1754","0","2","0","0","0","0","0","1","0","2","N","","","","","","","","","","","","03","  ","","",""
"0248","1","0","0","0","0","0","0","0","0","7","0","","36","07","2019","2019072710","7","39.9833","-76.1389","0238","08","0","0","0","0","0","0","0","0","","0","0","0","02","2","1","00","0","39 58:59.939","","00","76 08:20.142","3","0","0","0","36226","0","0","0","N","0","0","0","1","68J01","0","","4","01","N","N","0","","1","0","0","0","0","","0237","1","1","0","0","1","0","0","1","0","1","N","","","","","","","","","","","","03","  ","","",""
"2013","0","0","0","0","0","0","0","0","0","7","0","","36","07","2019","2019072717","4","40.2453","-76.2241","2013","08","0","0","0","1","0","0","0","0","","0","0","0","20","1","0","00","0","40 14:42.949","","00","76 13:26.873","0","0","0","0","36204","0","0","0","N","0","0","0","4","68T06","0","","4","01","N","N","0","","0","0","1","0","0","","2011","0","1","0","0","0","0","0","1","0","1","N","","","","","","","","","","","","03","  ","","",""
"0922","1","0","0","0","0","0","0","0","0","7","0","","36","07","2019","2019072718","5","40.1804","-76.0308","0858","08","1","0","0","0","0","0","0","0","3","0","0","0","08","1","2","00","1","40 10:49.570","4","00","76 01:50.950","3","0","0","0","36202","0","0","0","N","0","0","0","2","68J01","0","","4","09","N","N","0","","2","0","0","0","0","N","0856","2","1","0","0","0","0","0","1","0","1","N","","","","","","","","","","","","07","  ","","",""
"1500","0","0","0","0","0","0","0","0","0","0","0","","36","07","2019","2019072722","6","39.8221","-76.2129","1422","08","0","0","0","0","0","0","0","0","","0","0","0","14","1","1","00","0","39 49:19.560","","00","76 12:46.470","8","0","0","1","36208","0","0","0","N","0","0","0","1","68J01","0","","1","01","N","N","0","","0","0","0","0","0","","1419","1","1","0","0","0","1","0","1","0","1","N","","","","","","","","","","","","03","  ","","",""
"1720","0","0","0","0","0","0","0","0","0","1","1","","36","07","2019","2019072727","1","40.2457","-76.1996","1703","08","0","0","0","0","0","0","0","0","","0","1","0","17","1","2","00","0","40 14:44.666","","00","76 11:58.582","8","0","0","0","36236","0","0","0","N","0","0","0","7","68T06","0","","1","01","N","N","1","","0","0","2","0","0","","1700","2","4","0","0","0","2","0","1","0","4","N","","","","","","","","","","","","03","  ","","",""