"ARRIVAL_TM","AUTOMOBILE_COUNT","BELTED_DEATH_COUNT","BELTED_SUSP_SERIOUS_INJ_COUNT","BICYCLE_COUNT","BICYCLE_DEATH_COUNT","BICYCLE_SUSP_SERIOUS_INJ_COUNT","BUS_COUNT","CHLDPAS_DEATH_COUNT","CHLDPAS_SUSP_SERIOUS_INJ_COUNT","COLLISION_TYPE","COMM_VEH_COUNT","CONS_ZONE_SPD_LIM","COUNTY","CRASH_MONTH","CRASH_YEAR","CRN","DAY_OF_WEEK","DEC_LAT","DEC_LONG","DISPATCH_TM","DISTRICT","DRIVER_COUNT_16YR","DRIVER_COUNT_17YR","DRIVER_COUNT_18YR","DRIVER_COUNT_19YR","DRIVER_COUNT_20YR","DRIVER_COUNT_50_64YR","DRIVER_COUNT_65_74YR","DRIVER_COUNT_75PLUS","EST_HRS_CLOSED","FATAL_COUNT","HEAVY_TRUCK_COUNT","HORSE_BUGGY_COUNT","HOUR_OF_DAY","ILLUMINATION","INJURY_COUNT","INTERSECT_TYPE","LANE_CLOSED","LATITUDE","LN_CLOSE_DIR","LOCATION_TYPE","LONGITUDE","MAX_SEVERITY_LEVEL","MCYCLE_DEATH_COUNT","MCYCLE_SUSP_SERIOUS_INJ_COUNT","MOTORCYCLE_COUNT","MUNICIPALITY","NONMOTR_COUNT","NONMOTR_DEATH_COUNT","NONMOTR_SUSP_SERIOUS_INJ_COUNT","NTFY_HIWY_MAINT","PED_COUNT","PED_DEATH_COUNT","PED_SUSP_SERIOUS_INJ_COUNT","PERSON_COUNT","POLICE_AGCY","POSSIBLE_INJ_COUNT","RDWY_SURF_TYPE_CD","RELATION_TO_ROAD","ROAD_CONDITION","SCH_BUS_IND","SCH_ZONE_IND","SMALL_TRUCK_COUNT","SPEC_JURIS_CD","SUSP_MINOR_INJ_COUNT","SUSP_SERIOUS_INJ_COUNT","SUV_COUNT","TCD_FUNC_CD","TCD_TYPE","TFC_DETOUR_IND","TIME_OF_DAY","TOT_INJ_COUNT","TOTAL_UNITS","UNB_DEATH_COUNT","UNB_SUSP_SERIOUS_INJ_COUNT","UNBELTED_OCC_COUNT","UNK_INJ_DEG_COUNT","UNK_INJ_PER_COUNT","URBAN_RURAL","VAN_COUNT","VEHICLE_COUNT","WORK_ZONE_IND","WORK_ZONE_LOC","WORK_ZONE_TYPE","WORKERS_PRES","WZ_CLOSE_DETOUR","WZ_FLAGGER","WZ_LAW_OFFCR_IND","WZ_LN_CLOSURE","WZ_MOVING","WZ_OTHER","WZ_SHLDER_MDN","ROADWAY_CLEARED","WEATHER1","WEATHER2","WZ_WORKERS_INJ_KILLED","SECONDARY_CRASH","INTERSECTION_RELATED"
"1727","2","0","0","0","0","0","0","0","0","1","0","","36","07","2019","2019072728","1","40.244","-76.1586","1656","08","0","0","0","2","1","0","0","0","2","0","0","0","16","1","2","00","1","40 14:38.414","3","00","76 09:31.132","4","0","0","0","36236","0","0","0","N","0","0","0","4","68T06","1","","1","01","N","N","0","","0","0","2","0","0","N","1655","2","4","0","0","0","1","0","1","0","4","N","","","","","","","","","","","","03","  ","","",""
"0653","1","0","0","0","0","0","0","0","0","7","0","","36","07","2019","2019072731","2","39.9629","-75.9954","0637","08","0","0","0","0","0","0","0","0","","0","0","0","06","1","0","00","0","39 57:46.386","","00","75 59:43.587","0","0","0","0","36231","0","0","0","N","0","0","0","1","68J01","0","","4","01","N","N","0","","0","0","0","0","0","","0631","0","1","0","0","0","0","0","1","0","1","N","","","","","","","","","","","","03","  ","","",""
"1545","0","0","0","0","0","0","0","0","0","4","0","","36","07","2019","2019072805","6","40.0778","-76.4211","1539","08","0","0","0","0","0","0","0","0","","0","0","0","15","1","1","01","0","40 04:40.238","","00","76 25:15.952","3","0","0","0","36239","0","0","0","N","0","0","0","2","36239","0","","1","01","N","N","0","","1","0","2","3","3","","1539","1","2","0","0","0","0","0","3","0","2","N","","","","","","","","","","","","03","  ","","",""
"1712","1","0","0","0","0","0","0","0","0","1","0","","36","07","2019","2019072821","6","40.034","-76.2875","1703","08","0","0","0","0","0","0","0","0","","0","0","0","16","1","0","00","0","40 02:02.500","","00","76 17:15.100","0","0","0","0","36301","0","0","0","N","0","0","0","2","36301","0","","1","01","N","N","0","","0","0","1","0","0","N","1642","0","2","0","0","0","0","0","3","0","2","N","","","","","","","","","","","","03","  ","","",""
"0739","1","0","0","1","0","0","0","0","0","1","0","","36","07","2019","2019072826","7","40.0381","-76.4233","0735","08","0","0","0","0","0","0","0","0","1","0","0","0","07","1","1","00","2","40 02:17.157","4","07","76 25:23.820","8","0","0","0","36414","1","0","0","N","0","0","0","2","36239","0","","2","01","","","0","","0","0","0","0","0","N","0735","1","2","0","0","0","1","0","3","0","1","N","","","","","","","","","","","","03","  ","","",""
"1157","1","0","0","0","0","0","0","0","0","4","0","","36","07","2019","2019072874","2","39.9901","-76.005","1130","08","0","0","0","0","0","1","0","0","1","0","0","0","11","1","0","00","1","39 59:24.504","3","00","76 00:17.911","0","0","0","0","36232","0","0","0","N","0","0","0","2","68J01","0","","1","01","N","N","0","","0","0","1","0","0","Y","1127","0","2","0","0","0","0","0","1","0","2","N","","","","","","","","","","","","03","  ","","",""
"1208","0","0","0","0","0","0","0","0","0","4","0","","36","07","2019","2019072886","7","40.04","-76.3016","1204","08","0","0","0","0","0","1","0","0","3","0","0","0","12","1","5","01","2","40 02:24.019","4","00","76 18:05.911","8","0","0","0","36301","0","0","0","N","0","0","0","5","36301","0","","1","01","N","N","0","","0","0","2","3","2","Y","1204","5","2","0","0","0","5","0","3","0","2","N","","","","","","","","","","","","03","  ","","",""
"1435","0","0","0","0","0","0","0","0","0","0","0","","36","07","2019","2019072915","6","40.0671","-76.2876","1431","08","0","0","0","0","0","0","0","0","1","0","0","0","14","1","0","00","1","40 04:01.665","4","00","76 17:15.497","0","0","0","0","36101","0","0","0","N","0","0","0","1","36101","0","","1","01","N","N","0","","0","0","1","0","0","N","1430","0","1","0","0","0","0","0","3","0","1","N","","","","","","","","","","","","03","  ","","",""
"0559","1","0","0","0","0","0","0","0","0","4","0","","36","07","2019","2019072916","4","40.0691","-76.3569","0552","08","0","0","0","0","0","1","0","0","2","0","0","0","05","5","0","01","1","40 04:08.816","6","00","76 21:24.786","0","0","0","0","36214","0","0","0","N","0","0","0","2","36214","0","","1","01","N","N","0","","0","0","1","3","2","N","0545","0","2","0","0","0","0","0","3","0","2","N","","","","","","","","","","","","03","  ","","",""
"2339","1","0","0","1","0","1","0","0","0","1","0","","36","07","2019","2019072917","2","40.04","-76.3682","2338","08","0","0","0","0","0","0","1","0","2","0","0","0","23","2","1","00","1","40 02:23.853","3","00","76 22:05.617","2","0","0","0","36223","1","0","1","N","0","0","0","2","36223","0","","1","01","N","N","0","","0","1","0","0","0","N","2336","1","2","0","0","0","0","0","1","0","1","N","","","","","","","","","","","","03","  ","","",""
"0638","0","0","0","0","0","0","0","0","0","1","0","","36","07","2019","2019073046","6","40.0401","-76.5029","0633","08","0","0","0","0","0","0","0","0","2","0","0","0","06","1","0","00","2","40 02:24.186","3","00","76 30:10.559","0","0","0","0","36404","0","0","0","N","0","0","0","2","36404","0","","1","01","N","N","2","","0","0","0","0","0","N","0631","0","2","0","0","0","0","0","3","0","2","N","","","","","","","","","","","","98","  ","","",""
"1244","2","0","0","0","0","0","0","0","0","4","0","","36","07","2019","2019073083","7","40.1689","-76.2735","1235","08","0","0","1","0","0","0","0","0","2","0","0","0","12","1","1","01","1","40 10:08.205","2","00","76 16:24.473","8","0","0","0","36235","0","0","0","N","0","0","0","4","36506","0","","1","01","N","N","0","","0","0","0","0","0","N","1235","1","2","0","0","0","1","0","1","0","2","N","","","","","","","","","","","","03","  ","","",""
"1105","0","0","0","0","0","0","0","0","0","3","0","","36","07","2019","2019073085","2","40.1967","-76.1804","1056","08","0","0","0","0","0","1","1","0","1","0","0","0","10","1","0","00","1","40 11:48.059","2","00","76 10:49.568","0","0","0","0","36218","0","0","0","N","0","0","0","2","36408","0","","1","01","N","N","0","","0","0","2","0","0","Y","1056","0","2","0","0","0","0","0","1","0","2","N","","","","","","","","","","","","03","  ","","",""
"1716","0","0","0","0","0","0","0","0","0","1","0","","36","07","2019","2019073091","5","40.1651","-76.2005","1713","08","0","1","0","0","0","1","0","0","","0","0","0","17","1","0","00","0","40 09:54.186","","00","76 12:01.856","0","0","0","0","36408","0","0","0","N","0","0","0","4","36408","0","","1","01","N","N","0","","0","0","4","0","0","","1714","0","4","0","0","0","0","0","2","0","4","N","","","","","","","","","","","","03","  ","","",""
"1604","1","0","0","0","0","0","0","0","0","1","0","","36","07","2019","2019073098","2","40.1764","-76.1842","1602","08","0","1","0","0","0","1","0","0","2","0","0","0","16","1","0","01","1","40 10:34.924","1","00","76 11:03.184","0","0","0","0","36408","0","0","0","N","0","0","0","2","36408","0","","1","01","N","N","0","","0","0","1","0","0","Y","1602","0","2","0","0","0","0","0","2","0","2","N","","","","","","","","","","","","03","  ","","",""
"0955","1","0","0","0","0","0","0","0","0","5","0","","36","07","2019","2019073140","2","40.1589","-76.0182","0945","08","0","0","0","0","0","0","1","0","2","0","0","1","09","1","3","00","2","40 09:31.964","2","00","76 01:05.378","3","0","0","0","36213","3","0","0","N","0","0","0","4","36213","0","","1","01","N","N","0","","3","0","0","0","0","Y","0940","3","2","0","0","0","0","0","1","0","1","N","","","","","","","","","","","","03","  ","","",""
"1520","1","0","0","0","0","0","0","0","0","4","0","","36","07","2019","2019073160","1","40.0384","-76.3013","1519","08","0","0","0","1","0","0","0","0","2","0","0","0","15","1","0","01","1","40 02:18.358","1","00","76 18:04.767","0","0","0","0","36301","0","0","0","N","0","0","0","2","36301","0","","1","01","N","N","0","","0","0","1","3","2","N","1511","0","2","0","0","0","0","0","3","0","2","N","","","","","","","","","","","","03","  ","","",""
"0216","1","0","0","0","0","0","0","0","0","7","0","","36","03","2019","2019073167","6","40.1427","-76.1969","0211","08","0","0","0","0","0","1","0","0","","0","0","0","02","2","0","00","0","40 08:33.660","","00","76 11:48.990","0","0","0","0","36238","0","0","0","Y","0","0","0","1","36238","0","","3","09","N","N","0","","0","0","0","0","0","","0208","0","1","0","0","0","0","0","3","0","1","N","","","","","","","","","","","","07","  ","","",""
"1519","2","0","0","0","0","0","0","0","0","4","0","","36","07","2019","2019073184","3","40.0257","-76.3294","1516","08","0","0","0","0","0","1","1","0","2","0","0","0","15","1","3","02","2","40 01:32.429","3","00","76 19:45.974","3","0","0","0","36220","0","0","0","N","0","0","0","5","36101","0","","1","01","N","N","0","","3","0","1","0","0","Y","1515","3","3","0","0","1","0","0","3","0","3","N","","","","","","","","","","","","03","  ","","",""
"1722","1","0","0","0","0","0","0","0","0","4","1","","36","07","2019","2019073185","3","40.0683","-76.3297","1709","08","0","0","0","0","0","1","0","0","1","0","1","0","16","1","0","02","1","40 04:05.732","1","00","76 19:46.945","0","0","0","0","36101","0","0","0","N","0","0","0","4","36101","0","","1","01","N","N","1","","0","0","0","3","2","N","1659","0","3","0","0","0","0","0","3","0","3","N","","","","","","","","","","","","03","  ","","",""
"1811","0","0","0","0","0","0","0","0","0","1","1","","36","07","2019","2019073186","6","40.0679","-76.2964","1803","08","0","0","0","0","0","0","0","0","2","0","0","0","17","1","1","00","1","40 04:04.529","3","00","76 17:46.876","3","0","0","0","36101","0","0","0","N","0","0","0","2","36101","0","","1","01","N","N","1","","1","0","1","0","0","N","1756","1","2","0","0","0","0","0","3","0","2","N","","","","","","","","","","","","03","  ","","",""
"1211","1","0","0","0","0","0","0","0","0","1","0","","36","07","2019","2019073187","7","40.095","-76.2908","1204","08","0","0","0","1","0","0","1","0","","0","0","0","11","1","0","00","0","40 05:42.082","","00","76 17:26.906","0","0","0","0","36101","0","0","0","N","0","0","0","3","36101","0","","1","01","N","N","0","","0","0","1","0","0","","1153","0","2","0","0","0","0","0","3","0","2","N","","","","","","","","","","","","03","  ","","",""
"1248","1","0","0","0","0","0","0","0","0","0","0","","36","07","2019","2019073188","4","40.0601","-76.3971","1241","08","0","0","0","0","0","0","0","0","2","0","0","0","12","1","0","11","2","40 03:36.234","5","00","76 23:49.423","0","0","0","0","36214","0","0","0","N","0","0","0","1","36214","0","","1","01","N","N","0","","0","0","0","0","0","Y","1241","0","1","0","0","0","0","0","3","0","1","N","","","","","","","","","","","","03","  ","","",""
"1403","1","0","0","0","0","0","0","0","0","3","0","","36","07","2019","2019073189","7","40.1567","-76.312","1400","08","0","0","0","0","0","0","0","1","1","0","0","0","13","1","0","00","1","40 09:24.200","4","00","76 18:43.200","0","0","0","0","36409","0","0","0","N","0","0","0","2","36409","0","","1","01","N","N","1","","0","0","0","0","0","Y","1358","0","2","0","0","0","0","0","3","0","2","N","","","","","","","","","","","","03","  ","","",""
"2030","1","0","0","0","0","0","0","0","0","1","0","","36","07","2019","2019073200","7","40.1423","-76.5573","2015","08","0","0","0","0","0","0","0","0","","0","0","0","20","1","1","03","0","40 08:32.411","","00","76 33:26.351","4","0","0","0","36225","0","0","0","N","0","0","0","2","36505","1","","1","01","N","N","0","","0","0","1","0","0","N","2030","1","2","0","0","0","0","0","2","0","2","N","","","","","","","","","","","","03","  ","","",""
"0633","1","0","0","0","0","0","0","0","0","4","0","","36","07","2019","2019073282","1","40.1668","-76.2917","0630","08","0","0","0","0","0","0","0","0","","0","0","0","06","1","0","02","0","40 10:00.616","","00","76 17:30.030","0","0","0","0","36235","0","0","0","N","0","0","0","2","36506","0","","1","01","N","N","0","","0","0","0","3","3","","0630","0","2","0","0","0","0","0","1","1","2","N","","","","","","","","","","","","03","  ","","",""
"0654","0","0","0","0","0","0","0","0","0","7","0","","36","07","2019","2019073283","7","40.1715","-76.2562","0651","08","0","0","0","0","0","0","0","0","2","0","0","0","06","1","1","03","1","40 10:17.382","6","00","76 15:22.438","8","0","0","1","36235","0","0","0","N","0","0","0","1","36506","0","","4","01","N","N","0","","0","0","0","0","0","N","0651","1","1","0","0","0","1","0","1","0","1","N","","","","","","","","","","","","03","  ","","",""
"1714","1","0","0","0","0","0","0","0","0","7","0","","36","07","2019","2019073286","3","40.1451","-76.28","1703","08","0","0","0","0","0","1","0","0","2","0","0","0","17","1","1","00","1","40 08:42.400","6","00","76 16:48.100","8","0","0","0","36235","0","0","0","N","0","0","0","2","36506","0","","4","01","N","N","0","","0","0","0","0","0","Y","1703","1","1","0","0","0","1","0","1","0","1","N","","","","","","","","","","","","03","  ","","",""
"1812","2","0","1","0","0","0","0","0","0","4","0","","36","07","2019","2019073305","1","39.9865","-76.2812","1807","08","0","0","0","0","0","0","0","0","2","0","0","0","18","1","1","01","1","39 59:11.342","4","00","76 16:52.253","2","0","0","0","36240","0","0","0","N","0","0","0","2","36240","0","","1","01","N","N","0","","0","1","0","3","2","Y","1807","1","2","0","0","0","0","0","1","0","2","N","","","","","","","","","","","","03","  ","","",""
"0140","2","0","0","0","0","0","0","0","0","1","0","","36","07","2019","2019073314","3","40.2104","-76.1056","0137","08","0","0","0","0","1","0","0","0","","0","0","0","01","2","0","00","0","40 12:37.354","","00","76 06:20.178","0","0","0","0","36210","0","0","0","Y","0","0","0","2","36210","0","","1","01","N","N","0","","0","0","0","0","0","","0137","0","2","0","0","0","0","0","1","0","2","N","","","","","","","","","","","","03","  ","","",""
"1852","1","0","0","0","0","0","0","0","0","7","0","","36","07","2019","2019073316","4","40.2045","-76.1178","1845","08","0","0","0","0","1","0","0","0","","0","0","0","18","1","0","00","0","40 12:16.094","","00","76 07:04.207","0","0","0","0","36210","0","0","0","Y","0","0","0","1","36210","0","","4","09","N","N","0","","0","0","0","0","0","","1844","0","1","0","0","0","0","0","1","0","1","N","","","","","","","","","","","","07","  ","","",""
"0950","1","0","0","0","0","0","0","0","0","4","0","","36","07","2019","2019073317","6","40.2162","-76.1551","0947","08","0","0","0","0","0","1","1","0","","0","0","0","09","1","0","01","0","40 12:58.376","","00","76 09:18.249","0","0","0","0","36210","0","0","0","N","0","0","0","2","36210","0","","1","01","N","N","0","","0","0","1","3","3","","0944","0","2","0","0","0","0","0","1","0","2","N","","","","","","","","","","","","03","  ","","",""
"1454","0","0","0","0","0","0","0","0","0","4","1","","36","07","2019","2019073323","7","40.2162","-76.1551","1450","08","0","0","0","0","0","0","0","0","1","0","1","0","14","1","2","00","1","40 12:58.376","1","00","76 09:18.249","3","0","0","0","36210","0","0","0","N","0","0","0","4","36210","0","","1","01","N","N","0","","2","0","2","3","3","N","1448","2","3","0","0","0","0","0","1","0","3","N","","","","","","","","","","","","03","  ","","",""
"0448","0","0","0","0","0","0","0","0","0","4","0","","36","07","2019","2019073324","1","40.0359","-76.3097","0443","08","0","0","0","0","0","0","0","0","2","0","1","0","04","3","1","00","2","40 02:09.122","6","00","76 18:35.051","3","0","0","0","36301","0","0","0","N","0","0","0","1","36301","0","","4","01","N","N","0","","1","0","1","0","0","Y","0443","1","2","0","0","0","0","0","3","0","2","N","","","","","","","","","","","","03","  ","","",""
"1000","0","0","0","0","0","0","0","0","0","1","1","55","36","07","2019","2019073343","6","40.162","-76.1519","0949","08","0","0","0","0","0","1","0","0","2","0","1","0","09","1","2","00","1","40 09:43.269","2","00","76 09:06.767","3","0","0","0","36238","0","0","0","N","0","0","0","3","36238","0","","1","01","N","N","0","","2","0","1","3","8","Y","0946","2","2","0","0","0","0","0","3","0","2","Y","2","1","N","","","N","Y","","","","","03","  ","","",""
"0829","0","0","0","0","0","0","0","0","0","8","0","","36","07","2019","2019073374","4","40.0459","-76.3072","0824","08","0","0","0","0","0","0","0","0","1","0","0","0","08","1","1","01","1","40 02:45.142","6","00","76 18:25.864","2","0","0","0","36301","1","0","1","N","1","0","1","2","36301","0","","1","01","N","N","0","","0","1","1","3","2","Y","0824","1","2","0","0","0","0","0","3","0","1","N","","","","","","","","","","","","03","  ","","",""
"1939","2","0","0","0","0","0","0","0","0","4","0","","36","07","2019","2019073392","3","40.0579","-76.3059","1936","08","0","0","0","0","0","0","0","0","1","0","0","0","19","1","0","00","1","40 03:28.282","2","00","76 18:21.243","0","0","0","0","36101","0","0","0","N","0","0","0","2","36101","0","","1","09","N","N","0","","0","0","0","0","0","N","1933","0","2","0","0","0","0","0","3","0","2","N","","","","","","","","","","","","07","  ","","",""
"1108","0","0","0","0","0","0","0","0","0","4","0","","36","07","2019","2019073393","1","40.0726","-76.3951","1104","08","0","0","0","0","0","1","0","1","2","0","0","0","11","1","1","01","2","40 04:21.442","7","00","76 23:42.234","4","0","0","0","36214","0","0","0","N","0","0","0","2","36214","1","","1","01","N","N","0","","0","0","2","3","3","Y","1101","1","2","0","0","0","0","0","3","0","2","N","","","","","","","","","","","","03","  ","","",""
"1324","0","0","0","0","0","0","0","0","0","4","0","","36","07","2019","2019073475","2","40.0442","-76.2921","1324","08","0","0","0","0","0","0","0","1","2","0","0","0","13","1","7","01","2","40 02:39.112","5","00","76 17:31.624","3","0","0","0","36301","0","0","0","N","0","0","0","7","36301","6","","1","01","N","N","0","","1","0","1","3","2","Y","1323","7","2","0","0","0","0","0","3","1","2","N","","","","","","","","","","","","03","  ","","",""
"1706","1","0","0","1","0","0","0","0","0","4","0","","36","07","2019","2019073517","3","40.0528","-76.3104","1651","08","0","0","0","0","0","0","0","0","","0","0","0","16","1","1","02","0","40 03:10.196","","00","76 18:37.455","3","0","0","0","36101","1","0","0","N","0","0","0","2","36101","0","","1","01","N","N","0","","1","0","0","0","0","","1625","1","2","0","0","0","0","0","3","0","1","N","","","","","","","","","","","","03","  ","","",""
"1953","3","0","0","0","0","0","0","0","0","1","0","","36","07","2019","2019073518","4","40.0789","-76.295","1949","08","0","0","0","0","0","0","0","0","","0","0","0","19","1","1","02","0","40 04:44.082","","00","76 17:42.052","3","0","0","0","36101","0","0","0","N","0","0","0","1","36101","0","","4","09","N","N","0","","1","0","0","3","2","","1946","1","4","0","0","0","0","0","3","1","4","N","","","","","","","","","","","","07","  ","","",""
"0227","1","0","0","0","0","0","0","0","0","7","0","","36","07","2019","2019073519","7","40.0669","-76.3019","0221","08","0","0","0","0","0","0","0","0","1","0","0","0","02","3","0","00","1","40 04:00.800","4","00","76 18:06.900","0","0","0","0","36101","0","0","0","N","0","0","0","1","36101","0","","4","01","N","N","0","","0","0","0","0","0","N","0218","0","1","0","0","0","0","0","3","0","1","N","","","","","","","","","","","","03","  ","","",""
"1822","1","0","2","0","0","0","0","0","0","4","1","","36","07","2019","2019073520","5","40.0315","-76.2382","1818","08","0","0","0","0","0","0","1","0","2","0","1","0","18","1","2","01","1","40 01:50.868","4","00","76 14:03.471","2","0","0","0","36215","0","0","0","N","0","0","0","3","36215","0","","1","09","N","N","0","","0","2","0","3","2","N","1818","2","2","0","0","0","0","0","1","0","2","N","","","","","","","","","","","","03","  ","","",""
"0945","2","0","0","0","0","0","0","0","0","1","0","","36","07","2019","2019073521","2","40.0919","-76.1586","0942","08","0","0","0","1","0","1","0","0","2","0","0","0","09","1","2","02","1","40 05:30.713","3","00","76 09:30.825","3","0","0","0","36234","0","0","0","N","0","0","0","2","36215","1","","1","01","N","N","0","","1","0","0","0","0","N","0942","2","2","0","0","0","0","0","1","0","2","N","","","","","","","","","","","","03","  ","","",""
"2033","1","0","0","0","0","0","0","0","0","7","0","","36","07","2019","2019073522","5","40.0438","-76.2541","2030","08","0","1","0","0","0","0","0","0","2","0","0","0","20","4","0","00","2","40 02:37.680","5","01","76 15:14.820","0","0","0","0","36215","0","0","0","N","0","0","0","3","36215","0","","2","01","N","N","0","","0","0","0","0","0","Y","2028","0","1","0","0","0","0","0","1","0","1","N","","","","","","","","","","","","03","  ","","",""
"1835","1","0","0","0","0","0","0","0","0","4","0","","36","06","2019","2019073523","3","40.1815","-76.4048","1831","08","0","0","0","1","0","0","0","0","1","0","0","0","18","1","0","02","2","40 10:53.227","5","00","76 24:17.150","0","0","0","0","36230","0","0","0","N","0","0","0","3","36410","0","","1","01","N","N","1","","0","0","1","3","3","Y","1831","0","3","0","0","0","0","0","1","0","3","N","","","","","","","","","","","","03","  ","","",""
"2129","1","0","0","0","0","0","0","0","0","7","0","","36","06","2019","2019073524","6","40.1272","-76.4748","2111","08","0","0","0","0","0","0","0","0","","0","0","0","21","2","0","00","0","40 07:37.944","","00","76 28:29.341","0","0","0","0","36230","0","0","0","N","0","0","0","1","36410","0","","4","01","N","N","0","","0","0","0","0","0","","2111","0","1","0","0","0","0","0","1","0","1","N","","","","","","","","","","","","03","  ","","",""
"2002","2","0","0","0","0","0","0","0","0","4","0","","36","07","2019","2019073526","1","40.0745","-76.4927","1951","08","0","0","0","0","1","0","0","0","","0","0","0","19","1","4","05","0","40 04:28.272","","00","76 29:33.812","8","0","0","0","36230","0","0","0","N","0","0","0","5","36410","0","","1","01","N","N","0","","0","0","0","3","3","","1950","4","2","0","0","0","4","0","1","0","2","N","","","","","","","","","","","","03","  ","","",""
"1348","0","0","0","0","0","0","0","0","0","4","0","","36","07","2019","2019073527","3","40.1161","-76.4503","1339","08","0","0","0","0","0","0","1","1","1","0","0","0","13","1","1","01","1","40 06:57.961","5","02","76 27:01.028","8","0","0","0","36230","0","0","0","N","0","0","0","2","36410","0","","1","01","N","N","0","","0","0","1","3","3","N","1339","1","2","0","0","0","1","0","1","1","2","N","","","","","","","","","","","","03","  ","","",""
"1506","1","0","0","0","0","0","0","0","0","7","0","","36","07","2019","2019073528","3","40.1453","-76.4212","1459","08","0","0","0","0","0","1","0","0","2","0","0","0","14","1","0","00","1","40 08:43.180","1","00","76 25:16.480","0","0","0","0","36230","0","0","0","N","0","0","0","1","36410","0","","2","01","N","N","0","","0","0","0","0","0","N","1459","0","1","0","0","0","0","0","1","0","1","N","","","","","","","","","","","","03","  ","","",""
"1640","0","0","0","0","0","0","0","0","0","1","0","","36","07","2019","2019073529","4","40.1566","-76.4085","1640","08","0","0","0","0","1","1","0","0","2","0","0","0","16","1","1","02","1","40 09:23.896","4","00","76 24:30.766","4","0","0","0","36410","0","0","0","N","0","0","0","3","36410","1","","1","01","N","N","1","","0","0","1","0","0","N","1628","1","2","0","0","0","0","0","2","0","2","N","","","","","","","","","","","","03","  ","","",""
"1545","1","0","0","0","0","0","0","0","0","6","1","","36","07","2019","2019073530","5","40.1337","-76.4644","1537","08","0","0","0","0","0","0","0","0","","0","1","0","15","1","1","00","0","40 08:01.280","","00","76 27:51.930","8","0","0","0","36230","0","0","0","N","0","0","0","2","36410","0","","1","01","N","N","0","","0","0","0","0","0","","1534","1","2","0","0","0","1","0","1","0","2","N","","","","","","","","","","","","03","  ","","",""
"1748","1","0","0","0","0","0","0","0","0","4","0","","36","07","2019","2019073531","5","40.1599","-76.391","1731","08","0","0","0","0","0","0","0","0","","0","0","0","17","1","1","01","0","40 09:35.787","","00","76 23:27.591","8","0","0","0","36410","0","0","0","N","0","0","0","2","36410","0","","1","01","N","N","0","","0","0","1","3","2","","1730","1","2","0","0","0","1","0","2","0","2","N","","","","","","","","","","","","03","  ","","",""
"1554","2","0","0","0","0","0","0","0","0","1","0","","36","07","2019","2019073584","2","39.9898","-76.2566","1546","08","0","0","0","0","0","1","1","0","","0","0","0","15","1","0","02","0","39 59:23.416","","00","76 15:23.588","0","0","0","0","36240","0","0","0","N","0","0","0","2","36240","0","","1","09","N","N","0","","0","0","0","0","0","","1546","0","2","0","0","0","0","0","1","0","2","N","","","","","","","","","","","","07","  ","","",""
"0013","1","0","0","0","0","0","0","0","0","3","0","","36","07","2019","2019073731","1","40.0327","-76.3133","0009","08","0","0","0","0","0","0","0","0","1","0","0","0","00","3","0","02","2","40 01:57.806","4","00","76 18:47.850","0","0","0","0","36301","0","0","0","N","0","0","0","1","36301","0","","1","01","N","N","0","","0","0","1","0","0","Y","0006","0","2","0","0","0","0","0","3","0","2","N","","","","","","","","","","","","03","  ","","",""
"1449","1","0","0","0","0","0","0","0","0","4","0","","36","07","2019","2019073774","2","39.9722","-76.2738","1446","08","0","0","0","0","0","0","0","0","","0","0","0","14","1","0","02","0","39 58:19.748","","00","76 16:25.601","0","0","0","0","36240","0","0","0","N","0","0","0","4","36240","0","","1","01","N","N","1","","0","0","0","0","0","","1435","0","2","0","0","0","0","0","1","0","2","N","","","","","","","","","","","","03","  ","","",""
"0958","0","0","0","0","0","0","0","0","0","1","0","","36","07","2019","2019073790","2","40.0325","-76.265","0953","08","0","0","0","0","0","0","1","0","3","0","0","0","09","1","1","00","2","40 01:57.126","5","00","76 15:54.120","4","0","0","0","36301","0","0","0","N","0","0","0","1","36301","1","","4","01","N","N","0","","0","0","2","0","0","Y","0953","1","2","0","0","0","0","0","3","0","2","N","","","","","","","","","","","","03","  ","","",""
"1411","1","0","0","0","0","0","0","0","0","8","0","","36","07","2019","2019073810","4","40.0242","-76.3072","1408","08","0","0","0","0","0","1","0","0","2","0","0","0","14","1","1","00","1","40 01:27.045","2","00","76 18:26.094","4","0","0","0","36301","1","0","0","N","1","0","0","3","36301","1","","1","01","N","N","0","","0","0","0","0","0","Y","1408","1","2","0","0","0","0","0","3","0","1","N","","","","","","","","","","","","03","  ","","",""
"1503","0","0","0","0","0","0","0","0","0","7","1","","36","07","2019","2019073851","2","40.1232","-76.0183","1502","08","0","0","0","0","0","0","0","1","","0","1","0","15","1","0","00","0","40 07:23.346","","00","76 01:05.845","0","0","0","0","36213","0","0","0","N","0","0","0","1","36213","0","","5","01","N","N","0","","0","0","0","0","0","N","1500","0","1","0","0","0","0","0","1","0","1","N","","","","","","","","","","","","03","  ","","",""