"ARRIVAL_TM","AUTOMOBILE_COUNT","BELTED_DEATH_COUNT","BELTED_SUSP_SERIOUS_INJ_COUNT","BICYCLE_COUNT","BICYCLE_DEATH_COUNT","BICYCLE_SUSP_SERIOUS_INJ_COUNT","BUS_COUNT","CHLDPAS_DEATH_COUNT","CHLDPAS_SUSP_SERIOUS_INJ_COUNT","COLLISION_TYPE","COMM_VEH_COUNT","CONS_ZONE_SPD_LIM","COUNTY","CRASH_MONTH","CRASH_YEAR","CRN","DAY_OF_WEEK","DEC_LAT","DEC_LONG","DISPATCH_TM","DISTRICT","DRIVER_COUNT_16YR","DRIVER_COUNT_17YR","DRIVER_COUNT_18YR","DRIVER_COUNT_19YR","DRIVER_COUNT_20YR","DRIVER_COUNT_50_64YR","DRIVER_COUNT_65_74YR","DRIVER_COUNT_75PLUS","EST_HRS_CLOSED","FATAL_COUNT","HEAVY_TRUCK_COUNT","HORSE_BUGGY_COUNT","HOUR_OF_DAY","ILLUMINATION","INJURY_COUNT","INTERSECT_TYPE","LANE_CLOSED","LATITUDE","LN_CLOSE_DIR","LOCATION_TYPE","LONGITUDE","MAX_SEVERITY_LEVEL","MCYCLE_DEATH_COUNT","MCYCLE_SUSP_SERIOUS_INJ_COUNT","MOTORCYCLE_COUNT","MUNICIPALITY","NONMOTR_COUNT","NONMOTR_DEATH_COUNT","NONMOTR_SUSP_SERIOUS_INJ_COUNT","NTFY_HIWY_MAINT","PED_COUNT","PED_DEATH_COUNT","PED_SUSP_SERIOUS_INJ_COUNT","PERSON_COUNT","POLICE_AGCY","POSSIBLE_INJ_COUNT","RDWY_SURF_TYPE_CD","RELATION_TO_ROAD","ROAD_CONDITION","SCH_BUS_IND","SCH_ZONE_IND","SMALL_TRUCK_COUNT","SPEC_JURIS_CD","SUSP_MINOR_INJ_COUNT","SUSP_SERIOUS_INJ_COUNT","SUV_COUNT","TCD_FUNC_CD","TCD_TYPE","TFC_DETOUR_IND","TIME_OF_DAY","TOT_INJ_COUNT","TOTAL_UNITS","UNB_DEATH_COUNT","UNB_SUSP_SERIOUS_INJ_COUNT","UNBELTED_OCC_COUNT","UNK_INJ_DEG_COUNT","UNK_INJ_PER_COUNT","URBAN_RURAL","VAN_COUNT","VEHICLE_COUNT","WORK_ZONE_IND","WORK_ZONE_LOC","WORK_ZONE_TYPE","WORKERS_PRES","WZ_CLOSE_DETOUR","WZ_FLAGGER","WZ_LAW_OFFCR_IND","WZ_LN_CLOSURE","WZ_MOVING","WZ_OTHER","WZ_SHLDER_MDN","ROADWAY_CLEARED","WEATHER1","WEATHER2","WZ_WORKERS_INJ_KILLED","SECONDARY_CRASH","INTERSECTION_RELATED"
"1339","1","0","0","0","0","0","0","0","0","4","0","","36","06","2019","2019073883","6","39.851","-76.2208","1339","08","0","0","0","0","0","0","1","1","","0","0","0","13","1","0","01","0","39 51:03.737","","00","76 13:14.888","0","0","0","0","36212","0","0","0","N","0","0","0","3","68J01","0","","1","01","N","N","0","","0","0","1","3","3","","1315","0","2","0","0","0","0","0","1","0","2","N","","","","","","","","","","","","03","  ","","",""
"0853","2","0","0","0","0","0","0","0","0","4","0","","36","07","2019","2019073985","3","40.2185","-76.2553","0845","08","0","0","1","0","0","0","0","0","2","0","0","0","08","1","1","02","1","40 13:06.498","3","00","76 15:18.903","4","0","0","0","36204","0","0","0","N","0","0","0","4","36506","1","","1","01","N","N","0","","0","0","0","0","0","N","0845","1","2","0","0","0","0","0","1","0","2","N","","","","","","","","","","","","03","  ","","",""
"1803","1","0","0","0","0","0","0","0","0","0","0","","36","07","2019","2019073998","2","40.1645","-76.5835","1755","08","0","0","0","0","0","0","0","0","","0","0","0","17","1","0","00","0","40 09:52.287","","00","76 35:00.731","0","0","0","0","36407","0","0","0","N","0","0","0","2","36407","0","","1","01","N","N","0","","0","0","0","0","0","","1748","0","1","0","0","0","0","0","2","0","1","N","","","","","","","","","","","","03","  ","","",""
"1157","1","0","0","0","0","0","0","0","0","0","0","","36","07","2019","2019074036","3","40.0985","-76.4107","1152","08","0","0","0","0","0","0","0","0","2","0","0","0","11","1","1","00","2","40 05:54.560","5","00","76 24:38.500","3","0","0","0","36214","0","0","0","N","0","0","0","1","36214","0","","1","01","N","N","0","","1","0","0","0","0","Y","1149","1","1","0","0","0","0","0","3","0","1","N","","","","","","","","","","","","03","  ","","",""
"2129","1","0","0","0","0","0","0","0","0","1","0","","36","06","2019","2019074037","6","40.0157","-76.1589","2109","08","1","0","0","1","0","0","0","0","","0","0","0","21","3","0","00","0","40 00:56.690","","00","76 09:31.920","0","0","0","0","36215","0","0","0","N","0","0","0","2","36215","0","","1","01","N","N","1","","0","0","0","0","0","","2108","0","2","0","0","0","0","0","1","0","2","N","","","","","","","","","","","","03","  ","","",""
"1513","1","0","0","0","0","0","0","0","0","4","0","","36","07","2019","2019074038","2","40.0761","-76.2059","1507","08","0","0","0","0","0","1","0","0","2","0","0","0","15","1","2","01","1","40 04:34.113","4","00","76 12:21.249","3","0","0","0","36234","0","0","0","N","0","0","0","2","36215","0","","1","01","N","N","0","","2","0","1","3","3","Y","1507","2","2","0","0","0","0","0","1","0","2","N","","","","","","","","","","","","03","  ","","",""
"1025","0","0","0","0","0","0","0","0","0","7","0","","36","07","2019","2019074039","4","40.0271","-76.2198","1024","08","0","0","0","0","0","0","0","0","","0","0","0","10","1","3","00","0","40 01:37.472","","07","76 13:11.323","3","0","0","0","36215","0","0","0","N","0","0","0","3","36215","0","","5","01","N","N","0","","3","0","1","0","0","","1024","3","1","0","0","0","0","0","1","0","1","N","","","","","","","","","","","","03","  ","","",""
"1058","1","0","0","0","0","0","0","0","0","1","1","","36","07","2019","2019074040","4","40.0393","-76.1994","1054","08","0","0","0","0","0","0","0","0","2","0","1","0","10","1","1","02","1","40 02:21.602","6","00","76 11:57.689","3","0","0","0","36215","0","0","0","N","0","0","0","2","36215","0","","1","01","N","N","0","","1","0","0","3","2","N","1053","1","2","0","0","0","0","0","1","0","2","N","","","","","","","","","","","","03","  ","","",""
"1755","1","0","0","0","0","0","0","0","0","1","0","","36","07","2019","2019074041","5","40.072","-76.2872","1755","08","0","0","0","0","0","1","0","0","2","0","0","0","17","1","1","00","2","40 04:19.377","4","00","76 17:13.800","3","0","0","0","36101","0","0","0","N","0","0","0","2","36215","0","","1","01","N","N","0","","1","0","1","0","0","N","1755","1","2","0","0","0","0","0","3","0","2","N","","","","","","","","","","","","03","  ","","",""
"1612","0","0","0","0","0","0","0","0","0","4","0","","36","07","2019","2019074059","3","39.9876","-76.2766","1612","08","0","0","0","0","0","0","0","0","1","0","0","0","16","1","1","01","1","39 59:15.198","7","00","76 16:35.769","4","0","0","0","36240","0","0","0","N","0","0","0","3","36240","1","","1","01","N","N","0","","0","0","2","3","2","N","1609","1","2","0","0","0","0","0","1","0","2","N","","","","","","","","","","","","03","  ","","",""
"0053","0","0","0","0","0","0","0","0","0","7","0","","36","07","2019","2019074126","5","39.8174","-76.1933","0049","08","0","0","1","0","0","0","0","0","","0","0","0","00","2","1","00","0","39 49:02.536","","00","76 11:36.031","3","0","0","0","36208","0","0","0","N","0","0","0","1","68J01","0","","4","01","N","N","1","","1","0","0","0","0","","0048","1","1","0","0","0","0","0","1","0","1","N","","","","","","","","","","","","03","  ","","",""
"1216","0","0","0","0","0","0","0","0","0","8","1","","36","06","2019","2019074095","5","40.1552","-75.9311","1145","08","0","0","0","0","0","1","0","0","","0","1","0","11","1","1","02","0","40 09:18.600","","00","75 55:52.100","3","0","0","0","36203","1","0","0","N","1","0","0","2","68J01","0","","4","01","N","N","0","","1","0","0","0","0","","1141","1","2","0","0","0","0","0","1","0","1","N","","","","","","","","","","","","03","  ","","",""
"0131","1","0","0","0","0","0","0","0","0","9","0","","36","06","2019","2019074112","1","40.1455","-75.9042","0117","08","0","0","0","0","0","0","0","0","","0","0","0","00","2","1","00","0","40 08:43.908","","00","75 54:15.144","4","0","0","0","36203","0","0","0","N","0","0","0","3","68J01","1","","1","01","N","N","0","","0","0","0","0","0","","0052","1","1","0","0","0","0","0","1","0","1","N","","","","","","","","","","","","03","  ","","",""
"1602","0","0","0","0","0","0","0","0","0","7","0","","36","06","2019","2019074113","1","39.7493","-76.164","1548","08","0","0","0","0","0","0","1","0","1","0","0","0","15","1","2","00","1","39 44:57.595","1","00","76 09:50.357","2","0","1","1","36219","0","0","0","N","0","0","0","2","68J01","0","","4","01","N","N","0","","1","1","0","0","0","N","1546","2","1","0","0","0","0","0","1","0","1","N","","","","","","","","","","","","03","  ","","",""
"1103","1","0","0","0","0","0","0","0","0","6","1","","36","07","2019","2019074118","3","40.0482","-76.0205","1037","08","0","0","0","0","0","2","0","0","2","0","1","0","10","1","0","03","2","40 02:53.354","5","00","76 01:13.831","0","0","0","0","36232","0","0","0","N","0","0","0","2","68J01","0","","1","01","N","N","0","","0","0","0","3","3","Y","1034","0","2","0","0","0","0","0","1","0","2","N","","","","","","","","","","","","03","  ","","",""
"1050","1","0","0","0","0","0","0","0","0","4","0","","36","07","2019","2019074125","4","39.9791","-76.3526","1039","08","0","0","0","0","0","0","0","0","2","0","0","0","10","1","1","00","1","39 58:44.674","1","00","76 21:09.301","3","0","0","0","36206","0","0","0","N","0","0","0","4","68J01","0","","1","01","N","N","0","","1","0","1","0","0","N","1033","1","2","0","0","0","0","0","1","0","2","N","","","","","","","","","","","","03","  ","","",""
"1237","1","0","0","0","0","0","0","0","0","7","0","","36","07","2019","2019074136","7","39.916","-76.1726","1232","08","0","0","0","0","0","0","0","0","2","0","0","0","12","1","1","00","1","39 54:57.608","4","00","76 10:21.442","3","0","0","0","36216","0","0","0","N","0","0","0","1","68J01","0","","4","01","N","N","0","","1","0","0","0","0","N","1231","1","1","0","0","0","0","0","1","0","1","N","","","","","","","","","","","","03","  ","","",""
"1640","1","0","0","0","0","0","0","0","0","7","0","","36","07","2019","2019074137","7","40.1841","-76.0105","1554","08","0","0","0","0","0","0","0","0","3","0","0","0","15","1","1","00","1","40 11:02.854","1","00","76 00:37.886","3","0","0","0","36202","0","0","0","N","0","0","0","1","68J01","0","","4","01","N","N","0","","1","0","0","0","0","N","1553","1","1","0","0","0","0","0","1","0","1","N","","","","","","","","","","","","03","  ","","",""
"1806","1","0","0","0","0","0","0","0","0","7","0","","36","07","2019","2019074139","1","39.9211","-76.251","1803","08","0","0","0","0","0","0","0","0","1","0","0","0","18","1","0","00","1","39 55:15.814","2","00","76 15:03.714","0","0","0","0","36229","0","0","0","Y","0","0","0","1","68J01","0","","2","01","N","N","0","","0","0","0","0","0","N","1800","0","1","0","0","0","0","0","1","0","1","N","","","","","","","","","","","","03","  ","","",""
"0904","1","0","0","0","0","0","0","0","0","1","0","","36","07","2019","2019074145","3","39.9272","-76.1975","0833","08","0","0","0","1","0","0","0","0","","0","0","0","08","1","0","05","0","39 55:38.003","","00","76 11:50.959","0","0","0","0","36233","0","0","0","N","0","0","0","2","68J01","0","","1","01","N","N","1","","0","0","0","3","8","","0830","0","2","0","0","0","0","0","1","0","2","N","","","","","","","","","","","","03","  ","","",""
"1600","1","0","0","0","0","0","0","0","0","6","0","","36","07","2019","2019074148","4","40.0937","-75.9853","1523","08","0","0","1","0","0","0","0","0","3","0","0","0","15","1","2","00","1","40 05:37.400","4","00","75 59:07.200","3","0","0","0","36232","0","0","0","N","0","0","0","3","68J01","0","","1","01","N","N","1","","2","0","0","0","0","N","1505","2","2","0","0","0","0","0","1","0","2","N","","","","","","","","","","","","03","  ","","",""
"1937","2","0","0","0","0","0","0","0","0","1","0","","36","07","2019","2019074197","2","40.1298","-76.2166","1933","08","0","0","0","0","0","1","1","0","","0","0","0","19","1","0","02","0","40 07:47.738","","00","76 12:59.285","0","0","0","0","36238","0","0","0","N","0","0","0","2","36238","0","","1","01","N","N","0","","0","0","0","3","2","N","1933","0","2","0","0","0","0","0","3","0","2","N","","","","","","","","","","","","03","  ","","",""
"0557","2","0","0","0","0","0","0","0","0","1","0","","36","07","2019","2019074212","3","40.0367","-76.3132","0550","08","0","0","0","0","0","0","0","0","","0","0","0","05","5","1","00","0","40 02:12.139","","00","76 18:47.469","8","0","0","0","36301","0","0","0","N","0","0","0","1","36301","0","","6","01","N","N","0","","0","0","1","0","0","","0548","1","3","0","0","1","1","0","3","0","3","N","","","","","","","","","","","","03","  ","","",""
"1623","0","0","0","0","0","0","0","0","0","4","0","","36","07","2019","2019074222","7","40.033","-76.506","1617","08","0","0","0","0","0","0","1","0","","0","0","0","16","1","0","01","0","40 01:58.979","","00","76 30:21.554","0","0","0","0","36404","0","0","0","N","0","0","0","2","36404","0","","1","01","N","N","0","","0","0","2","3","3","N","1617","0","2","0","0","0","0","0","3","0","2","N","","","","","","","","","","","","03","  ","","",""
"1850","1","0","0","0","0","0","0","0","0","7","0","","36","07","2019","2019074238","1","40.1616","-76.2101","1845","08","0","0","0","0","0","0","0","0","","0","0","0","18","1","0","00","0","40 09:41.900","","00","76 12:36.200","0","0","0","0","36402","0","0","0","N","0","0","0","1","36402","0","","2","01","N","N","0","","0","0","0","0","0","","1842","0","1","0","0","1","0","0","2","0","1","N","","","","","","","","","","","","03","  ","","",""
"1945","1","0","0","0","0","0","0","0","0","4","0","","36","07","2019","2019074260","2","40.1058","-76.4268","1931","08","0","0","0","0","0","0","0","0","","0","0","0","19","1","0","03","0","40 06:20.784","","02","76 25:36.339","0","0","0","0","36214","0","0","0","N","0","0","0","3","36214","0","","1","01","N","N","0","","0","0","1","3","3","","1930","0","2","0","0","0","0","0","3","0","2","N","","","","","","","","","","","","03","  ","","",""
"1758","2","0","0","0","0","0","0","0","0","1","0","","36","07","2019","2019074320","1","40.0309","-76.3209","1733","08","0","0","0","0","0","0","0","0","","0","0","0","17","1","0","01","0","40 01:51.342","","00","76 19:15.277","0","0","0","0","36301","0","0","0","N","0","0","0","1","36301","0","","1","01","N","N","0","","0","0","0","3","2","","1733","0","2","0","0","0","0","0","3","0","2","N","","","","","","","","","","","","03","  ","","",""
"1759","0","0","0","0","0","0","0","0","0","4","0","","36","06","2019","2019074415","4","39.8986","-76.1593","1757","08","0","0","0","1","0","0","0","0","1","0","0","0","17","1","0","01","1","39 53:54.870","3","00","76 09:33.620","0","0","0","0","36416","0","0","0","N","0","0","0","2","36416","0","","1","01","N","N","1","","0","0","1","3","3","Y","1756","0","2","0","0","0","0","0","1","0","2","N","","","","","","","","","","","","03","  ","","",""
"1849","2","0","0","0","0","0","0","0","0","4","0","","36","07","2019","2019074446","4","40.0328","-76.3245","1844","08","0","1","0","0","0","0","0","0","2","0","0","0","18","4","0","00","2","40 01:58.250","1","00","76 19:28.220","9","0","0","0","36220","0","0","0","N","0","0","0","2","36101","0","","1","09","N","N","0","","0","0","0","0","0","Y","1841","0","2","0","0","0","0","2","3","0","2","N","","","","","","","","","","","","07","  ","","",""
"0316","0","0","0","1","0","0","0","0","0","5","0","","36","07","2019","2019074447","5","40.0761","-76.2075","0313","08","0","0","0","0","0","0","0","0","1","0","0","0","03","2","1","00","2","40 04:33.800","6","00","76 12:27.100","3","0","0","0","36234","1","0","0","N","0","0","0","2","36215","0","","1","01","N","N","0","","1","0","0","0","0","N","0313","1","2","0","0","0","0","1","1","0","1","N","","","","","","","","","","","","03","  ","","",""
"0630","1","0","0","0","0","0","0","0","0","7","0","","36","06","2019","2019074509","3","40.2246","-76.4052","0618","08","0","0","0","0","1","0","0","0","","0","0","0","06","1","0","00","0","40 13:28.423","","00","76 24:18.848","0","0","0","0","36227","0","0","0","N","0","0","0","1","68T06","0","","3","09","N","N","0","","0","0","0","0","0","","0617","0","1","0","0","0","0","0","1","0","1","N","","","","","","","","","","","","03","  ","","",""
"1436","1","0","0","0","0","0","0","0","0","4","0","","36","07","2019","2019074535","7","40.1738","-75.9447","1423","08","0","0","0","0","1","1","0","0","","0","0","0","14","1","0","00","0","40 10:25.652","","00","75 56:40.776","0","0","0","0","36203","0","0","0","N","0","0","0","5","68T06","0","","1","01","N","N","1","","0","0","0","0","0","","1423","0","2","0","0","0","0","0","1","0","2","N","","","","","","","","","","","","03","  ","","",""
"0439","1","0","0","0","0","0","0","0","0","1","1","","36","07","2019","2019074593","4","40.1956","-76.0065","0431","08","0","0","0","0","0","1","0","0","1","0","1","0","04","2","0","00","2","40 11:44.087","4","00","76 00:23.419","0","0","0","0","36202","0","0","0","N","0","0","0","2","68T06","0","","1","01","N","N","0","","0","0","0","0","0","N","0430","0","2","0","0","0","0","0","1","0","2","N","","","","","","","","","","","","03","  ","","",""
"2012","1","0","0","0","0","0","0","0","0","7","0","","36","07","2019","2019074611","7","40.2516","-76.1513","2007","08","0","0","0","0","0","0","0","0","3","0","0","0","20","4","2","00","2","40 15:05.841","7","00","76 09:04.564","3","0","0","0","36236","0","0","0","N","0","0","0","3","36408","1","","5","01","N","N","0","","1","0","0","0","0","Y","2006","2","1","0","0","0","0","0","1","0","1","N","","","","","","","","","","","","03","  ","","",""
"2057","1","0","0","0","0","0","0","0","0","1","0","","36","07","2019","2019074612","4","40.1036","-76.4346","2051","08","0","0","0","0","0","1","0","0","2","0","0","0","20","2","2","00","2","40 06:12.926","7","00","76 26:04.623","3","0","0","0","36239","0","0","0","N","0","0","0","4","36239","0","","1","01","N","N","1","","2","0","1","0","0","Y","2045","2","3","0","0","0","0","0","3","0","3","N","","","","","","","","","","","","03","  ","","",""
"2007","0","0","0","0","0","0","0","0","0","0","0","","36","07","2019","2019074627","4","40.0826","-76.0183","2002","08","0","0","0","0","1","0","0","0","2","0","0","0","19","4","1","00","1","40 04:57.472","2","00","76 01:05.809","3","0","0","1","36213","0","0","0","N","0","0","0","1","36213","0","","1","01","N","N","0","","1","0","0","0","0","N","1945","1","1","0","0","0","0","0","1","0","1","N","","","","","","","","","","","","03","  ","","",""
"1220","0","0","0","0","0","0","0","0","0","4","0","","36","07","2019","2019074636","5","40.2323","-76.0792","1211","08","0","0","0","0","0","0","0","1","","0","0","0","12","1","0","00","0","40 13:56.288","","00","76 04:44.950","0","0","0","0","36210","0","0","0","N","0","0","0","2","36210","0","","1","01","N","N","1","","0","0","0","0","0","","1208","0","2","0","0","0","0","0","1","1","2","N","","","","","","","","","","","","03","  ","","",""
"1758","2","0","0","0","0","0","0","0","0","4","0","","36","07","2019","2019074657","1","40.0309","-76.3209","1733","08","0","0","1","0","0","0","0","0","","0","0","0","17","1","1","01","0","40 01:51.342","","00","76 19:15.277","8","0","0","0","36301","0","0","0","N","0","0","0","2","36301","0","","1","01","N","N","0","","0","0","0","3","2","","1733","1","2","0","0","0","1","0","3","0","2","N","","","","","","","","","","","","03","  ","","",""
"0738","0","0","0","0","0","0","0","0","0","8","0","","36","07","2019","2019074663","4","40.0404","-76.2974","0734","08","0","0","0","0","0","1","0","0","1","0","0","0","07","1","1","01","1","40 02:25.541","1","00","76 17:50.674","8","0","0","0","36301","1","0","0","N","1","0","0","2","36301","0","","1","01","N","N","0","","0","0","0","3","2","Y","0734","1","2","0","0","0","1","0","3","1","1","N","","","","","","","","","","","","03","  ","","",""
"1330","2","0","0","0","0","0","0","0","0","1","0","","36","07","2019","2019074955","1","40.0644","-76.3414","1326","08","0","0","0","0","0","1","0","1","","0","0","0","13","1","1","00","0","40 03:51.771","","00","76 20:29.213","3","0","0","0","36101","0","0","0","N","0","0","0","6","36101","0","","1","01","N","N","0","","1","0","2","0","0","","1324","1","4","0","0","0","0","0","3","0","4","N","","","","","","","","","","","","03","  ","","",""
"0624","0","0","0","0","0","0","0","0","0","1","0","","36","07","2019","2019074956","4","40.0657","-76.315","0622","08","0","0","0","0","0","1","0","0","","0","0","0","05","5","0","00","0","40 03:56.373","","00","76 18:54.031","0","0","0","0","36101","0","0","0","N","0","0","0","2","36101","0","","1","01","N","N","0","","0","0","1","0","0","","0550","0","2","0","0","0","0","0","3","1","2","N","","","","","","","","","","","","03","  ","","",""
"1045","0","0","0","1","0","0","0","0","0","4","0","","36","07","2019","2019074957","6","40.0413","-76.3851","1017","08","0","0","0","0","0","0","0","0","","0","0","0","10","1","1","00","0","40 02:28.728","","07","76 23:06.210","3","0","0","0","36223","1","0","0","N","0","0","0","2","36214","0","","2","01","N","N","0","","1","0","0","0","0","","1015","1","2","0","0","0","0","0","1","1","1","N","","","","","","","","","","","","03","  ","","",""
"2110","1","0","0","0","0","0","0","0","0","6","0","","36","07","2019","2019074958","6","40.0635","-76.3589","2104","08","0","0","0","0","0","2","0","0","","0","0","0","21","3","1","01","0","40 03:48.686","","00","76 21:32.100","3","0","0","0","36214","0","0","0","N","0","0","0","4","36214","0","","1","01","N","N","0","","1","0","1","3","4","","2100","1","2","0","0","0","0","0","3","0","2","N","","","","","","","","","","","","03","  ","","",""
"1610","1","0","0","0","0","0","0","0","0","1","0","","36","07","2019","2019074959","5","40.0121","-76.1403","1556","08","0","0","0","0","0","0","0","0","","0","0","0","15","1","0","00","0","40 00:43.614","","00","76 08:25.019","0","0","0","0","36215","0","0","0","N","0","0","0","2","36215","0","","1","09","N","N","1","","0","0","0","0","0","","1551","0","2","0","0","0","0","0","1","0","2","N","","","","","","","","","","","","07","  ","","",""
"1345","1","0","0","0","0","0","0","0","0","2","0","","36","07","2019","2019074960","2","40.1161","-76.0966","1341","08","0","0","0","0","0","0","1","0","2","0","0","0","13","1","1","01","1","40 06:57.800","2","00","76 05:47.832","4","0","0","0","36209","0","0","0","N","0","0","0","3","36415","1","","1","01","N","N","0","","0","0","1","3","3","N","1340","1","2","0","0","1","0","0","1","0","2","N","","","","","","","","","","","","03","  ","","",""
"0635","0","0","0","0","0","0","0","0","0","6","0","","36","07","2019","2019074961","4","40.1135","-76.1094","0629","08","0","0","0","0","0","0","0","0","1","0","0","0","06","1","0","00","2","40 06:48.650","5","00","76 06:33.790","0","0","0","0","36209","0","0","0","N","0","0","0","5","36415","0","","1","01","N","N","1","","0","0","1","0","0","Y","0629","0","2","0","0","0","0","0","1","0","2","N","","","","","","","","","","","","03","  ","","",""
"1755","0","0","0","0","0","0","0","0","0","4","0","","36","07","2019","2019075077","5","40.0336","-76.3167","1755","08","0","0","0","0","0","0","0","0","3","0","0","0","17","1","2","02","2","40 02:01.110","7","00","76 19:00.264","3","0","0","0","36301","0","0","0","N","0","0","0","3","36301","0","","1","01","N","N","0","","2","0","2","3","3","Y","1755","2","2","0","0","0","0","0","3","0","2","N","","","","","","","","","","","","03","  ","","",""
"0247","1","0","0","0","0","0","0","0","0","1","0","","36","07","2019","2019075084","7","40.0333","-76.4978","0245","08","0","0","0","0","0","0","0","0","","0","0","0","02","3","0","00","0","40 01:59.892","","00","76 29:52.166","9","0","0","0","36404","0","0","0","N","0","0","0","1","36404","0","","6","01","N","N","0","","0","0","0","0","0","","0245","0","2","0","0","0","0","1","3","1","2","N","","","","","","","","","","","","03","  ","","",""
"1548","1","0","0","0","0","0","0","0","0","1","0","","36","07","2019","2019075104","3","40.0399","-76.2902","1544","08","0","0","0","0","0","1","0","0","2","0","0","0","15","1","0","00","1","40 02:23.524","3","00","76 17:24.768","0","0","0","0","36301","0","0","0","N","0","0","0","2","36301","0","","1","01","N","N","1","","0","0","0","0","0","N","1542","0","2","0","0","0","0","0","3","0","2","N","","","","","","","","","","","","03","  ","","",""
"1055","1","0","0","0","0","0","0","0","0","7","0","","36","07","2019","2019075161","6","40.0313","-76.5089","1050","08","0","0","0","0","0","0","0","0","1","0","0","0","10","1","1","00","2","40 01:52.533","6","03","76 30:32.211","3","0","0","0","36404","0","0","0","N","0","0","0","1","36404","0","","2","01","N","N","0","","1","0","0","0","0","N","1050","1","1","0","0","1","0","0","3","0","1","N","","","","","","","","","","","","03","  ","","",""
"1857","0","0","0","0","0","0","0","0","0","1","0","","36","07","2019","2019075232","4","40.061","-76.2774","1847","08","0","0","0","0","0","0","0","0","","0","0","0","18","1","0","03","0","40 03:39.470","","02","76 16:38.791","0","0","0","0","36101","0","0","0","N","0","0","0","2","36101","0","","1","01","N","N","0","","0","0","2","3","4","","1844","0","2","0","0","0","0","0","3","0","2","N","","","","","","","","","","","","03","  ","","",""
"1306","0","0","0","0","0","0","0","0","0","0","0","","36","07","2019","2019075233","5","40.0398","-76.2839","1257","08","0","0","0","0","0","0","0","0","","0","0","0","12","1","0","00","0","40 02:23.396","","00","76 17:02.065","0","0","0","0","36220","0","0","0","N","0","0","0","3","36101","0","","1","01","N","N","1","","0","0","0","0","0","","1253","0","1","0","0","0","0","0","3","0","1","N","","","","","","","","","","","","03","  ","","",""
"1937","0","0","0","0","0","0","0","0","0","7","0","","36","07","2019","2019075234","5","40.117","-76.3088","1932","08","0","0","0","0","0","0","0","0","","0","0","0","19","1","0","02","0","40 07:01.214","","00","76 18:31.787","9","0","0","0","36101","0","0","0","N","0","0","0","3","36101","0","","5","01","N","N","1","","0","0","0","0","0","","1931","0","1","0","0","0","0","3","3","0","1","N","","","","","","","","","","","","03","  ","","",""
"1312","1","0","0","0","0","0","0","0","0","7","0","","36","07","2019","2019075235","5","40.1399","-76.2969","1310","08","0","0","0","0","0","0","0","0","","0","0","0","13","1","0","00","0","40 08:23.800","","00","76 17:48.700","0","0","0","0","36409","0","0","0","N","0","0","0","1","36409","0","","4","01","N","N","0","","0","0","0","0","0","","1308","0","1","0","0","0","0","0","3","0","1","N","","","","","","","","","","","","03","  ","","",""
"2128","1","0","0","0","0","0","0","0","0","4","0","","36","06","2019","2019075277","2","40.0698","-76.3168","2124","08","0","0","0","1","0","0","0","0","2","0","0","0","21","3","1","01","1","40 04:11.321","7","00","76 19:00.454","4","0","0","0","36101","0","0","0","N","0","0","0","2","36101","1","","1","01","N","N","0","","0","0","1","3","2","N","2122","1","2","0","0","0","0","0","3","0","2","N","","","","","","","","","","","","03","  ","","",""
"1228","2","0","0","0","0","0","0","0","0","1","0","","36","07","2019","2019075278","2","40.0385","-76.2775","1216","08","0","0","0","0","0","0","0","0","2","0","0","0","12","1","1","02","1","40 02:18.491","3","00","76 16:38.946","4","0","0","0","36220","0","0","0","N","0","0","0","2","36101","1","","1","01","N","N","0","","0","0","0","3","3","N","1213","1","2","0","0","0","0","0","3","0","2","N","","","","","","","","","","","","03","  ","","",""
"0711","1","0","0","0","0","0","0","0","0","4","0","","36","07","2019","2019075279","3","40.0527","-76.312","0700","08","0","0","0","0","0","0","0","0","","0","0","0","06","1","0","01","0","40 03:09.748","","00","76 18:43.041","0","0","0","0","36101","0","0","0","N","0","0","0","2","36101","0","","1","09","N","N","0","","0","0","1","3","3","","0658","0","2","0","0","0","0","0","3","0","2","N","","","","","","","","","","","","07","  ","","",""
"1756","2","0","0","0","0","0","0","0","0","1","0","","36","07","2019","2019075280","3","40.0379","-76.2745","1742","08","0","0","0","0","0","1","0","0","1","0","0","0","17","1","1","02","1","40 02:16.860","3","00","76 16:28.467","3","0","0","0","36220","0","0","0","N","0","0","0","6","36101","0","","1","01","N","N","0","","1","0","0","3","2","N","1740","1","2","0","0","0","0","0","3","0","2","N","","","","","","","","","","","","03","  ","","",""
"1023","1","0","0","0","0","0","0","0","0","4","0","","36","07","2019","2019075281","4","40.1008","-76.096","1018","08","0","0","0","0","0","0","0","0","1","0","0","0","10","1","0","01","1","40 06:03.031","6","00","76 05:45.673","0","0","0","0","36415","0","0","0","N","0","0","0","2","36415","0","","1","01","N","N","1","","0","0","0","3","1","N","1018","0","2","0","0","0","0","0","1","0","2","N","","","","","","","","","","","","03","  ","","",""
"1040","2","0","0","0","0","0","0","0","0","1","0","","36","05","2019","2019075300","7","39.8649","-76.1022","1040","08","0","1","0","0","0","0","0","0","","0","0","0","10","1","0","01","0","39 51:53.611","","00","76 06:07.830","0","0","0","0","36205","0","0","0","N","0","0","0","2","68J02","0","","1","01","N","N","0","","0","0","0","0","0","","1037","0","2","0","0","0","0","0","1","0","2","N","","","","","","","","","","","","03","  ","","",""