"ARRIVAL_TM","AUTOMOBILE_COUNT","BELTED_DEATH_COUNT","BELTED_SUSP_SERIOUS_INJ_COUNT","BICYCLE_COUNT","BICYCLE_DEATH_COUNT","BICYCLE_SUSP_SERIOUS_INJ_COUNT","BUS_COUNT","CHLDPAS_DEATH_COUNT","CHLDPAS_SUSP_SERIOUS_INJ_COUNT","COLLISION_TYPE","COMM_VEH_COUNT","CONS_ZONE_SPD_LIM","COUNTY","CRASH_MONTH","CRASH_YEAR","CRN","DAY_OF_WEEK","DEC_LAT","DEC_LONG","DISPATCH_TM","DISTRICT","DRIVER_COUNT_16YR","DRIVER_COUNT_17YR","DRIVER_COUNT_18YR","DRIVER_COUNT_19YR","DRIVER_COUNT_20YR","DRIVER_COUNT_50_64YR","DRIVER_COUNT_65_74YR","DRIVER_COUNT_75PLUS","EST_HRS_CLOSED","FATAL_COUNT","HEAVY_TRUCK_COUNT","HORSE_BUGGY_COUNT","HOUR_OF_DAY","ILLUMINATION","INJURY_COUNT","INTERSECT_TYPE","LANE_CLOSED","LATITUDE","LN_CLOSE_DIR","LOCATION_TYPE","LONGITUDE","MAX_SEVERITY_LEVEL","MCYCLE_DEATH_COUNT","MCYCLE_SUSP_SERIOUS_INJ_COUNT","MOTORCYCLE_COUNT","MUNICIPALITY","NONMOTR_COUNT","NONMOTR_DEATH_COUNT","NONMOTR_SUSP_SERIOUS_INJ_COUNT","NTFY_HIWY_MAINT","PED_COUNT","PED_DEATH_COUNT","PED_SUSP_SERIOUS_INJ_COUNT","PERSON_COUNT","POLICE_AGCY","POSSIBLE_INJ_COUNT","RDWY_SURF_TYPE_CD","RELATION_TO_ROAD","ROAD_CONDITION","SCH_BUS_IND","SCH_ZONE_IND","SMALL_TRUCK_COUNT","SPEC_JURIS_CD","SUSP_MINOR_INJ_COUNT","SUSP_SERIOUS_INJ_COUNT","SUV_COUNT","TCD_FUNC_CD","TCD_TYPE","TFC_DETOUR_IND","TIME_OF_DAY","TOT_INJ_COUNT","TOTAL_UNITS","UNB_DEATH_COUNT","UNB_SUSP_SERIOUS_INJ_COUNT","UNBELTED_OCC_COUNT","UNK_INJ_DEG_COUNT","UNK_INJ_PER_COUNT","URBAN_RURAL","VAN_COUNT","VEHICLE_COUNT","WORK_ZONE_IND","WORK_ZONE_LOC","WORK_ZONE_TYPE","WORKERS_PRES","WZ_CLOSE_DETOUR","WZ_FLAGGER","WZ_LAW_OFFCR_IND","WZ_LN_CLOSURE","WZ_MOVING","WZ_OTHER","WZ_SHLDER_MDN","ROADWAY_CLEARED","WEATHER1","WEATHER2","WZ_WORKERS_INJ_KILLED","SECONDARY_CRASH","INTERSECTION_RELATED"
"0004","2","0","0","0","0","0","0","0","0","4","0","","36","07","2019","2019075382","6","40.0278","-76.321","0000","08","0","0","0","0","0","0","0","0","2","0","0","0","23","3","1","00","2","40 01:40.032","6","00","76 19:15.464","3","0","0","0","36301","0","0","0","N","0","0","0","2","36301","0","","2","01","N","N","0","","1","0","1","0","0","Y","2358","1","3","0","0","1","0","1","3","0","3","N","","","","","","","","","","","","03","  ","","",""
"1204","1","0","0","0","0","0","0","0","0","1","0","","36","07","2019","2019075419","2","40.0644","-76.3253","1141","08","0","0","0","0","0","0","1","0","2","0","0","0","11","1","1","00","2","40 03:51.907","5","00","76 19:30.977","3","0","0","0","36301","0","0","0","N","0","0","0","3","36301","0","","1","01","N","N","0","","1","0","2","0","0","Y","1141","1","3","0","0","0","0","0","3","0","3","N","","","","","","","","","","","","03","  ","","",""
"1047","1","0","0","0","0","0","0","0","0","5","0","","36","07","2019","2019075430","6","40.0504","-76.308","1035","08","0","0","0","0","0","1","0","0","","0","0","0","10","1","1","00","0","40 03:01.487","","00","76 18:28.934","3","0","0","0","36301","0","0","0","N","0","0","0","5","36301","0","","1","01","N","N","0","","1","0","1","0","0","","1035","1","2","0","0","0","0","0","3","0","2","N","","","","","","","","","","","","03","  ","","",""
"1300","2","0","0","0","0","0","0","0","0","2","0","","36","07","2019","2019075506","7","40.0377","-76.3078","","08","0","0","0","0","0","0","0","0","2","0","0","0","12","1","2","01","1","40 02:15.851","4","00","76 18:28.000","3","0","0","0","36301","0","0","0","N","0","0","0","4","36301","1","","1","01","N","N","0","","1","0","0","3","2","N","1255","2","2","0","0","0","0","0","3","0","2","N","","","","","","","","","","","","03","  ","","",""
"0720","1","0","0","0","0","0","0","0","0","7","0","","36","07","2019","2019075533","1","40.0604","-76.2773","0716","08","0","0","1","0","0","0","0","0","","0","0","0","07","1","1","00","0","40 03:37.299","","01","76 16:38.400","3","0","0","0","36101","0","0","0","N","0","0","0","1","36101","0","","2","01","N","N","0","","1","0","0","0","0","","0716","1","1","0","0","1","0","0","3","0","1","N","","","","","","","","","","","","03","  ","","",""
"2244","1","0","0","0","0","0","0","0","0","5","1","","36","07","2019","2019075534","4","40.0722","-76.3277","2241","08","0","0","1","0","0","0","0","0","2","0","1","0","22","2","2","00","1","40 04:19.761","4","00","76 19:39.713","3","0","0","0","36101","0","0","0","N","0","0","0","4","36101","1","","1","01","N","N","0","","1","0","0","0","0","N","2240","2","2","0","0","0","0","0","3","0","2","N","","","","","","","","","","","","03","  ","","",""
"2107","1","0","0","0","0","0","0","0","0","7","0","","36","07","2019","2019075535","5","40.1107","-76.3286","2103","08","0","0","0","0","0","0","0","0","","0","0","0","21","2","0","02","0","40 06:38.523","","00","76 19:42.826","0","0","0","0","36101","0","0","0","N","0","0","0","1","36101","0","","5","01","N","N","0","","0","0","0","0","0","","2101","0","1","0","0","0","0","0","3","0","1","N","","","","","","","","","","","","03","  ","","",""
"1817","2","0","0","0","0","0","0","0","0","3","0","","36","07","2019","2019075554","6","40.1205","-76.5134","1807","08","0","0","0","0","0","0","0","0","2","0","0","0","18","1","0","00","1","40 07:13.849","4","00","76 30:48.356","0","0","0","0","36225","0","0","0","N","0","0","0","2","36505","0","","1","01","N","N","0","","0","0","0","0","0","N","1800","0","2","0","0","0","0","0","2","0","2","N","","","","","","","","","","","","03","  ","","",""
"1912","0","0","0","0","0","0","0","0","0","7","0","","36","07","2019","2019075609","7","40.035","-76.4287","1907","08","0","0","0","0","0","0","0","0","1","0","0","0","19","1","1","00","1","40 02:06.079","3","07","76 25:43.249","8","0","0","0","36239","0","0","0","N","0","0","0","2","36239","0","","4","01","N","N","0","","0","0","0","0","0","N","1907","1","1","0","0","1","1","0","3","1","1","N","","","","","","","","","","","","03","  ","","",""
"1654","1","0","0","0","0","0","0","0","0","4","0","","36","07","2019","2019075656","6","40.1788","-76.6007","1644","08","0","0","0","0","0","1","1","0","4","0","0","0","16","1","5","01","2","40 10:43.835","5","02","76 36:02.922","2","0","1","1","36225","0","0","0","N","0","0","0","5","36505","4","","1","01","N","N","0","","0","1","0","3","2","Y","1643","5","2","0","0","0","0","0","2","0","2","N","","","","","","","","","","","","03","  ","","",""
"1238","2","0","0","0","0","0","0","0","0","0","0","","36","07","2019","2019075660","6","40.1759","-76.2267","1234","08","0","0","0","0","1","1","0","0","2","0","0","0","12","1","2","00","2","40 10:33.198","3","00","76 13:36.063","3","0","0","0","36218","0","0","0","N","0","0","0","3","36408","0","","1","01","N","N","0","","2","0","0","0","0","Y","1233","2","2","0","0","0","0","0","1","0","2","N","","","","","","","","","","","","03","  ","","",""
"1015","0","0","0","0","0","0","0","0","0","6","0","","36","07","2019","2019075666","5","40.1799","-76.5542","1010","08","0","0","0","0","0","1","0","0","1","0","0","0","10","1","4","00","2","40 10:47.800","5","00","76 33:15.200","8","0","0","0","36225","0","0","0","N","0","0","0","12","36505","0","","1","01","N","N","0","","0","0","1","0","0","Y","1010","4","2","0","0","5","4","0","2","1","2","N","","","","","","","","","","","","03","  ","","",""
"1119","1","0","0","0","0","0","0","0","0","7","0","","36","07","2019","2019075687","1","40.0272","-76.4549","1112","08","0","0","0","0","0","0","1","0","2","0","0","0","11","1","1","00","2","40 01:37.800","7","01","76 27:17.700","4","0","0","0","36239","0","0","0","N","0","0","0","1","36239","1","","4","01","N","N","0","","0","0","0","0","0","Y","1110","1","1","0","0","0","0","0","3","0","1","N","","","","","","","","","","","","03","  ","","",""
"2204","1","0","0","0","0","0","0","0","0","5","0","","36","07","2019","2019075900","7","40.0355","-76.2903","2123","08","0","0","0","0","0","0","0","0","","0","0","0","21","3","1","00","0","40 02:07.817","","00","76 17:25.228","4","0","0","0","36301","1","0","0","N","1","0","0","2","36301","1","","6","01","N","N","0","","0","0","1","0","0","N","2123","1","3","0","0","0","0","0","3","0","2","N","","","","","","","","","","","","03","  ","","",""
"1757","0","0","0","0","0","0","0","0","0","1","0","","36","07","2019","2019075792","6","40.0758","-76.3087","1753","08","0","0","0","0","0","0","0","0","","0","0","0","17","1","0","00","0","40 04:32.973","","00","76 18:31.228","0","0","0","0","36101","0","0","0","N","0","0","0","2","36101","0","","1","01","N","N","1","","0","0","1","0","0","","1751","0","2","0","0","0","0","0","3","0","2","N","","","","","","","","","","","","03","  ","","",""
"2215","2","0","0","0","0","0","0","0","0","9","0","","36","07","2019","2019075793","6","40.1032","-76.3317","2212","08","0","1","0","0","0","0","0","0","","0","0","0","21","2","0","00","0","40 06:11.557","","00","76 19:54.079","0","0","0","0","36101","0","0","0","N","0","0","0","2","36101","0","","1","01","N","N","0","","0","0","0","0","0","","2152","0","2","0","0","0","0","0","3","0","2","N","","","","","","","","","","","","03","  ","","",""
"2202","1","0","0","0","0","0","0","0","0","7","0","","36","07","2019","2019075794","6","40.0761","-76.3747","2201","08","0","0","0","0","0","0","0","0","3","0","0","0","21","2","1","00","2","40 04:33.916","6","00","76 22:28.801","3","0","0","0","36214","0","0","0","N","0","0","0","1","36214","0","","4","09","N","N","0","","1","0","0","0","0","Y","2158","1","1","0","0","0","0","0","3","0","1","N","","","","","","","","","","","","07","  ","","",""
"2009","1","0","0","0","0","0","0","0","0","4","0","","36","07","2019","2019075795","6","40.0484","-76.3628","2003","08","0","0","0","0","0","0","2","0","","0","0","0","19","4","1","00","0","40 02:54.089","","00","76 21:45.979","3","0","0","0","36214","0","0","0","N","0","0","0","3","36214","0","","1","01","N","N","1","","1","0","0","0","0","","1955","1","2","0","0","0","0","0","3","0","2","N","","","","","","","","","","","","03","  ","","",""
"1451","1","0","0","0","0","0","0","0","0","4","0","","36","07","2019","2019075813","6","40.1382","-76.2112","1447","08","0","0","0","0","0","1","0","0","1","0","0","0","14","1","0","02","1","40 08:17.395","1","00","76 12:40.247","0","0","0","0","36238","0","0","0","N","0","0","0","2","36238","0","","1","01","N","N","1","","0","0","0","3","3","Y","1447","0","2","0","0","0","0","0","3","0","2","N","","","","","","","","","","","","03","  ","","",""
"0401","1","0","0","0","0","0","0","0","0","7","0","","36","07","2019","2019075871","7","40.1204","-76.7075","0358","08","0","0","0","0","0","0","0","0","2","0","0","0","03","2","1","00","1","40 07:13.411","1","00","76 42:27.016","3","0","0","0","36207","0","0","0","Y","0","0","0","1","36504","0","","2","01","N","N","0","","1","0","0","0","0","N","0357","1","1","0","0","1","0","0","1","0","1","N","","","","","","","","","","","","03","  ","","",""
"1603","0","0","0","0","0","0","0","0","0","1","0","","36","07","2019","2019075925","4","40.0472","-76.4118","1557","08","0","0","0","0","0","0","0","0","1","0","0","0","15","1","1","00","1","40 02:49.975","3","00","76 24:42.493","3","0","0","1","36239","0","0","0","N","0","0","0","2","36239","0","","1","01","N","N","1","","1","0","0","0","0","N","1557","1","2","0","0","0","0","0","3","0","2","N","","","","","","","","","","","","03","  ","","",""
"0635","1","0","0","0","0","0","0","0","0","4","0","","36","07","2019","2019075949","5","40.1631","-76.1508","0628","08","0","0","0","1","0","0","0","0","","0","0","0","06","1","0","02","0","40 09:47.213","","02","76 09:02.972","0","0","0","0","36218","0","0","0","N","0","0","0","2","36408","0","","1","01","N","N","0","","0","0","1","0","0","N","0628","0","2","0","0","0","0","0","1","0","2","N","","","","","","","","","","","","03","  ","","",""
"1623","0","0","1","0","0","0","0","0","0","4","0","","36","07","2019","2019075954","5","40.0499","-76.3079","1620","08","0","0","0","0","0","0","0","0","1","0","0","0","16","1","2","01","1","40 02:59.610","1","00","76 18:28.586","2","0","0","0","36301","0","0","0","N","0","0","0","3","36301","0","","1","09","N","N","0","","1","1","2","3","2","Y","1619","2","2","0","0","0","0","0","3","0","2","N","","","","","","","","","","","","07","  ","","",""
"1741","2","0","0","0","0","0","0","0","0","4","0","","36","07","2019","2019076124","5","40.0463","-76.3341","1732","08","0","0","0","0","0","0","0","0","2","0","0","0","17","1","0","01","1","40 02:46.683","1","00","76 20:02.681","0","0","0","0","36220","0","0","0","N","0","0","0","2","36101","0","","1","01","N","N","0","","0","0","0","3","3","N","1716","0","2","0","0","0","0","0","3","0","2","N","","","","","","","","","","","","03","  ","","",""
"1248","0","0","0","0","0","0","0","0","0","4","0","","36","07","2019","2019076125","2","40.0836","-76.4861","1235","08","0","0","0","0","0","0","0","1","2","0","0","0","12","1","0","01","2","40 05:01.019","7","00","76 29:10.138","0","0","0","0","36230","0","0","0","N","0","0","0","4","36410","0","","1","01","N","N","1","","0","0","1","3","3","Y","1234","0","2","0","0","0","0","0","1","0","2","N","","","","","","","","","","","","03","  ","","",""
"1806","0","0","0","0","0","0","0","0","0","1","0","","36","07","2019","2019076189","2","40.0461","-76.4222","1751","08","0","0","0","0","0","0","1","0","","0","0","0","17","1","1","02","0","40 02:46.289","","02","76 25:19.988","3","0","0","0","36239","0","0","0","N","0","0","0","2","36239","0","","1","01","Y","N","0","","1","0","2","3","2","","1751","1","2","0","0","0","0","0","3","0","2","N","","","","","","","","","","","","03","  ","","",""
"1658","2","0","0","0","0","0","0","0","0","4","0","","36","07","2019","2019076276","5","40.1253","-76.2143","1655","08","0","0","0","0","0","1","0","0","2","0","0","0","16","1","2","01","2","40 07:31.012","6","00","76 12:51.319","3","0","0","0","36238","0","0","0","N","0","0","0","2","36238","0","","1","01","N","N","0","","2","0","0","3","2","Y","1650","2","2","0","0","0","0","0","3","0","2","N","","","","","","","","","","","","03","  ","","",""
"1829","2","0","0","0","0","0","0","0","0","4","0","","36","07","2019","2019076278","2","40.1509","-76.6074","1827","08","0","0","0","0","0","0","0","0","1","0","0","0","18","1","0","01","1","40 09:03.369","3","00","76 36:26.811","0","0","0","0","36407","0","0","0","N","0","0","0","3","36407","0","","1","01","N","N","0","","0","0","0","3","3","N","1825","0","2","0","0","0","0","0","2","0","2","N","","","","","","","","","","","","03","  ","","",""
"0235","3","0","0","0","0","0","0","0","0","4","0","","36","07","2019","2019076308","2","40.0387","-76.3233","0233","08","0","0","0","0","0","0","0","0","","0","0","0","02","3","0","00","0","40 02:19.395","","00","76 19:23.755","0","0","0","0","36301","0","0","0","N","0","0","0","1","36301","0","","2","01","N","N","0","","0","0","0","0","0","N","0233","0","3","0","0","0","0","0","3","0","3","N","","","","","","","","","","","","03","  ","","",""
"2227","1","0","0","0","0","0","0","0","0","7","0","","36","07","2019","2019076318","2","40.1568","-76.6095","2225","08","0","0","0","0","0","0","0","0","2","0","0","0","22","3","1","02","2","40 09:24.583","5","00","76 36:34.204","3","0","0","0","36407","0","0","0","N","0","0","0","1","36407","0","","4","01","N","N","0","","1","0","0","0","0","Y","2223","1","1","0","0","1","0","0","2","0","1","N","","","","","","","","","","","","03","  ","","",""
"1417","1","0","0","0","0","0","0","0","0","4","0","","36","07","2019","2019076332","5","39.9904","-76.2936","1424","08","0","1","0","1","0","0","0","0","","0","0","0","14","1","0","01","0","39 59:25.618","","00","76 17:36.829","0","0","0","0","36228","0","0","0","N","0","0","0","3","36228","0","","1","01","N","N","0","","0","0","1","3","3","","1410","0","2","0","0","1","0","0","1","0","2","N","","","","","","","","","","","","03","  ","","",""
"1738","2","0","0","0","0","0","0","0","0","1","0","","36","07","2019","2019076385","5","40.0305","-76.2912","1738","08","0","0","0","0","0","0","0","0","1","0","0","0","17","1","2","02","1","40 01:49.634","3","00","76 17:28.240","3","0","0","0","36301","0","0","0","N","0","0","0","3","36301","0","","1","01","N","N","0","","2","0","0","0","0","N","1738","2","2","0","0","0","0","0","3","0","2","N","","","","","","","","","","","","03","  ","","",""
"1949","2","0","0","0","0","0","0","0","0","4","0","","36","06","2019","2019076431","6","40.2261","-76.3024","1919","08","0","0","0","0","0","0","0","0","2","0","0","0","18","1","0","01","1","40 13:34.012","7","00","76 18:08.758","0","0","0","0","36217","0","0","0","N","0","0","0","2","68J01","0","","1","01","N","N","0","","0","0","0","0","0","N","1824","0","2","0","0","0","0","0","1","0","2","N","","","","","","","","","","","","03","  ","","",""
"1259","0","0","0","0","0","0","0","0","0","4","1","","36","07","2019","2019076568","2","40.0082","-76.3446","1252","08","0","0","0","0","0","0","0","0","1","0","1","0","12","1","0","01","1","40 00:29.490","7","00","76 20:40.584","0","0","0","0","36220","0","0","0","N","0","0","0","2","36101","0","","1","01","N","N","0","","0","0","1","3","3","N","1248","0","2","0","0","0","0","0","3","0","2","N","","","","","","","","","","","","03","  ","","",""
"1113","1","0","1","0","0","0","0","0","0","1","0","","36","07","2019","2019076569","6","40.0462","-76.3922","1107","08","0","0","0","0","0","2","1","0","2","0","0","0","11","1","1","00","1","40 02:46.320","1","00","76 23:31.790","2","0","0","0","36214","0","0","0","N","0","0","0","8","36214","0","","1","01","N","N","1","","0","1","1","0","0","N","1105","1","3","0","0","0","0","0","3","0","3","N","","","","","","","","","","","","03","  ","","",""
"0628","1","0","0","0","0","0","0","0","0","7","0","","36","07","2019","2019076570","1","40.0525","-76.3773","0620","08","0","0","0","0","0","0","0","0","4","1","0","0","06","1","0","00","2","40 03:09.175","3","01","76 22:38.426","1","0","0","0","36214","0","0","0","N","0","0","0","1","36214","0","2","4","01","N","N","0","0","0","0","0","0","0","Y","0620","0","1","1","0","1","0","0","3","0","1","N","","","","","","","","","","","","03","  ","","",""
"2336","1","0","0","0","0","0","0","0","0","7","0","","36","07","2019","2019076571","2","40.0608","-76.3825","2332","08","0","0","0","0","0","1","0","0","","0","0","0","23","2","0","00","0","40 03:38.810","","00","76 22:57.090","0","0","0","0","36214","0","0","0","N","0","0","0","1","36214","0","","4","01","N","N","0","","0","0","0","0","0","","2315","0","1","0","0","0","0","0","3","0","1","N","","","","","","","","","","","","03","  ","","",""
"1655","2","0","0","0","0","0","0","0","0","4","0","","36","07","2019","2019076572","6","40.0817","-76.1157","1648","08","0","0","0","0","0","2","1","0","2","0","0","0","16","1","1","01","2","40 04:54.150","6","00","76 06:56.577","3","0","0","0","36209","0","0","0","N","0","0","0","7","36415","0","","1","01","N","N","1","","1","0","1","3","3","Y","1640","1","4","0","0","0","0","0","1","0","4","N","","","","","","","","","","","","03","  ","","",""
"1554","1","0","0","0","0","0","0","0","0","7","0","","36","07","2019","2019076653","5","40.2315","-76.336","1542","08","0","0","0","0","1","0","0","0","3","0","0","0","15","1","1","00","2","40 13:53.491","4","00","76 20:09.689","8","0","0","0","36217","0","0","0","N","0","0","0","2","68T06","0","","4","09","N","N","0","","0","0","0","0","0","N","1540","1","1","0","0","0","1","0","1","0","1","N","","","","","","","","","","","","07","  ","","",""
"1530","1","0","0","0","0","0","0","0","0","5","1","","36","07","2019","2019076671","3","40.2298","-76.4429","1508","08","0","0","0","0","0","1","0","0","","0","1","0","15","1","0","00","0","40 13:47.405","","00","76 26:34.345","0","0","0","0","36230","0","0","0","N","0","0","0","3","68T06","0","","1","01","N","N","0","","0","0","0","0","0","","1508","0","2","0","0","0","0","0","1","0","2","N","","","","","","","","","","","","03","  ","","",""
"2122","1","0","0","0","0","0","0","0","0","1","0","","36","07","2019","2019076743","5","40.0345","-76.3022","2110","08","0","0","0","0","1","0","0","0","2","0","0","0","21","3","0","00","2","40 02:04.121","1","00","76 18:07.881","9","0","0","0","36301","0","0","0","N","0","0","0","12","36301","0","","1","01","","","0","","0","0","1","3","3","N","2107","0","2","0","0","0","0","2","3","0","2","N","","","","","","","","","","","","03","  ","","",""
"2011","2","0","0","0","0","0","0","0","0","4","0","","36","07","2019","2019076745","3","40.041","-76.3083","2006","08","0","0","1","0","0","0","0","0","","0","0","0","20","3","1","01","0","40 02:27.420","","00","76 18:30.009","3","0","0","0","36301","0","0","0","N","0","0","0","4","36301","0","","1","09","N","N","0","","1","0","0","3","2","","2006","1","2","0","0","0","0","0","3","0","2","N","","","","","","","","","","","","07","  ","","",""
"1255","0","0","0","0","0","0","0","0","0","1","0","","36","07","2019","2019076746","4","40.1966","-76.2014","1252","08","0","0","0","0","0","1","0","0","","0","0","0","12","1","1","00","0","40 11:47.846","","00","76 12:05.156","3","0","0","0","36408","0","0","0","N","0","0","0","3","36408","0","","1","01","N","N","0","","1","0","1","0","0","","1250","1","2","0","0","2","0","0","2","1","2","N","","","","","","","","","","","","03","  ","","",""
"1019","2","0","0","0","0","0","0","0","0","1","0","","36","07","2019","2019076851","4","40.1743","-76.1724","1015","08","0","0","1","0","0","0","0","0","1","0","0","0","10","1","0","00","1","40 10:27.625","3","00","76 10:20.764","0","0","0","0","36408","0","0","0","N","0","0","0","1","36408","0","","6","01","N","N","0","","0","0","0","0","0","N","1012","0","2","0","0","0","0","0","2","0","2","N","","","","","","","","","","","","03","  ","","",""
"1259","2","0","0","0","0","0","0","0","0","1","0","","36","07","2019","2019076859","4","40.1133","-76.03","1258","08","1","0","0","0","0","0","0","0","","0","0","0","12","1","0","02","0","40 06:47.782","","00","76 01:48.032","0","0","0","0","36213","0","0","0","N","0","0","0","3","36213","0","","1","01","N","N","0","","0","0","0","0","0","N","1256","0","2","0","0","0","0","0","1","0","2","N","","","","","","","","","","","","03","  ","","",""
"1641","1","0","0","0","0","0","0","0","0","1","0","","36","07","2019","2019076898","4","40.1981","-76.1673","1639","08","0","0","0","0","0","1","1","0","2","0","0","0","16","1","3","00","1","40 11:53.115","2","00","76 10:02.118","3","0","0","0","36218","0","0","0","N","0","0","0","3","36408","0","","1","01","N","N","1","","3","0","1","0","0","N","1639","3","3","0","0","0","0","0","1","0","3","N","","","","","","","","","","","","03","  ","","",""
"1107","1","0","0","0","0","0","0","0","0","5","0","","36","07","2019","2019076915","1","40.0679","-76.2966","1101","08","0","0","0","0","0","0","1","0","","0","0","0","11","1","1","00","0","40 04:04.503","","00","76 17:47.904","8","0","0","0","36101","0","0","0","N","0","0","0","3","36101","0","","1","01","N","N","1","","0","0","0","0","0","","1101","1","3","0","0","0","1","0","3","0","2","N","","","","","","","","","","","","03","  ","","",""
"1131","2","0","0","0","0","0","0","0","0","4","0","","36","07","2019","2019076916","5","40.0579","-76.2808","1127","08","0","0","0","0","0","0","0","2","3","0","0","0","11","1","1","01","1","40 03:28.276","6","00","76 16:50.908","3","0","0","0","36101","0","0","0","N","0","0","0","2","36101","0","","1","01","N","N","0","","1","0","0","3","2","N","1124","1","2","0","0","0","0","0","3","0","2","N","","","","","","","","","","","","03","  ","","",""
"1831","0","0","0","0","0","0","0","0","0","7","0","","36","07","2019","2019076917","5","39.9885","-76.4665","1818","08","0","0","0","0","0","0","0","0","","0","0","0","18","1","0","00","0","39 59:18.549","","00","76 27:59.250","0","0","0","0","36223","0","0","0","N","0","0","0","1","36223","0","","5","09","N","N","0","","0","0","1","0","0","","1812","0","1","0","0","0","0","0","1","0","1","N","","","","","","","","","","","","07","  ","","",""
"1550","0","0","0","0","0","0","0","0","0","2","0","","36","07","2019","2019076918","6","39.9852","-76.3653","1544","08","0","0","0","0","0","0","0","0","2","0","0","0","15","1","0","00","2","39 59:06.799","5","00","76 21:55.049","0","0","0","0","36223","0","0","0","N","0","0","0","2","36223","0","","1","01","N","N","2","","0","0","0","0","0","Y","1539","0","2","0","0","0","0","0","1","0","2","N","","","","","","","","","","","","03","  ","","",""
"1733","0","0","0","0","0","0","0","0","0","0","0","","36","07","2019","2019076919","2","39.9901","-76.2651","1726","08","0","0","0","0","0","0","0","0","4","1","0","0","17","1","0","02","2","39 59:24.536","6","00","76 15:54.473","1","1","0","1","36240","0","0","0","N","0","0","0","5","36240","0","2","1","01","N","N","0","0","0","0","0","3","3","Y","1725","0","2","0","0","0","0","0","1","0","1","N","","","","","","","","","","","","03","  ","","",""
"1720","2","0","0","0","0","0","0","0","0","1","0","","36","07","2019","2019076920","3","40.1542","-76.3072","1719","08","0","0","0","0","0","0","0","0","","0","0","0","17","1","1","01","0","40 09:15.155","","00","76 18:25.967","3","0","0","0","36409","0","0","0","N","0","0","0","3","36409","0","","1","01","N","N","0","","1","0","0","0","0","","1717","1","2","0","0","1","0","0","3","0","2","N","","","","","","","","","","","","03","  ","","",""
"0830","0","0","0","0","0","0","0","0","0","4","0","","36","07","2019","2019076921","3","40.1568","-76.3815","0824","08","0","0","1","0","0","0","0","1","","0","0","0","08","1","0","01","0","40 09:24.452","","00","76 22:53.324","0","0","0","0","36227","0","0","0","N","0","0","0","2","36506","0","","1","01","N","N","0","","0","0","2","3","3","","0823","0","2","0","0","0","0","0","1","0","2","N","","","","","","","","","","","","03","  ","","",""
"0044","1","0","0","0","0","0","0","0","0","7","0","","36","07","2019","2019076961","6","40.1159","-76.213","0038","08","0","1","0","0","0","0","0","0","2","0","0","0","00","2","0","00","2","40 06:57.157","5","00","76 12:46.977","0","0","0","0","36238","0","0","0","N","0","0","0","1","36238","0","","4","01","N","N","0","","0","0","0","0","0","Y","0030","0","1","0","0","0","0","0","3","0","1","N","","","","","","","","","","","","03","  ","","",""
"1523","1","0","0","0","0","0","0","0","0","4","0","","36","07","2019","2019077144","7","40.1334","-76.2134","1521","08","0","0","0","0","0","0","0","0","2","0","0","0","15","1","1","02","1","40 08:00.196","1","00","76 12:48.318","3","0","0","0","36238","0","0","0","N","0","0","0","3","36238","0","","1","01","N","N","0","","1","0","1","0","0","N","1520","1","2","0","0","0","0","0","3","0","2","N","","","","","","","","","","","","03","  ","","",""
"0607","0","0","0","0","0","0","0","0","0","6","0","","36","08","2019","2019077188","5","40.2791","-76.1385","0553","08","0","0","0","0","0","1","0","0","","0","0","0","05","1","0","00","0","40 16:44.689","","00","76 08:18.599","0","0","0","0","36236","0","0","0","N","0","0","0","2","36408","0","","1","01","N","N","0","","0","0","2","0","0","N","0551","0","2","0","0","0","0","0","1","0","2","N","","","","","","","","","","","","03","  ","","",""
"1045","0","0","0","0","0","0","0","0","0","4","0","","36","07","2019","2019077278","6","40.0392","-76.3088","1036","08","0","0","0","0","0","1","1","0","","0","0","0","10","1","1","01","0","40 02:21.253","","00","76 18:31.645","8","0","0","0","36301","0","0","0","N","0","0","0","3","36301","0","","1","01","N","N","1","","0","0","1","3","3","","1032","1","2","0","0","0","1","0","3","0","2","N","","","","","","","","","","","","03","  ","","",""
"1638","2","0","0","0","0","0","0","0","0","4","0","","36","07","2019","2019077283","4","40.04","-76.2873","1625","08","0","0","0","0","0","0","1","0","","0","0","0","16","1","0","01","0","40 02:24.011","","00","76 17:14.418","0","0","0","0","36301","0","0","0","N","0","0","0","2","36301","0","","1","01","N","N","0","","0","0","0","3","2","","1612","0","2","0","0","0","0","0","3","0","2","N","","","","","","","","","","","","03","  ","","",""
"2347","0","0","0","0","0","0","0","0","0","7","0","","36","07","2019","2019077362","7","40.0698","-76.386","2341","08","0","0","0","0","0","1","0","0","5","0","0","0","23","3","1","00","2","40 04:11.210","6","00","76 23:09.650","4","0","0","0","36214","0","0","0","N","0","0","0","1","36214","1","","4","01","N","N","0","","0","0","1","0","0","Y","2341","1","1","0","0","0","0","0","3","0","1","N","","","","","","","","","","","","03","  ","","",""