"ARRIVAL_TM","AUTOMOBILE_COUNT","BELTED_DEATH_COUNT","BELTED_SUSP_SERIOUS_INJ_COUNT","BICYCLE_COUNT","BICYCLE_DEATH_COUNT","BICYCLE_SUSP_SERIOUS_INJ_COUNT","BUS_COUNT","CHLDPAS_DEATH_COUNT","CHLDPAS_SUSP_SERIOUS_INJ_COUNT","COLLISION_TYPE","COMM_VEH_COUNT","CONS_ZONE_SPD_LIM","COUNTY","CRASH_MONTH","CRASH_YEAR","CRN","DAY_OF_WEEK","DEC_LAT","DEC_LONG","DISPATCH_TM","DISTRICT","DRIVER_COUNT_16YR","DRIVER_COUNT_17YR","DRIVER_COUNT_18YR","DRIVER_COUNT_19YR","DRIVER_COUNT_20YR","DRIVER_COUNT_50_64YR","DRIVER_COUNT_65_74YR","DRIVER_COUNT_75PLUS","EST_HRS_CLOSED","FATAL_COUNT","HEAVY_TRUCK_COUNT","HORSE_BUGGY_COUNT","HOUR_OF_DAY","ILLUMINATION","INJURY_COUNT","INTERSECT_TYPE","LANE_CLOSED","LATITUDE","LN_CLOSE_DIR","LOCATION_TYPE","LONGITUDE","MAX_SEVERITY_LEVEL","MCYCLE_DEATH_COUNT","MCYCLE_SUSP_SERIOUS_INJ_COUNT","MOTORCYCLE_COUNT","MUNICIPALITY","NONMOTR_COUNT","NONMOTR_DEATH_COUNT","NONMOTR_SUSP_SERIOUS_INJ_COUNT","NTFY_HIWY_MAINT","PED_COUNT","PED_DEATH_COUNT","PED_SUSP_SERIOUS_INJ_COUNT","PERSON_COUNT","POLICE_AGCY","POSSIBLE_INJ_COUNT","RDWY_SURF_TYPE_CD","RELATION_TO_ROAD","ROAD_CONDITION","SCH_BUS_IND","SCH_ZONE_IND","SMALL_TRUCK_COUNT","SPEC_JURIS_CD","SUSP_MINOR_INJ_COUNT","SUSP_SERIOUS_INJ_COUNT","SUV_COUNT","TCD_FUNC_CD","TCD_TYPE","TFC_DETOUR_IND","TIME_OF_DAY","TOT_INJ_COUNT","TOTAL_UNITS","UNB_DEATH_COUNT","UNB_SUSP_SERIOUS_INJ_COUNT","UNBELTED_OCC_COUNT","UNK_INJ_DEG_COUNT","UNK_INJ_PER_COUNT","URBAN_RURAL","VAN_COUNT","VEHICLE_COUNT","WORK_ZONE_IND","WORK_ZONE_LOC","WORK_ZONE_TYPE","WORKERS_PRES","WZ_CLOSE_DETOUR","WZ_FLAGGER","WZ_LAW_OFFCR_IND","WZ_LN_CLOSURE","WZ_MOVING","WZ_OTHER","WZ_SHLDER_MDN","ROADWAY_CLEARED","WEATHER1","WEATHER2","WZ_WORKERS_INJ_KILLED","SECONDARY_CRASH","INTERSECTION_RELATED"
"0805","2","0","0","0","0","0","0","0","0","1","1","","36","07","2019","2019077363","4","40.1047","-76.4267","0755","08","0","0","0","0","0","0","0","0","2","0","1","0","07","1","0","00","2","40 06:17.073","3","00","76 25:35.947","0","0","0","0","36214","0","0","0","N","0","0","0","3","36214","0","","1","01","N","N","0","","0","0","0","0","0","N","0755","0","3","0","0","0","0","0","3","0","3","N","","","","","","","","","","","","03","  ","","",""
"1606","2","0","0","0","0","0","0","0","0","1","0","","36","07","2019","2019077366","4","40.0691","-76.3569","1559","08","0","0","0","0","0","2","0","0","","0","0","0","15","1","1","01","0","40 04:08.816","","00","76 21:24.786","3","0","0","0","36214","0","0","0","N","0","0","0","2","36214","0","","1","01","N","N","0","","1","0","0","3","2","","1555","1","2","0","0","0","0","0","3","0","2","N","","","","","","","","","","","","03","  ","","",""
"2247","1","0","0","0","0","0","0","0","0","7","0","","36","07","2019","2019077367","2","40.102","-76.0794","2244","08","0","0","0","0","0","0","0","0","1","0","0","0","22","3","0","00","2","40 06:07.250","6","00","76 04:45.730","0","0","0","0","36415","0","0","0","N","0","0","0","1","36415","0","","6","01","N","N","1","","0","0","0","0","0","N","2244","0","2","0","0","1","0","0","1","0","2","N","","","","","","","","","","","","03","  ","","",""
"1622","1","0","0","0","0","0","0","0","0","4","0","","36","06","2019","2019077436","6","39.7613","-76.1764","1620","08","1","0","0","0","0","0","0","1","","0","0","0","16","1","1","00","0","39 45:40.525","","00","76 10:34.952","4","0","0","0","36219","0","0","0","N","0","0","0","3","68J01","1","","1","01","N","N","1","","0","0","0","3","3","","1618","1","2","0","0","0","0","0","1","0","2","N","","","","","","","","","","","","03","  ","","",""
"1309","1","0","0","0","0","0","0","0","0","5","0","","36","08","2019","2019077673","6","40.0436","-76.3225","1305","08","0","0","0","0","0","0","0","1","2","0","0","0","12","1","0","00","1","40 02:37.110","4","00","76 19:21.075","0","0","0","0","36301","0","0","0","N","0","0","0","3","36301","0","","1","01","N","N","0","","0","0","1","0","0","N","1256","0","2","0","0","0","0","0","3","0","2","N","","","","","","","","","","","","03","  ","","",""
"1654","0","0","0","0","0","0","0","0","0","2","0","","36","06","2019","2019077683","5","40.0386","-76.1722","1646","08","0","0","0","0","0","0","0","0","","0","0","0","16","1","1","00","0","40 02:18.891","","00","76 10:19.849","8","0","0","1","36221","0","0","0","N","0","0","0","2","68J01","0","","2","01","N","N","1","","0","0","0","0","0","","1638","1","2","0","0","0","1","0","1","0","2","N","","","","","","","","","","","","03","  ","","",""
"2050","1","0","0","0","0","0","0","0","0","4","0","","36","06","2019","2019077684","6","39.8414","-76.0613","2031","08","0","0","0","0","0","0","0","0","2","0","0","0","20","3","0","01","2","39 50:29.050","5","00","76 03:40.665","0","0","0","0","36205","0","0","0","N","0","0","0","5","68J01","0","","1","01","N","N","0","","0","0","1","3","3","Y","2028","0","2","0","0","0","0","0","1","0","2","N","","","","","","","","","","","","03","  ","","",""
"1029","1","0","0","0","0","0","0","0","0","4","0","","36","08","2019","2019077714","6","40.1826","-76.1633","1025","08","0","0","0","0","0","0","1","0","","0","0","0","10","1","0","01","0","40 10:57.432","","00","76 09:47.923","0","0","0","0","36408","0","0","0","N","0","0","0","4","36408","0","","1","01","N","N","0","","0","0","1","3","3","N","1025","0","2","0","0","0","0","0","2","0","2","N","","","","","","","","","","","","03","  ","","",""
"1836","0","0","0","0","0","0","0","0","0","7","0","","36","07","2019","2019077766","7","40.0564","-76.3056","1829","08","0","0","0","0","0","1","0","1","2","0","0","0","18","1","0","01","1","40 03:22.940","4","00","76 18:20.087","0","0","0","0","36101","0","0","0","N","0","0","0","7","36101","0","","2","01","N","N","0","","0","0","3","0","0","N","1827","0","3","0","0","0","0","0","3","0","3","N","","","","","","","","","","","","03","  ","","",""
"1534","1","0","0","0","0","0","0","0","0","1","1","","36","07","2019","2019077767","3","40.0775","-76.3378","1530","08","0","0","0","0","0","0","0","0","1","0","1","0","15","1","0","02","1","40 04:39.201","3","02","76 20:16.161","0","0","0","0","36101","0","0","0","N","0","0","0","2","36101","0","","1","01","N","N","0","","0","0","0","3","4","N","1527","0","2","0","0","0","0","0","3","0","2","N","","","","","","","","","","","","03","  ","","",""
"1724","0","0","0","0","0","0","0","0","0","0","0","","36","07","2019","2019077768","4","40.1108","-76.3951","1717","08","0","0","0","0","0","0","0","0","3","0","0","0","17","1","1","00","2","40 06:38.700","5","00","76 23:42.510","2","0","0","0","36214","0","0","0","N","0","0","0","1","36214","0","","1","01","N","N","0","","0","1","0","0","0","Y","1715","1","1","0","0","0","0","0","3","0","1","N","","","","","","","","","","","","03","  ","","",""
"2055","1","0","0","0","0","0","0","0","0","4","0","","36","07","2019","2019077769","7","40.0942","-76.3777","2050","08","0","0","0","0","0","0","0","0","","0","0","0","20","3","0","01","0","40 05:38.962","","00","76 22:39.699","0","0","0","0","36214","0","0","0","N","0","0","0","3","36214","0","","1","01","N","N","0","","0","0","1","3","2","","2048","0","2","0","0","0","0","0","3","0","2","N","","","","","","","","","","","","03","  ","","",""
"1217","0","0","0","0","0","0","0","0","0","4","0","","36","07","2019","2019077810","1","40.0928","-76.1469","1157","08","0","0","0","0","0","1","0","0","2","0","0","0","11","1","1","00","1","40 05:34.171","4","07","76 08:48.701","3","0","0","0","36238","0","0","0","N","0","0","0","4","36238","0","","1","01","N","N","0","","1","0","2","0","0","N","1155","1","2","0","0","0","0","0","3","0","2","N","","","","","","","","","","","","03","  ","","",""
"0806","1","0","0","0","0","0","0","0","0","7","0","","36","07","2019","2019077839","2","40.1906","-76.0027","0758","08","0","0","0","0","0","1","0","0","","0","0","0","07","1","1","00","0","40 11:26.334","","00","76 00:09.731","3","0","0","0","36202","0","0","0","N","0","0","0","2","68T06","0","","3","01","N","N","0","","1","0","0","0","0","","0757","1","1","0","0","0","0","0","1","0","1","N","","","","","","","","","","","","03","  ","","",""
"0448","0","0","0","0","0","0","0","0","0","0","0","","36","08","2019","2019077872","5","39.9932","-76.2413","0447","08","0","0","0","0","0","0","0","0","3","0","0","0","04","3","0","00","1","39 59:35.471","2","00","76 14:28.620","0","0","0","0","36240","0","0","0","N","0","0","0","2","36240","0","","1","01","N","N","0","","0","0","0","0","0","N","0444","0","1","0","0","0","0","0","1","1","1","N","","","","","","","","","","","","03","  ","","",""
"0715","1","0","0","0","0","0","0","0","0","1","0","45","36","07","2019","2019077899","2","40.1691","-76.1502","0710","08","0","0","0","0","0","1","0","0","","0","0","0","07","1","0","00","0","40 10:08.588","","00","76 09:00.782","0","0","0","0","36218","0","0","0","N","0","0","0","4","36408","0","","1","01","N","Y","1","","0","0","1","0","0","N","0705","0","3","0","0","0","0","0","1","0","3","Y","4","1","N","","","N","Y","","","","","03","  ","","",""
"0957","1","0","0","0","0","0","0","0","0","1","0","","36","08","2019","2019077915","6","40.1963","-76.2011","0952","08","0","0","0","0","1","0","0","0","","0","0","0","09","1","0","01","0","40 11:46.756","","00","76 12:04.001","0","0","0","0","36408","0","0","0","N","0","0","0","3","36408","0","","1","01","N","N","1","","0","0","1","3","2","N","0952","0","3","0","0","0","0","0","2","0","3","N","","","","","","","","","","","","03","  ","","",""
"1012","0","0","0","0","0","0","0","0","0","1","0","","36","08","2019","2019077950","7","40.143","-76.5566","1007","08","0","0","0","0","0","0","0","1","","0","0","0","10","1","2","03","0","40 08:34.209","","02","76 33:24.479","4","0","0","0","36225","0","0","0","N","0","0","0","4","36505","2","","1","01","N","N","0","","0","0","2","3","3","N","1000","2","2","0","0","0","0","0","2","0","2","N","","","","","","","","","","","","03","  ","","",""
"1616","1","0","0","0","0","0","0","0","0","2","0","","36","08","2019","2019077951","6","40.0591","-76.4629","1611","08","0","0","0","0","1","0","0","0","2","0","0","0","16","1","1","02","2","40 03:32.814","5","00","76 27:46.398","3","0","0","0","36239","0","0","0","N","0","0","0","4","36239","0","","1","09","N","N","0","","1","0","1","0","0","Y","1609","1","2","0","0","0","0","0","3","0","2","N","","","","","","","","","","","","03","  ","","",""
"1346","0","0","0","0","0","0","0","0","0","1","1","","36","07","2019","2019077952","3","40.1768","-76.6017","1336","08","0","0","0","0","0","1","0","0","","0","1","0","13","1","2","03","0","40 10:38.704","","02","76 36:05.159","4","0","0","0","36225","0","0","0","N","0","0","0","6","36505","2","","1","01","N","N","0","","0","0","1","3","4","N","1330","2","2","0","0","0","0","0","2","0","2","N","","","","","","","","","","","","03","  ","","",""
"1434","1","0","0","0","0","0","0","0","0","7","0","","36","08","2019","2019078021","7","40.2835","-76.1535","1431","08","0","0","0","0","0","1","0","0","1","0","0","0","14","1","1","00","1","40 17:00.648","3","00","76 09:12.638","4","0","0","0","36236","0","0","0","Y","0","0","0","1","36408","1","","5","01","N","N","0","","0","0","0","0","0","N","1430","1","1","0","0","0","0","0","1","0","1","N","","","","","","","","","","","","03","  ","","",""
"0740","1","0","0","0","0","0","0","0","0","7","0","","36","07","2019","2019078029","3","40.2709","-76.155","0737","08","0","0","0","0","0","0","0","0","","0","0","0","07","1","1","00","0","40 16:15.115","","00","76 09:17.835","8","0","0","0","36236","0","0","0","N","0","0","0","1","36408","0","","5","01","N","N","0","","0","0","0","0","0","N","0735","1","1","0","0","0","1","0","1","0","1","N","","","","","","","","","","","","03","  ","","",""
"0932","2","0","0","0","0","0","0","0","0","1","0","","36","07","2019","2019078073","3","40.1515","-76.2501","0932","08","0","0","0","1","0","1","0","0","1","0","0","0","09","1","0","00","2","40 09:05.328","7","00","76 15:00.393","0","0","0","0","36235","0","0","0","N","0","0","0","3","36506","0","","1","01","N","N","0","","0","0","0","3","2","Y","0925","0","3","0","0","0","0","0","1","1","3","N","","","","","","","","","","","","03","  ","","",""
"0937","1","0","0","0","0","0","0","0","0","4","0","","36","07","2019","2019078075","4","40.1536","-76.3324","0924","08","0","0","0","0","0","0","1","0","","0","0","0","09","1","0","02","0","40 09:13.038","","00","76 19:56.711","0","0","0","0","36227","0","0","0","N","0","0","0","5","36506","0","","1","01","N","N","0","","0","0","1","3","3","","0923","0","2","0","0","0","0","0","1","0","2","N","","","","","","","","","","","","03","  ","","",""
"1437","2","0","0","0","0","0","0","0","0","2","0","","36","07","2019","2019078087","4","40.1309","-76.2172","1432","08","0","0","0","0","0","0","0","1","2","0","0","0","14","1","2","01","2","40 07:51.556","4","00","76 13:01.609","3","0","0","0","36238","0","0","0","N","0","0","0","2","36238","0","","1","01","N","N","0","","2","0","0","3","2","Y","1430","2","2","0","0","0","0","0","3","0","2","N","","","","","","","","","","","","03","  ","","",""
"0413","0","0","0","0","0","0","0","0","0","1","1","65","36","06","2019","2019078121","6","40.2351","-76.0468","0354","08","0","0","0","0","0","0","0","0","3","0","1","0","03","3","1","00","2","40 14:06.280","2","00","76 02:48.531","8","0","0","0","36202","0","0","0","N","0","0","0","2","68J01","0","","1","01","N","Y","1","","0","0","0","3","1","Y","0353","1","2","0","0","0","1","0","1","0","2","Y","4","2","Y","N","N","N","N","Y","N","N","","03","  ","","",""
"0128","1","0","0","0","0","0","0","0","0","7","0","","36","06","2019","2019078122","2","39.8621","-76.2646","0109","08","0","0","0","1","0","0","0","0","","0","0","0","01","2","0","00","0","39 51:43.441","","00","76 15:52.522","0","0","0","0","36224","0","0","0","N","0","0","0","1","68J01","0","","4","01","N","N","0","","0","0","0","0","0","","0108","0","1","0","0","0","0","0","1","0","1","N","","","","","","","","","","","","03","  ","","",""
"2102","2","0","0","0","0","0","0","0","0","1","0","55","36","07","2019","2019078130","1","40.1612","-76.1521","2102","08","0","0","0","0","0","1","0","0","","0","0","0","20","4","3","06","0","40 09:40.320","","00","76 09:07.478","3","0","0","0","36238","0","0","0","N","0","0","0","4","68J01","0","","1","01","N","N","0","","3","0","0","3","3","","2044","3","2","0","0","0","0","0","3","0","2","Y","2","1","N","N","N","Y","Y","N","N","N","","03","  ","","",""
"1713","1","0","0","0","0","0","0","0","0","4","0","","36","07","2019","2019078131","4","40.0116","-76.0465","1656","08","0","1","0","0","1","0","0","0","","0","0","0","16","1","1","01","0","40 00:41.768","","00","76 02:47.220","3","0","0","0","36232","0","0","0","N","0","0","0","2","68J01","0","","1","01","N","N","0","","1","0","1","3","3","","1647","1","2","0","0","0","0","0","1","0","2","N","","","","","","","","","","","","03","  ","","",""
"0916","0","0","0","0","0","0","0","0","0","1","0","","36","07","2019","2019078135","4","39.9162","-76.0967","0843","08","0","0","0","0","0","0","0","0","1","0","0","1","08","1","1","00","1","39 54:58.166","4","00","76 05:48.102","8","0","0","0","36201","1","0","0","N","0","0","0","2","68J01","0","","1","01","N","N","1","","0","0","0","0","0","N","0838","1","2","0","0","0","1","0","1","0","1","N","","","","","","","","","","","","03","  ","","",""
"1708","1","0","0","0","0","0","0","0","0","5","0","","36","07","2019","2019078137","4","39.9169","-76.0946","1656","08","0","0","0","0","0","0","0","1","","0","0","0","16","1","0","00","0","39 55:00.690","","00","76 05:40.694","0","0","0","0","36201","0","0","0","N","0","0","0","3","68J01","0","","1","01","N","N","1","","0","0","0","0","0","","1641","0","2","0","0","0","0","0","1","0","2","N","","","","","","","","","","","","03","  ","","",""
"1341","0","0","0","1","0","0","0","0","0","4","0","","36","07","2019","2019078163","7","40.2247","-76.0942","1340","08","0","0","0","0","0","0","0","0","1","0","0","0","13","1","1","00","1","40 13:28.778","2","07","76 05:39.069","3","0","0","0","36210","1","0","0","N","0","0","0","3","36210","0","","2","01","N","N","0","","1","0","1","0","0","N","1339","1","2","0","0","0","0","0","1","0","1","N","","","","","","","","","","","","03","  ","","",""
"1109","0","0","0","0","0","0","0","0","0","1","0","","36","07","2019","2019078164","6","40.1925","-76.1241","1105","08","0","0","0","0","0","1","0","0","2","0","0","0","11","1","1","00","1","40 11:33.126","2","00","76 07:26.701","8","0","0","0","36210","0","0","0","N","0","0","0","8","36210","0","","1","01","N","N","0","","0","0","1","0","0","N","1102","1","2","0","0","0","1","0","1","1","2","N","","","","","","","","","","","","03","  ","","",""
"1650","1","0","0","0","0","0","0","0","0","4","0","","36","07","2019","2019078169","5","40.2225","-76.0968","1650","08","0","0","0","0","0","1","0","0","","0","0","0","16","1","1","01","0","40 13:20.882","","00","76 05:48.548","4","0","0","0","36210","0","0","0","N","0","0","0","2","36210","1","","1","01","N","N","1","","0","0","0","3","2","","1650","1","2","0","0","0","0","0","1","0","2","N","","","","","","","","","","","","03","  ","","",""
"2358","1","0","0","0","0","0","0","0","0","7","0","","36","08","2019","2019078177","6","40.2122","-76.1291","2356","08","0","0","0","0","0","1","0","0","","0","0","0","23","2","1","00","0","40 12:43.924","","00","76 07:44.929","3","0","0","0","36210","0","0","0","N","0","0","0","1","36210","0","","4","01","N","N","0","","1","0","0","0","0","","2355","1","1","0","0","0","0","0","1","0","1","N","","","","","","","","","","","","03","  ","","",""
"1755","1","0","0","0","0","0","0","0","0","9","0","","36","08","2019","2019078179","7","40.0499","-76.4785","1751","08","0","0","0","0","0","0","0","0","2","0","0","0","17","1","3","00","2","40 02:59.700","6","00","76 28:42.600","8","0","0","0","36239","0","0","0","N","0","0","0","3","36239","0","","4","01","","","0","","0","0","0","0","0","Y","1747","3","1","0","0","1","3","0","3","0","1","N","","","","","","","","","","","","03","  ","","",""
"1240","0","0","0","0","0","0","0","0","0","7","0","","36","08","2019","2019078181","7","40.2196","-76.0765","1236","08","0","0","0","0","0","0","0","0","","0","0","0","12","1","0","00","0","40 13:10.400","","00","76 04:35.300","0","0","0","0","36210","0","0","0","N","0","0","0","1","36210","0","","4","01","N","N","1","","0","0","0","0","0","","1230","0","1","0","0","0","0","0","1","0","1","N","","","","","","","","","","","","03","  ","","",""
"0105","2","0","0","0","0","0","0","0","0","4","0","","36","08","2019","2019078184","1","40.0334","-76.2969","0101","08","0","0","0","0","0","0","0","0","2","0","0","0","01","2","0","00","1","40 02:00.410","4","00","76 17:48.838","9","0","0","0","36301","0","0","0","N","0","0","0","1","36301","0","","1","09","","","0","","0","0","0","0","0","N","0101","0","2","0","0","0","0","1","3","0","2","N","","","","","","","","","","","","07","  ","","",""
"1656","1","0","0","0","0","0","0","0","0","4","0","","36","07","2019","2019078196","3","40.0626","-76.5496","1628","08","0","0","0","0","0","0","1","0","2","0","0","0","16","1","1","01","1","40 03:45.336","4","00","76 32:58.470","3","0","0","0","36211","0","0","0","N","0","0","0","2","36504","0","","1","01","N","N","1","","1","0","0","3","2","Y","1628","1","2","0","0","0","0","0","1","0","2","N","","","","","","","","","","","","03","  ","","",""
"1210","2","0","0","0","0","0","0","0","0","4","0","","36","07","2019","2019078281","4","40.1328","-76.2182","1159","08","0","0","0","0","1","0","0","1","","0","0","0","11","1","0","00","0","40 07:58.202","","00","76 13:05.342","0","0","0","0","36238","0","0","0","N","0","0","0","2","36238","0","","1","01","N","N","0","","0","0","0","0","0","N","1159","0","2","0","0","0","0","0","3","0","2","N","","","","","","","","","","","","03","  ","","",""
"1515","1","0","0","0","0","0","0","0","0","7","0","","36","08","2019","2019078297","1","40.1812","-76.5854","1512","08","0","0","0","0","0","0","0","1","2","0","0","0","15","1","0","02","2","40 10:52.374","5","00","76 35:07.469","0","0","0","0","36225","0","0","0","N","0","0","0","1","36505","0","","2","01","N","N","0","","0","0","0","0","0","Y","1510","0","1","0","0","0","0","0","2","0","1","N","","","","","","","","","","","","03","  ","","",""
"1438","2","0","0","0","0","0","0","0","0","1","0","","36","07","2019","2019078315","2","40.0387","-76.3291","1428","08","0","0","0","0","0","0","0","0","2","0","0","0","14","1","2","00","1","40 02:19.269","4","00","76 19:44.730","3","0","0","0","36220","0","0","0","N","0","0","0","5","36101","1","","1","01","N","N","0","","1","0","2","3","2","N","1428","2","4","0","0","1","0","0","3","0","4","N","","","","","","","","","","","","03","  ","","",""
"1211","0","0","0","0","0","0","0","0","0","8","0","","36","07","2019","2019078316","3","40.1","-76.3541","1202","08","0","0","0","0","0","0","0","0","","0","0","0","07","1","1","01","0","40 06:00.025","","00","76 21:14.898","3","0","0","0","36406","1","0","0","N","1","0","0","2","36101","0","","1","01","N","N","1","","1","0","0","3","2","","0730","1","2","0","0","0","0","0","3","0","1","N","","","","","","","","","","","","03","  ","","",""
"1359","0","0","0","0","0","0","0","0","0","7","0","","36","08","2019","2019078317","6","40.071","-76.3244","1348","08","0","0","0","0","0","1","0","0","","0","0","0","13","1","1","00","0","40 04:15.674","","00","76 19:27.944","3","0","0","0","36101","0","0","0","N","0","0","0","1","36101","0","","3","01","N","N","1","","1","0","0","0","0","","1342","1","2","0","0","0","0","0","3","0","1","N","","","","","","","","","","","","03","  ","","",""
"1731","1","0","0","0","0","0","0","0","0","4","0","","36","08","2019","2019078318","6","40.0579","-76.2808","1723","08","0","0","0","0","0","0","0","1","1","0","0","0","17","1","2","01","1","40 03:28.276","7","00","76 16:50.908","8","0","0","0","36101","0","0","0","N","0","0","0","2","36101","0","","1","01","N","N","0","","0","0","1","3","2","N","1718","2","2","0","0","0","2","0","3","0","2","N","","","","","","","","","","","","03","  ","","",""
"0904","1","0","0","0","0","0","0","0","0","4","1","","36","08","2019","2019078319","1","40.1137","-76.2489","0901","08","0","0","0","0","0","0","0","1","2","0","1","0","09","1","0","02","1","40 06:49.394","4","00","76 14:56.107","0","0","0","0","36101","0","0","0","N","0","0","0","2","36101","0","","1","01","N","N","0","","0","0","0","3","3","N","0900","0","2","0","0","0","0","0","3","0","2","N","","","","","","","","","","","","03","  ","","",""
"0832","0","0","0","0","0","0","0","0","0","4","0","","36","07","2019","2019078320","2","40.1057","-76.4264","0827","08","0","0","0","0","0","0","0","0","2","0","0","0","08","1","0","01","1","40 06:20.352","2","00","76 25:34.862","0","0","0","0","36214","0","0","0","N","0","0","0","2","36214","0","","1","01","N","N","0","","0","0","1","0","0","N","0820","0","2","0","0","0","0","0","3","1","2","N","","","","","","","","","","","","03","  ","","",""
"1404","1","0","0","0","0","0","0","0","0","1","0","","36","07","2019","2019078321","2","40.1231","-76.3751","1355","08","0","0","0","0","0","0","1","0","2","0","0","0","13","1","0","00","1","40 07:23.219","1","00","76 22:30.213","0","0","0","0","36214","0","0","0","N","0","0","0","2","36214","0","","1","01","N","N","1","","0","0","0","0","0","N","1350","0","2","0","0","0","0","0","3","0","2","N","","","","","","","","","","","","03","  ","","",""
"0616","1","0","0","0","0","0","0","0","0","1","0","","36","07","2019","2019078322","3","40.052","-76.3967","0559","08","0","0","0","0","0","0","0","0","","0","0","0","05","1","0","00","0","40 03:07.097","","00","76 23:48.005","0","0","0","0","36214","0","0","0","N","0","0","0","1","36214","0","","1","01","N","N","0","","0","0","0","0","0","","0550","0","2","0","0","1","0","0","3","0","1","N","","","","","","","","","","","","03","  ","","",""
"0340","0","0","0","0","0","0","0","0","0","0","0","","36","07","2019","2019078323","3","39.9969","-76.4474","0336","08","0","0","0","0","0","1","0","0","","0","0","0","00","2","1","00","0","39 59:48.842","","00","76 26:50.756","4","0","0","1","36223","0","0","0","N","0","0","0","1","36223","1","","5","01","N","N","0","","0","0","0","0","0","","0050","1","1","0","0","0","0","0","1","0","1","N","","","","","","","","","","","","03","  ","","",""
"1914","2","0","0","0","0","0","0","0","0","1","0","","36","07","2019","2019078343","2","39.9839","-76.1156","1910","08","0","0","0","0","0","0","0","0","","0","0","0","18","1","0","02","0","39 59:01.867","","00","76 06:56.313","0","0","0","0","36226","0","0","0","N","0","0","0","3","68J01","0","","1","01","N","N","0","","0","0","0","0","0","","1824","0","2","0","0","0","0","0","1","0","2","N","","","","","","","","","","","","03","  ","","",""
"1503","0","0","0","0","0","0","0","0","0","7","0","","36","07","2019","2019078347","4","40.2149","-76.2743","1443","08","1","0","0","0","0","0","0","0","","0","0","0","14","1","0","02","0","40 12:53.809","","00","76 16:27.631","0","0","0","0","36217","0","0","0","N","0","0","0","1","68J01","0","","4","01","N","N","0","","0","0","1","0","0","","1439","0","1","0","0","0","0","0","1","0","1","N","","","","","","","","","","","","03","  ","","",""
"2258","0","0","0","0","0","0","0","0","0","7","0","","36","05","2019","2019078360","1","40.1344","-75.9022","2226","08","0","0","0","0","0","1","0","0","4","0","0","0","22","3","1","00","2","40 08:03.912","5","00","75 54:07.767","3","0","0","0","36203","0","0","0","N","0","0","0","3","68J01","0","","4","01","N","N","0","","1","0","1","0","0","Y","2222","1","1","0","0","0","0","0","1","0","1","N","","","","","","","","","","","","03","  ","","",""
"1905","2","0","0","0","0","0","0","0","0","4","0","","36","07","2019","2019078364","5","40.0387","-76.1577","1901","08","0","0","0","0","0","2","0","0","2","0","0","0","18","1","0","01","2","40 02:19.244","6","00","76 09:27.899","0","0","0","0","36221","0","0","0","Y","0","0","0","4","68J01","0","","1","09","N","N","0","","0","0","0","3","3","Y","1859","0","2","0","0","0","0","0","1","0","2","N","","","","","","","","","","","","03","  ","","",""
"1421","0","0","0","0","0","0","0","0","0","4","0","","36","07","2019","2019078365","6","39.7739","-76.1791","1411","08","0","1","0","0","0","0","0","0","1","0","0","0","14","1","0","01","1","39 46:25.988","5","00","76 10:44.934","0","0","0","0","36219","0","0","0","N","0","0","0","2","68J01","0","","1","01","N","N","0","","0","0","2","3","3","N","1410","0","2","0","0","0","0","0","1","0","2","N","","","","","","","","","","","","03","  ","","",""
"1830","0","0","0","0","0","0","0","0","0","4","1","","36","07","2019","2019078368","4","40.157","-75.9953","1753","08","0","0","0","0","0","1","0","0","","0","1","0","17","1","0","02","0","40 09:25.037","","00","75 59:42.943","0","0","0","0","36203","0","0","0","N","0","0","0","3","68J01","0","","1","01","N","N","1","","0","0","0","3","3","","1740","0","2","0","0","0","0","0","1","0","2","N","","","","","","","","","","","","03","  ","","",""
"2231","0","0","0","0","0","0","0","0","0","7","0","","36","07","2019","2019078369","5","40.2079","-76.3036","2226","08","0","1","0","0","0","0","0","0","2","0","0","0","22","2","2","00","2","40 12:28.395","6","00","76 18:12.813","8","0","0","0","36217","0","0","0","N","0","0","0","2","68J01","0","","4","09","N","N","0","","0","0","1","0","0","Y","2225","2","1","0","0","0","2","0","1","0","1","N","","","","","","","","","","","","03","  ","","",""
"0952","0","0","0","0","0","0","0","0","0","1","0","","36","07","2019","2019078371","6","39.8913","-76.2387","0929","08","0","0","0","0","1","0","0","0","2","0","0","0","09","1","1","00","2","39 53:28.548","1","00","76 14:19.492","3","0","0","0","36229","0","0","0","N","0","0","0","2","68J01","0","","1","01","N","N","1","","1","0","1","0","0","N","0928","1","2","0","0","0","0","0","1","0","2","N","","","","","","","","","","","","03","  ","","",""
"1541","2","0","0","0","0","0","0","0","0","4","0","","36","07","2019","2019078372","6","39.8662","-76.2541","1531","08","0","0","0","0","0","0","0","1","","0","0","0","15","1","0","00","0","39 51:58.195","","00","76 15:14.708","0","0","0","0","36208","0","0","0","N","0","0","0","2","68J01","0","","1","01","N","N","0","","0","0","0","0","0","","1528","0","2","0","0","0","0","0","1","0","2","N","","","","","","","","","","","","03","  ","","",""
"1613","2","0","0","0","0","0","0","0","0","1","0","","36","07","2019","2019078374","6","39.9917","-76.0216","1539","08","0","0","0","0","0","0","1","0","","0","0","0","15","1","0","01","0","39 59:30.278","","00","76 01:17.610","0","0","0","0","36232","0","0","0","N","0","0","0","2","68J01","0","","1","01","N","N","0","","0","0","0","3","2","","1531","0","2","0","0","0","0","0","1","0","2","N","","","","","","","","","","","","03","  ","","",""