"ARRIVAL_TM","AUTOMOBILE_COUNT","BELTED_DEATH_COUNT","BELTED_SUSP_SERIOUS_INJ_COUNT","BICYCLE_COUNT","BICYCLE_DEATH_COUNT","BICYCLE_SUSP_SERIOUS_INJ_COUNT","BUS_COUNT","CHLDPAS_DEATH_COUNT","CHLDPAS_SUSP_SERIOUS_INJ_COUNT","COLLISION_TYPE","COMM_VEH_COUNT","CONS_ZONE_SPD_LIM","COUNTY","CRASH_MONTH","CRASH_YEAR","CRN","DAY_OF_WEEK","DEC_LAT","DEC_LONG","DISPATCH_TM","DISTRICT","DRIVER_COUNT_16YR","DRIVER_COUNT_17YR","DRIVER_COUNT_18YR","DRIVER_COUNT_19YR","DRIVER_COUNT_20YR","DRIVER_COUNT_50_64YR","DRIVER_COUNT_65_74YR","DRIVER_COUNT_75PLUS","EST_HRS_CLOSED","FATAL_COUNT","HEAVY_TRUCK_COUNT","HORSE_BUGGY_COUNT","HOUR_OF_DAY","ILLUMINATION","INJURY_COUNT","INTERSECT_TYPE","LANE_CLOSED","LATITUDE","LN_CLOSE_DIR","LOCATION_TYPE","LONGITUDE","MAX_SEVERITY_LEVEL","MCYCLE_DEATH_COUNT","MCYCLE_SUSP_SERIOUS_INJ_COUNT","MOTORCYCLE_COUNT","MUNICIPALITY","NONMOTR_COUNT","NONMOTR_DEATH_COUNT","NONMOTR_SUSP_SERIOUS_INJ_COUNT","NTFY_HIWY_MAINT","PED_COUNT","PED_DEATH_COUNT","PED_SUSP_SERIOUS_INJ_COUNT","PERSON_COUNT","POLICE_AGCY","POSSIBLE_INJ_COUNT","RDWY_SURF_TYPE_CD","RELATION_TO_ROAD","ROAD_CONDITION","SCH_BUS_IND","SCH_ZONE_IND","SMALL_TRUCK_COUNT","SPEC_JURIS_CD","SUSP_MINOR_INJ_COUNT","SUSP_SERIOUS_INJ_COUNT","SUV_COUNT","TCD_FUNC_CD","TCD_TYPE","TFC_DETOUR_IND","TIME_OF_DAY","TOT_INJ_COUNT","TOTAL_UNITS","UNB_DEATH_COUNT","UNB_SUSP_SERIOUS_INJ_COUNT","UNBELTED_OCC_COUNT","UNK_INJ_DEG_COUNT","UNK_INJ_PER_COUNT","URBAN_RURAL","VAN_COUNT","VEHICLE_COUNT","WORK_ZONE_IND","WORK_ZONE_LOC","WORK_ZONE_TYPE","WORKERS_PRES","WZ_CLOSE_DETOUR","WZ_FLAGGER","WZ_LAW_OFFCR_IND","WZ_LN_CLOSURE","WZ_MOVING","WZ_OTHER","WZ_SHLDER_MDN","ROADWAY_CLEARED","WEATHER1","WEATHER2","WZ_WORKERS_INJ_KILLED","SECONDARY_CRASH","INTERSECTION_RELATED"
"1833","0","0","0","0","0","0","0","0","0","4","0","","36","07","2019","2019078376","7","39.9997","-76.1841","1818","08","0","0","0","0","0","0","0","1","","0","0","0","18","1","0","00","0","39 59:59.004","","07","76 11:02.637","0","0","0","0","36233","0","0","0","N","0","0","0","5","68J01","0","","1","01","N","N","0","","0","0","2","0","0","","1810","0","2","0","0","0","0","0","1","0","2","N","","","","","","","","","","","","03","  ","","",""
"0510","1","0","0","0","0","0","0","0","0","7","0","","36","07","2019","2019078383","3","39.7216","-76.1543","0429","08","0","0","0","0","0","0","0","0","","0","0","0","04","2","0","02","0","39 43:17.583","","00","76 09:15.505","0","0","0","0","36219","0","0","0","N","0","0","0","1","68J01","0","","5","09","N","N","0","","0","0","0","0","0","","0424","0","1","0","0","0","0","0","1","0","1","N","","","","","","","","","","","","07","  ","","",""
"2141","1","0","0","0","0","0","0","0","0","7","0","","36","07","2019","2019078387","3","40.1941","-76.3242","2118","08","0","0","1","0","0","0","0","0","","0","0","0","21","2","0","00","0","40 11:38.720","","00","76 19:27.000","0","0","0","0","36217","0","0","0","N","0","0","0","1","68J01","0","","4","01","N","N","0","","0","0","0","0","0","","2111","0","1","0","0","0","0","0","1","0","1","N","","","","","","","","","","","","03","  ","","",""
"1049","0","0","0","0","0","0","0","0","0","7","0","","36","07","2019","2019078389","4","39.9836","-76.1251","1040","08","0","0","0","0","0","0","0","1","2","0","0","0","10","1","1","02","2","39 59:00.807","7","00","76 07:30.527","3","0","0","0","36226","0","0","0","N","0","0","0","1","68J01","0","","5","01","N","N","0","","1","0","1","0","0","Y","1039","1","2","0","0","0","0","0","1","0","1","N","","","","","","","","","","","","03","  ","","",""
"1410","2","0","0","0","0","0","0","0","0","4","0","","36","07","2019","2019078391","5","40.0592","-76.069","1355","08","0","0","0","0","0","1","0","0","1","0","0","0","13","1","0","01","2","40 03:33.201","6","00","76 04:08.417","0","0","0","0","36221","0","0","0","N","0","0","0","2","68J01","0","","1","01","N","N","0","","0","0","0","3","3","Y","1346","0","2","0","0","0","0","0","1","0","2","N","","","","","","","","","","","","03","  ","","",""
"1647","0","0","0","0","0","0","0","0","0","1","1","55","36","07","2019","2019078393","5","40.182","-76.1319","1642","08","0","0","0","0","0","1","0","0","","0","1","0","16","1","1","00","0","40 10:55.100","","00","76 07:54.797","3","0","0","0","36218","0","0","0","N","0","0","0","3","68J01","0","","1","01","N","N","0","","1","0","2","0","0","","1640","1","3","0","0","0","0","0","1","0","3","Y","4","1","Y","","","Y","Y","","","","","03","  ","","",""
"2015","1","0","0","0","0","0","0","0","0","7","1","","36","07","2019","2019078404","4","40.1123","-76.5138","2015","08","0","0","0","0","0","0","0","0","5","0","1","0","20","4","0","09","2","40 06:44.452","6","00","76 30:49.699","0","0","0","0","36413","0","0","0","N","0","0","0","2","36413","0","","1","01","N","N","0","","0","0","0","0","0","Y","2015","0","2","0","0","1","0","0","2","0","2","N","","","","","","","","","","","","03","  ","","",""
"2125","1","0","0","0","0","0","0","0","0","7","0","","36","07","2019","2019078434","6","40.0521","-76.2942","2120","08","0","0","0","0","0","0","0","0","1","0","0","0","21","3","1","00","2","40 03:07.556","3","00","76 17:39.094","4","0","0","0","36301","0","0","0","N","0","0","0","2","36301","1","","5","01","N","N","0","","0","0","0","0","0","Y","2118","1","1","0","0","0","0","0","3","0","1","N","","","","","","","","","","","","03","  ","","",""
"2329","0","0","0","0","0","0","0","0","0","7","0","","36","08","2019","2019078468","7","40.104","-76.5331","2325","08","0","0","0","0","0","0","0","0","2","0","0","0","23","3","0","00","1","40 06:14.259","1","00","76 31:59.156","0","0","0","0","36211","0","0","0","N","0","0","0","3","36504","0","","5","09","N","N","1","","0","0","0","0","0","N","2323","0","1","0","0","0","0","0","1","0","1","N","","","","","","","","","","","","07","  ","","",""
"1711","1","0","0","0","0","0","0","0","0","2","0","","36","08","2019","2019078500","5","40.041","-76.2916","9999","08","0","0","0","0","0","1","1","0","","0","0","0","16","1","0","02","0","40 02:27.689","","00","76 17:29.630","0","0","0","0","36301","0","0","0","N","0","0","0","2","36301","0","","1","01","N","N","0","","0","0","0","3","2","N","1634","0","2","0","0","0","0","0","3","1","2","N","","","","","","","","","","","","03","  ","","",""
"1729","1","0","0","0","0","0","0","0","0","4","0","","36","07","2019","2019078654","4","40.0599","-76.2776","1726","08","0","0","0","0","0","1","0","0","1","0","0","0","17","1","1","07","1","40 03:35.749","3","00","76 16:39.355","4","0","0","0","36101","0","0","0","N","0","0","0","2","36101","1","","1","01","N","N","0","","0","0","1","3","2","N","1726","1","2","0","0","0","0","0","3","0","2","N","","","","","","","","","","","","03","  ","","",""
"1552","2","0","0","0","0","0","0","0","0","4","0","","36","07","2019","2019078655","5","40.0979","-76.3523","1546","08","0","0","0","0","0","0","0","0","1","0","0","0","15","1","0","05","1","40 05:52.418","3","00","76 21:08.229","0","0","0","0","36406","0","0","0","N","0","0","0","2","36101","0","","1","01","N","N","0","","0","0","0","0","0","N","1542","0","2","0","0","0","0","0","3","0","2","N","","","","","","","","","","","","03","  ","","",""
"1820","1","0","0","0","0","0","0","0","0","4","0","","36","07","2019","2019078656","3","40.0698","-76.3077","1817","08","0","0","0","0","0","1","0","0","","0","0","0","17","1","0","01","0","40 04:11.767","","00","76 18:28.394","0","0","0","0","36101","0","0","0","N","0","0","0","2","36101","0","","1","01","N","N","0","","0","0","1","0","0","","1747","0","2","0","0","0","0","0","3","0","2","N","","","","","","","","","","","","03","  ","","",""
"1554","3","0","0","0","0","0","0","0","0","1","0","","36","08","2019","2019078657","6","40.1058","-76.3054","1540","08","0","0","0","0","0","2","2","0","2","0","0","0","15","1","0","00","1","40 06:20.952","2","00","76 18:19.604","0","0","0","0","36101","0","0","0","N","0","0","0","5","36101","0","","1","01","N","N","0","","0","0","2","3","2","N","1536","0","5","0","0","0","0","0","3","0","5","N","","","","","","","","","","","","03","  ","","",""
"1928","1","0","0","0","0","0","0","0","0","7","0","","36","08","2019","2019078658","7","40.058","-76.2736","1923","08","0","1","0","0","0","0","0","0","","0","0","0","18","1","0","00","0","40 03:28.937","","00","76 16:24.847","0","0","0","0","36101","0","0","0","N","0","0","0","1","36101","0","","5","09","N","N","0","","0","0","0","0","0","","1857","0","1","0","0","0","0","0","3","0","1","N","","","","","","","","","","","","07","  ","","",""
"0814","2","0","0","0","0","0","0","0","0","4","0","","36","08","2019","2019078659","2","40.0423","-76.279","0811","08","0","0","0","0","0","0","0","0","","0","0","0","08","1","2","02","0","40 02:32.253","","00","76 16:44.477","4","0","0","0","36220","0","0","0","N","0","0","0","3","36101","2","","1","01","N","N","0","","0","0","0","3","3","","0809","2","2","0","0","0","0","0","3","0","2","N","","","","","","","","","","","","03","  ","","",""
"1442","0","0","0","0","0","0","0","0","0","4","0","","36","08","2019","2019078660","6","40.0394","-76.3624","1435","08","0","0","0","0","0","0","0","1","2","0","0","0","14","1","1","00","1","40 02:21.773","4","00","76 21:44.795","3","0","0","0","36214","0","0","0","N","0","0","0","4","36214","0","","1","01","N","N","0","","1","0","2","0","0","Y","1430","1","2","0","0","0","0","0","3","0","2","N","","","","","","","","","","","","03","  ","","",""
"1025","1","0","0","0","0","0","0","0","0","4","0","","36","07","2019","2019078661","3","40.1028","-76.0775","1022","08","0","0","0","0","0","1","0","0","","0","0","0","10","1","0","01","0","40 06:09.921","","00","76 04:39.151","0","0","0","0","36415","0","0","0","N","0","0","0","3","36415","0","","1","01","N","N","0","","0","0","1","3","3","","1019","0","2","0","0","0","0","0","1","0","2","N","","","","","","","","","","","","03","  ","","",""
"1720","1","0","0","0","0","0","0","0","0","0","0","","36","07","2019","2019078662","3","40.1338","-76.1216","1716","08","0","0","0","0","0","0","0","0","1","0","0","0","17","1","0","00","2","40 08:01.750","5","00","76 07:17.850","0","0","0","0","36209","0","0","0","N","0","0","0","1","36415","0","","5","01","N","N","0","","0","0","0","0","0","Y","1714","0","1","0","0","0","0","0","1","0","1","N","","","","","","","","","","","","03","  ","","",""
"1710","0","0","0","0","0","0","0","0","0","6","0","","36","07","2019","2019078663","4","40.0838","-76.0738","1705","08","0","0","0","0","0","0","0","1","","0","0","0","17","1","0","02","0","40 05:01.780","","00","76 04:25.705","0","0","0","0","36209","0","0","0","N","0","0","0","3","36415","0","","1","01","N","N","0","","0","0","1","0","0","","1700","0","2","0","0","0","0","0","1","1","2","N","","","","","","","","","","","","03","  ","","",""
"2018","1","0","0","0","0","0","0","0","0","4","0","","36","08","2019","2019078664","7","40.1012","-76.0935","2016","08","0","0","0","0","0","1","0","0","2","0","0","0","20","3","1","00","2","40 06:04.419","6","00","76 05:36.702","8","0","0","0","36415","0","0","0","N","0","0","0","1","36415","0","","4","01","N","N","0","","0","0","2","0","0","Y","2014","1","3","0","0","0","1","0","1","0","3","N","","","","","","","","","","","","03","  ","","",""
"1844","1","0","0","0","0","0","0","0","0","7","0","","36","01","2019","2019078863","7","40.13","-76.7118","1814","08","0","0","0","0","0","0","0","0","","0","0","0","18","2","0","03","0","40 07:48.141","","00","76 42:42.470","0","0","0","0","36207","0","0","0","N","0","0","0","1","36504","0","","2","07","N","N","0","","0","0","0","0","0","","1812","0","1","0","0","0","0","0","1","0","1","N","","","","","","","","","","","","10","  ","","",""
"1800","2","0","0","0","0","0","0","0","0","4","0","","36","08","2019","2019079044","2","40.0484","-76.3011","1754","08","0","0","0","0","0","0","0","0","","0","0","0","17","1","0","01","0","40 02:54.355","","00","76 18:03.826","0","0","0","0","36301","0","0","0","N","0","0","0","2","36301","0","","1","01","N","N","0","","0","0","0","3","3","N","1754","0","2","0","0","0","0","0","3","0","2","N","","","","","","","","","","","","03","  ","","",""
"1156","0","0","0","0","0","0","0","0","0","7","0","","36","07","2019","2019079072","6","40.0684","-76.2888","1152","08","0","0","0","0","0","1","0","0","","0","0","0","11","1","1","00","0","40 04:06.146","","02","76 17:19.765","3","0","0","1","36101","0","0","0","N","0","0","0","1","36101","0","","5","01","N","N","0","","1","0","0","0","0","","1151","1","1","0","0","0","0","0","3","0","1","N","","","","","","","","","","","","03","  ","","",""
"1240","1","0","0","0","0","0","0","0","0","7","0","","36","07","2019","2019079073","3","40.1059","-76.3347","1212","08","0","0","0","0","0","0","0","1","2","0","0","0","12","1","0","00","1","40 06:21.385","3","00","76 20:04.965","0","0","0","0","36101","0","0","0","N","0","0","0","1","36101","0","","5","01","N","N","0","","0","0","0","0","0","N","1208","0","1","0","0","0","0","0","3","0","1","N","","","","","","","","","","","","03","  ","","",""
"1924","1","0","0","0","0","0","0","0","0","1","0","","36","08","2019","2019079074","2","40.0569","-76.3941","1923","08","0","0","0","0","0","1","0","0","1","0","0","0","19","4","1","00","2","40 03:24.880","6","00","76 23:38.593","8","0","0","1","36214","0","0","0","N","0","0","0","3","36214","0","","1","01","N","N","0","","0","0","0","0","0","Y","1920","1","2","0","0","0","1","0","3","0","2","N","","","","","","","","","","","","03","  ","","",""
"1523","0","0","0","0","0","0","0","0","0","4","0","","36","07","2019","2019079075","3","40.0402","-76.2391","1523","08","0","0","0","0","0","0","1","0","2","0","0","0","15","1","0","01","2","40 02:24.730","4","00","76 14:20.844","0","0","0","0","36215","0","0","0","N","0","0","0","3","36215","0","","1","01","N","N","0","","0","0","2","3","2","N","1523","0","2","0","0","0","0","0","1","0","2","N","","","","","","","","","","","","03","  ","","",""
"1242","3","0","0","0","0","0","0","0","0","1","0","","36","07","2019","2019079076","1","40.0402","-76.2384","1220","08","0","0","0","0","0","0","0","0","2","0","0","0","12","1","0","00","2","40 02:24.684","4","00","76 14:18.104","0","0","0","0","36215","0","0","0","N","0","0","0","6","36215","0","","1","01","N","N","0","","0","0","1","3","2","N","1218","0","4","0","0","0","0","0","1","0","4","N","","","","","","","","","","","","03","  ","","",""
"0904","1","0","0","0","0","0","0","0","0","4","0","","36","07","2019","2019079077","4","40.0813","-76.238","0854","08","0","0","0","0","0","0","0","1","","0","0","0","08","1","0","00","0","40 04:52.700","","00","76 14:16.841","0","0","0","0","36234","0","0","0","N","0","0","0","3","36215","0","","1","01","N","N","0","","0","0","0","0","0","","0852","0","2","0","0","0","0","0","1","1","2","N","","","","","","","","","","","","03","  ","","",""
"1754","1","0","0","0","0","0","0","0","0","4","0","","36","07","2019","2019079078","6","40.088","-76.1854","1750","08","0","0","0","0","0","1","1","0","2","0","0","0","17","1","0","00","1","40 05:16.671","3","07","76 11:07.293","0","0","0","0","36234","0","0","0","N","0","0","0","2","36215","0","","2","01","N","N","0","","0","0","1","0","0","N","1735","0","2","0","0","0","0","0","1","0","2","N","","","","","","","","","","","","03","  ","","",""
"1605","1","0","0","0","0","0","0","0","0","4","0","","36","07","2019","2019079079","7","40.0261","-76.2109","1603","08","0","0","0","0","0","1","0","0","3","0","0","0","16","1","2","00","1","40 01:33.792","3","00","76 12:39.372","8","0","0","0","36215","0","0","0","N","0","0","0","3","36215","0","","1","01","N","N","0","","0","0","1","0","0","N","1602","2","2","0","0","0","2","0","1","0","2","N","","","","","","","","","","","","03","  ","","",""
"1518","0","0","0","0","0","0","0","0","0","1","0","","36","07","2019","2019079080","4","40.0385","-76.1776","1502","08","0","0","0","0","0","0","1","0","","0","0","0","15","1","0","00","0","40 02:18.624","","07","76 10:39.375","0","0","0","0","36215","0","0","0","N","0","0","0","3","36215","0","","1","01","N","N","1","","0","0","2","0","0","","1502","0","3","0","0","0","0","0","1","0","3","N","","","","","","","","","","","","03","  ","","",""
"0818","1","0","0","0","0","0","0","0","0","7","0","","36","07","2019","2019079081","5","40.0542","-76.1701","0800","08","0","0","0","0","0","0","0","0","1","0","0","0","07","1","1","00","2","40 03:15.037","2","00","76 10:12.277","3","0","0","0","36234","0","0","0","N","0","0","0","2","36215","0","","5","01","N","N","1","","1","0","0","0","0","N","0759","1","2","0","0","0","0","0","1","0","2","N","","","","","","","","","","","","03","  ","","",""
"1538","0","0","0","0","0","0","0","0","0","4","0","","36","07","2019","2019079082","5","40.0264","-76.2141","1535","08","0","0","0","0","0","1","0","0","2","0","0","0","15","1","1","00","2","40 01:35.118","4","00","76 12:50.852","3","0","0","0","36215","0","0","0","N","0","0","0","3","36215","0","","1","01","N","N","1","","1","0","1","0","0","N","1530","1","2","0","0","0","0","0","1","0","2","N","","","","","","","","","","","","03","  ","","",""
"1225","0","0","0","0","0","0","0","0","0","1","1","","36","07","2019","2019079083","6","40.0867","-76.1958","1222","08","0","0","0","0","0","0","0","0","","0","1","0","12","1","1","00","0","40 05:12.236","","00","76 11:44.988","4","0","0","0","36234","0","0","0","N","0","0","0","2","36215","1","","1","01","N","N","0","","0","0","1","3","2","","1219","1","2","0","0","0","0","0","1","0","2","N","","","","","","","","","","","","03","  ","","",""
"2139","0","0","0","0","0","0","0","0","0","0","0","","36","07","2019","2019079084","7","40.0331","-76.2452","2138","08","0","0","0","0","0","1","0","0","1","0","0","0","21","3","2","01","1","40 01:59.353","1","00","76 14:42.859","2","0","1","1","36215","0","0","0","N","0","0","0","2","36215","0","","1","01","N","N","0","","0","1","0","0","0","N","2137","2","1","0","0","0","1","0","1","0","1","N","","","","","","","","","","","","03","  ","","",""
"1417","1","0","0","0","0","0","0","0","0","7","0","","36","07","2019","2019079085","1","40.0209","-76.185","1413","08","0","0","0","0","0","0","0","1","3","0","0","0","14","1","0","00","1","40 01:15.375","4","00","76 11:06.148","0","0","0","0","36215","0","0","0","N","0","0","0","1","36215","0","","5","01","N","N","0","","0","0","0","0","0","N","1411","0","1","0","0","0","0","0","1","0","1","N","","","","","","","","","","","","03","  ","","",""
"0249","1","0","0","0","0","0","0","0","0","7","0","","36","08","2019","2019079087","7","40.0343","-76.2322","0246","08","0","0","0","0","0","0","0","0","2","0","0","0","02","3","0","00","2","40 02:03.400","7","00","76 13:56.000","0","0","0","0","36215","0","0","0","N","0","0","0","1","36215","0","","5","01","N","N","0","","0","0","0","0","0","Y","0246","0","1","0","0","0","0","0","1","0","1","N","","","","","","","","","","","","03","  ","","",""
"1735","3","0","0","0","0","0","0","0","0","1","0","","36","07","2019","2019079088","5","40.1326","-76.347","1722","08","0","0","0","0","0","1","0","0","2","0","0","0","17","1","0","01","1","40 07:57.364","5","00","76 20:49.148","0","0","0","0","36227","0","0","0","N","0","0","0","4","36506","0","","1","01","N","N","0","","0","0","1","0","0","N","1718","0","4","0","0","0","0","0","1","0","4","N","","","","","","","","","","","","03","  ","","",""
"1159","1","0","0","0","0","0","0","0","0","1","0","","36","08","2019","2019079247","5","40.1679","-76.1661","1159","08","0","0","0","0","0","1","0","1","","0","0","0","11","1","0","02","0","40 10:04.481","","00","76 09:57.973","0","0","0","0","36408","0","0","0","N","0","0","0","5","36408","0","","1","01","N","N","1","","0","0","1","3","2","","1159","0","4","0","0","0","0","0","2","1","4","N","","","","","","","","","","","","03","  ","","",""
"1740","0","0","0","0","0","0","0","0","0","4","0","","36","08","2019","2019079261","3","40.2264","-76.1804","1735","08","0","0","0","0","0","1","0","0","1","0","0","0","17","1","0","01","1","40 13:34.893","2","00","76 10:49.273","0","0","0","0","36236","0","0","0","N","0","0","0","2","36408","0","","1","01","N","N","2","","0","0","0","0","0","N","1735","0","2","0","0","0","0","0","1","0","2","N","","","","","","","","","","","","03","  ","","",""
"2243","1","0","0","0","0","0","0","0","0","5","0","","36","07","2019","2019079263","4","40.037","-76.3147","2242","08","0","0","0","0","0","0","0","0","2","0","0","0","22","3","0","02","2","40 02:13.183","5","00","76 18:53.043","0","0","0","0","36301","0","0","0","N","0","0","0","1","36301","0","","1","01","N","N","0","","0","0","0","0","0","Y","2225","0","2","0","0","0","0","0","3","1","2","N","","","","","","","","","","","","03","  ","","",""
"0120","2","0","0","0","0","0","0","0","0","2","0","","36","08","2019","2019079268","4","40.0272","-76.2904","","08","0","0","0","0","1","0","0","0","2","0","0","0","01","3","1","02","2","40 01:37.987","2","00","76 17:25.428","4","0","0","0","36301","0","0","0","N","0","0","0","2","36301","1","","2","01","N","N","0","","0","0","0","3","3","N","0120","1","2","0","0","0","0","0","3","0","2","N","","","","","","","","","","","","03","  ","","",""
"0614","1","0","0","0","0","0","0","0","0","7","0","","36","07","2019","2019079276","2","40.102","-76.5347","0604","08","0","0","0","0","0","0","0","0","","0","0","0","06","1","0","00","0","40 06:07.271","","00","76 32:04.803","0","0","0","0","36211","0","0","0","N","0","0","0","1","36504","0","","2","01","N","N","0","","0","0","0","0","0","","0602","0","1","0","0","0","0","0","1","0","1","N","","","","","","","","","","","","03","  ","","",""
"1918","1","0","0","0","0","0","0","0","0","1","0","","36","08","2019","2019079296","7","40.1092","-76.4865","1916","08","0","0","0","0","0","0","0","0","","0","0","0","18","1","0","00","0","40 06:33.100","","00","76 29:11.288","0","0","0","0","36413","0","0","0","N","0","0","0","2","36413","0","","1","09","N","N","0","","0","0","1","0","0","","1820","0","2","0","0","0","0","0","2","0","2","N","","","","","","","","","","","","07","  ","","",""
"0944","1","0","0","0","0","0","0","0","0","7","0","","36","07","2019","2019079299","7","40.1097","-76.0087","0940","08","0","0","0","0","0","0","0","0","","0","0","0","09","1","1","02","0","40 06:34.872","","00","76 00:31.191","3","0","0","0","36213","0","0","0","N","0","0","0","1","36213","0","","5","01","N","N","0","","1","0","0","0","0","N","0935","1","1","0","0","0","0","0","1","0","1","N","","","","","","","","","","","","03","  ","","",""
"1015","2","0","0","0","0","0","0","0","0","4","0","","36","08","2019","2019079326","4","40.2057","-76.1752","1011","08","0","0","0","0","0","1","0","0","","0","0","0","10","1","1","01","0","40 12:20.434","","00","76 10:30.803","8","0","0","0","36218","0","0","0","N","0","0","0","4","36408","0","","1","01","N","N","0","","0","0","0","3","3","N","1010","1","2","0","0","0","1","0","1","0","2","N","","","","","","","","","","","","03","  ","","",""
"1644","1","0","0","0","0","0","0","0","0","4","0","","36","08","2019","2019079327","6","39.8986","-76.1593","1644","08","0","1","0","0","0","0","1","0","","0","0","0","16","1","1","01","0","39 53:54.870","","00","76 09:33.620","3","0","0","0","36416","0","0","0","N","0","0","0","3","36416","0","","1","01","N","N","0","","1","0","1","3","3","","1644","1","2","0","0","0","0","0","1","0","2","N","","","","","","","","","","","","03","  ","","",""
"0800","1","0","0","0","0","0","0","0","0","4","1","","36","08","2019","2019079350","4","40.142","-76.5535","0756","08","0","0","0","0","0","2","0","0","","0","1","0","07","1","0","07","0","40 08:28.802","","02","76 33:09.412","0","0","0","0","36225","0","0","0","N","0","0","0","2","36505","0","","1","01","N","N","0","","0","0","0","3","4","N","0754","0","2","0","0","0","0","0","2","0","2","N","","","","","","","","","","","","03","  ","","",""
"1622","0","0","0","0","0","0","0","0","0","5","0","","36","07","2019","2019079392","2","40.001","-76.1845","1555","08","0","0","0","0","0","1","0","0","","0","0","0","15","1","0","00","0","40 00:03.767","","00","76 11:04.339","0","0","0","0","36233","0","0","0","N","0","0","0","4","68J01","0","","1","01","N","N","0","","0","0","2","0","0","","1533","0","2","0","0","0","0","0","1","0","2","N","","","","","","","","","","","","03","  ","","",""
"1455","0","0","0","0","0","0","0","0","0","7","0","","36","07","2019","2019079396","5","40.2241","-76.0975","1433","08","0","0","0","1","0","0","0","0","1","0","0","0","14","1","0","00","1","40 13:26.789","3","00","76 05:50.917","0","0","0","0","36210","0","0","0","N","0","0","0","1","68T06","0","","2","09","N","N","0","","0","0","1","0","0","N","1433","0","1","0","0","0","0","0","1","0","1","N","","","","","","","","","","","","07","  ","","",""
"1346","0","0","0","0","0","0","0","0","0","4","0","","36","07","2019","2019079398","7","40.0381","-76.1069","1339","08","0","0","0","0","0","1","0","0","2","0","0","0","13","1","0","01","2","40 02:17.331","1","00","76 06:24.820","0","0","0","0","36221","0","0","0","N","0","0","0","2","68J01","0","","1","01","N","N","0","","0","0","1","3","3","Y","1337","0","2","0","0","0","0","0","1","1","2","N","","","","","","","","","","","","03","  ","","",""
"1028","1","0","0","0","0","0","0","0","0","4","0","","36","07","2019","2019079399","2","40.2414","-76.3367","0959","08","0","0","0","0","0","0","1","0","2","0","0","0","09","1","1","03","2","40 14:28.957","6","00","76 20:12.060","8","0","0","0","36217","0","0","0","Y","0","0","0","2","68J01","0","","1","01","N","N","1","","0","0","0","3","3","Y","0958","1","2","0","0","0","1","0","1","0","2","N","","","","","","","","","","","","03","  ","","",""
"1737","1","0","0","0","0","0","0","0","0","4","0","","36","08","2019","2019079413","3","39.9743","-76.2746","1732","08","0","0","0","0","0","1","0","0","","0","0","0","17","1","0","01","0","39 58:27.602","","00","76 16:28.609","0","0","0","0","36240","0","0","0","N","0","0","0","2","36240","0","","1","01","N","N","0","","0","0","0","0","0","N","1732","0","2","0","0","0","0","0","1","1","2","N","","","","","","","","","","","","03","  ","","",""
"1545","1","0","0","0","0","0","0","0","0","4","0","","36","07","2019","2019079461","2","40.07","-76.3004","1541","08","0","0","0","0","0","0","0","0","1","0","0","0","15","1","3","00","1","40 04:12.100","3","07","76 18:01.370","3","0","0","0","36101","0","0","0","N","0","0","0","3","36101","0","","1","01","N","N","0","","3","0","1","0","0","N","1540","3","2","0","0","0","0","0","3","0","2","N","","","","","","","","","","","","03","  ","","",""
"1316","3","0","0","0","0","0","0","0","0","1","0","","36","08","2019","2019079462","2","40.0869","-76.1937","1316","08","0","0","1","0","0","0","0","0","2","0","0","0","13","1","1","00","2","40 05:12.916","4","00","76 11:37.156","3","0","0","0","36234","0","0","0","N","0","0","0","4","36215","0","","1","01","N","N","0","","1","0","0","0","0","N","1313","1","3","0","0","0","0","0","1","0","3","N","","","","","","","","","","","","03","  ","","",""
"1702","0","0","0","0","0","0","0","0","0","7","0","","36","08","2019","2019079463","2","40.0166","-76.154","1652","08","0","0","0","0","0","1","0","0","3","0","0","0","16","1","0","00","2","40 00:59.900","5","00","76 09:14.400","0","0","0","0","36215","0","0","0","N","0","0","0","1","36215","0","","4","01","N","N","1","","0","0","0","0","0","Y","1649","0","1","0","0","0","0","0","1","0","1","N","","","","","","","","","","","","03","  ","","",""
"1727","2","0","0","0","0","0","0","0","0","4","0","","36","08","2019","2019079464","3","40.1532","-76.3046","1724","08","0","0","0","0","0","0","0","0","","0","0","0","17","1","0","02","0","40 09:11.588","","00","76 18:16.495","0","0","0","0","36409","0","0","0","N","0","0","0","2","36409","0","","1","09","N","N","0","","0","0","0","3","3","","1718","0","2","0","0","0","0","0","3","0","2","N","","","","","","","","","","","","03","  ","","",""
"0841","0","0","0","0","0","0","0","0","0","9","0","","36","07","2019","2019079506","4","40.0373","-75.9848","0819","08","0","0","0","0","0","0","0","0","3","0","0","0","08","5","0","00","1","40 02:14.110","2","00","75 59:05.210","0","0","0","0","36232","0","0","0","N","0","0","0","1","68J01","0","","1","01","N","N","0","","0","0","1","0","0","N","0813","0","1","0","0","0","0","0","1","0","1","N","","","","","","","","","","","","03","  ","","",""