"ARRIVAL_TM","AUTOMOBILE_COUNT","BELTED_DEATH_COUNT","BELTED_SUSP_SERIOUS_INJ_COUNT","BICYCLE_COUNT","BICYCLE_DEATH_COUNT","BICYCLE_SUSP_SERIOUS_INJ_COUNT","BUS_COUNT","CHLDPAS_DEATH_COUNT","CHLDPAS_SUSP_SERIOUS_INJ_COUNT","COLLISION_TYPE","COMM_VEH_COUNT","CONS_ZONE_SPD_LIM","COUNTY","CRASH_MONTH","CRASH_YEAR","CRN","DAY_OF_WEEK","DEC_LAT","DEC_LONG","DISPATCH_TM","DISTRICT","DRIVER_COUNT_16YR","DRIVER_COUNT_17YR","DRIVER_COUNT_18YR","DRIVER_COUNT_19YR","DRIVER_COUNT_20YR","DRIVER_COUNT_50_64YR","DRIVER_COUNT_65_74YR","DRIVER_COUNT_75PLUS","EST_HRS_CLOSED","FATAL_COUNT","HEAVY_TRUCK_COUNT","HORSE_BUGGY_COUNT","HOUR_OF_DAY","ILLUMINATION","INJURY_COUNT","INTERSECT_TYPE","LANE_CLOSED","LATITUDE","LN_CLOSE_DIR","LOCATION_TYPE","LONGITUDE","MAX_SEVERITY_LEVEL","MCYCLE_DEATH_COUNT","MCYCLE_SUSP_SERIOUS_INJ_COUNT","MOTORCYCLE_COUNT","MUNICIPALITY","NONMOTR_COUNT","NONMOTR_DEATH_COUNT","NONMOTR_SUSP_SERIOUS_INJ_COUNT","NTFY_HIWY_MAINT","PED_COUNT","PED_DEATH_COUNT","PED_SUSP_SERIOUS_INJ_COUNT","PERSON_COUNT","POLICE_AGCY","POSSIBLE_INJ_COUNT","RDWY_SURF_TYPE_CD","RELATION_TO_ROAD","ROAD_CONDITION","SCH_BUS_IND","SCH_ZONE_IND","SMALL_TRUCK_COUNT","SPEC_JURIS_CD","SUSP_MINOR_INJ_COUNT","SUSP_SERIOUS_INJ_COUNT","SUV_COUNT","TCD_FUNC_CD","TCD_TYPE","TFC_DETOUR_IND","TIME_OF_DAY","TOT_INJ_COUNT","TOTAL_UNITS","UNB_DEATH_COUNT","UNB_SUSP_SERIOUS_INJ_COUNT","UNBELTED_OCC_COUNT","UNK_INJ_DEG_COUNT","UNK_INJ_PER_COUNT","URBAN_RURAL","VAN_COUNT","VEHICLE_COUNT","WORK_ZONE_IND","WORK_ZONE_LOC","WORK_ZONE_TYPE","WORKERS_PRES","WZ_CLOSE_DETOUR","WZ_FLAGGER","WZ_LAW_OFFCR_IND","WZ_LN_CLOSURE","WZ_MOVING","WZ_OTHER","WZ_SHLDER_MDN","ROADWAY_CLEARED","WEATHER1","WEATHER2","WZ_WORKERS_INJ_KILLED","SECONDARY_CRASH","INTERSECTION_RELATED"
"2302","1","0","0","0","0","0","0","0","0","4","0","","36","07","2019","2019079559","4","39.9851","-76.1517","2243","08","0","0","0","0","0","0","1","0","","0","0","0","21","3","0","00","0","39 59:06.200","","07","76 09:06.000","9","0","0","0","36226","0","0","0","N","0","0","0","3","68J01","0","","1","01","N","N","0","","0","0","1","0","0","","2148","0","2","0","0","0","0","1","1","0","2","N","","","","","","","","","","","","03","  ","","",""
"0303","1","0","0","0","0","0","0","0","0","4","0","","36","08","2019","2019079619","1","40.0214","-76.3189","0257","08","0","0","0","0","0","1","0","0","","0","0","0","02","3","1","02","0","40 01:16.867","","00","76 19:08.174","4","0","0","0","36301","0","0","0","N","0","0","0","2","36301","1","","1","01","N","N","0","","0","0","1","3","3","N","0243","1","2","0","0","0","0","1","3","0","2","N","","","","","","","","","","","","03","  ","","",""
"1137","0","0","0","0","0","0","0","0","0","1","0","","36","08","2019","2019079626","2","40.2176","-76.1143","1134","08","0","0","0","0","0","1","0","0","1","0","0","0","11","1","1","01","1","40 13:03.416","1","00","76 06:51.324","2","0","1","1","36210","0","0","0","N","0","0","0","3","36210","0","","1","01","N","N","0","","0","1","1","3","2","N","1132","1","2","0","0","0","0","0","1","0","2","N","","","","","","","","","","","","03","  ","","",""
"1453","1","0","0","0","0","0","0","0","0","4","0","","36","07","2019","2019079628","2","40.224","-76.1472","1445","08","0","0","1","0","0","0","0","0","2","0","0","0","14","1","2","01","1","40 13:26.276","1","00","76 08:49.774","3","0","0","0","36405","0","0","0","N","0","0","0","3","36210","0","","1","01","N","N","0","","2","0","1","3","3","Y","1445","2","2","0","0","0","0","0","1","0","2","N","","","","","","","","","","","","03","  ","","",""
"1613","0","0","0","0","0","0","0","0","0","4","0","","36","08","2019","2019079629","5","40.2436","-76.0836","1610","08","0","0","0","0","0","1","0","0","2","0","0","0","16","1","1","02","2","40 14:36.904","5","00","76 05:00.842","8","0","0","1","36210","0","0","0","N","0","0","0","2","36210","0","","1","01","N","N","0","","0","0","1","3","3","Y","1608","1","2","0","0","1","1","0","1","0","2","N","","","","","","","","","","","","03","  ","","",""
"1903","1","0","0","0","0","0","0","0","0","7","0","","36","08","2019","2019079630","4","40.275","-76.1001","1856","08","0","0","0","0","0","0","0","0","1","0","0","0","18","1","1","03","1","40 16:30.176","1","00","76 06:00.331","3","0","0","0","36210","0","0","0","N","0","0","0","3","36210","0","","4","09","N","N","0","","1","0","0","0","0","Y","1853","1","1","0","0","0","0","0","1","0","1","N","","","","","","","","","","","","07","  ","","",""
"2251","0","0","0","0","0","0","0","0","0","7","0","","36","08","2019","2019079668","7","39.9731","-76.2595","2249","08","0","0","0","0","0","0","0","0","2","0","0","0","22","2","1","00","2","39 58:23.114","6","00","76 15:34.110","3","0","0","0","36240","0","0","0","N","0","0","0","1","36240","0","","4","01","N","N","1","","1","0","0","0","0","Y","2247","1","1","0","0","0","0","0","1","0","1","N","","","","","","","","","","","","03","  ","","",""
"1620","0","0","0","0","0","0","0","0","0","4","0","","36","08","2019","2019079705","6","40.0378","-76.2919","1617","08","0","0","0","0","0","0","0","0","1","0","0","0","16","1","1","00","2","40 02:16.146","5","00","76 17:30.887","2","0","1","1","36301","0","0","0","N","0","0","0","1","36301","0","","6","01","N","N","1","","0","1","0","0","0","Y","1617","1","2","0","0","0","0","0","3","0","2","N","","","","","","","","","","","","03","  ","","",""
"0854","1","0","0","0","0","0","0","0","0","1","0","","36","08","2019","2019079708","5","40.1309","-76.2172","0848","08","0","0","0","0","0","0","1","0","","0","0","0","08","1","1","01","0","40 07:51.556","","00","76 13:01.609","4","0","0","0","36238","0","0","0","N","0","0","0","2","36238","1","","1","01","N","N","0","","0","0","1","3","2","N","0846","1","2","0","0","0","0","0","3","0","2","N","","","","","","","","","","","","03","  ","","",""
"0019","1","0","0","0","0","0","0","0","0","0","0","","36","07","2019","2019079870","1","40.0584","-76.306","0019","08","0","0","0","0","0","1","0","0","2","0","0","0","00","3","0","00","1","40 03:30.069","2","00","76 18:21.487","0","0","0","0","36101","0","0","0","N","0","0","0","1","36101","0","","1","01","N","N","0","","0","0","0","0","0","N","0010","0","1","0","0","0","0","0","3","0","1","N","","","","","","","","","","","","03","  ","","",""
"1640","2","0","0","0","0","0","0","0","0","1","0","","36","07","2019","2019079871","3","40.0745","-76.3085","1636","08","1","0","0","0","0","1","0","0","","0","0","0","16","1","0","00","0","40 04:28.202","","00","76 18:30.558","0","0","0","0","36101","0","0","0","N","0","0","0","2","36101","0","","1","01","N","N","0","","0","0","0","0","0","","1634","0","2","0","0","0","0","0","3","0","2","N","","","","","","","","","","","","03","  ","","",""
"0900","1","0","0","0","0","0","0","0","0","1","0","","36","08","2019","2019079872","4","40.1102","-76.3355","0857","08","0","0","0","0","0","0","0","0","","0","0","0","08","1","0","00","0","40 06:36.772","","00","76 20:07.840","0","0","0","0","36101","0","0","0","N","0","0","0","2","36101","0","","1","01","N","N","0","","0","0","1","3","2","","0853","0","2","0","0","0","0","0","3","0","2","N","","","","","","","","","","","","03","  ","","",""
"1710","1","0","0","0","0","0","0","0","0","4","0","","36","08","2019","2019079873","4","40.0437","-76.3913","1701","08","0","0","0","0","0","0","1","0","","0","0","0","17","1","1","02","0","40 02:37.464","","00","76 23:28.546","3","0","0","0","36214","0","0","0","N","0","0","0","2","36214","0","","1","09","N","N","1","","1","0","0","3","2","","1700","1","2","0","0","0","0","0","3","0","2","N","","","","","","","","","","","","07","  ","","",""
"1735","0","0","0","0","0","0","0","0","0","4","0","","36","08","2019","2019079874","4","40.0594","-76.4047","1735","08","0","0","0","0","0","0","0","0","","0","0","0","17","1","2","00","0","40 03:33.774","","00","76 24:16.931","4","0","0","0","36214","0","0","0","N","0","0","0","6","36214","2","","1","09","N","N","0","","0","0","2","0","0","","1722","2","2","0","0","0","0","0","3","0","2","N","","","","","","","","","","","","07","  ","","",""
"0112","1","0","0","0","0","0","0","0","0","9","0","","36","08","2019","2019079875","5","40.1141","-76.3974","0106","08","0","0","0","0","0","0","0","0","","0","0","0","01","2","0","00","0","40 06:50.800","","00","76 23:50.600","0","0","0","0","36214","0","0","0","N","0","0","0","1","36214","0","","1","01","N","N","0","","0","0","0","0","0","","0102","0","1","0","0","0","0","0","3","0","1","N","","","","","","","","","","","","03","  ","","",""
"1605","1","0","0","0","0","0","0","0","0","7","0","","36","07","2019","2019079876","3","40.0192","-76.2213","1601","08","0","0","0","0","0","0","0","0","2","0","0","0","15","1","1","00","2","40 01:09.280","5","00","76 13:16.710","3","0","0","0","36215","0","0","0","N","0","0","0","1","36215","0","","4","01","N","N","0","","1","0","0","0","0","Y","1559","1","1","0","0","0","0","0","1","0","1","N","","","","","","","","","","","","03","  ","","",""
"1430","1","0","0","0","0","0","0","0","0","1","0","","36","08","2019","2019079877","1","40.038","-76.3435","1423","08","0","0","0","0","0","1","0","0","","0","0","0","14","1","0","00","0","40 02:16.871","","00","76 20:36.561","0","0","0","0","36223","0","0","0","N","0","0","0","3","36223","0","","1","01","N","N","1","","0","0","1","0","0","","1408","0","3","0","0","0","0","0","1","0","3","N","","","","","","","","","","","","03","  ","","",""
"1730","2","0","0","0","0","0","0","0","0","1","0","","36","08","2019","2019079878","4","40.04","-76.3728","1717","08","0","0","0","0","0","0","0","0","","0","0","0","17","1","0","00","0","40 02:23.931","","00","76 22:22.095","0","0","0","0","36223","0","0","0","N","0","0","0","2","36223","0","","1","09","N","N","0","","0","0","0","0","0","","1717","0","2","0","0","0","0","0","1","0","2","N","","","","","","","","","","","","07","  ","","",""
"0000","0","0","0","0","0","0","0","0","0","7","0","","36","08","2019","2019079916","7","40.2579","-76.0915","2325","08","0","0","0","0","0","0","0","0","2","0","0","0","23","6","0","00","1","40 15:28.476","6","00","76 05:29.323","0","0","0","0","36210","0","0","0","Y","0","0","0","1","36210","0","","4","01","N","N","1","","0","0","0","0","0","N","2325","0","1","0","0","1","0","0","1","0","1","N","","","","","","","","","","","","03","  ","","",""
"1511","1","0","0","0","0","0","0","0","0","7","0","","36","08","2019","2019079951","4","40.2352","-76.2942","1440","08","0","0","0","0","0","0","0","0","","0","0","0","14","1","1","00","0","40 14:06.746","","00","76 17:39.251","3","0","0","0","36217","0","0","0","N","0","0","0","1","68T06","0","","3","09","N","N","0","","1","0","0","0","0","","1440","1","1","0","0","0","0","0","1","0","1","N","","","","","","","","","","","","07","  ","","",""
"1655","1","0","0","0","0","0","0","0","0","7","0","","36","08","2019","2019079952","4","40.2296","-76.4323","1649","08","0","0","0","0","1","0","0","0","","0","0","0","16","1","0","00","0","40 13:46.550","","00","76 25:56.284","0","0","0","0","36230","0","0","0","N","0","0","0","2","68T06","0","","4","09","N","N","0","","0","0","0","0","0","","1649","0","1","0","0","0","0","0","1","0","1","N","","","","","","","","","","","","07","  ","","",""
"0430","1","0","0","0","0","0","0","0","0","7","0","","36","08","2019","2019080040","2","40.244","-76.2036","0420","08","0","0","0","0","0","0","0","0","3","0","0","0","04","2","0","00","2","40 14:38.228","4","00","76 12:12.971","0","0","0","0","36236","0","0","0","N","0","0","0","1","36408","0","","5","01","N","N","0","","0","0","0","0","0","N","0418","0","1","0","0","0","0","0","1","0","1","N","","","","","","","","","","","","03","  ","","",""
"2058","1","0","0","0","0","0","0","0","0","4","0","","36","08","2019","2019080043","5","40.2171","-76.091","2056","08","0","0","0","0","0","0","0","1","","0","0","0","20","3","0","01","0","40 13:01.712","","02","76 05:27.681","0","0","0","0","36210","0","0","0","N","0","0","0","5","36210","0","","1","01","N","N","0","","0","0","0","3","2","","2053","0","2","0","0","0","0","0","1","1","2","N","","","","","","","","","","","","03","  ","","",""
"1629","1","0","0","0","0","0","0","0","0","7","0","","36","08","2019","2019080051","3","40.0544","-76.4117","1624","08","0","0","0","0","0","1","0","0","1","0","0","0","16","1","0","00","1","40 03:15.738","5","00","76 24:42.259","0","0","0","0","36239","0","0","0","Y","0","0","0","1","36239","0","","2","09","N","N","0","","0","0","0","0","0","N","1624","0","1","0","0","0","0","0","3","0","1","N","","","","","","","","","","","","07","  ","","",""
"1754","1","0","0","0","0","0","0","0","0","7","0","","36","08","2019","2019080066","3","40.0553","-76.2788","1747","08","0","0","0","1","0","0","0","0","2","0","0","0","17","1","0","00","2","40 03:19.100","2","00","76 16:43.700","0","0","0","0","36301","0","0","0","N","0","0","0","1","36301","0","","4","09","N","N","0","","0","0","0","0","0","N","1727","0","1","0","0","0","0","0","3","0","1","N","","","","","","","","","","","","07","  ","","",""
"1249","1","0","0","0","0","0","0","0","0","1","0","","36","08","2019","2019080255","3","40.065","-76.2839","1249","08","0","0","0","0","0","0","0","0","1","0","0","0","12","1","0","00","1","40 03:53.927","4","03","76 17:02.201","0","0","0","0","36101","0","0","0","N","0","0","0","2","36101","0","","1","01","N","N","0","","0","0","1","0","0","N","1239","0","2","0","0","0","0","0","3","0","2","N","","","","","","","","","","","","03","  ","","",""
"1402","2","0","0","0","0","0","0","0","0","1","0","","36","08","2019","2019080256","3","40.0667","-76.3045","1358","08","0","0","1","0","0","0","0","1","1","0","0","0","13","1","1","00","1","40 03:59.980","1","00","76 18:16.169","4","0","0","0","36101","0","0","0","N","0","0","0","3","36101","1","","1","01","N","N","0","","0","0","0","0","0","N","1356","1","3","0","0","0","0","0","3","1","3","N","","","","","","","","","","","","03","  ","","",""
"1800","1","0","0","0","0","0","0","0","0","4","0","","36","08","2019","2019080257","3","40.0674","-76.3072","1752","08","0","0","0","0","0","1","0","0","1","0","0","0","17","1","0","02","1","40 04:02.790","1","00","76 18:26.089","0","0","0","0","36101","0","0","0","N","0","0","0","2","36101","0","","1","01","N","N","0","","0","0","1","0","0","N","1728","0","2","0","0","0","0","0","3","0","2","N","","","","","","","","","","","","03","  ","","",""
"0549","1","0","0","0","0","0","0","0","0","7","0","","36","08","2019","2019080258","5","40.0697","-76.1699","0539","08","0","1","0","0","0","0","0","0","","0","0","0","05","5","0","02","0","40 04:11.026","","00","76 10:11.592","0","0","0","0","36234","0","0","0","N","0","0","0","1","36215","0","","4","09","N","N","0","","0","0","0","3","3","","0535","0","1","0","0","0","0","0","1","0","1","N","","","","","","","","","","","","05","  ","","",""
"1829","2","0","0","0","0","0","0","0","0","1","0","","36","08","2019","2019080259","3","40.1518","-76.242","1824","08","0","0","0","0","0","0","1","0","2","0","0","0","18","1","1","00","2","40 09:06.613","6","00","76 14:31.191","4","0","0","0","36235","0","0","0","N","0","0","0","2","36506","1","","1","01","N","N","0","","0","0","0","0","0","Y","1823","1","2","0","0","0","0","0","1","0","2","N","","","","","","","","","","","","03","  ","","",""
"1644","1","0","0","0","0","0","0","0","0","7","0","","36","08","2019","2019080260","4","40.14","-76.3542","1635","08","0","0","0","1","0","0","0","0","","0","0","0","16","1","1","00","0","40 08:24.012","","00","76 21:15.279","4","0","0","0","36227","0","0","0","N","0","0","0","1","36506","1","","4","09","N","N","0","","0","0","0","0","0","","1635","1","1","0","0","0","0","0","1","0","1","N","","","","","","","","","","","","07","  ","","",""
"1810","0","0","0","0","0","0","0","0","0","4","0","","36","08","2019","2019080299","6","40.0363","-76.4554","1806","08","0","0","0","1","0","0","0","0","2","0","0","0","18","1","2","01","1","40 02:10.903","1","00","76 27:18.690","3","0","0","0","36239","0","0","0","N","0","0","0","3","36239","1","","1","01","N","N","1","","1","0","1","3","2","N","1806","2","2","0","0","0","0","0","3","0","2","N","","","","","","","","","","","","03","  ","","",""
"0122","2","0","0","0","0","0","0","0","0","2","0","","36","08","2019","2019080357","6","40.023","-76.3097","0116","08","0","0","0","0","0","0","0","0","2","0","0","0","01","3","0","00","2","40 01:22.875","2","00","76 18:34.852","0","0","0","0","36301","0","0","0","N","0","0","0","2","36301","0","","1","01","N","N","0","","0","0","0","0","0","N","0112","0","2","0","0","0","0","0","3","0","2","N","","","","","","","","","","","","03","  ","","",""
"1111","0","0","0","0","0","0","0","0","0","4","0","","36","08","2019","2019080380","3","40.2408","-76.058","1109","08","0","0","0","0","0","0","0","0","1","0","0","0","11","1","2","00","1","40 14:26.979","2","07","76 03:28.694","3","0","0","0","36401","0","0","0","N","0","0","0","3","36408","0","","1","01","N","N","2","","2","0","0","0","0","N","1109","2","2","0","0","0","0","0","1","0","2","N","","","","","","","","","","","","03","  ","","",""
"1531","0","0","0","0","0","0","0","0","0","7","1","","36","08","2019","2019080388","4","40.1499","-76.1761","1520","08","0","0","0","0","0","0","1","0","3","0","1","0","15","1","1","00","1","40 08:59.478","2","00","76 10:33.911","3","0","0","0","36238","0","0","0","N","0","0","0","1","36238","0","","5","09","N","N","0","","1","0","0","0","0","N","1515","1","1","0","0","0","0","0","3","0","1","N","","","","","","","","","","","","07","  ","","",""
"0829","2","0","0","0","0","0","0","0","0","4","0","","36","08","2019","2019080392","7","40.1727","-76.1965","0827","08","0","0","0","0","0","0","1","0","2","0","0","0","08","1","2","00","2","40 10:21.799","5","07","76 11:47.420","8","0","0","0","36408","0","0","0","N","0","0","0","2","36408","0","","1","01","N","N","0","","0","0","0","0","0","Y","0823","2","2","0","0","1","2","0","2","0","2","N","","","","","","","","","","","","03","  ","","",""
"1752","1","0","0","0","0","0","0","0","0","8","0","","36","07","2019","2019080403","7","40.0289","-76.3111","1746","08","0","0","0","0","0","0","0","0","1","0","0","0","17","1","1","03","2","40 01:44.097","1","00","76 18:39.805","3","0","0","0","36301","1","0","0","N","1","0","0","4","36301","0","","1","01","N","N","0","","1","0","0","0","0","Y","1745","1","2","0","0","0","0","0","3","0","1","N","","","","","","","","","","","","03","  ","","",""
"1740","1","0","1","0","0","0","0","0","0","4","0","","36","07","2019","2019080417","4","40.1797","-76.1842","1738","08","0","0","0","0","0","1","0","1","","0","0","0","17","1","1","01","0","40 10:46.848","","00","76 11:02.979","2","0","0","0","36408","0","0","0","N","0","0","0","6","36408","0","","1","01","N","N","0","","0","1","2","3","3","","1737","1","3","0","0","0","0","0","2","0","3","N","","","","","","","","","","","","03","  ","","",""
"1709","1","0","0","0","0","0","0","0","0","1","0","","36","08","2019","2019080418","3","40.0615","-76.5589","1701","08","0","0","1","0","0","1","0","0","","0","0","0","17","1","1","00","0","40 03:41.393","","00","76 33:31.990","4","0","0","0","36211","0","0","0","N","0","0","0","2","36504","1","","1","09","N","N","0","","0","0","1","0","0","N","1700","1","2","0","0","0","0","0","1","0","2","N","","","","","","","","","","","","07","  ","","",""
"1718","1","0","0","0","0","0","0","0","0","4","0","","36","07","2019","2019080421","7","40.0371","-76.3133","1713","08","0","0","0","0","0","1","0","0","2","0","0","0","17","1","0","00","1","40 02:13.721","3","00","76 18:48.031","0","0","0","0","36301","0","0","0","N","0","0","0","1","36301","0","","4","01","N","N","0","","0","0","1","0","0","N","1710","0","2","0","0","0","0","0","3","0","2","N","","","","","","","","","","","","03","  ","","",""
"1040","1","0","0","0","0","0","0","0","0","6","0","","36","08","2019","2019080456","7","40.0453","-76.2982","1037","08","0","1","0","0","0","0","0","0","2","0","0","0","10","1","0","03","2","40 02:43.011","2","00","76 17:53.626","0","0","0","0","36301","0","0","0","N","0","0","0","6","36301","0","","1","01","N","N","0","","0","0","0","0","0","N","1036","0","2","0","0","0","0","0","3","1","2","N","","","","","","","","","","","","03","  ","","",""
"0958","0","0","0","0","0","0","0","0","0","7","0","","36","07","2019","2019080484","4","40.1771","-76.1394","0943","08","0","0","0","0","0","0","0","0","","0","0","0","09","1","0","00","0","40 10:37.475","","00","76 08:21.776","0","0","0","0","36218","0","0","0","Y","0","0","0","1","36408","0","","3","01","N","N","0","","0","0","1","0","0","N","0943","0","1","0","0","0","0","0","1","0","1","N","","","","","","","","","","","","03","  ","","",""
"0741","1","0","0","0","0","0","0","0","0","1","0","","36","08","2019","2019080497","6","40.0672","-76.3321","0732","08","0","0","0","0","0","1","0","0","","0","0","0","07","1","1","00","0","40 04:01.862","","02","76 19:55.533","3","0","0","0","36101","0","0","0","N","0","0","0","2","36101","0","","1","01","N","N","0","","1","0","1","0","0","","0727","1","2","0","0","0","0","0","3","0","2","N","","","","","","","","","","","","03","  ","","",""
"0249","1","0","0","0","0","0","0","0","0","4","1","","36","08","2019","2019080498","5","40.0224","-76.3616","0248","08","0","0","0","0","0","1","0","0","2","0","1","0","02","3","1","01","2","40 01:20.679","5","00","76 21:41.606","3","0","0","0","36223","0","0","0","N","0","0","0","2","36223","0","","1","01","N","N","0","","1","0","0","3","2","Y","0248","1","2","0","0","0","0","0","1","0","2","N","","","","","","","","","","","","03","  ","","",""
"2119","1","0","0","0","0","0","0","0","0","1","0","","36","08","2019","2019080499","5","40.1602","-76.3076","2117","08","0","1","0","0","0","0","0","0","","0","0","0","21","3","1","10","0","40 09:36.663","","00","76 18:27.476","8","0","0","0","36409","0","0","0","N","0","0","0","3","36409","0","","1","01","N","N","1","","0","0","0","0","0","","2106","1","2","0","0","0","1","0","3","0","2","N","","","","","","","","","","","","03","  ","","",""
"1412","1","0","0","0","0","0","0","0","0","5","0","","36","08","2019","2019080613","2","40.0526","-76.3044","1410","08","0","0","0","0","0","0","0","0","1","0","0","0","14","1","1","00","1","40 03:09.324","4","00","76 18:16.382","2","0","1","1","36301","0","0","0","N","0","0","0","2","36301","0","","1","01","N","N","0","","0","1","0","0","0","N","1408","1","2","0","0","0","0","1","3","0","2","N","","","","","","","","","","","","03","  ","","",""
"1158","1","0","0","0","0","0","0","0","0","4","0","","36","08","2019","2019080623","7","40.16","-76.3019","1146","08","0","0","0","0","0","0","0","0","","0","0","0","11","1","0","01","0","40 09:35.971","","00","76 18:06.764","0","0","0","0","36409","0","0","0","N","0","0","0","3","36409","0","","1","01","N","N","0","","0","0","1","9","9","","1146","0","2","0","0","0","0","0","3","0","2","N","","","","","","","","","","","","03","  ","","",""
"1330","0","0","0","0","0","0","0","0","0","5","0","","36","08","2019","2019080640","6","40.1542","-76.3072","1327","08","0","0","0","0","0","0","0","0","1","0","0","0","13","1","0","00","1","40 09:15.085","3","00","76 18:25.965","0","0","0","0","36409","0","0","0","N","0","0","0","3","36409","0","","1","01","N","N","0","","0","0","2","0","0","Y","1322","0","3","0","0","0","0","0","3","1","3","N","","","","","","","","","","","","03","  ","","",""
"1626","1","0","0","0","0","0","0","0","0","4","0","","36","08","2019","2019080681","7","40.0329","-76.5037","1624","08","0","0","0","1","0","0","0","0","2","0","0","0","16","1","0","01","1","40 01:58.364","7","00","76 30:13.291","0","0","0","0","36404","0","0","0","N","0","0","0","4","36404","0","","1","01","N","N","0","","0","0","1","3","3","N","1622","0","2","0","0","0","0","0","3","0","2","N","","","","","","","","","","","","03","  ","","",""
"1434","0","0","0","0","0","0","0","0","0","1","0","","36","08","2019","2019080704","1","40.0517","-76.5168","1426","08","0","0","0","0","0","1","0","0","","0","0","0","14","1","2","00","0","40 03:06.016","","07","76 31:00.453","3","0","0","1","36239","0","0","0","N","0","0","0","3","36239","0","","1","01","N","N","0","","2","0","1","0","0","","1426","2","2","0","0","0","0","0","3","0","2","N","","","","","","","","","","","","03","  ","","",""
"1904","1","0","0","0","0","0","0","0","0","1","0","","36","08","2019","2019080727","2","40.1153","-76.3056","1850","08","0","1","0","0","0","0","0","0","","0","0","0","18","1","0","00","0","40 06:54.992","","00","76 18:20.321","0","0","0","0","36101","0","0","0","N","0","0","0","3","36101","0","","1","01","N","N","0","","0","0","1","0","0","","1835","0","2","0","0","0","0","0","3","0","2","N","","","","","","","","","","","","03","  ","","",""
"2030","1","0","0","0","0","0","0","0","0","0","0","","36","08","2019","2019080728","5","40.0752","-76.2854","2015","08","0","0","0","0","0","0","0","0","","0","0","0","20","2","0","00","0","40 04:30.619","","00","76 17:07.288","0","0","0","0","36101","0","0","0","N","0","0","0","1","36101","0","","1","01","N","N","0","","0","0","0","0","0","","2007","0","1","0","0","0","0","0","3","0","1","N","","","","","","","","","","","","03","  ","","",""
"1422","1","0","0","0","0","0","0","0","0","4","0","","36","08","2019","2019080729","7","40.054","-76.3232","1422","08","0","0","0","0","0","1","0","0","","0","0","0","14","1","1","00","0","40 03:14.429","","07","76 19:23.648","3","0","0","0","36101","0","0","0","N","0","0","0","6","36101","0","","1","01","N","N","0","","1","0","1","0","0","","1420","1","2","0","0","0","0","0","3","0","2","N","","","","","","","","","","","","03","  ","","",""
"1552","0","0","0","1","0","0","0","0","0","4","0","","36","08","2019","2019080731","7","40.1436","-76.3048","1549","08","0","0","0","0","0","0","1","0","","0","0","0","15","1","1","01","0","40 08:36.966","","00","76 18:17.243","3","0","0","0","36409","1","0","0","N","0","0","0","3","36409","0","","1","01","N","N","0","","1","0","1","3","2","","1547","1","2","0","0","0","0","0","3","0","1","N","","","","","","","","","","","","03","  ","","",""
"1709","1","0","0","0","0","0","0","0","0","1","0","","36","08","2019","2019080744","1","40.021","-76.304","1702","08","0","0","0","0","0","0","0","0","2","0","0","0","17","1","1","00","2","40 01:15.595","5","00","76 18:14.243","3","0","0","1","36240","0","0","0","N","0","0","0","3","36240","0","","1","01","N","N","0","","1","0","0","0","0","Y","1702","1","2","0","0","0","0","0","1","0","2","N","","","","","","","","","","","","03","  ","","",""
"1918","2","0","0","0","0","0","0","0","0","4","0","","36","08","2019","2019080799","4","40.2844","-76.1594","1912","08","0","0","0","2","0","0","0","0","1","0","0","0","19","1","3","00","1","40 17:03.958","3","00","76 09:33.997","3","0","0","0","36236","0","0","0","N","0","0","0","5","36408","0","","1","01","N","N","0","","3","0","1","0","0","N","1910","3","3","0","0","0","0","0","1","0","3","N","","","","","","","","","","","","03","  ","","",""
"1734","2","0","0","0","0","0","0","0","0","4","0","","36","08","2019","2019080846","5","40.1444","-76.6091","1730","08","0","0","0","0","0","1","0","0","","0","0","0","17","1","0","01","0","40 08:39.840","","00","76 36:32.762","0","0","0","0","36407","0","0","0","N","0","0","0","2","36407","0","","1","01","N","N","0","","0","0","0","3","3","N","1730","0","2","0","0","0","0","0","2","0","2","N","","","","","","","","","","","","07","  ","","",""
"1008","1","0","0","0","0","0","0","0","0","1","0","","36","07","2019","2019080866","5","40.109","-76.4913","1005","08","0","0","0","0","0","0","0","0","","0","0","0","10","1","0","00","0","40 06:32.442","","00","76 29:28.657","0","0","0","0","36413","0","0","0","N","0","0","0","4","36413","0","","1","01","N","N","0","","0","0","1","0","0","","1005","0","2","0","0","0","0","0","2","0","2","N","","","","","","","","","","","","03","  ","","",""
"1059","2","0","0","0","0","0","0","0","0","6","0","","36","08","2019","2019080929","6","","","1053","08","0","0","0","0","0","0","1","0","9","0","0","0","10","1","0","00","9","","","00","","0","0","0","0","36101","1","0","0","N","0","0","0","2","36101","0","","6","01","N","N","0","","0","0","1","0","0","","1043","0","4","0","0","0","0","0","3","1","4","N","","","","","","","","","","","","03","  ","","",""
"1133","2","0","0","0","0","0","0","0","0","4","0","","36","08","2019","2019080930","7","40.0685","-76.3074","1131","08","0","0","0","0","0","0","1","1","2","0","0","0","11","1","2","01","2","40 04:06.605","1","00","76 18:27.559","3","0","0","0","36101","0","0","0","N","0","0","0","5","36101","0","","1","01","N","N","0","","2","0","1","3","2","N","1130","2","3","0","0","0","0","0","3","0","3","N","","","","","","","","","","","","03","  ","","",""