"ARRIVAL_TM","AUTOMOBILE_COUNT","BELTED_DEATH_COUNT","BELTED_SUSP_SERIOUS_INJ_COUNT","BICYCLE_COUNT","BICYCLE_DEATH_COUNT","BICYCLE_SUSP_SERIOUS_INJ_COUNT","BUS_COUNT","CHLDPAS_DEATH_COUNT","CHLDPAS_SUSP_SERIOUS_INJ_COUNT","COLLISION_TYPE","COMM_VEH_COUNT","CONS_ZONE_SPD_LIM","COUNTY","CRASH_MONTH","CRASH_YEAR","CRN","DAY_OF_WEEK","DEC_LAT","DEC_LONG","DISPATCH_TM","DISTRICT","DRIVER_COUNT_16YR","DRIVER_COUNT_17YR","DRIVER_COUNT_18YR","DRIVER_COUNT_19YR","DRIVER_COUNT_20YR","DRIVER_COUNT_50_64YR","DRIVER_COUNT_65_74YR","DRIVER_COUNT_75PLUS","EST_HRS_CLOSED","FATAL_COUNT","HEAVY_TRUCK_COUNT","HORSE_BUGGY_COUNT","HOUR_OF_DAY","ILLUMINATION","INJURY_COUNT","INTERSECT_TYPE","LANE_CLOSED","LATITUDE","LN_CLOSE_DIR","LOCATION_TYPE","LONGITUDE","MAX_SEVERITY_LEVEL","MCYCLE_DEATH_COUNT","MCYCLE_SUSP_SERIOUS_INJ_COUNT","MOTORCYCLE_COUNT","MUNICIPALITY","NONMOTR_COUNT","NONMOTR_DEATH_COUNT","NONMOTR_SUSP_SERIOUS_INJ_COUNT","NTFY_HIWY_MAINT","PED_COUNT","PED_DEATH_COUNT","PED_SUSP_SERIOUS_INJ_COUNT","PERSON_COUNT","POLICE_AGCY","POSSIBLE_INJ_COUNT","RDWY_SURF_TYPE_CD","RELATION_TO_ROAD","ROAD_CONDITION","SCH_BUS_IND","SCH_ZONE_IND","SMALL_TRUCK_COUNT","SPEC_JURIS_CD","SUSP_MINOR_INJ_COUNT","SUSP_SERIOUS_INJ_COUNT","SUV_COUNT","TCD_FUNC_CD","TCD_TYPE","TFC_DETOUR_IND","TIME_OF_DAY","TOT_INJ_COUNT","TOTAL_UNITS","UNB_DEATH_COUNT","UNB_SUSP_SERIOUS_INJ_COUNT","UNBELTED_OCC_COUNT","UNK_INJ_DEG_COUNT","UNK_INJ_PER_COUNT","URBAN_RURAL","VAN_COUNT","VEHICLE_COUNT","WORK_ZONE_IND","WORK_ZONE_LOC","WORK_ZONE_TYPE","WORKERS_PRES","WZ_CLOSE_DETOUR","WZ_FLAGGER","WZ_LAW_OFFCR_IND","WZ_LN_CLOSURE","WZ_MOVING","WZ_OTHER","WZ_SHLDER_MDN","ROADWAY_CLEARED","WEATHER1","WEATHER2","WZ_WORKERS_INJ_KILLED","SECONDARY_CRASH","INTERSECTION_RELATED"
"1449","1","0","0","0","0","0","0","0","0","1","0","","36","08","2019","2019080931","7","40.0434","-76.3284","1449","08","0","0","0","0","0","1","1","0","1","0","0","0","14","1","1","00","1","40 02:36.260","1","00","76 19:42.080","3","0","0","0","36220","0","0","0","N","0","0","0","3","36101","0","","1","01","N","N","0","","1","0","0","0","0","N","1449","1","2","0","0","0","0","0","3","1","2","N","","","","","","","","","","","","03","  ","","",""
"1343","1","0","0","0","0","0","0","0","0","1","0","","36","08","2019","2019080932","1","40.0703","-76.3013","1434","08","0","0","0","0","0","0","0","0","2","0","0","0","13","1","2","01","2","40 04:12.969","1","00","76 18:04.751","3","0","0","0","36101","0","0","0","N","0","0","0","2","36101","1","","1","01","N","N","0","","1","0","1","3","2","N","1338","2","2","0","0","0","0","0","3","0","2","N","","","","","","","","","","","","03","  ","","",""
"1022","0","0","0","0","0","0","0","0","0","1","0","35","36","08","2019","2019080992","5","40.159","-76.3075","1022","08","0","0","0","0","0","0","0","0","","0","0","0","10","1","1","00","0","40 09:32.521","","00","76 18:26.964","3","0","0","0","36409","3","0","0","N","0","0","0","4","36409","0","","6","01","N","N","0","","1","0","2","0","0","","1021","1","2","0","0","0","0","0","3","0","2","Y","4","1","Y","","","N","","Y","","Y","","03","  ","","",""
"1545","0","0","0","0","0","0","0","0","0","4","0","","36","08","2019","2019080993","7","40.133","-76.1129","1539","08","0","0","0","0","0","0","1","0","1","0","0","0","15","1","0","02","2","40 07:58.926","5","00","76 06:46.330","0","0","0","0","36209","0","0","0","N","0","0","0","3","36415","0","","1","01","N","N","0","","0","0","2","3","3","Y","1537","0","2","0","0","0","0","0","1","0","2","N","","","","","","","","","","","","03","  ","","",""
"1456","0","0","0","0","0","0","0","0","0","4","0","","36","08","2019","2019080994","3","40.1383","-76.1002","1450","08","0","0","0","0","1","1","0","0","3","0","0","0","14","1","0","01","2","40 08:17.874","6","00","76 06:00.622","0","0","0","0","36209","0","0","0","N","0","0","0","2","36415","0","","1","01","N","N","0","","0","0","0","3","3","Y","1449","0","2","0","0","0","0","0","1","2","2","N","","","","","","","","","","","","03","  ","","",""
"1450","0","0","0","0","0","0","0","0","0","7","0","","36","08","2019","2019081005","2","40.03","-76.2697","1445","08","0","0","0","0","0","1","0","0","1","0","0","0","14","1","1","00","1","40 01:47.829","2","00","76 16:10.979","8","0","0","0","36240","0","0","0","N","0","0","0","1","36240","0","","5","01","N","N","0","","0","0","0","0","0","N","1440","1","1","0","0","0","1","0","1","1","1","N","","","","","","","","","","","","03","  ","","",""
"1720","1","0","0","0","0","0","0","0","0","1","0","","36","08","2019","2019081011","2","40.0252","-76.255","1715","08","0","0","0","0","0","0","0","0","2","0","0","0","17","1","1","02","2","40 01:30.698","6","00","76 15:17.928","8","0","0","0","36240","0","0","0","N","0","0","0","2","36240","0","","1","01","N","N","0","","0","0","1","3","3","Y","1710","1","2","0","0","0","1","0","1","0","2","N","","","","","","","","","","","","03","  ","","",""
"1904","0","0","0","0","0","0","0","0","0","2","0","","36","08","2019","2019081222","2","40.033","-76.3151","1859","08","0","0","0","1","0","0","0","0","","0","0","0","18","4","1","00","0","40 01:58.700","","00","76 18:54.500","3","0","0","0","36301","0","0","0","N","0","0","0","2","36301","0","","1","01","N","N","0","","1","0","1","0","0","","1859","1","2","0","0","0","0","0","3","0","2","N","","","","","","","","","","","","03","  ","","",""
"0955","1","0","1","0","0","0","0","0","0","4","0","","36","08","2019","2019081232","2","40.0963","-76.446","0952","08","0","0","0","0","0","1","0","1","3","0","0","0","09","1","3","01","2","40 05:46.701","5","00","76 26:45.689","2","0","0","0","36239","0","0","0","N","0","0","0","4","36239","0","","1","01","N","N","1","","2","1","0","3","3","Y","0948","3","2","0","0","0","0","0","3","0","2","N","","","","","","","","","","","","03","  ","","",""
"1048","0","0","0","0","0","0","0","0","0","4","0","","36","08","2019","2019081340","2","40.1865","-76.6022","1030","08","0","0","0","0","0","2","0","0","","0","0","0","10","1","0","00","0","40 11:11.487","","07","76 36:07.908","0","0","0","0","36225","0","0","0","N","0","0","0","3","36505","0","","1","01","N","N","2","","0","0","0","0","0","N","1030","0","2","0","0","0","0","0","2","0","2","N","","","","","","","","","","","","03","  ","","",""
"1150","0","0","0","0","0","0","0","0","0","2","1","","36","08","2019","2019081410","3","40.0366","-76.5079","1149","08","0","0","0","0","0","1","0","0","2","0","1","0","11","1","0","00","2","40 02:11.600","5","00","76 30:28.300","0","0","0","0","36404","0","0","0","N","0","0","0","2","36404","0","","1","01","N","N","1","","0","0","0","0","0","Y","1149","0","2","0","0","0","0","0","3","0","2","N","","","","","","","","","","","","03","  ","","",""
"1542","2","0","0","0","0","0","0","0","0","1","0","","36","08","2019","2019081419","2","40.1128","-76.0285","1539","08","0","0","0","1","0","0","0","1","2","0","0","0","15","1","1","00","2","40 06:46.195","4","00","76 01:42.447","3","0","0","0","36213","0","0","0","N","0","0","0","3","36213","0","","1","01","N","N","0","","1","0","1","0","0","N","1537","1","3","0","0","0","0","0","1","0","3","N","","","","","","","","","","","","03","  ","","",""
"1618","1","0","0","0","0","0","0","0","0","1","0","","36","08","2019","2019081461","6","40.0379","-76.2739","1603","08","0","0","0","0","0","1","0","0","3","0","0","0","15","1","0","00","1","40 02:16.292","3","00","76 16:26.184","0","0","0","0","36220","0","0","0","N","0","0","0","2","36101","0","","1","01","N","N","0","","0","0","1","0","0","N","1534","0","2","0","0","0","0","0","3","0","2","N","","","","","","","","","","","","03","  ","","",""
"0636","0","0","0","0","0","0","0","0","0","7","0","","36","08","2019","2019081462","1","40.058","-76.3329","0607","08","0","0","0","0","0","0","0","0","1","0","0","0","04","3","0","00","1","40 03:28.825","1","07","76 19:58.269","0","0","0","0","36101","0","0","0","N","0","0","0","2","36101","0","","4","09","N","N","0","","0","0","1","0","0","N","0407","0","1","0","0","0","0","0","3","0","1","N","","","","","","","","","","","","03","  ","","",""
"2043","1","0","0","0","0","0","0","0","0","7","0","","36","08","2019","2019081463","5","40.0462","-76.3339","2041","08","0","0","0","0","0","0","0","0","2","0","0","0","20","2","1","00","2","40 02:46.474","6","00","76 20:02.090","2","0","0","0","36220","0","0","0","N","0","0","0","1","36101","0","","5","01","N","N","0","","0","1","0","0","0","Y","2039","1","1","0","1","1","0","0","3","0","1","N","","","","","","","","","","","","03","  ","","",""
"0245","2","0","0","0","0","0","0","0","0","5","0","","36","08","2019","2019081464","6","40.0183","-76.3332","0240","08","0","0","0","0","0","0","0","0","","0","0","0","02","2","0","00","0","40 01:05.710","","00","76 19:59.440","0","0","0","0","36220","0","0","0","N","0","0","0","1","36101","0","","1","01","N","N","0","","0","0","0","0","0","","0238","0","2","0","0","0","0","0","3","0","2","N","","","","","","","","","","","","03","  ","","",""
"1115","1","0","0","1","0","1","0","0","0","1","0","","36","08","2019","2019081465","6","40.0887","-76.393","1112","08","0","0","0","0","0","0","0","0","1","0","0","0","11","1","1","00","1","40 05:18.859","4","00","76 23:34.352","2","0","0","0","36214","1","0","1","N","0","0","0","2","36214","0","","2","01","N","N","0","","0","1","0","0","0","N","1110","1","2","0","0","0","0","0","3","0","1","N","","","","","","","","","","","","03","  ","","",""
"2154","0","0","0","0","0","0","0","0","0","1","0","","36","08","2019","2019081585","5","40.0389","-76.5105","2149","08","0","0","0","0","0","1","0","0","","0","0","0","21","3","0","01","0","40 02:20.202","","02","76 30:37.819","0","0","0","0","36239","0","0","0","N","0","0","0","2","36404","0","","1","01","N","N","1","","0","0","1","3","4","N","2147","0","2","0","0","0","0","0","3","0","2","N","","","","","","","","","","","","03","  ","","",""
"2048","1","0","0","0","0","0","0","0","0","7","0","","36","08","2019","2019081613","3","40.0591","-76.4629","2044","08","0","0","0","0","0","0","0","0","","0","0","0","20","2","0","02","0","40 03:32.814","","00","76 27:46.398","0","0","0","0","36239","0","0","0","N","0","0","0","1","36239","0","","5","09","N","N","0","","0","0","0","0","0","","2044","0","1","0","0","1","0","0","3","0","1","N","","","","","","","","","","","","07","  ","","",""
"2129","2","0","0","0","0","0","0","0","0","4","0","","36","08","2019","2019081614","3","40.1436","-76.3048","2129","08","0","0","1","0","0","0","0","0","1","0","0","0","21","3","0","01","1","40 08:36.966","2","00","76 18:17.243","0","0","0","0","36409","0","0","0","N","0","0","0","3","36409","0","","1","09","N","N","0","","0","0","0","3","2","N","2129","0","2","0","0","0","0","0","3","0","2","N","","","","","","","","","","","","07","  ","","",""
"2237","1","0","0","0","0","0","0","0","0","4","0","","36","08","2019","2019081617","7","40.0818","-76.5285","2236","08","0","0","2","0","0","0","0","0","1","0","0","0","22","3","0","02","2","40 04:54.349","5","00","76 31:42.515","0","0","0","0","36211","0","0","0","N","0","0","0","4","36504","0","","1","01","N","N","0","","0","0","1","3","3","Y","2230","0","2","0","0","0","0","0","1","0","2","N","","","","","","","","","","","","03","  ","","",""
"2007","1","0","0","0","0","0","0","0","0","4","0","","36","08","2019","2019081618","3","40.0456","-76.2924","1951","08","0","0","1","0","0","0","0","0","","0","0","0","18","1","0","01","0","40 02:44.163","","00","76 17:32.546","0","0","0","0","36301","0","0","0","N","0","0","0","2","36301","0","","1","09","N","N","1","","0","0","0","3","3","N","1858","0","2","0","0","0","0","0","3","0","2","N","","","","","","","","","","","","07","  ","","",""
"0125","0","0","0","0","0","0","0","0","0","7","0","","36","08","2019","2019081619","7","40.1969","-76.1091","0119","08","0","0","0","0","0","0","0","0","","0","0","0","01","2","0","00","0","40 11:49.011","","00","76 06:32.607","0","0","0","0","36210","0","0","0","N","0","0","0","1","36210","0","","5","01","N","N","0","","0","0","1","0","0","","0120","0","1","0","0","1","0","0","1","0","1","N","","","","","","","","","","","","03","  ","","",""
"1725","0","0","0","0","0","0","0","0","0","1","1","","36","08","2019","2019081660","6","40.07","-76.3149","1708","08","0","0","0","0","0","0","0","0","2","0","1","0","17","1","0","00","1","40 04:11.884","3","00","76 18:53.692","0","0","0","0","36301","0","0","0","N","0","0","0","3","36301","0","","1","01","N","N","0","","0","0","2","0","0","N","1708","0","3","0","0","0","0","0","3","0","3","N","","","","","","","","","","","","03","  ","","",""
"1638","0","0","0","0","0","0","0","0","0","2","0","","36","08","2019","2019081697","7","40.1967","-76.2015","1635","08","0","0","0","0","0","0","0","1","2","0","0","0","16","1","3","00","2","40 11:48.092","4","00","76 12:05.414","4","0","0","0","36408","0","0","0","N","0","0","0","4","36408","1","","1","01","N","N","0","","0","0","2","0","0","Y","1635","3","2","0","0","0","2","0","2","0","2","N","","","","","","","","","","","","03","  ","","",""
"1815","1","0","0","0","0","0","0","0","0","4","0","","36","08","2019","2019081844","5","40.0526","-76.3231","1753","08","0","0","0","0","0","0","0","0","1","0","0","0","17","1","1","00","1","40 03:09.286","4","07","76 19:23.114","4","0","0","0","36301","0","0","0","N","0","0","0","2","36101","1","","1","01","N","N","0","","0","0","1","0","0","N","1750","1","2","0","0","0","0","0","3","0","2","N","","","","","","","","","","","","03","  ","","",""
"1755","1","0","0","0","0","0","0","0","0","1","0","","36","08","2019","2019081845","3","40.0615","-76.3509","1746","08","0","1","0","0","0","0","0","0","2","0","0","0","17","1","0","00","2","40 03:41.527","4","00","76 21:03.128","9","0","0","0","36214","0","0","0","N","0","0","0","6","36214","0","","1","09","N","N","0","","0","0","3","0","0","N","1744","0","4","0","0","0","0","1","3","0","4","N","","","","","","","","","","","","07","  ","","",""
"1236","1","0","0","0","0","0","0","0","0","1","0","","36","07","2019","2019081846","6","40.051","-76.2556","1232","08","0","0","0","0","0","0","1","0","","0","0","0","12","1","0","00","0","40 03:03.699","","00","76 15:20.323","0","0","0","0","36215","0","0","0","N","0","0","0","2","36215","0","","1","01","N","N","1","","0","0","0","0","0","","1228","0","2","0","0","0","0","0","1","0","2","N","","","","","","","","","","","","03","  ","","",""
"1326","0","0","0","0","0","0","0","0","0","2","1","","36","08","2019","2019081847","6","40.0862","-76.2022","1323","08","0","0","0","0","0","0","0","0","3","0","1","0","13","1","4","00","2","40 05:10.225","6","00","76 12:07.855","2","0","0","0","36234","0","0","0","N","0","0","0","5","36215","0","","2","01","N","N","0","","2","2","0","0","0","Y","1322","4","2","0","2","2","0","0","1","1","2","N","","","","","","","","","","","","03","  ","","",""
"1414","2","0","0","0","0","0","0","0","0","4","0","","36","08","2019","2019081848","1","40.0207","-76.1922","1406","08","0","0","0","0","0","0","0","0","","0","0","0","14","1","0","02","0","40 01:14.397","","00","76 11:32.005","0","0","0","0","36215","0","0","0","N","0","0","0","2","36215","0","","1","01","N","N","0","","0","0","0","3","2","","1406","0","2","0","0","0","0","0","1","0","2","N","","","","","","","","","","","","03","  ","","",""
"1828","1","0","0","0","0","0","0","0","0","1","0","","36","08","2019","2019081849","2","40.0333","-76.2467","1824","08","0","0","0","0","0","0","0","0","1","0","0","0","18","1","1","00","1","40 02:00.002","6","00","76 14:48.126","3","0","0","0","36215","0","0","0","N","0","0","0","4","36215","0","","1","01","N","N","0","","1","0","1","0","0","N","1820","1","2","0","0","0","0","0","1","0","2","N","","","","","","","","","","","","03","  ","","",""
"0545","1","0","0","0","0","0","0","0","0","1","0","","36","08","2019","2019081850","4","40.0814","-76.2376","0539","08","0","0","0","0","0","0","0","0","2","0","0","0","05","5","0","00","1","40 04:52.900","3","00","76 14:15.255","0","0","0","0","36234","0","0","0","N","0","0","0","2","36215","0","","1","01","N","N","0","","0","0","1","0","0","N","0539","0","2","0","0","0","0","0","1","0","2","N","","","","","","","","","","","","03","  ","","",""
"1352","1","0","0","0","0","0","0","0","0","7","0","","36","08","2019","2019081851","5","40.0919","-76.1956","1349","08","0","0","0","0","0","0","0","0","2","0","0","0","13","1","1","00","1","40 05:30.705","3","00","76 11:44.214","3","0","0","0","36234","0","0","0","N","0","0","0","1","36215","0","","2","01","N","N","0","","1","0","0","0","0","N","1346","1","1","0","0","0","0","0","1","0","1","N","","","","","","","","","","","","03","  ","","",""
"1633","2","0","0","0","0","0","0","0","0","1","0","","36","08","2019","2019081852","6","40.0386","-76.1804","1620","08","0","0","0","0","0","0","1","0","","0","0","0","16","1","0","00","0","40 02:18.841","","00","76 10:49.569","0","0","0","0","36215","0","0","0","N","0","0","0","3","36215","0","","1","01","N","N","0","","0","0","0","0","0","","1618","0","2","0","0","0","0","0","1","0","2","N","","","","","","","","","","","","03","  ","","",""
"1310","0","0","0","0","0","0","0","0","0","4","0","","36","08","2019","2019081853","1","40.0781","-76.1848","1309","08","0","0","0","0","0","0","0","1","","0","0","0","13","1","0","02","0","40 04:41.176","","00","76 11:05.350","0","0","0","0","36234","0","0","0","N","0","0","0","6","36215","0","","1","01","N","N","0","","0","0","2","3","3","","1307","0","2","0","0","0","0","0","1","0","2","N","","","","","","","","","","","","03","  ","","",""
"0901","2","0","0","0","0","0","0","0","0","4","0","","36","08","2019","2019081854","2","40.0796","-76.2521","0858","08","0","0","1","0","0","1","0","0","1","0","0","0","08","1","1","01","1","40 04:46.730","2","00","76 15:07.384","3","0","0","0","36215","0","0","0","N","0","0","0","2","36215","0","","1","01","N","N","0","","1","0","0","3","3","Y","0855","1","2","0","0","0","0","0","1","0","2","N","","","","","","","","","","","","03","  ","","",""
"1521","1","0","0","0","0","0","0","0","0","1","0","","36","08","2019","2019081855","2","40.0709","-76.2059","1514","08","0","0","0","0","0","0","0","0","1","0","0","0","15","1","1","00","1","40 04:15.337","1","00","76 12:21.097","4","0","0","0","36234","0","0","0","N","0","0","0","2","36215","1","","1","01","N","N","0","","0","0","1","0","0","N","1510","1","2","0","0","0","0","0","1","0","2","N","","","","","","","","","","","","03","  ","","",""
"0600","1","0","0","0","0","0","0","0","0","2","0","","36","08","2019","2019081856","4","40.0566","-76.215","0557","08","0","1","0","0","0","0","0","0","3","0","0","0","05","5","1","01","2","40 03:23.868","7","00","76 12:53.887","4","0","0","0","36215","0","0","0","N","0","0","0","4","36215","1","","1","09","N","N","1","","0","0","0","3","2","N","0552","1","2","0","0","0","0","0","1","0","2","N","","","","","","","","","","","","07","  ","","",""
"1028","2","0","0","0","0","0","0","0","0","2","0","","36","08","2019","2019081857","2","40.038","-76.3438","1016","08","0","0","0","0","0","1","0","0","2","0","0","0","10","1","1","01","2","40 02:16.809","5","00","76 20:37.766","3","0","0","0","36223","0","0","0","N","0","0","0","2","36223","0","","1","01","N","N","0","","1","0","0","3","2","Y","1016","1","2","0","0","0","0","0","1","0","2","N","","","","","","","","","","","","03","  ","","",""
"1412","1","0","0","0","0","0","0","0","0","7","0","","36","08","2019","2019081858","3","40.1571","-76.3073","1412","08","0","0","0","0","0","0","0","1","1","0","0","0","14","1","1","03","1","40 09:25.725","3","00","76 18:26.279","3","0","0","0","36409","0","0","0","N","0","0","0","1","36409","0","","5","01","N","N","0","","1","0","0","0","0","Y","1412","1","1","0","0","0","0","0","3","0","1","N","","","","","","","","","","","","03","  ","","",""
"0555","0","0","0","0","0","0","0","0","0","4","1","","36","07","2019","2019081859","3","40.0916","-76.1295","0550","08","0","0","0","0","0","2","0","0","1","0","1","0","05","5","1","02","1","40 05:29.605","5","00","76 07:46.311","3","0","0","0","36209","0","0","0","N","0","0","0","2","36415","0","","1","01","N","N","1","","1","0","0","3","3","N","0547","1","2","0","0","0","0","0","1","0","2","N","","","","","","","","","","","","03","  ","","",""
"1834","1","0","0","0","0","0","0","0","0","2","1","","36","08","2019","2019081860","5","40.0995","-76.0887","1831","08","0","1","0","0","0","0","0","0","","0","1","0","18","1","0","00","0","40 05:58.340","","00","76 05:19.240","0","0","0","0","36415","0","0","0","N","0","0","0","1","36415","0","","1","09","N","N","0","","0","0","0","0","0","","1831","0","2","0","0","0","0","0","1","0","2","N","","","","","","","","","","","","03","  ","","",""
"1042","0","0","0","0","0","0","0","0","0","1","0","","36","08","2019","2019081861","2","40.1454","-76.1169","1032","08","0","0","0","0","0","0","0","0","","0","0","0","10","1","0","01","0","40 08:43.478","","00","76 07:00.846","0","0","0","0","36209","0","0","0","N","0","0","0","6","36415","0","","1","01","N","N","0","","0","0","1","3","2","","1028","0","2","0","0","0","0","0","1","1","2","N","","","","","","","","","","","","03","  ","","",""
"0302","1","0","0","0","0","0","0","0","0","7","0","","36","08","2019","2019081981","2","40.0515","-76.2899","0258","08","0","0","0","0","0","0","0","0","1","0","0","0","02","3","1","00","1","40 03:05.553","4","00","76 17:23.781","3","0","0","0","36301","0","0","0","N","0","0","0","1","36301","0","","4","01","N","Y","0","","1","0","0","0","0","N","0254","1","1","0","0","0","0","0","3","0","1","N","","","","","","","","","","","","03","  ","","",""
"2055","1","0","0","0","0","0","0","0","0","9","0","","36","08","2019","2019081985","1","40.1787","-76.1369","2050","08","0","0","0","0","0","1","0","0","","0","0","0","20","2","0","00","0","40 10:43.270","","00","76 08:12.772","0","0","0","0","36218","0","0","0","Y","0","0","0","1","36408","0","","1","01","N","N","0","","0","0","0","0","0","","2048","0","1","0","0","0","0","0","1","0","1","N","","","","","","","","","","","","03","  ","","",""
"2131","3","0","0","0","0","0","0","0","0","1","0","","36","08","2019","2019082002","3","40.0429","-76.3087","2131","08","0","0","0","0","0","1","0","1","2","0","0","0","21","3","0","00","2","40 02:34.473","2","00","76 18:31.299","0","0","0","0","36301","0","0","0","N","0","0","0","3","36301","0","","1","01","N","N","0","","0","0","0","0","0","N","2118","0","3","0","0","0","0","0","3","0","3","N","","","","","","","","","","","","03","  ","","",""
"1622","0","0","0","0","0","0","0","0","0","0","0","","36","08","2019","2019082025","4","40.0381","-76.4695","1617","08","0","0","0","0","0","0","1","0","2","0","0","0","16","1","1","00","1","40 02:17.187","4","00","76 28:10.309","8","0","0","1","36239","0","0","0","N","0","0","0","1","36239","0","","1","01","N","N","0","","0","0","0","0","0","N","1617","1","1","0","0","0","1","0","3","0","1","N","","","","","","","","","","","","03","  ","","",""
"1435","0","0","0","0","0","0","0","0","0","6","1","","36","08","2019","2019082033","6","40.2789","-76.2033","1429","08","0","0","0","0","0","0","0","0","","0","1","0","14","1","1","00","0","40 16:43.940","","00","76 12:11.804","3","0","0","1","36236","0","0","0","N","0","0","0","2","36408","0","","1","01","N","N","0","","1","0","0","0","0","","1427","1","2","0","0","0","0","0","1","0","2","N","","","","","","","","","","","","03","  ","","",""
"1701","2","0","0","0","0","0","0","0","0","2","0","","36","08","2019","2019082037","7","40.1874","-76.1898","1659","08","0","1","0","0","0","0","0","0","","0","0","0","16","1","1","01","0","40 11:14.779","","00","76 11:23.344","3","0","0","0","36408","0","0","0","N","0","0","0","3","36408","0","","1","01","N","N","0","","1","0","0","3","2","","1658","1","2","0","0","0","0","0","2","0","2","N","","","","","","","","","","","","03","  ","","",""
"1757","0","0","0","0","0","0","0","0","0","4","1","","36","07","2019","2019082165","3","39.9376","-76.0824","1732","08","0","0","0","0","1","0","0","0","3","1","1","0","17","1","0","00","2","39 56:15.235","5","00","76 04:56.786","1","0","0","0","36201","0","0","0","Y","0","0","0","6","68J01","0","2","1","01","N","N","1","0","0","0","0","0","0","Y","1729","0","2","1","0","4","0","0","1","0","2","N","","","","","","","","","","","","03","  ","","",""
"0630","2","0","0","0","0","0","0","0","0","4","0","","36","08","2019","2019082235","4","40.0602","-76.2966","0626","08","0","0","0","0","0","0","0","1","1","0","0","0","06","5","1","00","1","40 03:36.600","6","00","76 17:47.890","4","0","0","0","36101","0","0","0","N","0","0","0","2","36101","1","","1","01","N","N","0","","0","0","0","0","0","N","0623","1","2","0","0","0","0","0","3","0","2","N","","","","","","","","","","","","03","  ","","",""
"0521","1","0","0","0","0","0","0","0","0","7","0","","36","08","2019","2019082236","5","40.1155","-76.2427","0513","08","0","0","0","0","0","0","0","0","","0","0","0","05","2","1","01","0","40 06:55.751","","00","76 14:33.696","3","0","0","0","36101","0","0","0","N","0","0","0","1","36101","0","","4","01","N","N","0","","1","0","0","3","3","","0511","1","1","0","0","0","0","0","3","0","1","N","","","","","","","","","","","","05","  ","","",""
"1238","3","0","0","0","0","0","0","0","0","1","0","","36","08","2019","2019082237","1","40.0775","-76.2595","1236","08","0","0","0","0","0","1","1","0","2","0","0","0","12","1","1","00","2","40 04:39.163","4","00","76 15:34.123","3","0","0","0","36101","0","0","0","N","0","0","0","4","36101","0","","1","01","N","N","1","","1","0","0","0","0","N","1232","1","4","0","0","0","0","0","3","0","4","N","","","","","","","","","","","","03","  ","","",""
"1038","2","0","0","0","0","0","0","0","0","4","0","","36","08","2019","2019082238","4","40.0432","-76.3285","1034","08","0","0","0","0","0","1","0","0","1","0","0","0","10","1","3","01","1","40 02:35.541","7","00","76 19:42.722","3","0","0","0","36220","0","0","0","N","0","0","0","4","36101","0","","1","09","N","N","0","","3","0","0","3","2","N","1032","3","2","0","0","0","0","0","3","0","2","N","","","","","","","","","","","","03","  ","","",""
"1238","1","0","0","0","0","0","0","0","0","4","0","","36","08","2019","2019082239","4","40.0786","-76.3384","1233","08","0","0","0","0","0","0","1","0","2","0","0","0","12","1","0","01","1","40 04:42.891","2","00","76 20:18.294","0","0","0","0","36101","0","0","0","N","0","0","0","2","36101","0","","1","01","N","N","0","","0","0","1","3","2","N","1232","0","2","0","0","0","0","0","3","0","2","N","","","","","","","","","","","","03","  ","","",""
"1710","2","0","0","0","0","0","0","0","0","1","0","","36","08","2019","2019082240","4","40.0386","-76.328","1706","08","1","0","0","1","0","1","0","0","2","0","0","0","17","1","0","00","1","40 02:18.973","4","00","76 19:40.908","0","0","0","0","36220","0","0","0","N","0","0","0","4","36101","0","","1","01","N","N","1","","0","0","1","0","0","N","1705","0","4","0","0","0","0","0","3","0","4","N","","","","","","","","","","","","03","  ","","",""
"2046","1","0","0","0","0","0","0","0","0","4","0","","36","08","2019","2019082241","1","40.0805","-76.3833","2038","08","0","1","0","0","0","0","0","0","2","0","0","0","20","3","0","01","1","40 04:49.623","1","00","76 22:59.948","0","0","0","0","36214","0","0","0","N","0","0","0","4","36214","0","","1","01","N","N","0","","0","0","1","3","2","N","2036","0","2","0","0","0","0","0","3","0","2","N","","","","","","","","","","","","03","  ","","",""
"1717","1","0","0","0","0","0","0","0","0","7","0","","36","08","2019","2019082242","3","40.062","-76.3841","1700","08","0","0","0","0","0","0","0","0","","0","0","0","16","1","0","00","0","40 03:43.240","","00","76 23:02.920","0","0","0","0","36214","0","0","0","N","0","0","0","1","36214","0","","4","09","N","N","0","","0","0","0","0","0","","1635","0","1","0","0","0","0","0","3","0","1","N","","","","","","","","","","","","07","  ","","",""
"0115","1","0","0","0","0","0","0","0","0","7","0","","36","07","2019","2019082243","3","40.0696","-76.2459","0110","08","0","0","0","0","0","0","0","0","3","0","0","0","01","3","1","00","1","40 04:10.460","4","00","76 14:45.250","3","0","0","0","36215","0","0","0","N","0","0","0","1","36215","0","","5","09","N","N","0","","1","0","0","0","0","N","0108","1","1","0","0","0","0","0","1","0","1","N","","","","","","","","","","","","07","  ","","",""
"0318","1","0","0","0","0","0","0","0","0","7","0","","36","08","2019","2019082244","1","40.0967","-76.1963","0315","08","0","0","0","0","0","0","0","0","3","0","0","0","03","2","1","00","1","40 05:48.114","1","00","76 11:46.581","4","0","0","0","36234","0","0","0","N","0","0","0","1","36215","1","","4","09","N","N","0","","0","0","0","0","0","N","0313","1","1","0","0","0","0","0","1","0","1","N","","","","","","","","","","","","03","  ","","",""