"ARRIVAL_TM","AUTOMOBILE_COUNT","BELTED_DEATH_COUNT","BELTED_SUSP_SERIOUS_INJ_COUNT","BICYCLE_COUNT","BICYCLE_DEATH_COUNT","BICYCLE_SUSP_SERIOUS_INJ_COUNT","BUS_COUNT","CHLDPAS_DEATH_COUNT","CHLDPAS_SUSP_SERIOUS_INJ_COUNT","COLLISION_TYPE","COMM_VEH_COUNT","CONS_ZONE_SPD_LIM","COUNTY","CRASH_MONTH","CRASH_YEAR","CRN","DAY_OF_WEEK","DEC_LAT","DEC_LONG","DISPATCH_TM","DISTRICT","DRIVER_COUNT_16YR","DRIVER_COUNT_17YR","DRIVER_COUNT_18YR","DRIVER_COUNT_19YR","DRIVER_COUNT_20YR","DRIVER_COUNT_50_64YR","DRIVER_COUNT_65_74YR","DRIVER_COUNT_75PLUS","EST_HRS_CLOSED","FATAL_COUNT","HEAVY_TRUCK_COUNT","HORSE_BUGGY_COUNT","HOUR_OF_DAY","ILLUMINATION","INJURY_COUNT","INTERSECT_TYPE","LANE_CLOSED","LATITUDE","LN_CLOSE_DIR","LOCATION_TYPE","LONGITUDE","MAX_SEVERITY_LEVEL","MCYCLE_DEATH_COUNT","MCYCLE_SUSP_SERIOUS_INJ_COUNT","MOTORCYCLE_COUNT","MUNICIPALITY","NONMOTR_COUNT","NONMOTR_DEATH_COUNT","NONMOTR_SUSP_SERIOUS_INJ_COUNT","NTFY_HIWY_MAINT","PED_COUNT","PED_DEATH_COUNT","PED_SUSP_SERIOUS_INJ_COUNT","PERSON_COUNT","POLICE_AGCY","POSSIBLE_INJ_COUNT","RDWY_SURF_TYPE_CD","RELATION_TO_ROAD","ROAD_CONDITION","SCH_BUS_IND","SCH_ZONE_IND","SMALL_TRUCK_COUNT","SPEC_JURIS_CD","SUSP_MINOR_INJ_COUNT","SUSP_SERIOUS_INJ_COUNT","SUV_COUNT","TCD_FUNC_CD","TCD_TYPE","TFC_DETOUR_IND","TIME_OF_DAY","TOT_INJ_COUNT","TOTAL_UNITS","UNB_DEATH_COUNT","UNB_SUSP_SERIOUS_INJ_COUNT","UNBELTED_OCC_COUNT","UNK_INJ_DEG_COUNT","UNK_INJ_PER_COUNT","URBAN_RURAL","VAN_COUNT","VEHICLE_COUNT","WORK_ZONE_IND","WORK_ZONE_LOC","WORK_ZONE_TYPE","WORKERS_PRES","WZ_CLOSE_DETOUR","WZ_FLAGGER","WZ_LAW_OFFCR_IND","WZ_LN_CLOSURE","WZ_MOVING","WZ_OTHER","WZ_SHLDER_MDN","ROADWAY_CLEARED","WEATHER1","WEATHER2","WZ_WORKERS_INJ_KILLED","SECONDARY_CRASH","INTERSECTION_RELATED"
"0631","1","0","0","0","0","0","0","0","0","7","0","","36","08","2019","2019082245","4","40.0576","-76.2726","0625","08","0","0","0","0","0","0","0","0","","0","0","0","05","5","0","00","0","40 03:27.455","","03","76 16:21.359","0","0","0","0","36215","0","0","0","N","0","0","0","1","36215","0","","3","09","N","N","0","","0","0","0","0","0","","0559","0","1","0","0","0","0","0","1","0","1","N","","","","","","","","","","","","07","  ","","",""
"1555","1","0","0","0","0","0","0","0","0","1","0","","36","08","2019","2019082246","4","40.0836","-76.2308","1555","08","0","0","0","0","0","0","0","0","1","0","0","0","15","1","0","00","1","40 05:00.823","4","00","76 13:50.784","0","0","0","0","36234","0","0","0","N","0","0","0","6","36215","0","","1","01","N","N","0","","0","0","2","0","0","N","1555","0","3","0","0","0","0","0","1","0","3","N","","","","","","","","","","","","03","  ","","",""
"1105","0","0","0","0","0","0","0","0","0","4","0","","36","07","2019","2019082247","4","40.1808","-76.4948","1102","08","0","0","1","0","0","0","1","0","","0","0","0","10","1","0","00","0","40 10:50.957","","00","76 29:41.103","0","0","0","0","36230","0","0","0","N","0","0","0","4","36410","0","","1","01","N","N","1","","0","0","1","0","0","","1058","0","2","0","0","0","0","0","1","0","2","N","","","","","","","","","","","","03","  ","","",""
"1825","2","0","0","0","0","0","0","0","0","4","0","","36","08","2019","2019082248","7","40.1226","-76.4656","1817","08","0","0","0","0","0","1","1","0","1","0","0","0","18","1","1","00","1","40 07:21.327","3","00","76 27:56.117","8","0","0","0","36230","0","0","0","N","0","0","0","5","36410","0","","1","09","N","N","0","","0","0","1","0","0","N","1816","1","3","0","0","0","1","0","1","0","3","N","","","","","","","","","","","","07","  ","","",""
"0822","0","0","0","0","0","0","0","0","0","1","0","","36","08","2019","2019082249","2","40.2024","-76.4205","0814","08","0","0","0","0","0","0","0","0","","0","0","0","08","1","0","00","0","40 12:08.585","","00","76 25:13.659","0","0","0","0","36230","0","0","0","N","0","0","0","2","36410","0","","1","01","N","N","0","","0","0","2","0","0","","0811","0","2","0","0","0","0","0","1","0","2","N","","","","","","","","","","","","03","  ","","",""
"2108","0","0","0","0","0","0","0","0","0","4","0","","36","08","2019","2019082250","3","40.1117","-76.4517","2058","08","0","0","0","0","0","2","0","0","1","0","0","0","20","3","2","01","2","40 06:42.333","4","00","76 27:05.926","3","0","0","0","36230","0","0","0","N","0","0","0","2","36410","0","","1","01","N","N","0","","1","0","2","3","2","Y","2058","2","2","0","0","0","1","0","1","0","2","N","","","","","","","","","","","","03","  ","","",""
"0750","2","0","0","0","0","0","0","0","0","1","0","","36","08","2019","2019082251","7","40.1581","-76.2665","0738","08","0","0","0","0","0","2","0","0","2","0","0","0","07","1","0","00","1","40 09:29.120","4","00","76 15:59.320","0","0","0","0","36235","0","0","0","N","0","0","0","2","36506","0","","1","01","N","N","0","","0","0","0","0","0","N","0738","0","2","0","0","0","0","0","1","0","2","N","","","","","","","","","","","","03","  ","","",""
"1434","1","0","0","0","0","0","0","0","0","4","0","","36","08","2019","2019082252","7","40.1885","-76.2257","1428","08","0","0","0","1","0","0","1","0","2","0","0","0","14","1","2","01","1","40 11:18.474","7","00","76 13:32.487","4","0","0","0","36204","0","0","0","N","0","0","0","8","36506","2","","1","01","N","N","0","","0","0","1","3","3","N","1426","2","2","0","0","1","0","0","1","0","2","N","","","","","","","","","","","","03","  ","","",""
"1715","0","0","0","0","0","0","0","0","0","4","0","","36","08","2019","2019082253","4","40.1647","-76.2364","1708","08","0","0","0","0","0","0","0","0","2","0","0","0","17","1","1","02","1","40 09:52.772","6","00","76 14:11.073","4","0","0","0","36235","0","0","0","N","0","0","0","2","36506","1","","1","01","N","N","1","","0","0","1","0","0","Y","1707","1","2","0","0","0","0","0","1","0","2","N","","","","","","","","","","","","03","  ","","",""
"0405","0","0","0","0","0","0","0","0","0","7","0","","36","08","2019","2019082282","7","39.9942","-76.0265","0405","08","0","0","0","0","0","0","0","0","","0","0","0","04","2","1","00","0","39 59:39.412","","00","76 01:35.800","3","0","0","1","36232","0","0","0","N","0","0","0","1","68J01","0","","2","01","N","N","0","","1","0","0","0","0","","0405","1","1","0","0","0","0","0","1","0","1","N","","","","","","","","","","","","03","  ","","",""
"1805","0","0","0","0","0","0","0","0","0","4","0","","36","08","2019","2019082284","7","40.0386","-76.1734","1801","08","0","0","0","0","0","1","0","0","1","0","0","0","18","1","4","01","2","40 02:18.836","6","00","76 10:24.111","3","0","0","0","36221","0","0","0","N","0","0","0","7","68J01","0","","1","01","N","N","0","","4","0","2","3","2","Y","1800","4","2","0","0","0","0","0","1","0","2","N","","","","","","","","","","","","03","  ","","",""
"2257","0","0","0","0","0","0","0","0","0","7","0","","36","08","2019","2019082287","3","39.9103","-76.2431","2245","08","0","0","0","0","0","0","0","0","1","0","0","0","22","2","1","00","1","39 54:37.032","1","00","76 14:35.026","3","0","0","0","36229","0","0","0","Y","0","0","0","1","68J01","0","","4","01","N","N","0","","1","0","1","0","0","N","2239","1","1","0","0","1","0","0","1","0","1","N","","","","","","","","","","","","03","  ","","",""
"1643","0","0","0","0","0","0","0","0","0","4","0","","36","06","2019","2019082310","5","39.8575","-76.2086","1613","08","0","0","0","0","0","0","0","0","2","0","0","0","16","1","1","01","2","39 51:26.884","5","00","76 12:31.102","3","0","0","0","36212","0","0","0","N","0","0","0","8","68J01","0","","1","01","N","N","0","","1","0","1","3","3","Y","1611","1","2","0","0","0","0","0","1","1","2","N","","","","","","","","","","","","03","  ","","",""
"0552","0","0","0","0","0","0","0","0","0","7","1","","36","08","2019","2019082338","5","40.1184","-76.6997","0540","08","0","0","0","0","0","1","0","0","3","0","1","0","05","5","0","02","1","40 07:06.098","3","00","76 41:58.760","0","0","0","0","36207","0","0","0","Y","0","0","0","1","36504","0","","2","01","N","N","0","","0","0","0","0","0","Y","0535","0","1","0","0","0","0","0","1","0","1","N","","","","","","","","","","","","03","  ","","",""
"1557","0","0","0","0","0","0","0","0","0","1","0","","36","08","2019","2019082388","4","40.1774","-76.6014","1549","08","0","0","0","0","0","0","1","0","","0","0","0","15","1","1","03","0","40 10:36.614","","02","76 36:06.036","8","0","0","0","36225","0","0","0","N","0","0","0","2","36505","0","","1","09","N","N","0","","0","0","2","3","3","","1547","1","2","0","0","0","1","0","2","0","2","N","","","","","","","","","","","","07","  ","","",""
"1707","3","0","0","0","0","0","0","0","0","1","0","","36","08","2019","2019082410","5","39.9901","-76.2388","1641","08","0","0","0","0","0","1","0","0","","0","0","0","16","1","0","00","0","39 59:24.181","","00","76 14:19.815","0","0","0","0","36240","0","0","0","N","0","0","0","3","36240","0","","1","01","N","N","0","","0","0","0","0","0","N","1641","0","3","0","0","0","0","0","1","0","3","N","","","","","","","","","","","","03","  ","","",""
"1640","0","0","0","0","0","0","0","0","0","7","0","","36","08","2019","2019082417","3","40.0831","-76.5894","1635","08","0","0","0","0","0","0","0","0","3","0","0","0","16","1","0","00","2","40 04:59.024","5","00","76 35:21.905","0","0","0","0","36211","0","0","0","N","0","0","0","1","36504","0","","5","01","N","N","1","","0","0","0","0","0","Y","1627","0","1","0","0","0","0","0","1","0","1","N","","","","","","","","","","","","03","  ","","",""
"1428","1","0","0","0","0","0","0","0","0","1","0","","36","08","2019","2019082526","6","40.0509","-76.3199","1407","08","0","0","0","0","0","0","0","0","1","0","0","0","13","1","2","00","1","40 03:03.415","1","00","76 19:11.487","3","0","0","0","36301","0","0","0","N","0","0","0","4","36301","0","","1","01","N","N","1","","2","0","0","0","0","N","1358","2","2","0","0","0","0","0","3","0","2","N","","","","","","","","","","","","03","  ","","",""
"0641","0","0","0","0","0","0","0","0","0","4","0","","36","08","2019","2019082578","2","40.0695","-76.3311","0639","08","0","1","0","0","0","1","0","0","","0","0","0","06","1","0","01","0","40 04:10.251","","00","76 19:52.060","0","0","0","0","36101","0","0","0","N","0","0","0","2","36101","0","","1","01","N","N","2","","0","0","0","3","2","","0630","0","2","0","0","0","0","0","3","0","2","N","","","","","","","","","","","","03","  ","","",""
"1224","2","0","0","0","0","0","0","0","0","4","0","","36","08","2019","2019082579","5","40.0525","-76.323","1214","08","0","0","0","0","0","0","0","0","","0","0","0","12","1","0","00","0","40 03:09.063","","00","76 19:22.672","0","0","0","0","36101","0","0","0","N","0","0","0","2","36101","0","","1","01","N","N","0","","0","0","0","3","3","","1203","0","2","0","0","0","0","0","3","0","2","N","","","","","","","","","","","","03","  ","","",""
"2142","1","0","0","1","0","0","0","0","0","4","0","","36","08","2019","2019082580","4","40.0695","-76.3575","2140","08","0","0","0","1","0","0","0","0","1","0","0","0","21","3","1","02","2","40 04:10.056","4","00","76 21:26.821","4","0","0","0","36214","1","0","0","N","0","0","0","3","36214","1","","1","01","N","N","0","","0","0","0","3","2","Y","2139","1","2","0","0","0","0","0","3","0","1","N","","","","","","","","","","","","03","  ","","",""
"1852","1","0","0","0","0","0","0","0","0","7","0","","36","07","2019","2019082581","2","40.0718","-76.5019","1840","08","0","0","0","0","0","0","0","0","2","0","0","0","18","1","0","00","1","40 04:18.520","1","00","76 30:06.800","9","0","0","0","36230","0","0","0","N","0","0","0","1","36410","0","","4","09","N","N","0","","0","0","0","0","0","Y","1839","0","1","0","0","0","0","1","1","0","1","N","","","","","","","","","","","","03","  ","","",""
"0926","0","0","0","0","0","0","0","0","0","4","0","","36","08","2019","2019082582","5","40.1757","-76.3088","0921","08","0","0","0","0","0","0","0","0","2","0","0","0","09","1","1","01","1","40 10:32.639","3","00","76 18:31.661","8","0","0","0","36235","0","0","0","N","0","0","0","2","36506","0","","1","01","N","N","1","","0","0","1","3","2","N","0921","1","2","0","0","0","1","0","1","0","2","N","","","","","","","","","","","","03","  ","","",""
"0259","1","0","0","0","0","0","0","0","0","7","0","","36","08","2019","2019082632","7","39.8399","-76.3066","0220","08","0","0","0","0","0","0","0","0","","0","0","0","02","2","1","00","0","39 50:23.775","","00","76 18:23.630","3","0","0","0","36224","0","0","0","N","0","0","0","1","68J01","0","","4","01","N","N","0","","1","0","0","0","0","","0216","1","1","0","0","0","0","0","1","0","1","N","","","","","","","","","","","","03","  ","","",""
"1030","1","0","0","0","0","0","0","0","0","1","0","","36","08","2019","2019082633","7","39.8828","-76.2599","1014","08","0","0","0","0","0","0","0","0","3","0","0","1","10","1","2","00","2","39 52:58.180","6","00","76 15:35.525","3","0","0","0","36229","2","0","0","N","0","0","0","3","68J01","0","","1","01","N","N","0","","2","0","0","0","0","Y","1013","2","2","0","0","0","0","0","1","0","1","N","","","","","","","","","","","","03","  ","","",""
"2127","0","0","0","0","0","0","0","0","0","0","0","","36","08","2019","2019082636","1","40.0391","-76.1111","2111","08","0","0","1","0","0","0","0","0","1","0","0","0","21","3","0","00","2","40 02:20.848","4","00","76 06:39.853","0","0","0","0","36221","0","0","0","N","0","0","0","2","68J01","0","","1","01","N","N","1","","0","0","0","0","0","N","2107","0","1","0","0","0","0","0","1","0","1","N","","","","","","","","","","","","03","  ","","",""
"0935","1","0","0","0","0","0","0","0","0","2","0","","36","08","2019","2019082637","2","39.8997","-76.0445","0928","08","0","0","1","0","0","0","1","0","3","0","0","0","09","1","1","01","2","39 53:58.957","4","00","76 02:40.203","3","0","0","0","36201","0","0","0","N","0","0","0","5","68J01","0","","1","01","N","N","0","","1","0","0","3","3","Y","0917","1","2","0","0","1","0","0","1","1","2","N","","","","","","","","","","","","03","  ","","",""
"1030","1","0","0","0","0","0","0","0","0","7","0","","36","08","2019","2019082650","3","40.001","-76.0218","1003","08","0","0","0","0","0","0","0","1","","0","0","0","01","2","1","02","0","40 00:03.726","","00","76 01:18.508","3","0","0","0","36232","0","0","0","N","0","0","0","1","68J01","0","","5","01","N","N","0","","1","0","0","3","3","","0130","1","1","0","0","0","0","0","1","0","1","N","","","","","","","","","","","","03","  ","","",""
"1308","0","0","0","0","0","0","0","0","0","7","0","","36","08","2019","2019082651","3","40.0214","-76.0685","1307","08","0","0","0","0","0","0","1","0","","0","0","0","12","1","0","00","0","40 01:16.995","","00","76 04:06.601","0","0","0","0","36221","0","0","0","N","0","0","0","1","68J01","0","","2","01","N","N","1","","0","0","0","0","0","","1252","0","1","0","0","0","0","0","1","0","1","N","","","","","","","","","","","","03","  ","","",""
"1850","0","0","0","0","0","0","0","0","0","4","0","","36","08","2019","2019082721","6","40.0532","-76.2613","1836","08","0","0","0","0","0","0","1","0","2","0","0","0","18","1","1","01","1","40 03:11.510","3","00","76 15:40.709","2","0","1","1","36301","0","0","0","N","0","0","0","3","36301","0","","1","01","N","N","0","","0","1","0","3","2","N","1808","1","2","0","0","0","0","0","3","1","2","N","","","","","","","","","","","","03","  ","","",""
"1735","1","0","0","0","0","0","0","0","0","1","0","","36","06","2019","2019082662","3","40.209","-76.0471","1708","08","0","0","0","0","1","0","0","0","3","0","0","0","17","1","3","01","2","40 12:32.495","7","00","76 02:49.423","3","0","0","0","36202","0","0","0","N","0","0","0","3","68J01","0","","1","01","N","N","0","","3","0","1","0","0","Y","1703","3","2","0","0","1","0","0","1","0","2","N","","","","","","","","","","","","03","  ","","",""
"0446","1","0","0","0","0","0","0","0","0","4","0","","36","07","2019","2019082665","5","40.0272","-75.9541","0442","08","0","0","0","0","0","1","0","0","","0","0","0","04","2","1","01","0","40 01:38.006","","00","75 57:14.828","3","0","0","0","36232","0","0","0","N","0","0","0","2","68J01","0","","1","01","N","N","0","","1","0","1","3","3","","0441","1","2","0","0","0","0","0","1","0","2","N","","","","","","","","","","","","03","  ","","",""
"2108","2","0","0","0","0","0","0","0","0","4","0","","36","07","2019","2019082669","6","39.864","-76.2596","2103","08","0","0","1","0","0","0","0","0","2","0","0","0","20","2","0","00","1","39 51:50.550","4","07","76 15:34.383","0","0","0","0","36208","0","0","0","N","0","0","0","2","68J01","0","","1","01","N","N","0","","0","0","0","0","0","N","2059","0","2","0","0","0","0","0","1","0","2","N","","","","","","","","","","","","03","  ","","",""
"1252","1","0","0","0","0","0","0","0","0","4","0","","36","07","2019","2019082672","7","39.8726","-76.2286","1252","08","0","0","0","0","0","0","1","0","4","0","0","0","12","1","3","02","2","39 52:21.341","7","00","76 13:43.058","2","0","2","2","36212","0","0","0","N","0","0","0","5","68J01","1","","1","01","N","N","0","","0","2","0","3","3","Y","1252","3","3","0","0","0","0","0","1","0","3","N","","","","","","","","","","","","03","  ","","",""
"0913","0","0","0","0","0","0","0","0","0","0","0","","36","07","2019","2019082674","1","40.2121","-76.3388","0849","08","0","0","0","0","0","1","0","0","","0","0","0","08","1","1","00","0","40 12:43.695","","00","76 20:19.853","3","0","0","1","36217","0","0","0","N","0","0","0","1","68J01","0","","1","98","N","N","0","","1","0","0","0","0","","0848","1","1","0","0","0","0","0","1","0","1","N","","","","","","","","","","","","03","  ","","",""
"2256","0","0","0","1","0","0","0","0","0","4","0","","36","08","2019","2019082706","6","40.0395","-76.306","2253","08","0","0","0","0","0","0","0","0","","0","0","0","22","3","1","01","0","40 02:22.325","","00","76 18:21.503","3","0","0","0","36301","1","0","0","N","0","0","0","3","36301","0","","1","01","N","N","1","","1","0","0","3","2","","2249","1","2","0","0","0","0","0","3","0","1","N","","","","","","","","","","","","03","  ","","",""
"1011","0","0","0","0","0","0","0","0","0","7","0","","36","08","2019","2019082752","3","40.0807","-76.5137","1004","08","0","0","0","0","0","0","1","0","3","0","0","0","10","1","1","00","2","40 04:50.670","5","00","76 30:49.172","3","0","0","0","36211","0","0","0","N","0","0","0","1","36504","0","","2","01","N","N","0","","1","0","0","0","0","Y","1004","1","1","0","0","0","0","0","1","1","1","N","","","","","","","","","","","","03","  ","","",""
"0829","2","1","0","0","0","0","0","0","0","1","1","55","36","06","2019","2019082822","2","40.1864","-76.1268","0829","08","0","0","0","0","0","2","0","0","5","1","1","0","08","1","5","00","2","40 11:10.878","2","00","76 07:36.372","1","0","0","0","36210","0","0","0","N","0","0","0","6","68J01","0","2","1","01","N","N","1","0","4","1","0","0","0","Y","0827","5","4","0","1","2","0","0","1","0","4","Y","2","1","Y","N","N","Y","Y","N","N","N","","03","  ","","",""
"0217","1","0","0","0","0","0","0","0","0","4","0","","36","08","2019","2019082884","4","40.001","-76.4215","0210","08","0","0","0","0","0","0","0","0","2","0","0","0","02","3","2","01","2","40 00:03.498","7","00","76 25:17.439","2","0","0","0","36223","0","0","0","N","0","0","0","3","36223","1","","1","09","N","N","0","","0","1","1","3","3","Y","0205","2","2","0","0","0","0","0","1","0","2","N","","","","","","","","","","","","07","  ","","",""
"1005","2","0","0","0","0","0","0","0","0","4","0","","36","08","2019","2019082982","6","40.0377","-76.3012","0955","08","0","0","0","1","0","1","0","0","1","0","0","0","09","1","0","02","1","40 02:15.552","1","00","76 18:04.209","0","0","0","0","36301","0","0","0","N","0","0","0","3","36301","0","","1","01","N","N","0","","0","0","0","3","2","N","0955","0","2","0","0","0","0","0","3","0","2","N","","","","","","","","","","","","03","  ","","",""
"0705","1","0","0","0","0","0","0","0","0","4","0","","36","08","2019","2019082954","5","40.114","-76.5207","0700","08","0","0","0","0","0","0","0","0","2","0","0","0","06","1","0","01","1","40 06:50.558","4","00","76 31:14.611","0","0","0","0","36413","0","0","0","N","0","0","0","2","36413","0","","1","01","N","N","0","","0","0","1","3","2","Y","0653","0","2","0","0","0","0","0","2","0","2","N","","","","","","","","","","","","03","  ","","",""
"2255","1","0","0","0","0","0","0","0","0","1","0","","36","08","2019","2019082968","7","40.145","-76.6011","2254","08","0","1","0","0","0","0","0","0","","0","0","0","21","3","1","02","0","40 08:42.146","","00","76 36:03.911","4","0","0","0","36407","0","0","0","N","0","0","0","2","36407","1","","1","01","N","N","1","","0","0","0","3","2","N","2100","1","2","0","0","0","0","1","2","0","2","N","","","","","","","","","","","","03","  ","","",""
"1050","0","0","0","0","0","0","0","0","0","4","1","","36","08","2019","2019082989","6","40.035","-76.3031","1047","08","0","0","0","0","0","1","0","0","1","0","1","0","10","1","2","05","1","40 02:06.092","3","00","76 18:11.102","8","0","0","0","36301","0","0","0","N","0","0","0","3","36301","0","","1","01","N","N","0","","0","0","0","3","2","N","1046","2","2","0","0","0","2","0","3","1","2","N","","","","","","","","","","","","03","  ","","",""
"1422","1","0","0","0","0","0","0","0","0","3","0","","36","08","2019","2019083010","7","40.1919","-76.1765","","08","0","0","0","0","0","2","0","0","1","0","0","0","14","1","0","02","1","40 11:30.663","2","00","76 10:35.439","0","0","0","0","36218","0","0","0","N","0","0","0","2","36408","0","","1","01","N","N","1","","0","0","0","3","2","N","1418","0","2","0","0","0","0","0","1","0","2","N","","","","","","","","","","","","03","  ","","",""
"1432","1","0","0","0","0","0","0","0","0","4","0","","36","08","2019","2019083031","3","40.0263","-76.3063","1432","08","0","0","0","0","0","1","0","0","1","0","0","0","14","1","1","00","1","40 01:34.833","3","00","76 18:22.761","4","0","0","0","36301","0","0","0","N","0","0","0","2","36301","1","","1","01","N","N","1","","0","0","0","0","0","N","1408","1","2","0","0","0","0","0","3","0","2","N","","","","","","","","","","","","03","  ","","",""
"1205","0","0","0","0","0","0","0","0","0","4","0","","36","07","2019","2019083065","1","40.2431","-76.1231","1201","08","1","0","0","0","0","1","0","0","3","0","0","0","11","1","2","02","2","40 14:35.309","7","00","76 07:23.193","2","0","2","1","36210","0","0","0","N","0","0","0","4","36210","0","","1","01","N","N","0","","0","2","0","0","0","Y","1159","2","2","0","0","2","0","0","1","1","2","N","","","","","","","","","","","","03","  ","","",""
"2253","0","0","1","0","0","0","0","0","0","7","0","","36","08","2019","2019083079","3","40.0713","-76.3245","2248","08","0","0","0","0","0","0","0","0","2","0","0","0","21","3","2","00","1","40 04:16.730","4","00","76 19:28.251","2","0","0","0","36101","0","0","0","N","0","0","0","3","36101","0","","4","09","N","N","0","","1","1","0","0","0","N","2146","2","1","0","0","0","0","0","3","1","1","N","","","","","","","","","","","","07","  ","","",""
"2130","1","0","0","1","0","0","0","0","0","4","0","","36","08","2019","2019083080","6","40.0679","-76.3034","2129","08","0","0","0","0","0","0","0","1","1","0","0","0","21","3","1","01","1","40 04:04.462","3","00","76 18:12.202","3","0","0","0","36101","1","0","0","N","0","0","0","2","36101","0","","1","01","N","N","0","","1","0","0","3","2","N","2128","1","2","0","0","0","0","0","3","0","1","N","","","","","","","","","","","","03","  ","","",""
"1030","1","0","0","0","0","0","0","0","0","2","0","","36","08","2019","2019083084","4","40.2234","-76.0802","1030","08","0","0","0","0","0","0","0","0","","0","0","0","10","1","1","00","0","40 13:24.200","","00","76 04:48.700","3","0","0","0","36210","0","0","0","N","0","0","0","2","36210","0","","1","09","N","N","0","","1","0","1","0","0","","1025","1","2","0","0","0","0","0","1","0","2","N","","","","","","","","","","","","03","  ","","",""
"1544","1","0","0","0","0","0","0","0","0","1","0","","36","08","2019","2019083086","6","40.203","-76.1572","1531","08","0","0","0","0","0","1","0","0","1","0","0","0","15","1","0","00","1","40 12:10.968","2","00","76 09:26.029","0","0","0","0","36210","0","0","0","N","0","0","0","3","36210","0","","1","01","N","N","0","","0","0","1","0","0","N","1529","0","2","0","0","0","0","0","1","0","2","N","","","","","","","","","","","","03","  ","","",""
"1005","1","0","0","0","0","0","0","0","0","4","0","","36","08","2019","2019083091","7","40.2379","-76.1366","1003","08","0","0","0","0","0","0","0","1","","0","0","0","10","1","1","01","0","40 14:16.455","","00","76 08:11.758","3","0","0","0","36405","0","0","0","N","0","0","0","3","36210","0","","1","01","N","N","1","","1","0","0","3","3","","1002","1","2","0","0","1","0","0","1","0","2","N","","","","","","","","","","","","03","  ","","",""
"0521","0","0","0","0","0","0","0","0","0","4","0","","36","08","2019","2019083244","2","40.2264","-76.1804","0514","08","0","0","0","0","0","0","0","0","2","0","0","0","05","3","1","01","2","40 13:34.893","5","00","76 10:49.273","3","0","0","0","36236","0","0","0","N","0","0","0","2","36408","0","","1","01","N","N","1","","1","0","1","3","3","Y","0514","1","2","0","0","0","0","0","1","0","2","N","","","","","","","","","","","","03","  ","","",""
"1454","1","0","0","0","0","0","0","0","0","1","0","","36","08","2019","2019083269","5","40.0504","-76.3037","1449","08","0","0","0","0","0","1","0","0","","0","0","0","14","1","1","01","0","40 03:01.323","","00","76 18:13.170","3","0","0","0","36301","0","0","0","N","0","0","0","2","36301","0","","1","01","N","N","0","","1","0","1","3","2","N","1447","1","2","0","0","0","0","0","3","0","2","N","","","","","","","","","","","","03","  ","","",""
"1635","1","0","0","0","0","0","0","0","0","1","0","","36","07","2019","2019083348","2","39.9812","-76.305","1632","08","0","0","0","0","1","1","0","0","1","0","0","0","15","1","0","00","1","39 58:52.407","3","00","76 18:18.175","0","0","0","0","36228","0","0","0","N","0","0","0","2","36228","0","","1","01","N","N","1","","0","0","0","0","0","N","1543","0","2","0","0","0","0","0","1","0","2","N","","","","","","","","","","","","03","  ","","",""
"1340","0","0","0","0","0","0","0","0","0","1","0","","36","08","2019","2019083448","5","40.2206","-76.0938","1337","08","0","0","0","0","0","0","1","0","2","0","0","0","13","1","2","00","1","40 13:14.039","3","07","76 05:37.631","8","0","0","0","36210","0","0","0","N","0","0","0","3","36210","0","","1","01","N","N","0","","0","0","2","3","2","N","1334","2","2","0","0","0","2","0","1","0","2","N","","","","","","","","","","","","03","  ","","",""
"1755","1","0","0","0","0","0","0","0","0","4","0","","36","08","2019","2019083473","6","40.0685","-76.3074","1748","08","0","0","0","0","0","0","0","0","","0","0","0","17","1","1","01","0","40 04:06.605","","00","76 18:27.559","3","0","0","0","36101","0","0","0","N","0","0","0","4","36101","0","","1","01","N","N","0","","1","0","0","3","2","","1742","1","2","0","0","0","0","0","3","1","2","N","","","","","","","","","","","","03","  ","","",""
"1152","1","0","0","0","0","0","0","0","0","4","0","","36","08","2019","2019083474","3","40.0404","-76.2463","1152","08","0","0","0","0","0","1","0","0","1","0","0","0","11","1","1","01","1","40 02:25.423","3","00","76 14:46.653","3","0","0","0","36215","0","0","0","N","0","0","0","2","36215","0","","1","01","N","N","0","","1","0","1","0","0","N","1148","1","2","0","0","1","0","0","1","0","2","N","","","","","","","","","","","","03","  ","","",""
"2204","1","0","0","0","0","0","0","0","0","7","0","","36","08","2019","2019083475","4","40.0597","-76.251","2159","08","0","0","0","1","0","0","0","0","","0","0","0","21","2","0","00","0","40 03:34.990","","00","76 15:03.670","0","0","0","0","36215","0","0","0","N","0","0","0","1","36215","0","","4","01","N","N","0","","0","0","0","0","0","","2156","0","1","0","0","0","0","0","1","0","1","N","","","","","","","","","","","","03","  ","","",""
"0820","0","0","0","0","0","0","0","0","0","0","0","","36","08","2019","2019083476","5","40.133","-76.1129","0811","08","0","0","0","0","0","1","0","0","","0","0","0","08","1","1","01","0","40 07:58.926","","00","76 06:46.330","8","0","0","1","36209","0","0","0","N","0","0","0","1","36415","0","","1","01","N","N","0","","0","0","0","0","0","","0805","1","1","0","0","0","1","0","1","0","1","N","","","","","","","","","","","","03","  ","","",""