"ARRIVAL_TM","AUTOMOBILE_COUNT","BELTED_DEATH_COUNT","BELTED_SUSP_SERIOUS_INJ_COUNT","BICYCLE_COUNT","BICYCLE_DEATH_COUNT","BICYCLE_SUSP_SERIOUS_INJ_COUNT","BUS_COUNT","CHLDPAS_DEATH_COUNT","CHLDPAS_SUSP_SERIOUS_INJ_COUNT","COLLISION_TYPE","COMM_VEH_COUNT","CONS_ZONE_SPD_LIM","COUNTY","CRASH_MONTH","CRASH_YEAR","CRN","DAY_OF_WEEK","DEC_LAT","DEC_LONG","DISPATCH_TM","DISTRICT","DRIVER_COUNT_16YR","DRIVER_COUNT_17YR","DRIVER_COUNT_18YR","DRIVER_COUNT_19YR","DRIVER_COUNT_20YR","DRIVER_COUNT_50_64YR","DRIVER_COUNT_65_74YR","DRIVER_COUNT_75PLUS","EST_HRS_CLOSED","FATAL_COUNT","HEAVY_TRUCK_COUNT","HORSE_BUGGY_COUNT","HOUR_OF_DAY","ILLUMINATION","INJURY_COUNT","INTERSECT_TYPE","LANE_CLOSED","LATITUDE","LN_CLOSE_DIR","LOCATION_TYPE","LONGITUDE","MAX_SEVERITY_LEVEL","MCYCLE_DEATH_COUNT","MCYCLE_SUSP_SERIOUS_INJ_COUNT","MOTORCYCLE_COUNT","MUNICIPALITY","NONMOTR_COUNT","NONMOTR_DEATH_COUNT","NONMOTR_SUSP_SERIOUS_INJ_COUNT","NTFY_HIWY_MAINT","PED_COUNT","PED_DEATH_COUNT","PED_SUSP_SERIOUS_INJ_COUNT","PERSON_COUNT","POLICE_AGCY","POSSIBLE_INJ_COUNT","RDWY_SURF_TYPE_CD","RELATION_TO_ROAD","ROAD_CONDITION","SCH_BUS_IND","SCH_ZONE_IND","SMALL_TRUCK_COUNT","SPEC_JURIS_CD","SUSP_MINOR_INJ_COUNT","SUSP_SERIOUS_INJ_COUNT","SUV_COUNT","TCD_FUNC_CD","TCD_TYPE","TFC_DETOUR_IND","TIME_OF_DAY","TOT_INJ_COUNT","TOTAL_UNITS","UNB_DEATH_COUNT","UNB_SUSP_SERIOUS_INJ_COUNT","UNBELTED_OCC_COUNT","UNK_INJ_DEG_COUNT","UNK_INJ_PER_COUNT","URBAN_RURAL","VAN_COUNT","VEHICLE_COUNT","WORK_ZONE_IND","WORK_ZONE_LOC","WORK_ZONE_TYPE","WORKERS_PRES","WZ_CLOSE_DETOUR","WZ_FLAGGER","WZ_LAW_OFFCR_IND","WZ_LN_CLOSURE","WZ_MOVING","WZ_OTHER","WZ_SHLDER_MDN","ROADWAY_CLEARED","WEATHER1","WEATHER2","WZ_WORKERS_INJ_KILLED","SECONDARY_CRASH","INTERSECTION_RELATED"
"1032","0","0","0","0","0","0","0","0","0","4","0","","36","08","2019","2019083477","6","40.0592","-76.069","1023","08","0","0","0","0","0","1","1","0","1","0","0","0","10","1","4","01","2","40 03:33.201","7","00","76 04:08.417","8","0","0","0","36209","0","0","0","N","0","0","0","5","36415","0","","1","01","N","N","1","","0","0","2","3","3","Y","1026","4","3","0","0","0","4","1","1","0","3","N","","","","","","","","","","","","03","  ","","",""
"1632","2","0","0","0","0","0","0","0","0","4","0","","36","08","2019","2019083478","6","40.0811","-76.1009","1627","08","0","0","0","0","0","0","0","0","1","0","0","0","16","1","1","02","2","40 04:51.855","5","00","76 06:03.387","8","0","0","0","36209","0","0","0","N","0","0","0","2","36415","0","","1","01","N","N","0","","0","0","0","3","3","Y","1625","1","2","0","0","0","1","0","1","0","2","N","","","","","","","","","","","","03","  ","","",""
"1120","0","0","0","0","0","0","0","0","0","4","0","","36","08","2019","2019083479","1","40.0944","-76.1126","1113","08","0","0","0","0","0","1","0","0","","0","0","0","11","1","0","00","0","40 05:39.913","","07","76 06:45.310","0","0","0","0","36209","0","0","0","N","0","0","0","3","36415","0","","1","01","N","N","1","","0","0","1","0","0","","1111","0","2","0","0","0","0","0","1","0","2","N","","","","","","","","","","","","03","  ","","",""
"2136","1","0","0","0","0","0","0","0","0","7","0","","36","08","2019","2019083480","7","40.1088","-76.1104","2134","08","0","0","0","1","0","0","0","0","2","0","0","0","21","2","0","00","2","40 06:31.710","5","00","76 06:37.470","0","0","0","0","36209","0","0","0","N","0","0","0","1","36415","0","","5","01","N","N","0","","0","0","0","0","0","Y","2134","0","1","0","0","0","0","0","1","0","1","N","","","","","","","","","","","","03","  ","","",""
"1641","1","0","0","0","0","0","0","0","0","1","0","","36","08","2019","2019083541","5","39.9922","-76.0218","1623","08","0","0","0","0","0","0","0","1","","0","0","0","16","1","0","01","0","39 59:32.088","","00","76 01:18.340","0","0","0","0","36232","0","0","0","N","0","0","0","2","68J01","0","","1","01","N","N","0","","0","0","0","3","4","","1619","0","2","0","0","0","0","0","1","1","2","N","","","","","","","","","","","","03","  ","","",""
"1827","0","0","0","0","0","0","0","0","0","1","1","","36","08","2019","2019083553","2","40.2236","-76.2918","1803","08","0","0","0","0","0","3","0","0","2","0","1","0","17","1","2","02","1","40 13:24.883","3","00","76 17:30.473","3","0","0","0","36217","0","0","0","N","0","0","0","3","68J01","0","","1","01","N","N","0","","1","0","1","0","0","Y","1759","2","3","0","0","0","1","0","1","1","3","N","","","","","","","","","","","","03","  ","","",""
"1646","0","0","0","0","0","0","0","0","0","5","0","","36","08","2019","2019083687","2","40.0407","-76.4443","1646","08","0","0","0","0","0","0","0","0","1","0","0","0","16","1","0","00","1","40 02:26.571","4","00","76 26:39.496","0","0","0","0","36414","0","0","0","N","0","0","0","2","36239","0","","1","01","N","N","2","","0","0","0","0","0","N","1646","0","2","0","0","0","0","0","3","0","2","N","","","","","","","","","","","","03","  ","","",""
"0802","1","0","0","0","0","0","0","0","0","4","0","","36","07","2019","2019083787","4","39.9436","-76.2106","0757","08","0","0","0","0","0","0","1","0","3","0","0","0","07","1","2","01","1","39 56:37.007","2","00","76 12:38.078","3","0","0","0","36233","0","0","0","N","0","0","0","2","68J01","0","","1","01","N","N","0","","2","0","1","3","3","N","0755","2","2","0","0","0","0","0","1","0","2","N","","","","","","","","","","","","03","  ","","",""
"1557","1","0","0","0","0","0","0","0","0","1","0","","36","08","2019","2019083798","2","40.0348","-76.5283","1557","08","0","0","0","0","0","2","0","0","3","0","0","0","15","1","1","00","1","40 02:05.260","3","03","76 31:41.988","4","0","0","0","36239","0","0","0","N","0","0","0","6","36239","1","","1","01","N","N","1","","0","0","1","0","0","N","1557","1","3","0","0","0","0","0","3","0","3","N","","","","","","","","","","","","03","  ","","",""
"1321","1","0","0","0","0","0","0","0","0","1","0","","36","08","2019","2019083804","2","40.0592","-76.5324","1318","08","0","0","0","0","0","1","0","0","2","0","0","0","13","1","1","00","2","40 03:33.132","5","00","76 31:56.631","3","0","0","0","36211","0","0","0","N","0","0","0","3","36504","0","","1","01","N","N","0","","1","0","1","3","1","Y","1317","1","2","0","0","0","0","0","1","0","2","N","","","","","","","","","","","","03","  ","","",""
"1329","0","0","0","0","0","0","0","0","0","1","0","","36","08","2019","2019083835","6","40.1636","-76.5819","1324","08","0","0","0","0","0","0","0","1","","0","0","0","13","1","0","00","0","40 09:48.994","","00","76 34:54.922","0","0","0","0","36225","0","0","0","N","0","0","0","2","36505","0","","1","01","N","N","1","","0","0","1","0","0","","1324","0","2","0","0","0","0","0","2","0","2","N","","","","","","","","","","","","03","  ","","",""
"1259","0","0","0","0","0","0","0","0","0","0","0","","36","08","2019","2019083855","4","40.0707","-76.2933","1254","08","0","0","0","0","0","0","0","0","1","0","0","0","12","1","0","00","1","40 04:14.400","4","00","76 17:35.900","0","0","0","1","36101","0","0","0","N","0","0","0","1","36101","0","","1","01","N","N","0","","0","0","0","0","0","N","1253","0","1","0","0","0","0","0","3","0","1","N","","","","","","","","","","","","03","  ","","",""
"1644","0","0","0","1","0","0","0","0","0","5","0","","36","08","2019","2019083856","5","40.0341","-76.3246","1640","08","0","0","0","0","0","0","0","0","","0","0","0","16","1","1","02","0","40 02:02.670","","00","76 19:28.624","3","0","0","0","36220","1","0","0","N","0","0","0","2","36101","0","","1","01","N","N","0","","1","0","1","0","0","","1636","1","2","0","0","0","0","1","3","0","1","N","","","","","","","","","","","","03","  ","","",""
"1737","0","0","0","0","0","0","0","0","0","0","0","","36","08","2019","2019083857","2","40.0711","-76.3235","1728","08","0","0","0","0","0","1","0","0","","0","0","0","17","1","1","00","0","40 04:16.023","","00","76 19:24.764","3","0","0","0","36101","0","0","0","N","0","0","0","4","36101","0","","1","01","N","N","1","","1","0","1","0","0","","1711","1","2","0","0","0","0","0","3","0","2","N","","","","","","","","","","","","03","  ","","",""
"1342","1","0","0","0","0","0","0","0","0","4","0","","36","08","2019","2019083858","2","40.0618","-76.1703","1335","08","0","0","0","0","0","0","1","0","1","0","0","0","13","1","0","01","2","40 03:42.505","7","00","76 10:12.981","0","0","0","0","36234","0","0","0","N","0","0","0","4","36215","0","","1","01","N","N","0","","0","0","1","3","3","Y","1332","0","2","0","0","0","0","0","1","0","2","N","","","","","","","","","","","","03","  ","","",""
"1424","2","0","0","0","0","0","0","0","0","4","0","","36","08","2019","2019083859","2","40.0551","-76.2144","1421","08","0","0","0","0","0","0","0","0","2","0","0","0","14","1","1","02","2","40 03:18.452","2","00","76 12:51.814","3","0","0","0","36215","0","0","0","N","0","0","0","2","36215","0","","1","01","N","N","0","","1","0","0","3","3","N","1420","1","2","0","0","0","0","0","1","0","2","N","","","","","","","","","","","","03","  ","","",""
"0101","2","0","0","0","0","0","0","0","0","1","0","","36","08","2019","2019083887","5","40.1135","-76.5186","0059","08","0","0","0","0","0","0","0","0","","0","0","0","00","3","0","00","0","40 06:48.502","","00","76 31:07.007","0","0","0","0","36413","0","0","0","N","0","0","0","1","36413","0","","2","01","N","N","0","","0","0","0","0","0","","0059","0","2","0","0","1","0","0","2","0","2","N","","","","","","","","","","","","03","  ","","",""
"1844","2","0","0","0","0","0","0","0","0","4","0","","36","08","2019","2019084016","3","40.0778","-76.4211","1840","08","0","1","1","0","0","0","0","0","3","0","0","0","18","1","2","01","2","40 04:40.238","6","00","76 25:15.952","3","0","0","0","36239","0","0","0","N","0","0","0","3","36239","0","","1","09","N","N","0","","1","0","0","3","3","Y","1820","2","2","0","0","0","1","0","3","0","2","N","","","","","","","","","","","","07","  ","","",""
"1550","1","0","0","0","0","0","0","0","0","5","0","","36","08","2019","2019084102","6","40.1752","-76.1782","1548","08","0","0","0","0","0","0","0","0","2","0","0","0","15","1","0","02","1","40 10:30.626","7","00","76 10:41.660","0","0","0","0","36408","0","0","0","N","0","0","0","6","36408","0","","1","01","N","N","0","","0","0","2","3","3","Y","1548","0","3","0","0","0","0","0","2","0","3","N","","","","","","","","","","","","03","  ","","",""
"1558","0","0","0","0","0","0","0","0","0","0","0","","36","08","2019","2019084130","5","40.0421","-76.2967","1558","08","0","0","0","0","0","0","0","0","1","0","0","0","15","1","1","00","2","40 02:31.700","3","00","76 17:48.200","8","0","0","1","36301","0","0","0","N","0","0","0","1","36301","0","","1","01","N","N","0","","0","0","1","0","0","N","1558","1","2","0","0","0","1","0","3","0","2","N","","","","","","","","","","","","03","  ","","",""
"1905","2","0","0","0","0","0","0","0","0","1","0","","36","07","2019","2019084243","3","40.245","-76.0465","1856","08","0","0","1","0","0","0","0","0","","0","0","0","18","1","0","01","0","40 14:41.925","","99","76 02:47.244","0","0","0","0","36401","0","0","0","N","0","0","0","2","36408","0","","1","01","N","N","0","","0","0","0","0","0","","1854","0","2","0","0","0","0","0","1","0","2","N","","","","","","","","","","","","03","  ","","",""
"1410","0","0","0","0","0","0","0","0","0","0","0","","36","08","2019","2019084244","7","40.2007","-76.2065","1404","08","0","0","0","0","0","1","0","0","1","0","0","0","14","1","1","00","1","40 12:02.539","4","07","76 12:23.268","8","0","0","1","36218","0","0","0","N","0","0","0","1","36408","0","","1","09","N","N","0","","0","0","0","0","0","N","1404","1","2","0","0","0","1","0","1","0","1","N","","","","","","","","","","","","03","  ","","",""
"1502","1","0","0","0","0","0","0","0","0","7","0","","36","08","2019","2019084255","1","40.1655","-76.1758","1459","08","0","0","0","0","0","0","0","0","","0","0","0","14","1","0","00","0","40 09:55.842","","00","76 10:32.794","0","0","0","0","36218","0","0","0","N","0","0","0","1","36408","0","","5","01","N","N","0","","0","0","0","0","0","","1456","0","1","0","0","0","0","0","1","0","1","N","","","","","","","","","","","","03","  ","","",""
"1008","2","0","0","0","0","0","0","0","0","4","0","","36","08","2019","2019084278","1","40.0513","-76.3062","1007","08","0","0","0","0","0","0","0","1","2","0","0","0","10","1","0","01","2","40 03:04.511","2","00","76 18:22.162","0","0","0","0","36301","0","0","0","N","0","0","0","2","36301","0","","1","01","N","N","0","","0","0","0","3","3","Y","1005","0","2","0","0","0","0","0","3","0","2","N","","","","","","","","","","","","03","  ","","",""
"1230","1","0","0","0","0","0","0","0","0","1","1","","36","08","2019","2019084311","2","40.0944","-76.3512","1222","08","0","0","0","0","0","1","0","1","1","0","1","0","12","1","0","03","1","40 05:40.011","5","00","76 21:04.148","0","0","0","0","36406","0","0","0","N","0","0","0","2","36101","0","","1","01","N","N","0","","0","0","0","0","0","N","1220","0","2","0","0","0","0","0","3","0","2","N","","","","","","","","","","","","03","  ","","",""
"0802","2","0","0","0","0","0","0","0","0","4","0","","36","08","2019","2019084312","3","40.0587","-76.2795","0802","08","0","0","0","0","0","1","0","0","2","0","0","0","07","1","0","00","1","40 03:31.528","3","00","76 16:46.282","0","0","0","0","36101","0","0","0","N","0","0","0","2","36101","0","","1","01","N","N","0","","0","0","0","0","0","N","0759","0","2","0","0","0","0","0","3","0","2","N","","","","","","","","","","","","03","  ","","",""
"1434","0","0","0","0","0","0","0","0","0","7","0","","36","08","2019","2019084314","5","40.051","-76.3999","1432","08","0","0","0","0","0","0","0","0","2","0","0","0","14","1","1","00","2","40 03:03.531","4","00","76 23:59.654","4","0","0","0","36214","0","0","0","N","0","0","0","3","36214","1","","4","01","N","N","1","","0","0","0","0","0","N","1430","1","1","0","0","0","0","0","3","0","1","N","","","","","","","","","","","","03","  ","","",""
"1347","0","0","0","0","0","0","0","0","0","7","1","","36","08","2019","2019084315","7","40.1142","-76.3832","1342","08","0","0","0","0","0","1","0","0","3","0","1","0","13","1","0","00","2","40 06:51.250","6","00","76 22:59.650","0","0","0","0","36214","0","0","0","N","0","0","0","1","36214","0","","5","01","N","N","0","","0","0","0","0","0","Y","1340","0","1","0","0","0","0","0","3","0","1","N","","","","","","","","","","","","03","  ","","",""
"1525","2","0","0","0","0","0","0","0","0","1","0","","36","08","2019","2019084316","7","40.1518","-76.2445","1518","08","0","0","0","0","0","0","1","0","","0","0","0","15","1","0","03","0","40 09:06.515","","00","76 14:40.318","0","0","0","0","36235","0","0","0","N","0","0","0","3","36506","0","","1","01","N","N","0","","0","0","1","3","8","","1518","0","3","0","0","0","0","0","1","0","3","N","","","","","","","","","","","","03","  ","","",""
"2036","1","0","0","0","0","0","0","0","0","1","0","","36","08","2019","2019084340","5","40.0874","-76.5224","2029","08","0","0","0","0","0","0","0","0","","0","0","0","20","3","1","00","0","40 05:14.636","","00","76 31:20.700","4","0","0","0","36211","0","0","0","N","0","0","0","2","36504","1","","1","01","N","N","0","","0","0","1","0","0","N","2027","1","2","0","0","0","0","0","1","0","2","N","","","","","","","","","","","","03","  ","","",""
"0842","1","0","0","0","0","0","0","0","0","7","0","","36","07","2019","2019084344","3","40.1806","-75.9908","0834","08","0","0","0","0","0","0","0","0","","0","0","0","08","1","1","00","0","40 10:50.076","","00","75 59:26.736","3","0","0","0","36202","0","0","0","N","0","0","0","1","68T06","0","","3","01","N","N","0","","1","0","0","0","0","","0833","1","1","0","0","0","0","0","1","0","1","N","","","","","","","","","","","","03","  ","","",""
"1614","1","0","0","0","0","0","0","0","0","7","0","","36","08","2019","2019084360","4","40.1727","-75.9535","1610","08","0","0","0","0","0","0","0","0","","0","0","0","16","1","1","00","0","40 10:21.873","","00","75 57:12.544","8","0","0","0","36203","0","0","0","N","0","0","0","5","68T06","0","","4","09","N","N","0","","0","0","1","0","0","","1609","1","2","0","0","1","1","0","1","0","2","N","","","","","","","","","","","","07","  ","","",""
"1837","0","0","0","0","0","0","0","0","0","4","0","","36","08","2019","2019084447","7","40.0439","-76.447","1833","08","0","0","0","0","0","0","0","0","","0","0","0","18","1","0","02","0","40 02:37.908","","00","76 26:49.049","0","0","0","0","36239","0","0","0","N","0","0","0","8","36239","0","","1","01","N","N","0","","0","0","1","0","0","","1833","0","2","0","0","2","0","0","3","1","2","N","","","","","","","","","","","","03","  ","","",""
"2155","1","0","0","0","0","0","0","0","0","4","0","","36","08","2019","2019084460","4","40.0778","-76.4211","2147","08","0","1","0","0","0","0","1","0","2","0","0","0","21","2","2","01","2","40 04:40.238","7","00","76 25:15.952","3","0","0","0","36239","0","0","0","N","0","0","0","3","36239","0","","1","01","N","N","0","","2","0","1","3","3","Y","2142","2","2","0","0","0","0","0","3","0","2","N","","","","","","","","","","","","03","  ","","",""
"0539","1","0","0","0","0","0","0","0","0","8","0","","36","08","2019","2019084464","2","40.0414","-76.3063","0538","08","0","0","0","0","0","0","0","0","1","0","0","0","05","1","1","00","1","40 02:28.900","1","00","76 18:22.773","4","0","0","0","36301","1","0","0","N","1","0","0","2","36301","1","","1","01","","","0","","0","0","0","3","2","N","0537","1","2","0","0","0","0","1","3","0","1","N","","","","","","","","","","","","03","  ","","",""
"1810","2","0","0","0","0","0","0","0","0","4","0","","36","08","2019","2019084475","4","40.0296","-76.3062","1807","08","0","0","0","0","0","0","1","0","2","0","0","0","18","1","3","01","1","40 01:46.396","2","00","76 18:22.322","3","0","0","0","36301","0","0","0","N","0","0","0","3","36301","2","","1","01","N","N","0","","1","0","0","3","2","N","1805","3","2","0","0","0","0","0","3","0","2","N","","","","","","","","","","","","03","  ","","",""
"2138","0","0","0","0","0","0","0","0","0","6","2","","36","08","2019","2019084483","4","40.1159","-76.4997","2128","08","0","0","0","0","0","1","0","0","3","0","2","0","21","2","1","02","2","40 06:57.245","5","00","76 29:58.974","3","0","0","0","36225","0","0","0","N","0","0","0","5","36505","0","","1","01","N","N","0","","1","0","1","0","0","Y","2128","1","3","0","0","0","0","0","2","0","3","N","","","","","","","","","","","","03","  ","","",""
"2143","1","0","0","1","0","0","0","0","0","4","0","","36","08","2019","2019084486","1","40.0389","-76.2971","2141","08","0","0","0","0","0","0","0","0","","0","0","0","21","3","1","01","0","40 02:20.039","","00","76 17:49.619","3","0","0","0","36301","1","0","0","N","0","0","0","2","36301","0","","1","01","N","N","0","","1","0","0","3","3","","2141","1","2","0","0","0","0","0","3","0","1","N","","","","","","","","","","","","03","  ","","",""
"0217","3","0","0","0","0","0","0","0","0","4","0","","36","08","2019","2019084501","5","40.0488","-76.3077","0214","08","0","0","0","0","0","0","0","0","","0","0","0","02","3","1","01","0","40 02:55.795","","00","76 18:27.890","3","0","0","0","36301","0","0","0","N","0","0","0","2","36301","0","","1","01","N","N","0","","1","0","0","3","3","","0213","1","3","0","0","0","0","0","3","0","3","N","","","","","","","","","","","","03","  ","","",""
"0640","0","0","0","0","0","0","0","0","0","4","0","","36","08","2019","2019084510","2","40.1277","-76.1649","0636","08","0","0","0","0","0","1","0","0","2","0","0","0","06","1","1","01","2","40 07:39.631","5","00","76 09:53.677","4","0","0","0","36238","0","0","0","Y","0","0","0","2","36238","1","","1","01","N","N","1","","0","0","1","3","3","Y","0634","1","2","0","0","0","0","0","3","0","2","N","","","","","","","","","","","","03","  ","","",""
"1524","1","0","0","0","0","0","0","0","0","7","0","","36","08","2019","2019084512","4","40.0965","-76.4265","1513","08","0","0","0","0","0","0","1","0","2","0","0","0","15","1","0","02","2","40 05:47.421","6","00","76 25:35.302","0","0","0","0","36239","0","0","0","N","0","0","0","1","36239","0","","5","01","","","0","","0","0","0","0","0","Y","1513","0","1","0","0","0","0","0","3","0","1","N","","","","","","","","","","","","03","  ","","",""
"1058","3","0","0","0","0","0","0","0","0","4","0","","36","08","2019","2019084594","1","40.035","-76.315","1055","08","0","0","0","0","0","0","0","0","2","0","0","0","10","1","0","02","1","40 02:06.091","2","00","76 18:54.013","0","0","0","0","36301","0","0","0","N","0","0","0","3","36301","0","","1","01","N","N","0","","0","0","0","3","3","N","1053","0","3","0","0","0","0","0","3","0","3","N","","","","","","","","","","","","03","  ","","",""
"0954","2","0","0","0","0","0","0","0","0","4","0","","36","08","2019","2019084609","5","40.0512","-76.3062","0954","08","0","0","0","0","0","0","0","0","2","0","0","0","09","1","2","01","1","40 03:04.433","2","00","76 18:22.148","4","0","0","0","36301","0","0","0","N","0","0","0","2","36301","2","","1","01","N","N","0","","0","0","0","3","3","N","0951","2","2","0","0","0","0","0","3","0","2","N","","","","","","","","","","","","03","  ","","",""
"0854","1","0","0","0","0","0","0","0","0","4","0","","36","08","2019","2019084624","4","40.0286","-76.3114","0854","08","0","0","0","0","0","0","1","0","2","0","0","0","08","1","1","00","1","40 01:42.889","2","00","76 18:41.143","4","0","0","0","36301","1","0","0","N","0","0","0","2","36301","1","","1","01","N","N","1","","0","0","0","0","0","Y","0847","1","2","0","0","0","0","0","3","0","2","N","","","","","","","","","","","","03","  ","","",""
"1436","1","0","0","0","0","0","0","0","0","7","0","","36","08","2019","2019084637","1","39.9423","-76.208","1424","08","0","0","0","0","0","0","0","0","1","0","0","0","14","1","1","00","1","39 56:32.442","5","00","76 12:28.973","3","0","0","0","36233","0","0","0","N","0","0","0","1","68J01","0","","5","01","N","N","0","","1","0","0","0","0","N","1423","1","1","0","0","0","0","0","1","0","1","N","","","","","","","","","","","","03","  ","","",""
"1849","1","0","0","0","0","0","0","0","0","7","0","","36","08","2019","2019084639","1","39.7601","-76.1752","1849","08","0","0","0","0","0","0","0","0","2","0","0","0","18","1","5","00","2","39 45:36.224","5","00","76 10:30.543","3","0","0","0","36219","0","0","0","N","0","0","0","5","68J01","2","","4","01","N","N","0","","3","0","0","0","0","Y","1848","5","1","0","0","4","0","0","1","0","1","N","","","","","","","","","","","","03","  ","","",""
"1913","1","0","0","0","0","0","0","0","0","5","0","","36","08","2019","2019084640","1","40.0039","-76.0364","1910","08","0","0","0","0","0","0","0","1","2","0","0","1","19","1","1","00","1","40 00:13.894","6","00","76 02:10.999","3","0","0","0","36232","2","0","0","N","0","0","0","3","68J01","0","","1","01","N","N","0","","1","0","0","0","0","N","1908","1","2","0","0","0","0","0","1","0","1","N","","","","","","","","","","","","03","  ","","",""
"1321","2","0","0","0","0","0","0","0","0","4","0","","36","08","2019","2019084641","2","40.2211","-76.0634","1300","08","0","0","0","0","0","0","0","0","2","0","0","0","12","1","0","02","1","40 13:15.965","1","00","76 03:48.157","0","0","0","0","36202","0","0","0","N","0","0","0","6","68J01","0","","1","01","N","N","0","","0","0","0","3","3","N","1255","0","2","0","0","0","0","0","1","0","2","N","","","","","","","","","","","","03","  ","","",""
"1440","2","0","0","0","0","0","0","0","0","4","0","","36","08","2019","2019084642","2","40.2142","-76.2897","1412","08","1","0","0","0","0","0","0","1","2","0","0","0","13","1","0","01","1","40 12:51.234","6","00","76 17:22.756","0","0","0","0","36217","0","0","0","N","0","0","0","2","68J01","0","","1","01","N","N","0","","0","0","0","3","3","N","1351","0","2","0","0","0","0","0","1","0","2","N","","","","","","","","","","","","03","  ","","",""
"1044","0","0","0","0","0","0","0","0","0","7","1","","36","08","2019","2019084643","3","40.0656","-76.0184","1027","08","0","0","0","0","0","1","0","0","4","0","1","0","10","1","1","00","2","40 03:56.251","5","00","76 01:06.081","3","0","0","0","36232","0","0","0","Y","0","0","0","1","68J01","0","","4","01","N","N","0","","1","0","0","0","0","Y","1025","1","1","0","0","0","0","0","1","0","1","N","","","","","","","","","","","","03","  ","","",""
"1827","0","0","0","0","0","0","0","0","0","4","0","","36","08","2019","2019084645","4","39.8649","-76.1022","1816","08","0","0","0","0","0","0","0","1","1","0","0","0","18","1","2","01","1","39 51:53.611","7","00","76 06:07.830","3","0","0","0","36205","0","0","0","N","0","0","0","2","68J01","0","","1","09","N","N","0","","2","0","1","3","3","N","1813","2","2","0","0","0","0","0","1","1","2","N","","","","","","","","","","","","07","  ","","",""
"0607","0","0","0","0","0","0","0","0","0","7","0","","36","08","2019","2019084646","5","40.0417","-75.9895","0559","08","0","1","0","0","0","0","0","0","2","0","0","0","05","5","0","01","1","40 02:30.152","1","00","75 59:22.106","0","0","0","0","36232","0","0","0","N","0","0","0","1","68J01","0","","4","01","N","N","1","","0","0","0","3","3","N","0552","0","1","0","0","0","0","0","1","0","1","N","","","","","","","","","","","","05","  ","","",""
"1811","2","0","0","0","0","0","0","0","0","4","0","","36","08","2019","2019084649","6","39.9593","-76.0996","1808","08","0","0","1","0","0","0","0","0","2","0","0","0","18","1","2","01","1","39 57:33.444","1","00","76 05:58.443","3","0","0","0","36226","0","0","0","N","0","0","0","3","68J01","0","","1","01","N","N","0","","2","0","0","3","3","N","1803","2","2","0","0","0","0","0","1","0","2","N","","","","","","","","","","","","03","  ","","",""
"1734","1","0","0","0","0","0","0","0","0","7","0","","36","08","2019","2019084652","7","39.8186","-76.1956","1711","08","0","0","0","0","0","0","1","0","","0","0","0","17","1","0","00","0","39 49:06.956","","00","76 11:44.189","0","0","0","0","36208","0","0","0","N","0","0","0","1","68J01","0","","4","01","N","N","0","","0","0","0","0","0","","1703","0","1","0","0","0","0","0","1","0","1","N","","","","","","","","","","","","03","  ","","",""
"1151","1","0","0","0","0","0","0","0","0","4","0","","36","08","2019","2019084654","1","40.0377","-76.0332","1132","08","0","0","0","0","1","1","0","0","3","0","0","0","11","1","1","01","2","40 02:15.843","6","00","76 01:59.534","3","0","0","0","36232","0","0","0","N","0","0","0","3","68J01","0","","1","01","N","N","0","","1","0","0","2","3","Y","1130","1","2","0","0","0","0","0","1","1","2","N","","","","","","","","","","","","03","  ","","",""
"1300","0","0","0","0","0","0","0","0","0","1","0","","36","08","2019","2019084656","2","40.1415","-75.9384","1235","08","0","0","0","0","0","1","0","1","","0","0","0","11","1","1","00","0","40 08:29.327","","00","75 56:18.100","3","0","0","0","36203","0","0","0","N","0","0","0","2","68J01","0","","1","01","N","N","1","","1","0","1","0","0","","1150","1","2","0","0","0","0","0","1","0","2","N","","","","","","","","","","","","03","  ","","",""
"1357","0","0","0","0","0","0","0","0","0","1","0","","36","08","2019","2019084657","4","40.0389","-76.1024","1344","08","0","0","0","0","0","1","1","0","3","0","0","0","13","1","1","01","1","40 02:19.932","4","00","76 06:08.798","3","0","0","0","36221","0","0","0","N","0","0","0","5","68J01","0","","1","01","N","N","1","","1","0","0","3","2","N","1335","1","2","0","0","0","0","0","1","1","2","N","","","","","","","","","","","","03","  ","","",""
"1647","1","0","0","0","0","0","0","0","0","2","0","","36","08","2019","2019084658","4","40.2124","-76.0573","1621","08","0","0","0","0","0","1","0","0","","0","0","0","16","1","0","01","0","40 12:44.566","","00","76 03:26.169","0","0","0","0","36202","0","0","0","N","0","0","0","4","68J01","0","","1","01","N","N","1","","0","0","0","3","3","","1617","0","2","0","0","0","0","0","1","0","2","N","","","","","","","","","","","","03","  ","","",""
"2314","1","0","0","0","0","0","0","0","0","9","0","","36","08","2019","2019084663","5","39.8724","-76.1539","2250","08","0","0","0","0","0","0","0","0","1","0","0","0","22","2","0","00","1","39 52:20.554","1","00","76 09:14.131","0","0","0","0","36212","0","0","0","N","0","0","0","1","68J01","0","","1","01","N","N","0","","0","0","0","0","0","N","2229","0","1","0","0","0","0","0","1","0","1","N","","","","","","","","","","","","03","  ","","",""
"1249","1","0","0","0","0","0","0","0","0","4","0","","36","08","2019","2019084677","2","39.9615","-76.1028","1245","08","0","0","0","1","0","0","0","0","2","0","0","0","12","1","4","01","1","39 57:41.266","2","00","76 06:10.058","8","0","0","0","36226","0","0","0","N","0","0","0","5","68J01","0","","1","01","N","N","0","","0","0","1","3","3","N","1243","4","2","0","0","0","4","0","1","0","2","N","","","","","","","","","","","","03","  ","","",""