"ARRIVAL_TM","AUTOMOBILE_COUNT","BELTED_DEATH_COUNT","BELTED_SUSP_SERIOUS_INJ_COUNT","BICYCLE_COUNT","BICYCLE_DEATH_COUNT","BICYCLE_SUSP_SERIOUS_INJ_COUNT","BUS_COUNT","CHLDPAS_DEATH_COUNT","CHLDPAS_SUSP_SERIOUS_INJ_COUNT","COLLISION_TYPE","COMM_VEH_COUNT","CONS_ZONE_SPD_LIM","COUNTY","CRASH_MONTH","CRASH_YEAR","CRN","DAY_OF_WEEK","DEC_LAT","DEC_LONG","DISPATCH_TM","DISTRICT","DRIVER_COUNT_16YR","DRIVER_COUNT_17YR","DRIVER_COUNT_18YR","DRIVER_COUNT_19YR","DRIVER_COUNT_20YR","DRIVER_COUNT_50_64YR","DRIVER_COUNT_65_74YR","DRIVER_COUNT_75PLUS","EST_HRS_CLOSED","FATAL_COUNT","HEAVY_TRUCK_COUNT","HORSE_BUGGY_COUNT","HOUR_OF_DAY","ILLUMINATION","INJURY_COUNT","INTERSECT_TYPE","LANE_CLOSED","LATITUDE","LN_CLOSE_DIR","LOCATION_TYPE","LONGITUDE","MAX_SEVERITY_LEVEL","MCYCLE_DEATH_COUNT","MCYCLE_SUSP_SERIOUS_INJ_COUNT","MOTORCYCLE_COUNT","MUNICIPALITY","NONMOTR_COUNT","NONMOTR_DEATH_COUNT","NONMOTR_SUSP_SERIOUS_INJ_COUNT","NTFY_HIWY_MAINT","PED_COUNT","PED_DEATH_COUNT","PED_SUSP_SERIOUS_INJ_COUNT","PERSON_COUNT","POLICE_AGCY","POSSIBLE_INJ_COUNT","RDWY_SURF_TYPE_CD","RELATION_TO_ROAD","ROAD_CONDITION","SCH_BUS_IND","SCH_ZONE_IND","SMALL_TRUCK_COUNT","SPEC_JURIS_CD","SUSP_MINOR_INJ_COUNT","SUSP_SERIOUS_INJ_COUNT","SUV_COUNT","TCD_FUNC_CD","TCD_TYPE","TFC_DETOUR_IND","TIME_OF_DAY","TOT_INJ_COUNT","TOTAL_UNITS","UNB_DEATH_COUNT","UNB_SUSP_SERIOUS_INJ_COUNT","UNBELTED_OCC_COUNT","UNK_INJ_DEG_COUNT","UNK_INJ_PER_COUNT","URBAN_RURAL","VAN_COUNT","VEHICLE_COUNT","WORK_ZONE_IND","WORK_ZONE_LOC","WORK_ZONE_TYPE","WORKERS_PRES","WZ_CLOSE_DETOUR","WZ_FLAGGER","WZ_LAW_OFFCR_IND","WZ_LN_CLOSURE","WZ_MOVING","WZ_OTHER","WZ_SHLDER_MDN","ROADWAY_CLEARED","WEATHER1","WEATHER2","WZ_WORKERS_INJ_KILLED","SECONDARY_CRASH","INTERSECTION_RELATED"
"1249","1","0","0","0","0","0","0","0","0","4","0","","36","07","2019","2019084689","2","39.8414","-76.0932","1150","08","0","0","0","0","0","0","1","0","2","0","0","0","11","1","0","01","1","39 50:28.973","2","00","76 05:35.577","0","0","0","0","36205","0","0","0","N","0","0","0","3","68J01","0","","1","01","N","N","0","","0","0","1","3","3","N","1148","0","2","0","0","0","0","0","1","0","2","N","","","","","","","","","","","","03","  ","","",""
"0423","1","0","0","0","0","0","0","0","0","7","0","","36","07","2019","2019084691","1","39.9278","-76.198","0415","08","0","0","0","0","1","0","0","0","1","0","0","0","04","2","0","00","1","39 55:40.071","2","00","76 11:52.967","0","0","0","0","36233","0","0","0","N","0","0","0","4","68J01","0","","4","01","N","N","0","","0","0","0","0","0","N","0413","0","1","0","0","0","0","0","1","0","1","N","","","","","","","","","","","","03","  ","","",""
"0705","3","0","0","0","0","0","0","0","0","1","0","","36","08","2019","2019084701","5","40.0364","-76.3054","0658","08","0","0","0","0","0","0","0","0","","0","0","0","06","1","0","01","0","40 02:10.973","","00","76 18:19.330","0","0","0","0","36301","0","0","0","N","0","0","0","6","36301","0","","1","01","N","N","0","","0","0","0","3","2","N","0645","0","3","0","0","0","0","0","3","0","3","N","","","","","","","","","","","","03","  ","","",""
"1637","0","0","0","0","0","0","0","0","0","7","0","","36","08","2019","2019084761","3","40.0446","-76.3271","1637","08","0","0","0","0","0","0","0","0","2","0","0","0","16","1","0","00","2","40 02:40.400","3","00","76 19:37.530","0","0","0","0","36220","0","0","0","N","0","0","0","1","36101","0","","4","09","N","N","0","","0","0","1","0","0","N","1637","0","1","0","0","0","0","0","3","0","1","N","","","","","","","","","","","","07","  ","","",""
"1702","1","0","0","0","0","0","0","0","0","4","0","","36","08","2019","2019084762","3","40.0737","-76.336","1647","08","0","0","0","0","0","0","1","0","","0","0","0","16","1","1","00","0","40 04:25.283","","07","76 20:09.506","8","0","0","0","36101","0","0","0","N","0","0","0","2","36101","0","","1","09","N","N","0","","0","0","1","3","2","","1639","1","2","0","0","0","1","0","3","0","2","N","","","","","","","","","","","","07","  ","","",""
"0744","1","0","0","0","0","0","0","0","0","1","0","","36","08","2019","2019084763","7","40.0767","-76.2641","0738","08","0","0","0","0","0","0","0","0","2","0","0","0","07","1","1","00","1","40 04:35.990","3","00","76 15:50.840","3","0","0","0","36101","0","0","0","N","0","0","0","2","36101","0","","1","01","N","N","0","","1","0","1","3","2","N","0737","1","2","0","0","0","0","0","3","0","2","N","","","","","","","","","","","","03","  ","","",""
"1011","0","0","0","0","0","0","0","0","0","4","1","","36","08","2019","2019084764","4","40.0801","-76.3088","1003","08","0","0","0","0","0","0","0","1","","0","1","0","10","1","0","02","0","40 04:48.398","","00","76 18:31.553","0","0","0","0","36101","0","0","0","N","0","0","0","2","36101","0","","1","01","N","N","1","","0","0","0","3","3","","1000","0","2","0","0","0","0","0","3","0","2","N","","","","","","","","","","","","03","  ","","",""
"0859","1","0","0","0","0","0","0","0","0","1","0","","36","08","2019","2019084765","5","40.0773","-76.2834","0858","08","0","0","1","0","0","1","0","0","2","0","0","0","08","1","0","00","1","40 04:38.451","2","00","76 17:00.220","0","0","0","0","36101","0","0","0","N","0","0","0","4","36101","0","","1","01","N","N","0","","0","0","1","0","0","N","0848","0","3","0","0","0","0","0","3","1","3","N","","","","","","","","","","","","03","  ","","",""
"1702","0","0","0","0","0","0","0","0","0","4","0","","36","08","2019","2019084766","2","40.0417","-76.3638","1658","08","0","0","0","0","0","0","0","0","1","0","0","0","16","1","0","00","2","40 02:30.282","2","00","76 21:49.772","0","0","0","0","36214","0","0","0","N","0","0","0","2","36214","0","","1","01","N","N","0","","0","0","2","0","0","N","1658","0","2","0","0","0","0","0","3","0","2","N","","","","","","","","","","","","03","  ","","",""
"1849","1","0","0","0","0","0","0","0","0","4","0","","36","08","2019","2019084767","4","40.0819","-76.351","1841","08","0","0","0","0","0","0","0","0","","0","0","0","18","1","0","01","0","40 04:54.975","","00","76 21:03.454","0","0","0","0","36214","0","0","0","N","0","0","0","4","36214","0","","1","01","N","N","0","","0","0","1","3","2","","1835","0","2","0","0","0","0","0","3","0","2","N","","","","","","","","","","","","03","  ","","",""
"1447","1","0","0","0","0","0","0","0","0","5","1","","36","08","2019","2019084768","6","40.0254","-76.2077","1441","08","0","0","0","0","0","1","0","0","","0","0","0","14","1","1","00","0","40 01:31.460","","00","76 12:27.789","8","0","0","0","36215","0","0","0","N","0","0","0","5","36215","0","","1","01","N","N","1","","0","0","0","0","0","","1436","1","2","0","0","0","1","0","1","0","2","N","","","","","","","","","","","","03","  ","","",""
"1121","2","1","0","0","0","0","0","0","0","1","0","","36","08","2019","2019084769","2","40.0915","-76.1634","1116","08","0","0","0","0","0","0","1","0","2","1","0","0","11","1","1","00","1","40 05:29.268","3","00","76 09:48.315","1","0","0","0","36234","0","0","0","N","0","0","0","3","36215","1","2","1","01","N","N","0","0","0","0","0","0","0","N","1114","1","2","0","0","0","0","0","1","0","2","N","","","","","","","","","","","","03","  ","","",""
"2028","1","0","0","0","0","0","0","0","0","7","0","","36","08","2019","2019084770","2","40.0761","-76.2335","2027","08","0","0","1","0","0","0","0","0","1","0","0","0","20","4","2","00","2","40 04:34.100","6","00","76 14:00.700","3","0","0","0","36215","0","0","0","N","0","0","0","3","36215","0","","4","01","N","N","0","","2","0","0","0","0","Y","2024","2","1","0","0","3","0","0","1","0","1","N","","","","","","","","","","","","03","  ","","",""
"0634","1","0","0","0","0","0","0","0","0","4","0","","36","08","2019","2019084833","5","40.0183","-75.9641","0604","08","0","0","0","1","0","0","0","0","2","0","0","0","05","1","0","02","1","40 01:05.703","3","00","75 57:50.745","0","0","0","0","36232","0","0","0","N","0","0","0","2","68J01","0","","1","01","N","N","1","","0","0","0","3","3","N","0541","0","2","0","0","0","0","0","1","0","2","N","","","","","","","","","","","","03","  ","","",""
"2149","1","0","0","0","0","0","0","0","0","9","0","","36","08","2019","2019084843","5","39.7453","-76.1618","2147","08","0","0","1","0","0","0","0","0","","0","0","0","21","2","0","00","0","39 44:42.995","","00","76 09:42.362","0","0","0","0","36219","0","0","0","N","0","0","0","3","68J01","0","","1","01","N","N","0","","0","0","0","0","0","","2100","0","1","0","0","0","0","0","1","0","1","N","","","","","","","","","","","","03","  ","","",""
"0900","2","0","0","0","0","0","0","0","0","4","0","","36","08","2019","2019084850","7","39.8414","-76.0613","0837","08","0","0","0","0","0","1","0","0","2","0","0","0","08","1","1","01","1","39 50:29.050","2","00","76 03:40.665","3","0","0","0","36205","0","0","0","N","0","0","0","2","68J01","0","","1","01","N","N","0","","1","0","0","3","3","Y","0828","1","2","0","0","0","0","0","1","0","2","N","","","","","","","","","","","","03","  ","","",""
"1434","0","0","0","0","0","0","0","0","0","7","0","","36","08","2019","2019084852","7","40.0577","-75.981","1422","08","0","0","0","0","0","0","1","0","2","0","0","0","14","1","1","00","1","40 03:27.550","1","00","75 58:51.590","3","0","0","0","36232","0","0","0","N","0","0","0","1","68J01","0","","4","09","N","N","1","","1","0","0","0","0","Y","1414","1","1","0","0","0","0","0","1","0","1","N","","","","","","","","","","","","07","  ","","",""
"1732","1","0","0","0","0","0","0","0","0","4","0","","36","08","2019","2019084854","7","39.9135","-76.0453","1732","08","0","0","0","0","0","1","0","0","","0","0","0","17","1","0","01","0","39 54:48.553","","00","76 02:42.913","0","0","0","0","36201","0","0","0","N","0","0","0","2","68J01","0","","1","01","N","N","1","","0","0","0","3","3","","1707","0","2","0","0","0","0","0","1","0","2","N","","","","","","","","","","","","03","  ","","",""
"2221","1","0","1","0","0","0","0","0","0","7","0","","36","08","2019","2019084856","1","39.9475","-76.3674","2151","08","0","0","0","0","0","0","0","0","2","0","0","0","21","2","2","00","2","39 56:50.962","5","00","76 22:02.734","2","0","0","0","36206","0","0","0","N","0","0","0","2","68J01","0","","4","09","N","N","0","","1","1","0","0","0","Y","2149","2","1","0","0","1","0","0","1","0","1","N","","","","","","","","","","","","07","  ","","",""
"0812","2","0","0","0","0","0","0","0","0","4","0","","36","08","2019","2019084857","2","39.9945","-76.0291","0805","08","0","0","0","0","0","1","1","0","","0","0","0","08","1","1","01","0","39 59:40.359","","00","76 01:44.728","3","0","0","0","36232","0","0","0","N","0","0","0","2","68J01","0","","1","01","N","N","0","","1","0","0","3","2","","0803","1","2","0","0","0","0","0","1","0","2","N","","","","","","","","","","","","03","  ","","",""
"1425","2","0","0","0","0","0","0","0","0","1","0","55","36","08","2019","2019084858","2","40.1641","-76.1511","1424","08","0","0","0","0","0","1","0","0","","0","0","0","14","1","2","00","0","40 09:50.873","","00","76 09:03.966","4","0","0","0","36218","0","0","0","N","0","0","0","4","68J01","2","","1","01","N","N","0","","0","0","1","0","0","","1407","2","3","0","0","0","0","0","1","0","3","Y","2","1","N","N","N","Y","Y","N","N","N","","03","  ","","",""
"1208","1","0","0","0","0","0","0","0","0","4","0","","36","08","2019","2019084862","3","39.7315","-76.153","1150","08","0","0","0","0","0","0","1","0","2","0","0","0","11","1","2","03","2","39 43:53.363","5","00","76 09:10.809","4","0","0","0","36219","0","0","0","N","0","0","0","3","68J01","2","","1","01","N","N","1","","0","0","0","3","3","N","1146","2","2","0","0","0","0","0","1","0","2","N","","","","","","","","","","","","03","  ","","",""
"1834","1","0","0","0","0","0","0","0","0","4","0","","36","08","2019","2019084907","5","40.044","-76.4554","1830","08","0","0","0","0","0","1","0","0","3","0","0","0","18","1","2","00","2","40 02:38.474","5","00","76 27:19.608","3","0","0","0","36239","0","0","0","N","0","0","0","4","36239","0","","1","01","N","N","1","","2","0","0","0","0","Y","1830","2","2","0","0","0","0","0","3","0","2","N","","","","","","","","","","","","03","  ","","",""
"0740","1","0","0","0","0","0","0","0","0","0","0","","36","08","2019","2019084928","3","40.1353","-76.2118","0739","08","0","0","0","0","0","0","0","0","2","0","0","0","07","1","0","00","1","40 08:07.145","1","07","76 12:42.634","0","0","0","0","36238","0","0","0","N","0","0","0","1","36238","0","","1","01","N","N","0","","0","0","0","0","0","N","0737","0","1","0","0","0","0","0","3","0","1","N","","","","","","","","","","","","03","  ","","",""
"1205","1","0","0","0","0","0","0","0","0","7","0","","36","08","2019","2019084936","7","40.1077","-76.5269","1155","08","0","1","0","0","0","0","0","0","","0","0","0","11","1","0","02","0","40 06:27.591","","00","76 31:36.691","0","0","0","0","36413","0","0","0","N","0","0","0","1","36413","0","","2","09","N","N","0","","0","0","0","0","0","","1154","0","1","0","0","1","0","0","2","0","1","N","","","","","","","","","","","","07","  ","","",""
"1006","0","0","0","0","0","0","0","0","0","0","0","","36","08","2019","2019084942","4","40.1461","-76.1536","0959","08","0","0","0","0","0","0","0","0","2","0","0","0","09","1","0","00","2","40 08:46.045","5","00","76 09:13.039","0","0","0","0","36238","0","0","0","N","0","0","0","1","36238","0","","1","01","N","N","1","","0","0","0","0","0","Y","0957","0","1","0","0","0","0","0","3","0","1","N","","","","","","","","","","","","03","  ","","",""
"1103","0","0","0","0","0","0","0","0","0","4","0","","36","08","2019","2019084996","6","39.9682","-76.2868","1102","08","0","0","1","0","0","0","0","0","1","0","0","0","11","1","1","01","1","39 58:05.541","7","00","76 17:12.386","8","0","0","0","36228","0","0","0","N","0","0","0","2","36228","0","","1","01","N","N","0","","0","0","2","3","3","N","1100","1","2","0","0","0","1","0","1","0","2","N","","","","","","","","","","","","03","  ","","",""
"2245","1","0","0","0","0","0","0","0","0","98","0","","36","08","2019","2019085006","4","39.9952","-76.3142","2238","08","0","0","0","0","0","0","0","0","","0","0","0","20","2","0","00","0","39 59:42.861","","00","76 18:51.228","0","0","0","0","36228","0","0","0","N","0","0","0","2","36228","0","","1","01","N","N","0","","0","0","0","0","0","","2036","0","1","0","0","0","0","0","1","0","1","N","","","","","","","","","","","","03","  ","","",""
"1713","1","0","0","0","0","0","0","0","0","7","0","","36","08","2019","2019085107","3","40.1213","-76.0332","1709","08","0","0","0","0","0","0","0","1","","0","0","0","17","1","0","00","0","40 07:16.849","","00","76 01:59.500","0","0","0","0","36213","0","0","0","N","0","0","0","2","36213","0","","4","01","N","N","0","","0","0","0","0","0","N","1705","0","1","0","0","0","0","0","1","0","1","N","","","","","","","","","","","","03","  ","","",""
"1733","1","0","0","0","0","0","0","0","0","1","0","","36","08","2019","2019085125","3","40.1043","-76.3054","1719","08","0","0","0","1","0","0","0","0","","0","0","0","17","1","0","00","0","40 06:15.378","","00","76 18:19.500","0","0","0","0","36101","0","0","0","N","0","0","0","3","36101","0","","1","01","N","N","0","","0","0","1","0","0","","1717","0","2","0","0","0","0","0","3","0","2","N","","","","","","","","","","","","03","  ","","",""
"1653","0","0","0","0","0","0","0","0","0","1","0","","36","08","2019","2019085214","6","40.1975","-76.2023","1650","08","0","0","0","0","0","1","0","0","","0","0","0","16","1","0","00","0","40 11:50.896","","00","76 12:08.393","0","0","0","0","36408","0","0","0","N","0","0","0","2","36408","0","","1","01","N","N","2","","0","0","0","0","0","N","1645","0","2","0","0","0","0","0","2","0","2","N","","","","","","","","","","","","03","  ","","",""
"1404","2","0","0","0","0","0","0","0","0","4","0","","36","08","2019","2019085387","7","40.1112","-76.5914","1359","08","0","0","0","0","0","0","0","1","","0","0","0","13","1","1","00","0","40 06:40.296","","07","76 35:29.179","4","0","0","0","36237","0","0","0","N","0","0","0","2","36505","1","","1","01","N","N","0","","0","0","0","0","0","N","1351","1","2","0","0","0","0","0","1","0","2","N","","","","","","","","","","","","03","  ","","",""
"1439","1","0","0","0","0","0","0","0","0","6","0","","36","08","2019","2019085393","2","40.0635","-76.3589","1432","08","0","0","1","0","0","0","0","0","1","0","0","0","14","1","2","01","2","40 03:48.686","3","00","76 21:32.100","3","0","0","0","36214","0","0","0","N","0","0","0","2","36214","1","","1","01","N","N","0","","1","0","1","3","2","N","1426","2","2","0","0","0","0","0","3","0","2","N","","","","","","","","","","","","03","  ","","",""
"1329","0","0","0","0","0","0","0","0","0","4","0","","36","07","2019","2019085394","1","40.0224","-76.3616","1325","08","0","0","0","0","0","1","0","0","","0","0","0","13","1","1","01","0","40 01:20.679","","00","76 21:41.606","3","0","0","0","36223","0","0","0","N","0","0","0","6","36223","0","","1","01","N","N","1","","1","0","1","3","2","","1322","1","2","0","0","0","0","0","1","0","2","N","","","","","","","","","","","","03","  ","","",""
"0913","2","0","0","0","0","0","0","0","0","4","0","","36","08","2019","2019085448","6","40.0105","-76.1324","0901","08","0","0","0","0","0","1","0","0","2","0","0","0","08","1","1","01","2","40 00:37.874","3","00","76 07:56.531","3","0","0","0","36226","0","0","0","N","0","0","0","2","68J01","0","","1","09","N","N","0","","1","0","0","3","3","N","0854","1","2","0","0","0","0","0","1","0","2","N","","","","","","","","","","","","07","  ","","",""
"1126","1","0","0","0","0","0","0","0","0","4","0","","36","08","2019","2019085449","6","39.8799","-76.21","1121","08","0","0","0","0","0","0","0","0","2","0","0","0","11","1","1","00","2","39 52:47.757","6","00","76 12:36.017","3","0","0","0","36212","0","0","0","N","0","0","0","4","68J01","0","","1","09","N","N","0","","1","0","0","0","0","Y","1119","1","2","0","0","0","0","0","1","1","2","N","","","","","","","","","","","","07","  ","","",""
"1910","3","0","0","0","0","0","0","0","0","5","0","","36","08","2019","2019085495","7","40.0496","-76.3035","1906","08","0","0","0","0","0","0","0","0","2","0","0","0","19","1","1","00","2","40 02:58.702","1","00","76 18:12.669","4","0","0","0","36301","0","0","0","N","0","0","0","2","36301","1","","6","01","N","N","0","","0","0","1","0","0","N","1906","1","5","0","0","0","0","0","3","1","5","N","","","","","","","","","","","","03","  ","","",""
"1625","1","0","0","0","0","0","0","0","0","1","0","","36","08","2019","2019085556","2","40.1645","-76.5835","1610","08","0","0","0","1","0","0","0","0","","0","0","0","16","1","0","00","0","40 09:52.287","","00","76 35:00.731","0","0","0","0","36407","0","0","0","N","0","0","0","2","36505","0","","1","01","N","N","0","","0","0","1","0","0","N","1605","0","2","0","0","0","0","0","2","0","2","N","","","","","","","","","","","","03","  ","","",""
"1455","2","0","0","0","0","0","0","0","0","4","0","","36","08","2019","2019085558","7","40.0459","-76.3072","1447","08","0","0","0","0","1","0","0","0","","0","0","0","14","1","0","01","0","40 02:45.142","","00","76 18:25.864","0","0","0","0","36301","0","0","0","N","0","0","0","4","36301","0","","1","01","N","N","0","","0","0","0","3","2","N","1447","0","2","0","0","0","0","0","3","0","2","N","","","","","","","","","","","","03","  ","","",""
"2119","1","0","0","0","0","0","0","0","0","1","0","","36","08","2019","2019085563","5","40.1287","-76.5218","2119","08","0","0","0","0","0","0","0","0","","0","0","0","21","2","1","00","0","40 07:43.390","","00","76 31:18.309","3","0","0","0","36225","0","0","0","N","0","0","0","6","36505","0","","1","01","N","N","0","","1","0","0","0","0","","2119","1","2","0","0","0","0","0","2","1","2","N","","","","","","","","","","","","03","  ","","",""
"1345","2","0","0","0","0","0","0","0","0","1","0","","36","08","2019","2019085578","7","40.0402","-76.311","1339","08","0","0","0","0","0","0","1","0","2","0","0","0","13","1","0","00","1","40 02:24.700","1","00","76 18:39.600","0","0","0","0","36301","0","0","0","N","0","0","0","4","36301","0","","1","01","N","N","0","","0","0","0","0","0","N","1339","0","2","0","0","0","0","0","3","0","2","N","","","","","","","","","","","","03","  ","","",""
"1241","2","0","0","0","0","0","0","0","0","4","0","","36","08","2019","2019085641","1","40.0522","-76.3084","1235","08","0","0","0","0","0","0","0","0","1","0","0","0","12","1","0","01","2","40 03:07.752","1","00","76 18:30.128","0","0","0","0","36301","0","0","0","N","0","0","0","2","36301","0","","1","01","N","N","0","","0","0","0","3","2","Y","1233","0","2","0","0","0","0","0","3","0","2","N","","","","","","","","","","","","03","  ","","",""
"0915","1","0","0","0","0","0","0","0","0","4","0","","36","08","2019","2019085659","3","40.0389","-76.5105","0913","08","0","0","0","0","0","3","0","0","2","0","0","0","09","1","1","01","1","40 02:20.202","3","02","76 30:37.819","3","0","0","0","36239","0","0","0","N","0","0","0","3","36404","0","","1","01","N","N","0","","1","0","2","3","2","N","0913","1","3","0","0","0","0","0","3","0","3","N","","","","","","","","","","","","03","  ","","",""
"0805","1","0","0","0","0","0","0","0","0","4","0","","36","08","2019","2019085697","6","40.0526","-76.3231","0753","08","0","0","0","0","0","1","1","0","","0","0","0","07","1","0","00","0","40 03:09.270","","00","76 19:23.082","0","0","0","0","36101","0","0","0","N","0","0","0","2","36101","0","","1","09","N","N","0","","0","0","1","0","0","","0752","0","2","0","0","0","0","0","3","0","2","N","","","","","","","","","","","","07","  ","","",""
"1701","1","0","0","1","0","0","0","0","0","4","0","","36","08","2019","2019085698","6","40.0761","-76.2966","1701","08","0","0","0","0","0","0","0","0","","0","0","0","16","1","1","02","0","40 04:34.134","","07","76 17:47.799","3","0","0","0","36101","1","0","0","N","0","0","0","4","36101","0","","2","01","N","N","0","","1","0","0","0","0","","1659","1","2","0","0","0","0","0","3","0","1","N","","","","","","","","","","","","03","  ","","",""
"1644","1","0","0","0","0","0","0","0","0","7","0","","36","08","2019","2019085733","7","40.2284","-76.3608","1626","08","0","0","0","0","0","0","0","0","2","0","0","0","16","1","1","00","1","40 13:42.297","3","00","76 21:38.741","3","0","0","0","36227","0","0","0","N","0","0","0","1","68T06","0","","4","01","N","N","0","","1","0","0","0","0","N","1626","1","1","0","0","0","0","0","1","0","1","N","","","","","","","","","","","","03","  ","","",""
"2249","1","0","0","0","0","0","0","0","0","1","0","","36","08","2019","2019085777","7","40.0572","-76.3216","2244","08","0","0","0","0","0","0","1","0","2","0","0","0","22","3","0","00","1","40 03:25.922","2","00","76 19:17.785","0","0","0","0","36301","0","0","0","N","0","0","0","2","36301","0","","1","01","N","N","1","","0","0","0","0","0","N","2242","0","2","0","0","0","0","0","3","0","2","N","","","","","","","","","","","","03","  ","","",""
"2306","2","0","0","0","0","0","0","0","0","4","0","","36","08","2019","2019085779","3","40.036","-76.2868","2302","08","0","0","0","0","0","0","0","0","2","0","0","0","22","3","0","01","1","40 02:09.618","1","00","76 17:12.530","0","0","0","0","36301","0","0","0","N","0","0","0","2","36301","0","","1","01","N","N","0","","0","0","0","3","3","N","2256","0","2","0","0","0","0","0","3","0","2","N","","","","","","","","","","","","03","  ","","",""
"1309","2","0","0","0","0","0","0","0","0","2","0","","36","08","2019","2019085794","1","40.025","-76.3219","1258","08","0","0","0","0","0","0","0","0","","0","0","0","12","1","1","00","0","40 01:29.900","","00","76 19:18.700","3","0","0","0","36301","0","0","0","N","0","0","0","1","36301","0","","6","01","N","N","0","","1","0","0","0","0","N","1255","1","2","0","0","0","0","0","3","0","2","N","","","","","","","","","","","","03","  ","","",""
"1850","0","0","0","0","0","0","0","0","0","7","0","","36","07","2019","2019085796","6","40.0415","-76.4981","1845","08","0","0","0","0","0","0","0","0","2","0","0","0","18","1","1","00","2","40 02:29.358","3","00","76 29:53.096","2","0","1","1","36404","0","0","0","N","0","0","0","1","36404","0","","3","01","N","N","0","","0","1","0","0","0","Y","1842","1","1","0","0","0","0","0","3","0","1","N","","","","","","","","","","","","03","  ","","",""
"1645","2","0","0","0","0","0","0","0","0","4","0","","36","08","2019","2019085836","5","40.1529","-76.207","1643","08","0","0","0","0","0","1","0","0","1","0","0","0","16","1","0","00","2","40 09:10.619","2","00","76 12:25.052","0","0","0","0","36402","0","0","0","N","0","0","0","2","36402","0","","1","01","N","N","0","","0","0","0","0","0","Y","1640","0","2","0","0","2","0","0","2","0","2","N","","","","","","","","","","","","03","  ","","",""
"1250","2","0","0","0","0","0","0","0","0","4","0","","36","08","2019","2019085951","4","40.0708","-76.3328","1243","08","0","0","0","0","0","1","0","0","1","0","0","0","12","1","0","00","1","40 04:14.832","5","07","76 19:57.965","0","0","0","0","36101","0","0","0","N","0","0","0","2","36101","0","","1","01","N","N","0","","0","0","0","0","0","N","1240","0","2","0","0","0","0","0","3","0","2","N","","","","","","","","","","","","03","  ","","",""
"1445","1","0","1","0","0","0","0","0","0","4","0","","36","08","2019","2019085952","5","40.0639","-76.3067","1442","08","0","0","0","0","0","1","0","1","2","0","0","0","14","1","3","01","2","40 03:50.011","1","00","76 18:24.594","2","0","0","0","36101","0","0","0","N","0","0","0","3","36101","0","","1","01","N","N","0","","2","1","0","3","3","Y","1440","3","2","0","0","0","0","0","3","1","2","N","","","","","","","","","","","","03","  ","","",""
"1327","1","0","0","0","0","0","0","0","0","1","0","","36","08","2019","2019085953","6","40.068","-76.2942","1323","08","0","0","0","0","0","0","0","1","","0","0","0","13","1","1","00","0","40 04:04.686","","00","76 17:39.118","3","0","0","0","36101","0","0","0","N","0","0","0","2","36101","0","","1","01","N","N","0","","1","0","1","0","0","","1320","1","2","0","0","0","0","0","3","0","2","N","","","","","","","","","","","","03","  ","","",""
"0502","0","0","0","0","0","0","0","0","0","4","1","","36","08","2019","2019085954","1","40.0587","-76.2796","0502","08","0","0","0","0","0","0","0","0","2","0","1","0","05","3","1","00","1","40 03:31.309","4","00","76 16:46.617","3","0","0","0","36101","0","0","0","N","0","0","0","1","36101","0","","2","01","N","N","1","","1","0","0","0","0","N","0500","1","2","0","0","0","0","0","3","0","2","N","","","","","","","","","","","","03","  ","","",""
"1134","1","0","0","0","0","0","0","0","0","4","0","","36","08","2019","2019085955","1","40.0535","-76.3118","1123","08","0","0","0","0","0","0","0","0","","0","0","0","11","1","0","00","0","40 03:12.660","","00","76 18:42.540","0","0","0","0","36101","0","0","0","N","0","0","0","1","36101","0","","2","01","N","N","0","","0","0","1","0","0","","1122","0","2","0","0","0","0","0","3","0","2","N","","","","","","","","","","","","03","  ","","",""
"1520","1","0","0","0","0","0","1","0","0","2","1","","36","08","2019","2019085956","2","40.0075","-76.1869","1511","08","0","0","0","0","0","0","0","0","","0","0","0","15","1","4","00","0","40 00:27.099","","07","76 11:12.809","3","0","0","0","36215","7","0","0","N","0","0","0","10","36215","2","","4","01","N","N","0","","2","0","0","0","0","","1509","4","2","0","0","0","0","0","1","0","2","N","","","","","","","","","","","","03","  ","","",""
"1811","1","0","0","0","0","0","0","0","0","4","0","","36","08","2019","2019085957","2","40.0507","-76.2558","1808","08","0","0","0","0","0","1","1","0","1","0","0","0","18","1","1","01","1","40 03:02.347","4","00","76 15:20.935","3","0","0","0","36215","0","0","0","N","0","0","0","2","36215","0","","1","01","N","N","0","","1","0","1","3","2","Y","1805","1","2","0","0","0","0","0","1","0","2","N","","","","","","","","","","","","03","  ","","",""
"1600","1","0","0","0","0","0","0","0","0","4","0","","36","08","2019","2019085958","3","40.0507","-76.2558","1548","08","0","0","0","0","0","1","0","0","","0","0","0","15","1","0","01","0","40 03:02.347","","00","76 15:20.935","0","0","0","0","36215","0","0","0","N","0","0","0","2","36215","0","","1","01","N","N","0","","0","0","1","3","2","","1544","0","2","0","0","0","0","0","1","0","2","N","","","","","","","","","","","","03","  ","","",""