"ARRIVAL_TM","AUTOMOBILE_COUNT","BELTED_DEATH_COUNT","BELTED_SUSP_SERIOUS_INJ_COUNT","BICYCLE_COUNT","BICYCLE_DEATH_COUNT","BICYCLE_SUSP_SERIOUS_INJ_COUNT","BUS_COUNT","CHLDPAS_DEATH_COUNT","CHLDPAS_SUSP_SERIOUS_INJ_COUNT","COLLISION_TYPE","COMM_VEH_COUNT","CONS_ZONE_SPD_LIM","COUNTY","CRASH_MONTH","CRASH_YEAR","CRN","DAY_OF_WEEK","DEC_LAT","DEC_LONG","DISPATCH_TM","DISTRICT","DRIVER_COUNT_16YR","DRIVER_COUNT_17YR","DRIVER_COUNT_18YR","DRIVER_COUNT_19YR","DRIVER_COUNT_20YR","DRIVER_COUNT_50_64YR","DRIVER_COUNT_65_74YR","DRIVER_COUNT_75PLUS","EST_HRS_CLOSED","FATAL_COUNT","HEAVY_TRUCK_COUNT","HORSE_BUGGY_COUNT","HOUR_OF_DAY","ILLUMINATION","INJURY_COUNT","INTERSECT_TYPE","LANE_CLOSED","LATITUDE","LN_CLOSE_DIR","LOCATION_TYPE","LONGITUDE","MAX_SEVERITY_LEVEL","MCYCLE_DEATH_COUNT","MCYCLE_SUSP_SERIOUS_INJ_COUNT","MOTORCYCLE_COUNT","MUNICIPALITY","NONMOTR_COUNT","NONMOTR_DEATH_COUNT","NONMOTR_SUSP_SERIOUS_INJ_COUNT","NTFY_HIWY_MAINT","PED_COUNT","PED_DEATH_COUNT","PED_SUSP_SERIOUS_INJ_COUNT","PERSON_COUNT","POLICE_AGCY","POSSIBLE_INJ_COUNT","RDWY_SURF_TYPE_CD","RELATION_TO_ROAD","ROAD_CONDITION","SCH_BUS_IND","SCH_ZONE_IND","SMALL_TRUCK_COUNT","SPEC_JURIS_CD","SUSP_MINOR_INJ_COUNT","SUSP_SERIOUS_INJ_COUNT","SUV_COUNT","TCD_FUNC_CD","TCD_TYPE","TFC_DETOUR_IND","TIME_OF_DAY","TOT_INJ_COUNT","TOTAL_UNITS","UNB_DEATH_COUNT","UNB_SUSP_SERIOUS_INJ_COUNT","UNBELTED_OCC_COUNT","UNK_INJ_DEG_COUNT","UNK_INJ_PER_COUNT","URBAN_RURAL","VAN_COUNT","VEHICLE_COUNT","WORK_ZONE_IND","WORK_ZONE_LOC","WORK_ZONE_TYPE","WORKERS_PRES","WZ_CLOSE_DETOUR","WZ_FLAGGER","WZ_LAW_OFFCR_IND","WZ_LN_CLOSURE","WZ_MOVING","WZ_OTHER","WZ_SHLDER_MDN","ROADWAY_CLEARED","WEATHER1","WEATHER2","WZ_WORKERS_INJ_KILLED","SECONDARY_CRASH","INTERSECTION_RELATED"
"2121","1","0","0","0","0","0","0","0","0","4","0","","36","08","2019","2019085959","3","40.0883","-76.1835","2118","08","0","0","0","0","0","1","1","0","1","0","0","0","21","3","0","00","2","40 05:17.855","6","00","76 11:00.631","0","0","0","0","36234","0","0","0","N","0","0","0","4","36215","0","","1","01","N","N","0","","0","0","1","0","0","Y","2118","0","2","0","0","0","0","0","1","0","2","N","","","","","","","","","","","","03","  ","","",""
"1901","0","0","0","0","0","0","0","0","0","1","0","","36","08","2019","2019085960","6","40.0306","-76.2343","1900","08","0","0","0","0","0","1","0","0","2","0","0","0","19","1","0","05","1","40 01:50.868","4","00","76 14:03.471","0","0","0","0","36215","0","0","0","N","0","0","0","3","36215","0","","1","01","N","N","0","","0","0","2","3","2","N","1900","0","2","0","0","0","0","0","1","0","2","N","","","","","","","","","","","","03","  ","","",""
"0744","1","0","0","0","0","0","0","0","0","7","0","","36","08","2019","2019085961","7","40.0664","-76.1636","0744","08","0","0","0","0","0","0","1","0","","0","0","0","07","1","0","00","0","40 03:59.095","","00","76 09:48.824","0","0","0","0","36234","0","0","0","N","0","0","0","1","36215","0","","4","01","N","N","0","","0","0","0","0","0","","0742","0","1","0","0","0","0","0","1","0","1","N","","","","","","","","","","","","03","  ","","",""
"0729","1","0","0","0","0","0","0","0","0","1","0","","36","08","2019","2019085962","6","40.0025","-76.3665","0719","08","0","1","0","0","0","1","0","0","2","0","0","0","07","1","0","01","2","40 00:08.978","1","00","76 21:59.511","0","0","0","0","36223","0","0","0","N","0","0","0","3","36223","0","","1","09","N","N","0","","0","0","1","0","0","Y","0718","0","2","0","0","0","0","0","1","0","2","N","","","","","","","","","","","","07","  ","","",""
"1228","2","0","0","0","0","0","0","0","0","1","0","","36","08","2019","2019086006","5","40.0485","-76.4082","1221","08","0","0","1","0","0","0","0","0","2","0","0","0","12","1","0","00","1","40 02:54.472","4","00","76 24:29.394","0","0","0","0","36239","0","0","0","Y","0","0","0","2","36239","0","","1","01","N","N","0","","0","0","0","0","0","N","1216","0","2","0","0","0","0","0","3","0","2","N","","","","","","","","","","","","03","  ","","",""
"0759","0","0","0","0","0","0","0","0","0","1","0","","36","08","2019","2019086011","5","40.0447","-76.4272","0757","08","0","0","1","0","0","0","0","0","2","0","0","0","07","1","1","00","1","40 02:41.008","3","00","76 25:37.909","8","0","0","0","36239","0","0","0","N","0","0","0","3","36239","0","","1","01","","","0","","0","0","3","0","0","N","0757","1","3","0","0","0","1","0","3","0","3","N","","","","","","","","","","","","03","  ","","",""
"1114","1","0","0","0","0","0","0","0","0","7","0","","36","08","2019","2019086088","1","40.2436","-76.1551","1100","08","0","0","0","0","0","0","0","0","2","0","0","0","11","1","0","00","1","40 14:36.898","3","00","76 09:18.289","0","0","0","0","36236","0","0","0","N","0","0","0","1","68T06","0","","4","01","N","N","0","","0","0","0","0","0","N","1100","0","1","0","0","0","0","0","1","0","1","N","","","","","","","","","","","","03","  ","","",""
"1415","1","0","0","0","0","0","0","0","0","7","0","","36","08","2019","2019086154","1","40.0341","-76.5318","1411","08","0","0","0","0","0","0","0","0","3","0","0","0","14","1","1","00","1","40 02:02.863","4","03","76 31:54.622","2","0","0","0","36239","0","0","0","Y","0","0","0","1","36239","0","","3","01","N","N","0","","0","1","0","0","0","N","1407","1","1","0","0","0","0","0","3","0","1","N","","","","","","","","","","","","03","  ","","",""
"2051","2","0","0","0","0","0","0","0","0","4","0","","36","08","2019","2019086170","6","39.9876","-76.2766","2047","08","0","1","0","0","0","0","0","0","2","0","0","0","20","3","0","01","1","39 59:15.198","7","00","76 16:35.769","0","0","0","0","36240","0","0","0","N","0","0","0","3","36240","0","","1","01","N","N","0","","0","0","0","3","2","N","2040","0","2","0","0","0","0","0","1","0","2","N","","","","","","","","","","","","03","  ","","",""
"1423","0","0","0","0","0","0","0","0","0","8","0","","36","08","2019","2019086197","1","40.0262","-76.3035","1406","08","0","0","0","0","0","0","0","0","","0","0","0","14","1","1","10","0","40 01:34.250","","00","76 18:12.579","4","0","0","1","36301","1","0","0","N","1","0","0","2","36301","1","","5","01","N","N","0","","0","0","0","0","0","N","1405","1","2","0","0","0","0","0","3","0","1","N","","","","","","","","","","","","03","  ","","",""
"1630","1","0","0","0","0","0","0","0","0","4","0","","36","08","2019","2019086203","3","40.0007","-76.3258","1624","08","0","0","0","0","0","1","1","0","2","0","0","0","16","1","4","00","1","40 00:02.413","6","00","76 19:32.895","2","0","0","0","36228","0","0","0","N","0","0","0","4","36228","1","","1","01","N","N","0","","2","1","0","0","0","N","1624","4","2","0","1","2","0","0","1","1","2","N","","","","","","","","","","","","03","  ","","",""
"1446","1","0","0","0","0","0","0","0","0","4","1","","36","08","2019","2019086222","5","40.0406","-76.3111","1439","08","0","0","0","0","0","1","0","0","2","0","1","0","14","1","0","01","1","40 02:26.239","4","00","76 18:39.805","0","0","0","0","36301","0","0","0","N","0","0","0","3","36301","0","","1","01","N","N","0","","0","0","0","3","2","N","1439","0","2","0","0","0","0","0","3","0","2","N","","","","","","","","","","","","03","  ","","",""
"0800","2","0","0","0","0","0","0","0","0","1","0","","36","08","2019","2019086248","3","39.9903","-76.2645","0755","08","0","0","0","0","0","1","0","0","2","0","0","0","07","1","2","00","1","39 59:25.076","5","00","76 15:52.082","3","0","0","0","36240","0","0","0","N","0","0","0","3","36240","0","","1","01","N","N","0","","1","0","1","0","0","Y","0753","2","3","0","0","0","1","0","1","0","3","N","","","","","","","","","","","","03","  ","","",""
"1043","0","0","0","0","0","0","0","0","0","1","0","","36","08","2019","2019086252","1","40.1657","-76.1508","1040","08","0","0","0","0","0","1","0","0","","0","0","0","10","1","2","06","0","40 09:56.580","","02","76 09:02.742","3","0","0","0","36218","0","0","0","N","0","0","0","5","36408","0","","1","09","N","N","1","","2","0","0","0","0","N","1040","2","2","0","0","1","0","0","1","1","2","Y","","","","","","","","","","","","03","  ","","",""
"1531","0","0","0","0","0","0","0","0","0","0","1","","36","07","2019","2019086279","4","40.0731","-76.0051","1503","08","0","0","0","0","0","0","0","0","3","0","0","0","14","1","1","00","2","40 04:23.280","5","00","76 00:18.310","3","0","0","0","36232","0","0","0","N","0","0","0","1","68J01","0","","4","09","N","N","1","","1","0","0","0","0","Y","1445","1","1","0","0","0","0","0","1","0","1","N","","","","","","","","","","","","07","  ","","",""
"1555","1","0","0","0","0","0","0","0","0","7","0","","36","08","2019","2019086280","7","40.1905","-76.0497","1528","08","0","0","0","0","0","0","0","0","2","0","0","0","15","1","0","00","1","40 11:25.773","2","00","76 02:59.064","0","0","0","0","36202","0","0","0","N","0","0","0","1","68J01","0","","4","01","N","N","0","","0","0","0","0","0","N","1523","0","1","0","0","0","0","0","1","0","1","N","","","","","","","","","","","","03","  ","","",""
"1218","1","0","0","0","0","0","0","0","0","7","0","","36","08","2019","2019086287","6","40.0254","-76.0748","1214","08","0","0","0","0","0","0","0","0","2","0","0","0","12","1","1","00","2","40 01:31.290","7","00","76 04:29.136","3","0","0","0","36221","0","0","0","N","0","0","0","1","68J01","0","","4","01","N","N","0","","1","0","0","0","0","Y","1213","1","1","0","0","1","0","0","1","0","1","N","","","","","","","","","","","","03","  ","","",""
"1239","2","0","0","0","0","0","0","0","0","6","0","","36","08","2019","2019086292","2","40.181","-76.0518","1230","08","1","0","0","1","0","2","1","0","3","0","0","0","12","1","1","00","2","40 10:51.682","5","00","76 03:06.456","8","0","0","0","36202","0","0","0","N","0","0","0","6","68J01","0","","1","01","N","N","3","","0","0","1","0","0","Y","1227","1","6","0","0","0","1","0","1","0","6","N","","","","","","","","","","","","03","  ","","",""
"1209","0","0","0","0","0","0","0","0","0","7","0","","36","08","2019","2019086299","4","39.7976","-76.185","1151","08","0","0","0","0","0","0","0","0","","0","0","0","11","1","0","00","0","39 47:51.519","","00","76 11:05.964","0","0","0","0","36219","0","0","0","N","0","0","0","1","68J01","0","","4","01","N","N","0","","0","0","1","0","0","","1140","0","1","0","0","0","0","0","1","0","1","N","","","","","","","","","","","","05","  ","","",""
"1448","1","0","0","0","0","0","0","0","0","7","0","","36","08","2019","2019086305","7","40.2226","-76.2886","1409","08","0","0","0","0","0","0","0","0","3","0","0","0","14","1","1","00","1","40 13:21.456","3","00","76 17:18.842","4","0","0","0","36217","0","0","0","N","0","0","0","1","68J01","1","","2","09","N","N","0","","0","0","0","0","0","N","1403","1","1","0","0","0","0","0","1","0","1","N","","","","","","","","","","","","07","  ","","",""
"1713","0","0","0","0","0","0","0","0","0","4","0","","36","07","2019","2019086350","6","40.0331","-76.1061","1707","08","0","0","0","0","0","0","0","0","","0","0","0","16","1","0","00","0","40 01:59.100","","00","76 06:21.860","0","0","0","0","36221","0","0","0","N","0","0","0","4","68J01","0","","1","01","N","N","1","","0","0","1","0","0","","1649","0","2","0","0","0","0","0","1","0","2","N","","","","","","","","","","","","03","  ","","",""
"1450","1","0","0","0","0","0","0","0","0","1","0","","36","08","2019","2019086383","3","40.0243","-76.3163","1447","08","0","0","0","0","0","0","0","1","2","0","0","0","14","1","1","00","2","40 01:27.347","2","00","76 18:58.571","3","0","0","0","36301","0","0","0","N","0","0","0","1","36301","0","","1","01","N","N","0","","1","0","1","0","0","Y","1447","1","3","0","0","1","0","0","3","1","3","N","","","","","","","","","","","","03","  ","","",""
"1828","0","0","0","0","0","0","0","0","0","4","0","","36","07","2019","2019086407","1","40.0685","-76.3074","1826","08","0","0","0","0","0","0","0","0","4","1","0","0","18","1","0","01","2","40 04:06.605","7","00","76 18:27.559","1","1","0","1","36101","0","0","0","N","0","0","0","4","36101","0","1","1","01","N","N","1","0","0","0","0","3","2","Y","1825","0","2","0","0","0","0","0","3","0","2","N","","","","","","","","","","","","03","  ","","",""
"1310","1","0","0","0","0","0","0","0","0","4","0","","36","08","2019","2019086408","7","40.0264","-76.3349","1306","08","0","0","0","0","1","1","0","0","1","0","0","0","13","1","2","00","2","40 01:34.890","5","00","76 20:05.650","4","0","0","0","36220","0","0","0","N","0","0","0","2","36101","2","","1","09","N","N","0","","0","0","1","0","0","Y","1305","2","2","0","0","0","0","0","3","0","2","N","","","","","","","","","","","","07","  ","","",""
"1730","1","0","1","0","0","0","0","0","0","4","0","","36","08","2019","2019086409","1","40.0768","-76.3375","1725","08","0","0","0","0","0","0","0","0","3","0","0","0","17","1","2","02","1","40 04:36.517","7","02","76 20:14.845","2","0","0","0","36101","0","0","0","N","0","0","0","2","36101","1","","1","09","N","N","1","","0","1","0","3","2","N","1721","2","2","0","0","0","0","0","3","0","2","N","","","","","","","","","","","","07","  ","","",""
"0833","0","0","0","0","0","0","0","0","0","1","1","","36","08","2019","2019086410","2","40.0963","-76.3522","0827","08","0","0","0","0","0","2","0","0","2","0","1","0","08","1","1","02","1","40 05:46.851","1","00","76 21:07.944","3","0","0","0","36406","0","0","0","N","0","0","0","2","36101","0","","1","01","N","N","0","","1","0","1","0","0","N","0825","1","2","0","0","0","0","0","3","0","2","N","","","","","","","","","","","","03","  ","","",""
"2025","2","0","0","0","0","0","0","0","0","1","0","","36","08","2019","2019086411","2","40.0766","-76.3088","2023","08","0","0","0","0","0","1","0","0","1","0","0","0","20","2","1","00","1","40 04:35.868","1","00","76 18:31.568","3","0","0","0","36101","0","0","0","N","0","0","0","3","36101","0","","1","01","N","N","0","","1","0","0","0","0","N","2021","1","2","0","0","0","0","0","3","0","2","N","","","","","","","","","","","","03","  ","","",""
"1020","0","0","0","0","0","0","0","0","0","4","1","","36","08","2019","2019086412","2","40.0824","-76.351","1016","08","0","0","0","0","0","0","1","0","","0","1","0","10","1","1","02","0","40 04:56.816","","00","76 21:03.528","3","0","0","0","36214","0","0","0","N","0","0","0","3","36214","0","","1","01","N","N","0","","1","0","1","3","2","","1010","1","2","0","0","0","0","0","3","0","2","N","","","","","","","","","","","","03","  ","","",""
"1434","1","0","0","0","0","0","0","0","0","1","0","55","36","08","2019","2019086440","5","40.1951","-76.123","1430","08","0","0","0","0","0","0","0","1","","0","0","0","14","1","1","00","0","40 11:42.429","","00","76 07:22.903","3","0","0","0","36210","0","0","0","N","0","0","0","5","68J01","0","","1","01","N","N","0","","1","0","2","0","0","","1429","1","3","0","0","0","0","0","1","0","3","Y","2","1","N","N","N","Y","Y","N","N","N","","03","  ","","",""
"0148","2","0","0","0","0","0","0","0","0","7","0","","36","08","2019","2019086538","6","40.012","-76.2997","0148","08","0","0","0","0","0","1","0","0","2","0","0","0","01","3","0","00","2","40 00:43.206","5","00","76 17:58.756","0","0","0","0","36240","0","0","0","N","0","0","0","3","36240","0","","2","09","N","N","0","","0","0","0","3","3","Y","0148","0","3","0","0","0","0","0","1","1","3","N","","","","","","","","","","","","07","  ","","",""
"1520","2","0","0","0","0","0","0","0","0","4","0","","36","08","2019","2019086572","7","40.1734","-76.1939","1515","08","0","0","0","0","0","0","0","0","","0","0","0","15","1","1","01","0","40 10:24.160","","00","76 11:38.086","3","0","0","0","36408","0","0","0","N","0","0","0","2","36408","0","","1","01","N","N","0","","1","0","0","3","3","N","1515","1","2","0","0","0","0","0","2","0","2","N","","","","","","","","","","","","03","  ","","",""
"1903","2","0","0","0","0","0","0","0","0","4","0","55","36","08","2019","2019086653","1","40.1612","-76.1521","1858","08","0","0","0","0","0","0","0","0","","0","0","0","18","1","0","06","0","40 09:40.320","","02","76 09:07.478","0","0","0","0","36238","0","0","0","N","0","0","0","2","36238","0","","7","01","N","N","0","","0","0","0","3","3","N","1858","0","2","0","0","0","0","0","3","0","2","Y","4","1","U","","","U","Y","","","","","03","  ","","",""
"1825","1","0","0","0","0","0","0","0","0","1","0","","36","08","2019","2019086800","3","40.0751","-76.2972","1817","08","0","0","0","0","0","0","0","0","","0","0","0","18","1","1","00","0","40 04:30.450","","00","76 17:50.056","4","0","0","0","36101","0","0","0","N","0","0","0","4","36101","1","","1","01","N","N","0","","0","0","1","0","0","","1813","1","2","0","0","0","0","0","3","0","2","N","","","","","","","","","","","","03","  ","","",""
"1224","1","0","0","0","0","0","0","0","0","4","0","","36","08","2019","2019086801","4","40.0819","-76.351","1205","08","0","0","0","0","0","1","0","0","","0","0","0","12","1","1","01","0","40 04:54.975","","00","76 21:03.454","4","0","0","0","36214","0","0","0","N","0","0","0","4","36214","1","","1","01","N","N","0","","0","0","1","3","2","","1204","1","2","0","0","0","0","0","3","0","2","N","","","","","","","","","","","","03","  ","","",""
"1543","2","0","0","0","0","0","0","0","0","5","0","","36","08","2019","2019086802","3","40.0526","-76.3772","1541","08","0","0","0","0","0","1","0","0","1","0","0","0","15","1","0","00","1","40 03:09.241","4","00","76 22:37.790","0","0","0","0","36214","0","0","0","N","0","0","0","2","36214","0","","1","01","N","N","0","","0","0","0","0","0","N","1525","0","2","0","0","0","0","0","3","0","2","N","","","","","","","","","","","","03","  ","","",""
"1320","1","0","0","0","0","0","0","0","0","4","1","","36","07","2019","2019086803","2","40.0406","-76.2528","1313","08","0","0","0","0","0","0","0","0","","0","1","0","13","1","0","01","0","40 02:26.267","","00","76 15:10.183","0","0","0","0","36215","0","0","0","N","0","0","0","4","36215","0","","1","01","N","N","0","","0","0","0","3","2","","1313","0","2","0","0","0","0","0","1","0","2","N","","","","","","","","","","","","03","  ","","",""
"1647","1","0","0","0","0","0","0","0","0","4","0","","36","08","2019","2019086804","5","40.0378","-76.2707","1644","08","0","0","0","0","0","1","0","0","2","0","0","0","16","1","1","01","1","40 02:16.133","3","00","76 16:14.672","3","0","0","0","36215","0","0","0","N","0","0","0","2","36215","0","","1","01","N","N","0","","1","0","1","3","2","N","1639","1","2","0","0","0","0","0","1","0","2","N","","","","","","","","","","","","03","  ","","",""
"1202","1","0","0","0","0","0","0","0","0","1","0","","36","08","2019","2019086805","6","40.0403","-76.2457","1155","08","0","0","0","0","0","1","0","0","","0","0","0","11","1","1","00","0","40 02:25.056","","00","76 14:44.447","4","0","0","0","36215","0","0","0","N","0","0","0","4","36215","1","","1","01","N","N","0","","0","0","1","0","0","","1142","1","2","0","0","0","0","0","1","0","2","N","","","","","","","","","","","","03","  ","","",""
"1237","1","0","0","0","0","0","0","0","0","7","0","","36","08","2019","2019086806","7","40.0286","-76.2348","1224","08","0","0","0","0","0","0","0","0","","0","0","0","12","1","0","00","0","40 01:43.100","","00","76 14:05.200","0","0","0","0","36215","0","0","0","N","0","0","0","1","36215","0","","4","01","N","N","0","","0","0","0","0","0","","1224","0","1","0","0","0","0","0","1","0","1","N","","","","","","","","","","","","03","  ","","",""
"1420","1","0","0","0","0","0","0","0","0","4","0","","36","08","2019","2019086807","4","40.0238","-76.1995","1409","08","0","0","0","0","0","0","0","1","2","0","0","0","14","1","2","00","1","40 01:25.591","3","00","76 11:58.344","4","0","0","0","36215","0","0","0","N","0","0","0","3","36215","2","","1","01","N","N","0","","0","0","1","0","0","N","1409","2","2","0","0","0","0","0","1","0","2","N","","","","","","","","","","","","03","  ","","",""
"1700","1","0","0","0","0","0","0","0","0","1","0","","36","08","2019","2019086808","4","40.084","-76.2282","1655","08","0","0","0","0","0","0","0","0","","0","0","0","16","1","1","00","0","40 05:02.345","","00","76 13:41.556","8","0","0","0","36234","0","0","0","N","0","0","0","2","36215","0","","1","09","N","N","0","","0","0","1","0","0","","1655","1","2","0","0","0","1","0","1","0","2","N","","","","","","","","","","","","07","  ","","",""
"1034","1","0","0","0","0","0","0","0","0","4","0","","36","08","2019","2019086809","5","40.0328","-76.2435","1026","08","0","0","0","0","0","0","0","0","2","0","0","0","10","1","0","02","1","40 01:57.652","3","02","76 14:34.925","0","0","0","0","36215","0","0","0","N","0","0","0","3","36215","0","","1","01","N","N","0","","0","0","1","3","2","N","1026","0","2","0","0","0","0","0","1","0","2","N","","","","","","","","","","","","03","  ","","",""
"1708","4","0","0","0","0","0","0","0","0","1","0","","36","08","2019","2019086810","5","40.0349","-76.2428","1702","08","0","0","0","0","1","1","1","0","3","0","0","0","17","1","2","00","1","40 02:05.661","3","00","76 14:34.023","4","0","0","0","36215","0","0","0","N","0","0","0","6","36215","2","","1","01","N","N","0","","0","0","0","0","0","N","1702","2","5","0","0","0","0","0","1","1","5","N","","","","","","","","","","","","03","  ","","",""
"0922","1","0","0","0","0","0","0","0","0","4","0","","36","08","2019","2019086811","5","40.0956","-76.1092","0922","08","0","0","0","1","0","0","0","1","","0","0","0","09","1","0","00","0","40 05:44.161","","07","76 06:33.080","0","0","0","0","36209","0","0","0","N","0","0","0","6","36415","0","","1","01","N","N","0","","0","0","0","0","0","","0900","0","2","0","0","0","0","0","1","0","2","N","","","","","","","","","","","","03","  ","","",""
"0529","1","0","0","0","0","0","0","0","0","1","0","","36","08","2019","2019086813","2","40.1459","-76.1178","0515","08","0","0","0","0","0","0","0","0","","0","0","0","05","1","0","00","0","40 08:45.281","","00","76 07:03.972","0","0","0","0","36209","0","0","0","N","0","0","0","3","36415","0","","1","01","N","N","0","","0","0","2","0","0","","0515","0","3","0","0","0","0","0","1","0","3","N","","","","","","","","","","","","03","  ","","",""
"1756","1","0","0","0","0","0","0","0","0","4","0","","36","08","2019","2019086814","2","40.1535","-76.128","1755","08","0","0","0","0","0","1","0","0","","0","0","0","17","1","0","02","0","40 09:12.745","","00","76 07:40.970","0","0","0","0","36209","0","0","0","N","0","0","0","2","36415","0","","1","01","N","N","1","","0","0","0","3","2","","1750","0","2","0","0","0","0","0","1","0","2","N","","","","","","","","","","","","03","  ","","",""
"1739","1","0","0","0","0","0","0","0","0","5","0","","36","08","2019","2019086815","7","40.1004","-76.0905","1730","08","0","0","0","0","0","0","0","0","","0","0","0","17","1","0","00","0","40 06:01.480","","00","76 05:25.640","0","0","0","0","36415","0","0","0","N","0","0","0","1","36415","0","","6","01","N","N","0","","0","0","1","0","0","","1727","0","2","0","0","0","0","0","1","0","2","N","","","","","","","","","","","","03","  ","","",""
"1740","2","0","0","0","0","0","0","0","0","4","0","","36","08","2019","2019086816","2","40.1383","-76.1002","1740","08","0","0","0","0","0","0","0","0","2","0","0","0","17","1","5","01","2","40 08:17.874","7","00","76 06:00.622","3","0","0","0","36209","0","0","0","N","0","0","0","5","36415","4","","1","01","N","N","0","","1","0","0","3","3","Y","1740","5","2","0","0","0","0","0","1","0","2","N","","","","","","","","","","","","03","  ","","",""
"1441","2","0","0","0","0","0","0","0","0","4","0","","36","08","2019","2019086817","3","40.1008","-76.096","1441","08","0","0","0","0","0","1","0","0","","0","0","0","14","1","0","01","0","40 06:03.031","","00","76 05:45.673","0","0","0","0","36415","0","0","0","N","0","0","0","2","36415","0","","1","01","N","N","0","","0","0","0","3","2","","1441","0","2","0","0","0","0","0","1","0","2","N","","","","","","","","","","","","03","  ","","",""
"1733","2","0","1","0","0","0","0","0","0","2","0","","36","08","2019","2019086818","3","40.1298","-76.0801","1733","08","0","0","0","0","0","1","0","1","2","0","0","0","17","1","3","00","2","40 07:47.293","6","00","76 04:48.295","2","0","0","0","36209","0","0","0","N","0","0","0","3","36415","0","","1","01","N","N","0","","2","1","0","0","0","Y","1733","3","2","0","0","0","0","0","1","0","2","N","","","","","","","","","","","","03","  ","","",""
"2140","0","0","0","0","0","0","0","0","0","4","0","","36","08","2019","2019086819","2","40.1266","-76.3051","2137","08","0","0","0","0","0","0","0","0","2","0","0","0","21","3","0","01","1","40 07:35.600","6","00","76 18:18.296","0","0","0","0","36235","0","0","0","N","0","0","0","2","36506","0","","1","01","N","N","0","","0","0","2","3","2","Y","2129","0","2","0","0","0","0","0","1","0","2","N","","","","","","","","","","","","03","  ","","",""
"1838","2","0","0","0","0","0","0","0","0","4","0","","36","08","2019","2019086953","4","40.0425","-76.2878","1833","08","0","0","0","0","0","0","0","0","1","0","0","0","18","1","0","00","1","40 02:32.821","2","00","76 17:15.925","0","0","0","0","36301","0","0","0","N","0","0","0","2","36301","0","","4","09","N","N","0","","0","0","0","0","0","N","1812","0","2","0","0","0","0","0","3","0","2","N","","","","","","","","","","","","07","  ","","",""
"1936","1","0","0","0","0","0","0","0","0","4","0","","36","08","2019","2019086957","7","40.0666","-76.5991","1933","08","0","0","0","1","0","0","0","0","2","0","0","0","19","1","0","00","2","40 03:59.587","5","00","76 35:56.748","0","0","0","0","36211","0","0","0","N","0","0","0","2","36504","0","","1","01","N","N","0","","0","0","1","0","0","Y","1929","0","2","0","0","0","0","0","1","0","2","N","","","","","","","","","","","","03","  ","","",""
"2226","1","0","0","0","0","0","0","0","0","4","0","","36","08","2019","2019087070","1","40.1228","-76.2314","2220","08","0","0","0","0","0","1","0","0","3","1","0","0","22","2","0","01","2","40 07:22.209","6","00","76 13:52.910","1","1","0","1","36238","0","0","0","N","0","0","0","6","36238","0","2","1","01","N","N","0","0","0","0","0","3","3","Y","2219","0","2","0","0","0","0","0","3","0","2","N","","","","","","","","","","","","03","  ","","",""
"1358","0","0","0","0","0","0","0","0","0","4","0","","36","08","2019","2019087180","4","40.0089","-76.3576","1352","08","0","0","0","0","0","0","0","0","","0","0","0","13","1","0","00","0","40 00:31.867","","07","76 21:27.262","0","0","0","0","36412","0","0","0","N","0","0","0","2","36412","0","","1","01","N","N","0","","0","0","2","3","2","","1352","0","2","0","0","0","0","0","3","0","2","N","","","","","","","","","","","","03","  ","","",""
"1428","2","0","0","0","0","0","0","0","0","1","0","","36","08","2019","2019087245","1","40.0579","-76.2731","1427","08","0","0","0","0","0","0","1","0","2","0","0","0","14","1","4","00","1","40 03:28.447","4","00","76 16:23.208","3","0","0","0","36101","0","0","0","N","0","0","0","5","36101","2","","1","01","N","N","0","","2","0","0","0","0","N","1413","4","2","0","0","0","0","0","3","0","2","N","","","","","","","","","","","","03","  ","","",""
"0441","2","0","0","0","0","0","0","0","0","2","0","","36","08","2019","2019087246","1","40.1566","-76.3873","0419","08","0","0","0","0","1","0","0","0","2","0","0","0","04","3","0","00","1","40 09:23.689","2","00","76 23:14.397","0","0","0","0","36227","0","0","0","N","0","0","0","1","36506","0","","1","01","N","N","0","","0","0","0","0","0","N","0419","0","2","0","0","0","0","0","1","0","2","N","","","","","","","","","","","","03","  ","","",""
"2126","1","0","0","0","0","0","0","0","0","1","0","99","36","08","2019","2019087365","1","40.1657","-76.1508","2118","08","0","0","1","0","0","0","0","0","2","0","0","0","21","2","1","06","1","40 09:56.580","1","02","76 09:02.742","3","0","0","0","36218","0","0","0","N","0","0","0","4","36408","0","","7","01","N","N","1","","1","0","0","3","3","N","2112","1","2","0","0","0","0","0","1","0","2","Y","3","1","U","","","U","","","","","","03","  ","","",""
"0232","1","0","0","0","0","0","0","0","0","7","0","","36","08","2019","2019087366","7","40.1939","-76.1536","0228","08","0","0","0","0","0","0","0","0","","0","0","0","02","3","1","00","0","40 11:38.007","","00","76 09:13.096","2","0","0","0","36218","0","0","0","Y","0","0","0","1","36408","0","","1","01","N","N","0","","0","1","0","0","0","","0226","1","1","0","1","1","0","0","1","0","1","N","","","","","","","","","","","","03","  ","","",""
"1800","0","0","0","0","0","0","0","0","0","7","0","","36","08","2019","2019087382","5","40.0373","-76.4187","1746","08","0","0","0","0","0","0","0","0","","0","0","0","17","1","1","00","0","40 02:14.424","","00","76 25:07.482","4","0","0","0","36414","0","0","0","N","0","0","0","1","36239","1","","5","01","N","N","1","","0","0","0","0","0","N","1746","1","1","0","0","0","0","0","3","0","1","N","","","","","","","","","","","","03","  ","","",""