"ARRIVAL_TM","AUTOMOBILE_COUNT","BELTED_DEATH_COUNT","BELTED_SUSP_SERIOUS_INJ_COUNT","BICYCLE_COUNT","BICYCLE_DEATH_COUNT","BICYCLE_SUSP_SERIOUS_INJ_COUNT","BUS_COUNT","CHLDPAS_DEATH_COUNT","CHLDPAS_SUSP_SERIOUS_INJ_COUNT","COLLISION_TYPE","COMM_VEH_COUNT","CONS_ZONE_SPD_LIM","COUNTY","CRASH_MONTH","CRASH_YEAR","CRN","DAY_OF_WEEK","DEC_LAT","DEC_LONG","DISPATCH_TM","DISTRICT","DRIVER_COUNT_16YR","DRIVER_COUNT_17YR","DRIVER_COUNT_18YR","DRIVER_COUNT_19YR","DRIVER_COUNT_20YR","DRIVER_COUNT_50_64YR","DRIVER_COUNT_65_74YR","DRIVER_COUNT_75PLUS","EST_HRS_CLOSED","FATAL_COUNT","HEAVY_TRUCK_COUNT","HORSE_BUGGY_COUNT","HOUR_OF_DAY","ILLUMINATION","INJURY_COUNT","INTERSECT_TYPE","LANE_CLOSED","LATITUDE","LN_CLOSE_DIR","LOCATION_TYPE","LONGITUDE","MAX_SEVERITY_LEVEL","MCYCLE_DEATH_COUNT","MCYCLE_SUSP_SERIOUS_INJ_COUNT","MOTORCYCLE_COUNT","MUNICIPALITY","NONMOTR_COUNT","NONMOTR_DEATH_COUNT","NONMOTR_SUSP_SERIOUS_INJ_COUNT","NTFY_HIWY_MAINT","PED_COUNT","PED_DEATH_COUNT","PED_SUSP_SERIOUS_INJ_COUNT","PERSON_COUNT","POLICE_AGCY","POSSIBLE_INJ_COUNT","RDWY_SURF_TYPE_CD","RELATION_TO_ROAD","ROAD_CONDITION","SCH_BUS_IND","SCH_ZONE_IND","SMALL_TRUCK_COUNT","SPEC_JURIS_CD","SUSP_MINOR_INJ_COUNT","SUSP_SERIOUS_INJ_COUNT","SUV_COUNT","TCD_FUNC_CD","TCD_TYPE","TFC_DETOUR_IND","TIME_OF_DAY","TOT_INJ_COUNT","TOTAL_UNITS","UNB_DEATH_COUNT","UNB_SUSP_SERIOUS_INJ_COUNT","UNBELTED_OCC_COUNT","UNK_INJ_DEG_COUNT","UNK_INJ_PER_COUNT","URBAN_RURAL","VAN_COUNT","VEHICLE_COUNT","WORK_ZONE_IND","WORK_ZONE_LOC","WORK_ZONE_TYPE","WORKERS_PRES","WZ_CLOSE_DETOUR","WZ_FLAGGER","WZ_LAW_OFFCR_IND","WZ_LN_CLOSURE","WZ_MOVING","WZ_OTHER","WZ_SHLDER_MDN","ROADWAY_CLEARED","WEATHER1","WEATHER2","WZ_WORKERS_INJ_KILLED","SECONDARY_CRASH","INTERSECTION_RELATED"
"1914","0","0","0","0","0","0","0","0","0","4","0","","36","08","2019","2019087383","5","39.9901","-76.2399","1912","08","0","1","0","0","0","1","0","0","2","0","0","0","19","1","0","01","1","39 59:24.433","7","00","76 14:23.626","0","0","0","0","36240","0","0","0","N","0","0","0","3","36240","0","","1","01","N","N","1","","0","0","1","3","2","N","1911","0","2","0","0","0","0","0","1","0","2","N","","","","","","","","","","","","03","  ","","",""
"2018","0","0","0","0","0","0","0","0","0","7","0","","36","08","2019","2019087388","6","40.1409","-76.6768","2008","08","0","1","0","0","0","0","0","0","2","0","0","0","20","6","0","02","2","40 08:27.191","5","00","76 40:36.335","0","0","0","0","36207","0","0","0","N","0","0","0","1","36504","0","","3","01","N","N","1","","0","0","0","0","0","Y","2008","0","1","0","0","0","0","0","1","0","1","N","","","","","","","","","","","","03","  ","","",""
"0328","0","0","0","0","0","0","0","0","0","4","0","","36","08","2019","2019087552","2","40.0734","-76.2794","0316","08","0","0","0","0","1","0","0","0","","0","0","0","03","2","0","00","0","40 04:24.090","","00","76 16:45.690","9","0","0","0","36101","0","0","0","N","0","0","0","1","36101","0","","1","01","N","N","1","","0","0","1","0","0","","0316","0","2","0","0","0","0","1","3","0","2","N","","","","","","","","","","","","03","  ","","",""
"1749","1","0","0","0","0","0","0","0","0","4","0","","36","08","2019","2019087553","5","40.1093","-76.2501","1739","08","0","0","0","0","0","0","0","0","","0","0","0","17","1","0","01","0","40 06:33.403","","00","76 15:00.444","0","0","0","0","36101","0","0","0","N","0","0","0","2","36101","0","","1","01","N","N","0","","0","0","1","3","3","","1739","0","2","0","0","0","0","0","3","0","2","N","","","","","","","","","","","","03","  ","","",""
"1701","0","0","0","0","0","0","0","0","0","4","0","","36","08","2019","2019087554","4","40.0765","-76.3076","1652","08","0","0","0","0","0","0","0","0","","0","0","0","16","1","0","00","0","40 04:35.280","","00","76 18:27.500","0","0","0","0","36101","0","0","0","N","0","0","0","2","36101","0","","1","09","N","N","0","","0","0","2","0","0","","1649","0","2","0","0","0","0","0","3","0","2","N","","","","","","","","","","","","07","  ","","",""
"1653","1","0","0","0","0","0","0","0","0","4","0","","36","08","2019","2019087555","5","40.0876","-76.3361","1649","08","1","0","0","0","0","0","1","0","2","0","0","0","16","1","0","01","1","40 05:15.241","4","00","76 20:09.931","0","0","0","0","36101","0","0","0","N","0","0","0","4","36101","0","","1","01","N","N","0","","0","0","1","3","3","N","1645","0","2","0","0","0","0","0","3","0","2","N","","","","","","","","","","","","03","  ","","",""
"0534","3","0","0","0","0","0","0","0","0","4","0","","36","08","2019","2019087601","2","40.0706","-76.3181","0522","08","0","0","0","0","0","0","0","0","","0","0","0","05","5","0","03","0","40 04:14.156","","03","76 19:05.239","0","0","0","0","36101","0","0","0","N","0","0","0","3","36101","0","","1","01","N","N","0","","0","0","0","0","0","","0522","0","3","0","0","0","0","0","3","0","3","N","","","","","","","","","","","","03","  ","","",""
"0937","1","0","0","0","0","0","0","0","0","4","0","","36","08","2019","2019087602","6","40.018","-76.3446","0929","08","0","0","0","0","0","0","0","0","","0","0","0","09","1","0","00","0","40 01:04.906","","07","76 20:40.736","0","0","0","0","36220","0","0","0","N","0","0","0","2","36101","0","","1","01","N","N","1","","0","0","0","0","0","","0922","0","2","0","0","0","0","0","3","0","2","N","","","","","","","","","","","","03","  ","","",""
"1747","1","0","0","0","0","0","0","0","0","4","0","","36","08","2019","2019087603","4","40.1337","-76.4644","1738","08","0","0","0","0","0","0","0","0","","0","0","0","17","1","0","00","0","40 08:01.410","","00","76 27:51.860","0","0","0","0","36230","0","0","0","N","0","0","0","2","36410","0","","1","01","N","N","0","","0","0","0","0","0","","1736","0","2","0","0","0","0","0","1","1","2","N","","","","","","","","","","","","03","  ","","",""
"0021","1","0","0","0","0","0","0","0","0","0","0","","36","08","2019","2019087604","4","40.0906","-76.4941","0008","08","0","0","0","0","1","0","0","0","1","0","0","0","23","2","1","00","2","40 05:26.272","5","00","76 29:38.686","4","0","0","0","36230","0","0","0","N","0","0","0","1","36410","1","","5","09","N","N","0","","0","0","0","0","0","N","2345","1","1","0","0","0","0","0","1","0","1","N","","","","","","","","","","","","03","  ","","",""
"1659","2","0","0","0","0","0","0","0","0","4","0","","36","08","2019","2019087605","5","40.0836","-76.4861","1645","08","0","0","0","0","0","0","0","0","1","0","0","0","16","1","2","01","2","40 05:01.019","7","00","76 29:10.138","8","0","0","0","36230","0","0","0","N","0","0","0","3","36410","0","","1","01","N","N","0","","0","0","0","3","3","Y","1643","2","2","0","0","0","2","0","1","0","2","N","","","","","","","","","","","","03","  ","","",""
"1442","0","0","0","0","0","0","0","0","0","7","1","","36","08","2019","2019087606","6","40.2154","-76.4323","1436","08","0","0","0","0","0","1","1","0","4","0","1","0","14","1","1","00","2","40 12:55.401","5","00","76 25:56.165","2","0","0","0","36230","0","0","0","N","0","0","0","3","36410","0","","5","01","N","N","0","","0","1","1","0","0","Y","1433","1","3","0","1","1","0","2","1","1","3","N","","","","","","","","","","","","03","  ","","",""
"2152","1","0","0","0","0","0","0","0","0","7","0","","36","08","2019","2019087608","4","40.0769","-76.5069","2144","08","0","0","0","0","0","0","0","0","2","0","0","0","21","2","0","00","2","40 04:36.740","6","00","76 30:24.750","0","0","0","0","36230","0","0","0","N","0","0","0","1","36410","0","","5","09","N","N","0","","0","0","0","0","0","Y","2140","0","1","0","0","0","0","0","1","0","1","N","","","","","","","","","","","","05","  ","","",""
"0655","0","0","0","0","0","0","0","0","0","0","0","","36","08","2019","2019087609","5","40.1918","-76.4149","0642","08","0","0","0","0","0","0","0","0","1","0","0","0","06","1","1","00","1","40 11:30.456","5","00","76 24:53.740","8","0","0","1","36230","0","0","0","N","0","0","0","1","36410","0","","1","01","N","N","0","","0","0","0","0","0","N","0639","1","1","0","0","0","1","0","1","0","1","N","","","","","","","","","","","","03","  ","","",""
"0712","1","0","0","0","0","0","0","0","0","1","0","","36","08","2019","2019087610","5","40.1232","-76.4784","0704","08","0","0","0","0","0","0","0","0","2","0","0","0","06","1","1","00","2","40 07:23.423","3","00","76 28:42.411","8","0","0","0","36230","0","0","0","N","0","0","0","3","36410","0","","1","01","N","N","0","","0","0","2","0","0","N","0654","1","3","0","0","0","1","0","1","0","3","N","","","","","","","","","","","","03","  ","","",""
"1633","2","0","0","0","0","0","0","0","0","1","0","","36","08","2019","2019087715","5","40.1734","-76.1939","1630","08","0","0","0","0","0","1","1","0","","0","0","0","16","1","3","01","0","40 10:24.160","","00","76 11:38.086","3","0","0","0","36408","0","0","0","N","0","0","0","3","36408","0","","1","01","N","N","0","","3","0","0","0","0","N","1628","3","2","0","0","0","0","0","2","0","2","N","","","","","","","","","","","","03","  ","","",""
"1752","1","0","0","0","0","0","0","0","0","1","0","","36","08","2019","2019087690","6","40.1927","-76.1753","1748","08","0","0","0","0","0","2","0","0","","0","0","0","17","1","0","00","0","40 11:33.700","","00","76 10:30.914","0","0","0","0","36218","0","0","0","N","0","0","0","2","36408","0","","1","01","N","N","0","","0","0","1","3","2","","1745","0","2","0","0","0","0","0","1","0","2","N","","","","","","","","","","","","03","  ","","",""
"2352","2","0","0","0","0","0","0","0","0","4","0","","36","08","2019","2019087748","6","40.1775","-76.6012","2348","08","0","0","0","0","0","1","0","0","2","0","0","0","23","3","0","01","2","40 10:39.353","1","02","76 36:04.880","0","0","0","0","36225","0","0","0","Y","0","0","0","4","36505","0","","1","01","N","N","0","","0","0","0","0","0","N","2346","0","2","0","0","0","0","0","2","0","2","N","","","","","","","","","","","","03","  ","","",""
"0755","2","0","0","0","0","0","0","0","0","4","0","","36","08","2019","2019087784","7","40.1485","-76.5995","0752","08","0","0","0","0","0","0","0","0","","0","0","0","07","1","0","01","0","40 08:54.441","","00","76 35:58.037","0","0","0","0","36407","0","0","0","N","0","0","0","2","36407","0","","1","01","N","N","0","","0","0","0","3","3","N","0752","0","2","0","0","0","0","0","2","0","2","N","","","","","","","","","","","","03","  ","","",""
"1132","0","0","0","0","0","0","0","0","0","4","0","","36","08","2019","2019087804","7","40.0675","-76.3169","1132","08","0","0","0","0","0","0","0","0","2","0","0","0","11","1","0","02","1","40 04:02.928","4","00","76 19:00.918","0","0","0","0","36301","0","0","0","N","0","0","0","8","36301","0","","1","01","N","N","0","","0","0","1","3","3","N","1125","0","2","0","0","0","0","0","3","1","2","N","","","","","","","","","","","","03","  ","","",""
"2044","2","0","0","0","0","0","0","0","0","4","0","","36","08","2019","2019087902","6","40.0506","-76.3014","2042","08","0","0","0","0","0","1","0","0","","0","0","0","20","3","0","01","0","40 03:02.073","","00","76 18:05.147","0","0","0","0","36301","0","0","0","N","0","0","0","2","36301","0","","1","01","N","N","0","","0","0","0","0","0","N","2042","0","2","0","0","0","0","0","3","0","2","N","","","","","","","","","","","","03","  ","","",""
"1821","1","0","0","0","0","0","0","0","0","4","0","","36","08","2019","2019087906","6","40.0414","-76.2876","1820","08","0","0","0","0","0","0","0","0","","0","0","0","18","1","0","01","0","40 02:29.125","","00","76 17:15.339","0","0","0","0","36301","0","0","0","N","0","0","0","3","36301","0","","1","01","N","N","0","","0","0","1","3","2","N","1810","0","2","0","0","0","0","0","3","0","2","N","","","","","","","","","","","","03","  ","","",""
"1126","0","0","0","0","0","0","0","0","0","2","0","","36","08","2019","2019087927","6","40.0545","-76.5242","1120","08","0","0","0","0","0","0","0","1","","0","0","0","11","1","0","00","0","40 03:16.203","","03","76 31:26.988","0","0","0","0","36239","0","0","0","N","0","0","0","2","36239","0","","1","01","N","N","0","","0","0","2","0","0","","1120","0","2","0","0","0","0","0","3","0","2","N","","","","","","","","","","","","03","  ","","",""
"1159","0","0","0","0","0","0","0","0","0","1","1","","36","08","2019","2019087929","2","40.0486","-76.3097","1153","08","0","0","0","0","0","0","0","0","2","0","1","0","11","1","0","02","2","40 02:55.102","2","00","76 18:34.837","0","0","0","0","36301","1","0","0","N","0","0","0","3","36301","0","","1","01","N","N","0","","0","0","1","0","0","N","1147","0","2","0","0","0","0","0","3","0","2","N","","","","","","","","","","","","03","  ","","",""
"1402","2","0","0","0","0","0","0","0","0","1","0","","36","08","2019","2019087933","6","40.039","-76.3108","1400","08","0","0","0","0","0","1","0","0","","0","0","0","12","1","0","00","0","40 02:20.483","","00","76 18:38.993","0","0","0","0","36301","0","0","0","N","0","0","0","2","36301","0","","1","01","N","N","0","","0","0","0","0","0","N","1246","0","2","0","0","0","0","0","3","0","2","N","","","","","","","","","","","","03","  ","","",""
"1007","2","0","0","0","0","0","0","0","0","1","0","","36","08","2019","2019087960","7","40.2007","-76.2065","1003","08","0","0","0","0","0","2","0","0","","0","0","0","10","1","1","00","0","40 12:02.691","","00","76 12:23.521","3","0","0","0","36218","0","0","0","N","0","0","0","3","36408","0","","1","01","N","N","0","","1","0","0","0","0","","1001","1","2","0","0","0","0","0","1","0","2","N","","","","","","","","","","","","03","  ","","",""
"1546","1","0","0","0","0","0","0","0","0","1","0","","36","08","2019","2019087965","3","40.0447","-76.3026","1544","08","0","0","0","0","0","2","0","0","","0","0","0","15","1","1","00","0","40 02:40.965","","00","76 18:09.187","3","0","0","0","36301","0","0","0","N","0","0","0","3","36301","0","","1","01","N","N","1","","1","0","1","3","2","N","1534","1","3","0","0","0","0","0","3","0","3","N","","","","","","","","","","","","03","  ","","",""
"1714","1","0","1","0","0","0","0","0","0","1","0","","36","08","2019","2019087966","7","40.1547","-76.6081","1711","08","0","0","1","0","0","0","0","0","2","0","0","0","17","1","3","00","2","40 09:16.983","1","00","76 36:29.099","2","0","0","0","36407","0","0","0","N","0","0","0","5","36407","2","","1","01","N","N","0","","0","1","2","0","0","Y","1710","3","3","0","0","0","0","0","2","0","3","N","","","","","","","","","","","","03","  ","","",""
"0108","3","0","0","0","0","0","0","0","0","4","0","","36","08","2019","2019088027","7","40.038","-76.3205","0104","08","0","0","0","0","0","0","0","0","2","0","0","0","00","3","0","00","1","40 02:16.816","4","00","76 19:13.684","0","0","0","0","36301","0","0","0","N","0","0","0","1","36301","0","","2","01","N","N","0","","0","0","0","0","0","N","0052","0","3","0","0","0","0","0","3","0","3","N","","","","","","","","","","","","03","  ","","",""
"1844","0","0","0","0","0","0","0","0","0","7","0","","36","08","2019","2019088081","7","39.9916","-76.2606","1841","08","0","0","0","0","0","0","0","0","3","0","0","0","18","1","1","00","2","39 59:29.628","5","00","76 15:38.144","3","0","0","0","36240","0","0","0","Y","0","0","0","1","36240","0","","4","01","N","N","0","","1","0","1","0","0","Y","1839","1","1","0","0","0","0","0","1","0","1","N","","","","","","","","","","","","03","  ","","",""
"0521","2","0","0","0","0","0","0","0","0","5","0","","36","09","2019","2019088091","1","40.0394","-76.3015","0517","08","0","0","0","0","0","0","0","0","2","0","0","0","05","3","0","00","1","40 02:21.802","1","00","76 18:05.478","0","0","0","0","36301","0","0","0","N","0","0","0","2","36301","0","","6","01","N","N","0","","0","0","0","0","0","N","0514","0","2","0","0","0","0","0","3","0","2","N","","","","","","","","","","","","03","  ","","",""
"1507","0","0","0","0","0","0","0","0","0","4","1","","36","08","2019","2019088113","5","40.2152","-76.0797","1507","08","0","0","0","0","0","1","0","1","1","0","1","0","15","1","0","02","1","40 12:54.683","3","00","76 04:46.742","0","0","0","0","36210","0","0","0","N","0","0","0","2","36210","0","","1","01","N","N","1","","0","0","0","3","3","N","1507","0","2","0","0","0","0","0","1","0","2","N","","","","","","","","","","","","03","  ","","",""
"2240","1","0","0","0","0","0","0","0","0","7","0","","36","09","2019","2019088114","1","40.0402","-76.4091","2233","08","0","0","0","0","0","0","0","0","2","0","0","0","22","3","0","00","2","40 02:24.600","5","00","76 24:32.900","0","0","0","0","36239","0","0","0","N","0","0","0","1","36239","0","","2","01","","","0","","0","0","0","0","0","Y","2233","0","1","0","0","0","0","0","3","0","1","N","","","","","","","","","","","","03","  ","","",""
"1434","2","0","0","0","0","0","0","0","0","4","0","","36","08","2019","2019088148","5","40.0415","-76.3251","1434","08","0","0","0","0","1","0","0","0","","0","0","0","14","1","1","01","0","40 02:29.319","","00","76 19:30.533","3","0","0","0","36301","0","0","0","N","0","0","0","3","36301","0","","1","01","N","N","0","","1","0","0","3","2","N","1434","1","2","0","0","0","0","0","3","0","2","N","","","","","","","","","","","","03","  ","","",""
"0747","0","0","0","0","0","0","0","0","0","7","0","","36","08","2019","2019088165","6","40.1397","-76.2109","0743","08","0","0","0","1","0","0","0","0","5","0","0","0","07","1","1","00","2","40 08:22.764","5","00","76 12:39.266","4","0","0","0","36238","0","0","0","N","0","0","0","1","36238","1","","5","01","N","N","0","","0","0","1","0","0","Y","0741","1","1","0","0","0","0","0","3","0","1","N","","","","","","","","","","","","03","  ","","",""
"1743","1","0","0","0","0","0","0","0","0","4","0","","36","08","2019","2019088166","3","40.1646","-76.1726","1739","08","0","0","0","0","0","1","0","0","1","0","0","0","17","1","0","01","1","40 09:52.621","1","00","76 10:21.503","0","0","0","0","36218","0","0","0","N","0","0","0","2","36408","0","","1","01","N","N","1","","0","0","0","3","3","N","1739","0","2","0","0","0","0","0","1","0","2","N","","","","","","","","","","","","03","  ","","",""
"0651","1","0","0","0","0","0","0","0","0","7","0","","36","08","2019","2019088173","4","40.2976","-76.1356","0640","08","0","0","0","0","0","0","0","0","2","0","0","0","06","1","1","00","1","40 17:51.534","1","00","76 08:08.091","3","0","0","0","36236","0","0","0","N","0","0","0","1","36408","0","","2","01","N","N","0","","1","0","0","0","0","N","0640","1","1","0","0","0","0","0","1","0","1","N","","","","","","","","","","","","03","  ","","",""
"1450","0","0","0","1","0","0","0","0","0","4","0","","36","08","2019","2019088355","1","40.0332","-76.3104","1442","08","0","0","0","0","0","0","0","0","","0","0","0","14","1","1","01","0","40 01:59.467","","00","76 18:37.604","3","0","0","0","36301","1","0","0","N","0","0","0","2","36301","0","","1","01","N","N","0","","1","0","1","3","3","","1440","1","2","0","0","0","0","0","3","0","1","N","","","","","","","","","","","","03","  ","","",""
"1854","1","0","0","0","0","0","0","0","0","1","0","","36","08","2019","2019088394","3","39.9886","-76.1777","1941","08","0","0","0","0","0","0","0","0","","0","0","0","18","1","1","01","0","39 59:18.913","","00","76 10:39.650","3","0","0","0","36417","0","0","0","N","0","0","0","5","36417","0","","1","01","N","N","0","","1","0","1","3","2","","1852","1","2","0","0","0","0","0","1","0","2","N","","","","","","","","","","","","03","  ","","",""
"1802","1","0","0","0","0","0","0","0","0","7","0","","36","09","2019","2019088455","2","40.1035","-76.1563","1751","08","0","0","0","0","0","0","0","0","","0","0","0","17","1","0","00","0","40 06:12.712","","00","76 09:22.598","0","0","0","0","36238","0","0","0","N","0","0","0","1","36238","0","","5","01","N","N","0","","0","0","0","0","0","N","1751","0","1","0","0","0","0","0","3","0","1","N","","","","","","","","","","","","03","  ","","",""
"1452","1","0","0","0","0","0","0","0","0","1","0","","36","08","2019","2019088542","1","40.1791","-76.6006","1449","08","0","0","0","0","0","0","0","0","","0","0","0","14","1","1","06","0","40 10:44.714","","02","76 36:02.026","3","0","0","0","36225","0","0","0","N","0","0","0","5","36505","0","","7","01","N","N","0","","1","0","1","3","4","N","1445","1","2","0","0","0","0","0","2","0","2","N","","","","","","","","","","","","03","  ","","",""
"1039","1","0","0","0","0","0","0","0","0","4","0","","36","09","2019","2019088561","2","40.1516","-76.6079","1039","08","0","0","0","0","0","1","0","0","2","0","0","0","10","1","0","01","1","40 09:05.850","1","00","76 36:28.457","0","0","0","0","36407","0","0","0","N","0","0","0","3","36407","0","","1","09","N","N","0","","0","0","1","3","3","N","1033","0","2","0","0","0","0","0","2","0","2","N","","","","","","","","","","","","03","  ","","",""
"1919","0","0","0","0","0","0","0","0","0","1","0","","36","08","2019","2019088574","6","39.9916","-76.0177","1900","08","0","0","0","0","0","1","1","0","","0","0","0","18","1","0","00","0","39 59:29.817","","00","76 01:03.591","0","0","0","0","36232","0","0","0","N","0","0","0","3","68J01","0","","1","09","N","N","1","","0","0","1","0","0","","1854","0","3","0","0","0","0","0","1","1","3","N","","","","","","","","","","","","07","  ","","",""
"1919","1","0","0","0","0","0","0","0","0","7","0","","36","08","2019","2019088616","4","40.0069","-76.0385","1918","08","0","0","0","0","0","0","0","0","2","0","0","0","19","4","1","00","1","40 00:24.993","1","00","76 02:18.691","4","0","0","0","36232","0","0","0","N","0","0","0","3","68J01","1","","4","09","N","N","0","","0","0","0","0","0","N","1916","1","1","0","0","0","0","0","1","0","1","N","","","","","","","","","","","","07","  ","","",""
"1134","2","0","0","0","0","0","0","0","0","1","0","","36","09","2019","2019088771","3","40.1289","-76.5048","1126","08","0","0","0","0","0","0","0","0","","0","0","0","11","1","2","00","0","40 07:43.976","","00","76 30:17.402","8","0","0","0","36225","0","0","0","N","0","0","0","2","36505","0","","1","01","N","N","0","","0","0","0","0","0","N","1126","2","2","0","0","0","2","0","2","0","2","N","","","","","","","","","","","","03","  ","","",""
"0740","0","0","0","0","0","0","0","0","0","1","1","","36","09","2019","2019088790","4","40.0457","-76.4209","0725","08","0","0","0","0","0","1","0","0","2","0","1","0","07","1","0","00","1","40 02:44.369","3","00","76 25:15.302","0","0","0","0","36239","0","0","0","N","0","0","0","2","36239","0","","1","01","N","N","0","","0","0","1","0","0","N","0725","0","2","0","0","0","0","0","3","0","2","N","","","","","","","","","","","","03","  ","","",""
"1440","1","0","0","0","0","0","1","0","0","1","1","","36","08","2019","2019088797","4","40.1375","-76.5832","1435","08","0","0","0","0","0","0","1","0","","0","0","0","14","1","0","01","0","40 08:14.961","","00","76 34:59.447","0","0","0","0","36225","0","0","0","N","0","0","0","2","36505","0","","1","01","Y","N","0","","0","0","0","3","2","","1425","0","2","0","0","0","0","0","2","0","2","N","","","","","","","","","","","","03","  ","","",""
"0622","1","0","0","0","0","0","0","0","0","1","0","","36","08","2019","2019088820","5","39.9748","-76.2795","0611","08","0","0","0","0","0","0","0","0","3","0","0","0","06","5","1","01","2","39 58:29.119","2","00","76 16:46.355","8","0","0","0","36228","0","0","0","N","0","0","0","2","36228","0","","1","01","N","N","1","","0","0","0","0","0","Y","0610","1","2","0","0","1","1","0","1","0","2","N","","","","","","","","","","","","03","  ","","",""
"1340","2","0","0","0","0","0","0","0","0","1","0","","36","08","2019","2019088824","4","40.1335","-76.5633","1335","08","0","0","0","0","0","2","0","0","","0","0","0","13","1","1","00","0","40 08:00.461","","00","76 33:48.038","8","0","0","0","36225","0","0","0","N","0","0","0","2","36505","0","","1","09","N","N","0","","0","0","0","3","2","N","1325","1","2","0","0","0","1","0","2","0","2","N","","","","","","","","","","","","07","  ","","",""
"1049","2","0","0","0","0","0","0","0","0","1","1","","36","09","2019","2019088921","3","40.1432","-76.5556","1045","08","0","0","0","0","0","1","0","0","3","0","1","0","10","1","2","00","2","40 08:35.612","4","00","76 33:20.145","4","0","0","0","36225","0","0","0","Y","0","0","0","7","36505","2","","1","01","N","N","0","","0","0","2","0","0","Y","1044","2","6","0","0","0","0","0","2","0","6","N","","","","","","","","","","","","03","  ","","",""
"1408","0","0","0","0","0","0","0","0","0","7","0","","36","09","2019","2019088926","4","40.1898","-76.5804","1401","08","0","0","0","0","0","0","0","0","1","0","0","0","13","1","1","00","1","40 11:23.321","6","00","76 34:49.449","8","0","0","0","36225","0","0","0","N","0","0","0","1","36505","0","","4","01","N","N","0","","0","0","1","0","0","N","1355","1","1","0","0","0","1","0","2","0","1","N","","","","","","","","","","","","03","  ","","",""
"0943","1","0","0","0","0","0","0","0","0","2","0","","36","08","2019","2019089000","1","40.0383","-76.3389","0938","08","0","0","0","0","0","0","1","0","3","0","0","0","09","1","0","00","1","40 02:18.044","3","00","76 20:19.993","0","0","0","0","36220","0","0","0","N","0","0","0","4","36101","0","","1","01","N","N","0","","0","0","1","0","0","N","0936","0","2","0","0","0","0","0","3","0","2","N","","","","","","","","","","","","03","  ","","",""
"0136","1","0","0","0","0","0","0","0","0","7","0","","36","08","2019","2019089001","6","40.1154","-76.292","0126","08","0","0","0","0","0","0","0","0","","0","0","0","01","2","1","00","0","40 06:55.470","","00","76 17:31.060","3","0","0","0","36101","0","0","0","N","0","0","0","2","36101","0","","5","09","N","N","0","","1","0","0","0","0","","0124","1","1","0","0","0","0","0","3","0","1","N","","","","","","","","","","","","07","  ","","",""
"1216","1","0","0","0","0","0","0","0","0","7","0","","36","08","2019","2019089002","3","40.0881","-76.3459","1205","08","0","0","0","0","0","1","0","0","1","0","0","0","11","1","1","02","1","40 05:17.178","1","00","76 20:45.407","3","0","0","0","36406","0","0","0","N","0","0","0","1","36101","0","","4","01","N","N","0","","1","0","0","3","3","N","1151","1","1","0","0","0","0","0","3","0","1","N","","","","","","","","","","","","03","  ","","",""
"0600","1","0","0","0","0","0","0","0","0","4","0","","36","08","2019","2019089003","4","40.0791","-76.3465","0555","08","0","0","0","0","0","1","0","0","2","0","0","0","05","3","1","02","2","40 04:44.656","6","00","76 20:47.275","4","0","0","0","36101","0","0","0","N","0","0","0","2","36101","1","","1","01","N","N","0","","0","0","1","3","3","N","0552","1","2","0","0","0","0","0","3","0","2","N","","","","","","","","","","","","03","  ","","",""
"1429","2","0","0","0","0","0","0","0","0","1","0","","36","08","2019","2019089004","4","40.0384","-76.3377","1429","08","0","0","0","0","0","1","0","0","","0","0","0","14","1","1","00","0","40 02:18.326","","00","76 20:15.871","8","0","0","0","36220","0","0","0","N","0","0","0","2","36101","0","","1","09","N","N","0","","0","0","0","0","0","","1427","1","2","0","0","1","1","0","3","0","2","N","","","","","","","","","","","","07","  ","","",""
"1804","1","0","0","0","0","0","0","0","0","1","0","","36","08","2019","2019089006","4","40.091","-76.3041","1757","08","0","0","0","0","1","0","0","0","2","0","0","0","17","1","2","00","1","40 05:27.532","2","00","76 18:14.650","4","0","0","0","36101","0","0","0","N","0","0","0","3","36101","1","","1","09","N","N","0","","0","0","1","0","0","N","1753","2","2","0","0","0","1","0","3","0","2","N","","","","","","","","","","","","07","  ","","",""
"1122","0","0","0","0","0","0","0","0","0","4","0","","36","08","2019","2019089007","5","40.0685","-76.3074","1120","08","0","0","0","0","0","0","0","0","2","0","0","0","11","1","1","01","1","40 04:06.527","3","00","76 18:26.750","3","0","0","0","36101","0","0","0","N","0","0","0","2","36101","0","","1","01","N","N","0","","1","0","2","3","2","N","1114","1","2","0","0","0","0","0","3","0","2","N","","","","","","","","","","","","03","  ","","",""
"1259","1","0","0","0","0","0","0","0","0","4","0","","36","08","2019","2019089008","5","40.1051","-76.289","1253","08","0","0","0","0","0","1","0","1","1","0","0","0","12","1","1","01","1","40 06:18.313","6","00","76 17:20.347","8","0","0","0","36101","0","0","0","N","0","0","0","3","36101","0","","1","01","N","N","1","","0","0","0","3","3","N","1252","1","2","0","0","0","1","0","3","0","2","N","","","","","","","","","","","","03","  ","","",""