"ARRIVAL_TM","AUTOMOBILE_COUNT","BELTED_DEATH_COUNT","BELTED_SUSP_SERIOUS_INJ_COUNT","BICYCLE_COUNT","BICYCLE_DEATH_COUNT","BICYCLE_SUSP_SERIOUS_INJ_COUNT","BUS_COUNT","CHLDPAS_DEATH_COUNT","CHLDPAS_SUSP_SERIOUS_INJ_COUNT","COLLISION_TYPE","COMM_VEH_COUNT","CONS_ZONE_SPD_LIM","COUNTY","CRASH_MONTH","CRASH_YEAR","CRN","DAY_OF_WEEK","DEC_LAT","DEC_LONG","DISPATCH_TM","DISTRICT","DRIVER_COUNT_16YR","DRIVER_COUNT_17YR","DRIVER_COUNT_18YR","DRIVER_COUNT_19YR","DRIVER_COUNT_20YR","DRIVER_COUNT_50_64YR","DRIVER_COUNT_65_74YR","DRIVER_COUNT_75PLUS","EST_HRS_CLOSED","FATAL_COUNT","HEAVY_TRUCK_COUNT","HORSE_BUGGY_COUNT","HOUR_OF_DAY","ILLUMINATION","INJURY_COUNT","INTERSECT_TYPE","LANE_CLOSED","LATITUDE","LN_CLOSE_DIR","LOCATION_TYPE","LONGITUDE","MAX_SEVERITY_LEVEL","MCYCLE_DEATH_COUNT","MCYCLE_SUSP_SERIOUS_INJ_COUNT","MOTORCYCLE_COUNT","MUNICIPALITY","NONMOTR_COUNT","NONMOTR_DEATH_COUNT","NONMOTR_SUSP_SERIOUS_INJ_COUNT","NTFY_HIWY_MAINT","PED_COUNT","PED_DEATH_COUNT","PED_SUSP_SERIOUS_INJ_COUNT","PERSON_COUNT","POLICE_AGCY","POSSIBLE_INJ_COUNT","RDWY_SURF_TYPE_CD","RELATION_TO_ROAD","ROAD_CONDITION","SCH_BUS_IND","SCH_ZONE_IND","SMALL_TRUCK_COUNT","SPEC_JURIS_CD","SUSP_MINOR_INJ_COUNT","SUSP_SERIOUS_INJ_COUNT","SUV_COUNT","TCD_FUNC_CD","TCD_TYPE","TFC_DETOUR_IND","TIME_OF_DAY","TOT_INJ_COUNT","TOTAL_UNITS","UNB_DEATH_COUNT","UNB_SUSP_SERIOUS_INJ_COUNT","UNBELTED_OCC_COUNT","UNK_INJ_DEG_COUNT","UNK_INJ_PER_COUNT","URBAN_RURAL","VAN_COUNT","VEHICLE_COUNT","WORK_ZONE_IND","WORK_ZONE_LOC","WORK_ZONE_TYPE","WORKERS_PRES","WZ_CLOSE_DETOUR","WZ_FLAGGER","WZ_LAW_OFFCR_IND","WZ_LN_CLOSURE","WZ_MOVING","WZ_OTHER","WZ_SHLDER_MDN","ROADWAY_CLEARED","WEATHER1","WEATHER2","WZ_WORKERS_INJ_KILLED","SECONDARY_CRASH","INTERSECTION_RELATED"
"1004","1","0","0","0","0","0","0","0","0","1","0","","36","08","2019","2019089009","6","40.0642","-76.341","0957","08","0","0","0","0","0","0","0","0","1","0","0","0","09","1","0","00","1","40 03:51.002","4","00","76 20:27.633","0","0","0","0","36101","0","0","0","N","0","0","0","3","36101","0","","1","01","N","N","0","","0","0","1","0","0","N","0954","0","3","0","0","0","0","0","3","0","2","N","","","","","","","","","","","","03","  ","","",""
"0804","1","0","0","0","0","0","0","0","0","7","0","","36","09","2019","2019089010","2","40.0679","-76.2962","0751","08","0","0","0","0","0","0","0","0","","0","0","0","07","1","0","00","0","40 04:04.541","","00","76 17:46.387","0","0","0","0","36101","0","0","0","N","0","0","0","1","36101","0","","5","09","N","N","0","","0","0","0","0","0","","0745","0","1","0","0","0","0","0","3","0","1","N","","","","","","","","","","","","07","  ","","",""
"1916","0","0","0","0","0","0","0","0","0","7","0","","36","09","2019","2019089011","2","40.068","-76.2915","1908","08","0","0","0","0","0","0","0","0","2","0","0","0","19","4","2","06","1","40 04:05.063","4","02","76 17:32.018","3","0","0","0","36101","0","0","0","N","0","0","0","2","36101","0","","7","09","N","N","1","","1","0","0","0","0","N","1907","2","1","0","0","0","1","0","3","0","1","N","","","","","","","","","","","","07","  ","","",""
"0209","1","0","0","0","0","0","0","0","0","4","0","","36","09","2019","2019089012","3","40.0606","-76.2768","0209","08","0","0","0","0","0","0","0","0","1","0","0","0","02","3","2","01","1","40 03:38.398","3","02","76 16:37.304","3","0","0","0","36101","0","0","0","N","0","0","0","2","36101","0","","1","09","N","N","1","","2","0","0","0","0","N","0207","2","2","0","0","1","0","0","3","0","2","N","","","","","","","","","","","","05","  ","","",""
"1253","0","0","0","0","0","0","0","0","0","1","1","65","36","08","2019","2019089013","3","40.0887","-76.3802","1247","08","0","0","0","0","0","1","0","1","3","0","1","0","12","1","1","00","1","40 05:19.174","3","00","76 22:48.765","3","0","0","0","36214","0","0","0","N","0","0","0","3","36214","0","","1","01","N","N","0","","1","0","1","0","0","N","1240","1","2","0","0","0","0","0","3","0","2","Y","4","1","Y","N","N","N","N","N","N","Y","","03","  ","","",""
"1350","2","0","0","0","0","0","0","0","0","1","0","","36","08","2019","2019089014","6","40.0581","-76.4017","1345","08","0","1","0","0","0","0","0","0","","0","0","0","13","1","0","00","0","40 03:29.179","","00","76 24:05.973","0","0","0","0","36214","0","0","0","N","0","0","0","3","36214","0","","1","01","N","N","0","","0","0","0","0","0","","1345","0","2","0","0","0","0","0","3","0","2","N","","","","","","","","","","","","03","  ","","",""
"1727","1","0","1","0","0","0","0","0","0","4","0","","36","08","2019","2019089015","7","40.1233","-76.3753","1717","08","0","0","0","0","0","1","1","0","1","0","0","0","17","1","2","01","1","40 07:23.702","5","00","76 22:31.147","2","0","0","0","36214","0","0","0","N","0","0","0","2","36214","0","","1","01","N","N","0","","1","1","1","0","0","Y","1715","2","2","0","0","0","0","0","3","0","2","N","","","","","","","","","","","","03","  ","","",""
"1726","0","0","0","0","0","0","0","0","0","4","0","","36","08","2019","2019089016","7","40.0534","-76.3598","1722","08","0","0","0","0","0","0","0","0","1","0","0","0","17","1","1","02","2","40 03:12.101","7","00","76 21:35.305","3","0","0","1","36214","0","0","0","N","0","0","0","7","36214","0","","1","01","N","N","0","","1","0","1","3","3","Y","1720","1","2","0","0","0","0","0","3","0","2","N","","","","","","","","","","","","03","  ","","",""
"1819","1","0","0","0","0","0","0","0","0","4","0","","36","09","2019","2019089017","2","40.0994","-76.4262","1814","08","0","0","0","0","0","0","0","0","2","0","0","0","17","1","0","02","2","40 05:57.735","5","00","76 25:34.230","0","0","0","0","36214","0","0","0","N","0","0","0","3","36214","0","","1","09","N","N","0","","0","0","0","3","3","Y","1759","0","2","0","0","0","0","0","3","1","2","N","","","","","","","","","","","","07","  ","","",""
"1520","2","0","0","0","0","0","0","0","0","2","0","","36","08","2019","2019089018","2","40.0746","-76.2371","1516","08","0","0","0","0","0","0","0","0","1","0","0","0","15","1","2","00","1","40 04:28.580","6","00","76 14:13.520","3","0","0","0","36215","0","0","0","N","0","0","0","2","36215","0","","1","01","N","N","0","","2","0","0","0","0","N","1514","2","2","0","0","1","0","0","1","0","2","N","","","","","","","","","","","","03","  ","","",""
"1952","1","0","0","0","0","0","0","0","0","4","0","","36","08","2019","2019089019","7","40.0817","-76.1157","1947","08","0","0","0","0","0","1","0","0","2","0","0","0","19","1","3","01","2","40 04:54.116","7","00","76 06:56.550","3","0","0","0","36234","0","0","0","N","0","0","0","5","36215","0","","1","01","N","N","1","","3","0","0","3","3","Y","1936","3","2","0","0","0","0","0","1","0","2","N","","","","","","","","","","","","03","  ","","",""
"1220","1","0","0","0","0","0","0","0","0","1","0","","36","08","2019","2019089020","4","40.024","-76.2006","1209","08","0","0","0","0","0","0","0","0","","0","0","0","12","1","1","00","0","40 01:26.346","","00","76 12:02.222","3","0","0","0","36215","0","0","0","N","0","0","0","6","36215","0","","1","01","N","N","0","","1","0","1","0","0","","1206","1","2","0","0","1","0","0","1","0","2","N","","","","","","","","","","","","03","  ","","",""
"2017","1","0","0","0","0","0","0","0","0","1","0","","36","08","2019","2019089021","3","40.0177","-76.1687","2007","08","0","0","0","0","0","1","0","0","","0","0","0","20","4","1","00","0","40 01:03.684","","00","76 10:07.267","3","0","0","0","36215","0","0","0","N","0","0","0","2","36215","0","","1","01","N","N","0","","1","0","0","0","0","","2004","1","2","0","0","0","0","1","1","0","2","N","","","","","","","","","","","","03","  ","","",""
"1713","1","0","0","0","0","0","0","0","0","4","0","","36","08","2019","2019089022","4","40.0395","-76.208","1711","08","0","0","0","0","0","0","0","0","1","0","0","0","17","1","0","00","1","40 02:22.308","3","07","76 12:28.661","0","0","0","0","36215","0","0","0","N","0","0","0","2","36215","0","","2","09","N","N","1","","0","0","0","0","0","N","1708","0","2","0","0","0","0","0","1","0","2","N","","","","","","","","","","","","07","  ","","",""
"0719","1","0","0","0","0","0","0","0","0","1","0","","36","08","2019","2019089023","6","40.0399","-76.2251","0717","08","0","0","0","0","0","0","0","0","2","0","0","0","07","1","0","00","2","40 02:23.699","3","00","76 13:30.220","0","0","0","0","36215","0","0","0","N","0","0","0","2","36215","0","","1","01","N","N","0","","0","0","1","0","0","N","0716","0","2","0","0","0","0","0","1","0","2","N","","","","","","","","","","","","03","  ","","",""
"1724","1","0","0","0","0","0","0","0","0","4","0","","36","09","2019","2019089024","1","40.0187","-76.1739","1719","08","0","0","0","0","0","0","0","1","2","0","0","0","16","1","0","01","1","40 01:07.422","4","00","76 10:26.132","0","0","0","0","36215","0","0","0","N","0","0","0","2","36215","0","","1","01","N","N","0","","0","0","1","3","3","N","1651","0","2","0","0","0","0","0","1","0","2","N","","","","","","","","","","","","03","  ","","",""
"0554","0","0","0","0","0","0","0","0","0","7","0","","36","09","2019","2019089025","3","40.0675","-76.2009","0550","08","0","0","0","0","0","0","0","0","1","0","0","0","05","2","1","00","2","40 04:02.862","6","00","76 12:03.115","4","0","0","0","36234","0","0","0","N","0","0","0","1","36215","1","","4","01","N","N","0","","0","0","1","0","0","Y","0545","1","1","0","0","0","0","0","1","0","1","N","","","","","","","","","","","","05","  ","","",""
"0833","0","0","0","0","0","0","0","0","0","1","1","","36","09","2019","2019089026","3","40.0913","-76.1654","0829","08","0","0","0","0","0","0","2","0","1","0","1","0","08","1","1","00","1","40 05:28.664","4","00","76 09:55.526","4","0","0","0","36234","0","0","0","N","0","0","0","3","36215","1","","1","01","N","N","2","","0","0","0","0","0","N","0827","1","3","0","0","0","0","0","1","0","3","N","","","","","","","","","","","","03","  ","","",""
"1550","0","0","0","0","0","0","0","0","0","7","0","","36","09","2019","2019089027","2","40.1583","-76.3074","1550","08","0","0","0","0","0","0","0","0","","0","0","0","15","1","0","00","0","40 09:29.896","","00","76 18:26.643","0","0","0","0","36409","0","0","0","N","0","0","0","1","36409","0","","5","01","N","N","0","","0","0","1","0","0","","1545","0","1","0","0","0","0","0","3","0","1","N","","","","","","","","","","","","03","  ","","",""
"0606","2","0","0","0","0","0","0","0","0","4","0","","36","08","2019","2019089028","6","40.1265","-76.3051","0606","08","0","0","0","0","1","0","0","0","","0","0","0","06","2","0","01","0","40 07:35.283","","00","76 18:18.315","0","0","0","0","36235","0","0","0","N","0","0","0","2","36506","0","","1","01","N","N","0","","0","0","0","3","2","","0606","0","2","0","0","0","0","0","1","0","2","N","","","","","","","","","","","","03","  ","","",""
"0059","0","0","0","0","0","0","0","0","0","1","0","","36","09","2019","2019089148","2","40.1553","-76.2958","0058","08","0","0","0","0","0","0","0","0","","0","0","0","00","6","0","00","0","40 09:19.041","","00","76 17:44.959","0","0","0","0","36409","0","0","0","N","0","0","0","1","36409","0","","1","01","N","N","0","","0","0","0","0","0","N","0057","0","2","0","0","0","0","0","3","1","2","N","","","","","","","","","","","","03","  ","","",""
"0241","3","0","0","0","0","0","0","0","0","1","0","","36","09","2019","2019089260","1","40.0293","-76.3193","0236","08","0","0","0","0","0","0","0","0","3","0","0","0","02","3","0","00","1","40 01:45.500","3","00","76 19:09.600","0","0","0","0","36301","0","0","0","N","0","0","0","1","36301","0","","6","01","N","N","0","","0","0","0","0","0","N","0233","0","3","0","0","0","0","0","3","0","3","N","","","","","","","","","","","","03","  ","","",""
"1925","1","0","0","0","0","0","0","0","0","4","0","","36","09","2019","2019089267","4","40.035","-76.3185","1922","08","0","0","0","0","0","0","0","0","3","0","0","0","19","1","1","00","2","40 02:06.157","2","00","76 19:06.562","3","0","0","0","36301","0","0","0","N","0","0","0","2","36301","0","","1","01","N","N","0","","1","0","0","0","0","Y","1922","1","2","0","0","0","0","0","3","1","2","N","","","","","","","","","","","","03","  ","","",""
"0216","1","0","0","0","0","0","0","0","0","7","0","","36","08","2019","2019089280","1","40.2273","-76.0898","0213","08","0","0","0","0","0","0","0","0","2","0","0","0","02","3","1","00","1","40 13:38.252","1","00","76 05:23.396","3","0","0","0","36210","0","0","0","N","0","0","0","1","36210","0","","4","01","N","N","0","","1","0","0","0","0","N","0213","1","1","0","0","0","0","0","1","0","1","N","","","","","","","","","","","","03","  ","","",""
"1501","1","0","0","0","0","0","0","0","0","7","0","","36","08","2019","2019089281","5","40.2602","-76.0867","1450","08","0","0","0","0","0","0","0","0","","0","0","0","14","1","1","00","0","40 15:36.589","","00","76 05:12.063","2","0","0","0","36210","0","0","0","N","0","0","0","1","36210","0","","5","01","N","N","0","","0","1","0","0","0","","1450","1","1","0","1","1","0","0","1","0","1","N","","","","","","","","","","","","03","  ","","",""
"0043","0","0","0","0","0","0","0","0","0","7","0","","36","09","2019","2019089282","5","40.0017","-76.2106","0034","08","0","0","0","0","0","0","0","0","3","0","0","0","00","2","0","00","2","40 00:06.100","4","00","76 12:38.000","0","0","0","0","36240","0","0","0","N","0","0","0","1","36240","0","","4","01","N","N","0","","0","0","1","3","3","N","0033","0","1","0","0","0","0","0","1","0","1","N","","","","","","","","","","","","03","  ","","",""
"1122","2","0","0","0","0","0","0","0","0","4","0","","36","08","2019","2019089309","6","40.0424","-76.2938","1120","08","0","0","0","0","0","0","1","0","2","0","0","0","11","1","0","01","1","40 02:32.780","3","00","76 17:37.618","0","0","0","0","36301","0","0","0","N","0","0","0","2","36301","0","","1","01","N","N","0","","0","0","0","3","3","Y","1122","0","2","0","0","0","0","0","3","0","2","N","","","","","","","","","","","","03","  ","","",""
"0810","0","0","0","0","0","0","0","0","0","0","0","","36","09","2019","2019089341","5","40.1464","-76.6188","0803","08","0","0","0","0","0","0","0","0","1","0","1","0","08","1","0","00","1","40 08:46.984","2","00","76 37:07.672","0","0","0","0","36407","0","0","0","N","0","0","0","1","36407","0","","1","01","N","N","0","","0","0","0","0","0","N","0803","0","1","0","0","0","0","0","2","0","1","N","","","","","","","","","","","","03","  ","","",""
"1342","1","0","0","0","0","0","0","0","0","1","0","","36","08","2019","2019089358","7","40.1309","-76.5628","1342","08","0","0","0","0","0","1","1","0","","0","0","0","13","1","1","00","0","40 07:51.290","","00","76 33:46.011","3","0","0","0","36225","0","0","0","N","0","0","0","3","36505","0","","1","01","N","N","0","","1","0","1","0","0","N","1340","1","2","0","0","0","0","0","2","0","2","N","","","","","","","","","","","","03","  ","","",""
"0842","0","0","0","0","0","0","0","0","0","7","0","","36","09","2019","2019089359","4","40.2369","-76.0575","0840","08","0","0","0","0","0","0","0","0","3","0","0","0","08","1","0","00","1","40 14:12.999","1","00","76 03:26.967","0","0","0","0","36401","0","0","0","N","0","0","0","1","36408","0","","4","01","N","N","0","","0","0","0","0","0","N","0839","0","1","0","0","0","0","0","1","1","1","N","","","","","","","","","","","","03","  ","","",""
"1451","2","0","0","0","0","0","0","0","0","4","0","","36","08","2019","2019089361","3","40.1253","-76.2143","1448","08","0","0","0","0","0","2","0","0","2","0","0","0","14","1","1","01","1","40 07:31.012","1","00","76 12:51.319","3","0","0","0","36238","0","0","0","N","0","0","0","3","36238","0","","1","01","N","N","0","","1","0","0","3","2","N","1445","1","2","0","0","0","0","0","3","0","2","N","","","","","","","","","","","","03","  ","","",""
"1738","0","0","0","0","0","0","0","0","0","1","0","55","36","08","2019","2019089450","7","40.1464","-76.1862","1730","08","0","0","0","0","0","1","0","0","2","0","0","0","17","1","1","00","1","40 08:47.122","2","00","76 11:10.458","3","0","0","0","36238","0","0","0","N","0","0","0","3","36238","0","","1","01","N","N","0","","1","0","2","0","0","N","1725","1","2","0","0","0","0","0","3","0","2","Y","2","1","N","","","U","Y","","Y","","","03","  ","","",""
"1300","2","0","0","0","0","0","0","0","0","1","0","","36","09","2019","2019089494","1","40.0525","-76.3951","1251","08","0","0","0","0","0","0","0","1","","0","0","0","12","1","0","06","0","40 03:08.856","","02","76 23:42.277","0","0","0","0","36214","0","0","0","N","0","0","0","2","36214","0","","1","01","N","N","0","","0","0","0","0","0","","1249","0","2","0","0","0","0","0","3","0","2","N","","","","","","","","","","","","03","  ","","",""
"0640","1","0","0","0","0","0","0","0","0","7","0","","36","09","2019","2019089495","5","40.0623","-76.3433","0637","08","0","0","0","0","0","0","0","0","","0","0","0","06","1","0","00","0","40 03:44.180","","00","76 20:35.802","0","0","0","0","36214","0","0","0","N","0","0","0","1","36214","0","","1","01","N","N","0","","0","0","0","0","0","","0637","0","1","0","0","0","0","0","3","0","1","N","","","","","","","","","","","","03","  ","","",""
"1130","1","0","0","0","0","0","0","0","0","1","0","","36","08","2019","2019089496","5","40.0872","-76.1904","1130","08","0","0","0","0","0","0","1","0","","0","0","0","11","1","1","02","0","40 05:14.005","","00","76 11:25.420","3","0","0","0","36234","0","0","0","N","0","0","0","2","36215","0","","1","01","N","N","0","","1","0","1","3","2","","1130","1","2","0","0","0","0","0","1","0","2","N","","","","","","","","","","","","03","  ","","",""
"1526","0","0","0","0","0","0","0","0","0","1","0","","36","08","2019","2019089497","2","40.0416","-76.2463","1521","08","0","0","0","0","0","0","0","0","1","0","0","0","15","1","3","07","1","40 02:32.934","3","02","76 14:48.283","3","0","0","0","36215","0","0","0","N","0","0","0","6","36215","1","","1","01","N","N","1","","2","0","1","0","0","N","1521","3","2","0","0","0","0","0","1","0","2","N","","","","","","","","","","","","03","  ","","",""
"1635","0","0","0","0","0","0","0","0","0","7","0","","36","08","2019","2019089498","6","40.0355","-76.3133","1631","08","0","0","0","0","0","0","0","0","2","0","0","0","16","1","1","00","2","40 02:07.740","3","00","76 18:47.750","8","0","0","0","36301","0","0","0","N","0","0","0","2","36301","0","","4","01","N","N","1","","0","0","0","0","0","Y","1631","1","1","0","0","1","1","0","3","0","1","N","","","","","","","","","","","","03","  ","","",""
"2059","1","0","0","0","0","0","0","0","0","7","0","","36","09","2019","2019089499","1","40.1712","-76.3882","2055","08","0","0","0","0","0","1","0","0","","0","0","0","20","2","0","02","0","40 10:16.201","","00","76 23:17.584","0","0","0","0","36227","0","0","0","N","0","0","0","1","36506","0","","2","01","N","N","0","","0","0","0","3","3","","2055","0","1","0","0","0","0","0","1","0","1","N","","","","","","","","","","","","03","  ","","",""
"1434","2","0","0","0","0","0","0","0","0","2","0","","36","09","2019","2019089500","3","40.2186","-76.2557","1433","08","0","0","1","0","0","0","1","0","1","0","0","0","14","1","0","02","1","40 13:06.981","6","00","76 15:20.431","0","0","0","0","36204","0","0","0","N","0","0","0","2","36506","0","","1","01","N","N","0","","0","0","0","3","3","N","1433","0","2","0","0","0","0","0","1","0","2","N","","","","","","","","","","","","03","  ","","",""
"0453","1","0","0","0","0","0","0","0","0","4","0","","36","09","2019","2019089520","5","40.0619","-76.4988","0445","08","0","0","0","0","0","0","0","1","1","0","0","0","04","2","0","01","1","40 03:42.752","6","00","76 29:55.590","0","0","0","0","36239","0","0","0","N","0","0","0","2","36239","0","","1","01","N","N","1","","0","0","0","3","3","N","0445","0","2","0","0","0","0","0","3","0","2","N","","","","","","","","","","","","03","  ","","",""
"1809","0","0","0","0","0","0","0","0","0","7","0","","36","09","2019","2019089656","5","40.2396","-76.1442","1806","08","0","0","0","0","0","0","0","0","","0","0","0","18","1","0","00","0","40 14:22.729","","00","76 08:38.956","0","0","0","1","36236","0","0","0","N","0","0","0","1","36408","0","","4","01","N","N","0","","0","0","0","0","0","","1804","0","1","0","0","0","0","0","1","0","1","N","","","","","","","","","","","","03","  ","","",""
"2152","1","0","0","0","0","0","0","0","0","1","0","","36","09","2019","2019089666","5","40.1657","-76.1508","2150","08","0","0","0","0","0","0","0","0","","0","0","0","21","2","0","06","0","40 09:56.580","","02","76 09:02.742","9","0","0","0","36218","0","0","0","N","0","0","0","2","36408","0","","1","01","N","N","0","","0","0","0","0","0","","2145","0","2","0","0","0","0","1","1","0","2","N","","","","","","","","","","","","03","  ","","",""
"0307","1","0","0","0","0","0","0","0","0","7","0","","36","09","2019","2019089682","6","40.1516","-76.572","0303","08","0","0","0","0","0","0","0","0","","0","0","0","03","2","0","00","0","40 09:05.802","","00","76 34:19.060","0","0","0","0","36225","0","0","0","N","0","0","0","1","36505","0","","4","01","N","N","0","","0","0","0","0","0","","0300","0","1","0","0","0","0","0","2","0","1","N","","","","","","","","","","","","03","  ","","",""
"1956","1","0","0","1","0","0","0","0","0","4","0","","36","09","2019","2019089713","4","40.106","-76.3518","1947","08","0","0","0","0","0","0","1","0","1","0","0","0","19","4","1","02","1","40 06:21.682","6","07","76 21:06.393","8","0","0","0","36406","1","0","0","N","0","0","0","2","36101","0","","1","01","N","N","0","","0","0","0","0","0","N","1945","1","2","0","0","0","1","0","3","0","1","N","","","","","","","","","","","","03","  ","","",""
"2208","0","0","0","0","0","0","0","0","0","8","0","","36","09","2019","2019089714","5","40.0397","-76.2835","2207","08","0","0","0","0","0","1","0","0","1","0","0","0","22","3","1","03","1","40 02:22.759","3","00","76 17:00.695","8","0","0","0","36220","1","0","0","N","1","0","0","2","36101","0","","1","01","N","N","0","","0","0","1","3","2","N","2207","1","2","0","0","0","1","0","3","0","1","N","","","","","","","","","","","","03","  ","","",""
"1957","2","0","0","0","0","0","0","0","0","1","0","","36","08","2019","2019089715","7","40.0936","-76.3506","1950","08","0","0","0","0","0","2","0","0","","0","0","0","19","4","3","01","0","40 05:36.809","","00","76 21:02.125","3","0","0","0","36214","0","0","0","N","0","0","0","6","36214","0","","1","01","N","N","0","","3","0","0","3","2","","1947","3","2","0","0","0","0","0","3","0","2","N","","","","","","","","","","","","03","  ","","",""
"1812","1","0","0","0","0","0","0","0","0","7","0","","36","09","2019","2019089716","5","40.1002","-76.4151","1807","08","0","0","0","0","0","1","0","0","2","0","0","0","18","4","1","00","1","40 06:00.784","4","00","76 24:54.538","4","0","0","0","36214","0","0","0","N","0","0","0","1","36214","1","","4","01","N","N","0","","0","0","0","0","0","N","1806","1","1","0","0","0","0","0","3","0","1","N","","","","","","","","","","","","03","  ","","",""
"1415","1","0","0","0","0","0","0","0","0","7","0","","36","08","2019","2019089717","7","40.146","-76.2819","1357","08","0","0","0","0","0","0","0","0","2","0","0","0","13","1","0","00","1","40 08:45.700","5","00","76 16:54.700","0","0","0","0","36235","0","0","0","N","0","0","0","2","36506","0","","4","09","N","N","1","","0","0","0","0","0","N","1357","0","2","0","0","0","0","0","1","0","2","N","","","","","","","","","","","","03","  ","","",""
"1638","3","0","0","0","0","0","0","0","0","1","0","","36","09","2019","2019089864","3","40.0432","-76.3911","1631","08","0","0","0","0","0","0","1","0","2","0","0","0","16","1","2","00","1","40 02:35.660","2","00","76 23:27.800","4","0","0","0","36214","0","0","0","N","0","0","0","3","36214","2","","1","01","N","N","0","","0","0","0","0","0","N","1627","2","3","0","0","0","0","0","3","0","3","N","","","","","","","","","","","","03","  ","","",""
"1705","2","0","0","0","0","0","0","0","0","4","0","","36","09","2019","2019089865","3","40.1233","-76.3753","1637","08","1","0","0","0","1","0","0","0","","0","0","0","16","1","0","01","0","40 07:23.702","","00","76 22:31.147","0","0","0","0","36214","0","0","0","N","0","0","0","3","36214","0","","1","01","N","N","0","","0","0","0","3","3","","1635","0","2","0","0","0","0","0","3","0","2","N","","","","","","","","","","","","03","  ","","",""
"1000","0","0","0","0","0","0","0","0","0","7","0","","36","09","2019","2019089866","6","40.0875","-76.3891","0955","08","0","0","0","0","1","0","0","0","2","0","0","0","09","1","0","00","1","40 05:14.820","3","03","76 23:20.800","0","0","0","0","36214","0","0","0","N","0","0","0","1","36214","0","","2","01","N","N","1","","0","0","0","0","0","N","0946","0","1","0","0","0","0","0","3","0","1","N","","","","","","","","","","","","03","  ","","",""
"0611","1","0","0","0","0","0","0","0","0","4","0","","36","09","2019","2019089867","3","40.0566","-76.215","0607","08","0","0","0","0","0","0","0","0","1","0","0","0","06","5","1","01","2","40 03:23.868","1","00","76 12:53.887","4","0","0","0","36215","0","0","0","N","0","0","0","2","36215","1","","1","01","N","N","1","","0","0","0","3","2","N","0606","1","2","0","0","0","0","1","1","0","2","N","","","","","","","","","","","","03","  ","","",""
"1623","1","0","0","0","0","0","0","0","0","1","0","","36","09","2019","2019089868","3","40.0483","-76.2559","1616","08","0","0","0","0","0","1","0","0","1","0","0","0","16","1","1","07","1","40 02:54.012","1","08","76 15:21.250","4","0","0","0","36215","0","0","0","N","0","0","0","2","36215","1","","1","01","N","N","0","","0","0","1","0","0","N","1613","1","2","0","0","0","0","0","1","0","2","N","","","","","","","","","","","","03","  ","","",""
"0157","1","0","0","0","0","0","0","0","0","7","0","","36","09","2019","2019089884","1","40.1257","-76.5568","0153","08","0","0","0","0","0","0","0","0","","0","0","0","01","3","0","00","0","40 07:32.394","","00","76 33:24.303","0","0","0","0","36237","0","0","0","N","0","0","0","1","36505","0","","4","01","N","N","0","","0","0","0","0","0","","0152","0","1","0","0","0","0","0","1","0","1","N","","","","","","","","","","","","03","  ","","",""
"1200","1","0","0","0","0","0","0","0","0","7","0","","36","08","2019","2019089896","7","39.8461","-76.1072","1122","08","0","0","0","0","0","0","0","0","","0","0","0","11","1","0","00","0","39 50:46.090","","00","76 06:26.060","0","0","0","0","36205","0","0","0","N","0","0","0","1","68J01","0","","4","01","N","N","0","","0","0","0","0","0","","1117","0","1","0","0","0","0","0","1","0","1","N","","","","","","","","","","","","03","  ","","",""
"1028","0","0","0","0","0","0","0","0","0","4","0","","36","08","2019","2019089900","2","40.0393","-76.134","1021","08","0","0","0","0","0","1","1","0","2","0","0","0","10","1","1","02","1","40 02:21.510","4","00","76 08:02.410","3","0","0","0","36221","0","0","0","N","0","0","0","3","68J01","0","","1","01","N","N","0","","1","0","1","3","3","N","1011","1","2","0","0","0","0","0","1","1","2","N","","","","","","","","","","","","03","  ","","",""
"0439","2","0","0","0","0","0","0","0","0","5","0","","36","09","2019","2019089941","1","40.0374","-76.3111","0431","08","0","0","0","0","0","0","0","0","","0","0","0","04","3","0","00","0","40 02:14.562","","00","76 18:39.995","9","0","0","0","36301","0","0","0","N","0","0","0","1","36301","0","","6","01","N","N","0","","0","0","0","0","0","N","0417","0","2","0","0","0","0","1","3","0","2","N","","","","","","","","","","","","03","  ","","",""
"1735","4","0","0","0","0","0","0","0","0","5","0","","36","09","2019","2019090047","3","40.0274","-76.3152","1732","08","0","0","0","0","0","1","0","0","1","0","0","0","17","1","0","01","1","40 01:38.794","2","00","76 18:54.795","0","0","0","0","36301","0","0","0","N","0","0","0","1","36301","0","","4","01","N","N","0","","0","0","0","3","3","N","1730","0","4","0","0","0","0","0","3","0","4","N","","","","","","","","","","","","03","  ","","",""
"0813","1","0","0","0","0","0","0","0","0","0","0","","36","09","2019","2019090057","7","40.0735","-76.4607","0809","08","0","0","0","0","0","0","0","0","","0","0","0","08","1","0","02","0","40 04:24.753","","00","76 27:38.505","0","0","0","0","36239","0","0","0","N","0","0","0","1","36239","0","","1","01","N","N","0","","0","0","0","0","0","","0809","0","1","0","0","0","0","0","3","0","1","N","","","","","","","","","","","","03","  ","","",""
"1553","1","0","0","0","0","0","0","0","0","5","0","","36","08","2019","2019090085","2","40.1308","-76.2205","1544","08","0","0","0","0","0","0","0","0","","0","0","0","15","1","0","00","0","40 07:50.857","","00","76 13:13.788","0","0","0","0","36238","0","0","0","N","0","0","0","1","36238","0","","1","01","N","N","1","","0","0","0","0","0","N","1544","0","2","0","0","0","0","0","3","0","2","N","","","","","","","","","","","","03","  ","","",""