"ARRIVAL_TM","AUTOMOBILE_COUNT","BELTED_DEATH_COUNT","BELTED_SUSP_SERIOUS_INJ_COUNT","BICYCLE_COUNT","BICYCLE_DEATH_COUNT","BICYCLE_SUSP_SERIOUS_INJ_COUNT","BUS_COUNT","CHLDPAS_DEATH_COUNT","CHLDPAS_SUSP_SERIOUS_INJ_COUNT","COLLISION_TYPE","COMM_VEH_COUNT","CONS_ZONE_SPD_LIM","COUNTY","CRASH_MONTH","CRASH_YEAR","CRN","DAY_OF_WEEK","DEC_LAT","DEC_LONG","DISPATCH_TM","DISTRICT","DRIVER_COUNT_16YR","DRIVER_COUNT_17YR","DRIVER_COUNT_18YR","DRIVER_COUNT_19YR","DRIVER_COUNT_20YR","DRIVER_COUNT_50_64YR","DRIVER_COUNT_65_74YR","DRIVER_COUNT_75PLUS","EST_HRS_CLOSED","FATAL_COUNT","HEAVY_TRUCK_COUNT","HORSE_BUGGY_COUNT","HOUR_OF_DAY","ILLUMINATION","INJURY_COUNT","INTERSECT_TYPE","LANE_CLOSED","LATITUDE","LN_CLOSE_DIR","LOCATION_TYPE","LONGITUDE","MAX_SEVERITY_LEVEL","MCYCLE_DEATH_COUNT","MCYCLE_SUSP_SERIOUS_INJ_COUNT","MOTORCYCLE_COUNT","MUNICIPALITY","NONMOTR_COUNT","NONMOTR_DEATH_COUNT","NONMOTR_SUSP_SERIOUS_INJ_COUNT","NTFY_HIWY_MAINT","PED_COUNT","PED_DEATH_COUNT","PED_SUSP_SERIOUS_INJ_COUNT","PERSON_COUNT","POLICE_AGCY","POSSIBLE_INJ_COUNT","RDWY_SURF_TYPE_CD","RELATION_TO_ROAD","ROAD_CONDITION","SCH_BUS_IND","SCH_ZONE_IND","SMALL_TRUCK_COUNT","SPEC_JURIS_CD","SUSP_MINOR_INJ_COUNT","SUSP_SERIOUS_INJ_COUNT","SUV_COUNT","TCD_FUNC_CD","TCD_TYPE","TFC_DETOUR_IND","TIME_OF_DAY","TOT_INJ_COUNT","TOTAL_UNITS","UNB_DEATH_COUNT","UNB_SUSP_SERIOUS_INJ_COUNT","UNBELTED_OCC_COUNT","UNK_INJ_DEG_COUNT","UNK_INJ_PER_COUNT","URBAN_RURAL","VAN_COUNT","VEHICLE_COUNT","WORK_ZONE_IND","WORK_ZONE_LOC","WORK_ZONE_TYPE","WORKERS_PRES","WZ_CLOSE_DETOUR","WZ_FLAGGER","WZ_LAW_OFFCR_IND","WZ_LN_CLOSURE","WZ_MOVING","WZ_OTHER","WZ_SHLDER_MDN","ROADWAY_CLEARED","WEATHER1","WEATHER2","WZ_WORKERS_INJ_KILLED","SECONDARY_CRASH","INTERSECTION_RELATED"
"1538","2","0","0","0","0","0","0","0","0","1","0","","36","09","2019","2019091831","3","40.2165","-76.2489","1537","08","0","0","0","0","0","0","0","0","","0","0","0","15","1","0","00","0","40 12:59.300","","00","76 14:56.041","0","0","0","0","36204","0","0","0","N","0","0","0","2","36506","0","","1","01","N","N","0","","0","0","0","0","0","","1536","0","2","0","0","0","0","0","1","0","2","N","","","","","","","","","","","","03","  ","","",""
"1107","2","0","0","0","0","0","0","0","0","1","0","","36","09","2019","2019091832","5","40.1587","-76.2302","1106","08","0","0","0","0","0","0","0","1","","0","0","0","11","1","1","00","0","40 09:31.436","","00","76 13:48.629","8","0","0","0","36235","0","0","0","N","0","0","0","2","36506","0","","1","01","N","N","0","","0","0","0","3","1","","1106","1","2","0","0","0","1","0","1","0","2","N","","","","","","","","","","","","03","  ","","",""
"2020","1","0","0","0","0","0","0","0","0","4","0","","36","09","2019","2019091938","4","40.1761","-76.2249","2018","08","0","0","0","0","0","0","0","1","","0","0","0","20","2","0","01","0","40 10:34.041","","00","76 13:29.758","0","0","0","0","36218","0","0","0","N","0","0","0","3","36408","0","","1","01","N","N","0","","0","0","1","3","3","N","2015","0","2","0","0","1","0","0","1","0","2","N","","","","","","","","","","","","03","  ","","",""
"2251","2","0","0","0","0","0","0","0","0","1","0","","36","09","2019","2019091942","1","40.0477","-76.3095","2249","08","0","0","0","0","0","0","0","0","2","0","0","0","22","3","0","00","1","40 02:51.689","2","00","76 18:34.229","0","0","0","0","36301","0","0","0","N","0","0","0","1","36301","0","","2","01","N","N","0","","0","0","1","0","0","N","2248","0","3","0","0","0","0","0","3","0","3","N","","","","","","","","","","","","03","  ","","",""
"1257","2","0","0","0","0","0","0","0","0","4","0","","36","09","2019","2019091972","3","40.0443","-76.3069","","08","0","0","0","0","0","0","0","0","","0","0","0","12","1","0","01","0","40 02:39.393","","00","76 18:24.795","0","0","0","0","36301","0","0","0","N","0","0","0","2","36301","0","","1","01","N","N","0","","0","0","0","3","2","N","1257","0","2","0","0","0","0","0","3","0","2","N","","","","","","","","","","","","03","  ","","",""
"0615","1","0","0","0","0","0","0","0","0","4","1","","36","09","2019","2019092001","6","39.9983","-76.2436","0611","08","0","0","0","0","0","0","0","0","2","0","0","0","06","2","0","00","1","39 59:53.725","1","00","76 14:36.949","0","0","0","0","36240","0","0","0","N","0","0","0","2","36240","0","","1","01","N","N","1","","0","0","0","0","0","N","0605","0","2","0","0","0","0","0","1","0","2","N","","","","","","","","","","","","03","  ","","",""
"0848","0","0","0","0","0","0","0","0","0","7","0","","36","09","2019","2019092005","3","40.1592","-76.6288","0825","08","0","0","0","0","0","0","0","0","","0","0","0","08","1","0","00","0","40 09:33.192","","00","76 37:43.708","0","0","0","0","36237","0","0","0","N","0","0","0","1","36505","0","","4","01","N","N","0","","0","0","1","0","0","N","0820","0","1","0","0","0","0","0","1","0","1","N","","","","","","","","","","","","03","  ","","",""
"1115","1","0","0","0","0","0","0","0","0","4","0","","36","09","2019","2019092022","4","40.0345","-76.3079","1108","08","0","0","0","0","0","0","0","0","2","0","0","0","11","1","1","02","2","40 02:04.189","7","00","76 18:28.439","4","0","0","0","36301","0","0","0","N","0","0","0","4","36301","1","","1","01","N","N","0","","0","0","1","3","3","Y","1107","1","2","0","0","0","0","0","3","0","2","N","","","","","","","","","","","","03","  ","","",""
"1006","1","0","0","0","0","0","0","0","0","7","0","","36","09","2019","2019092107","1","40.083","-76.2909","1004","08","0","1","0","0","0","0","0","0","","0","0","0","10","1","0","00","0","40 04:58.838","","07","76 17:27.069","0","0","0","0","36101","0","0","0","N","0","0","0","4","36101","0","","2","01","N","N","0","","0","0","0","0","0","","1001","0","1","0","0","0","0","0","3","0","1","N","","","","","","","","","","","","03","  ","","",""
"0657","0","0","0","0","0","0","0","0","0","7","0","","36","09","2019","2019092108","5","40.0552","-76.2788","0651","08","0","1","0","0","0","0","0","0","3","0","0","0","06","1","0","00","2","40 03:18.580","6","00","76 16:43.640","0","0","0","0","36101","0","0","0","N","0","0","0","1","36101","0","","5","09","N","N","1","","0","0","0","0","0","U","0648","0","1","0","0","0","0","0","3","0","1","N","","","","","","","","","","","","03","  ","","",""
"0654","2","0","0","0","0","0","0","0","0","1","0","","36","09","2019","2019092109","5","40.0691","-76.3569","0646","08","0","0","0","0","0","2","0","0","","0","0","0","06","5","1","01","0","40 04:08.816","","00","76 21:24.786","3","0","0","0","36214","0","0","0","N","0","0","0","2","36214","0","","1","01","N","N","0","","1","0","0","3","2","","0642","1","2","0","0","0","0","0","3","0","2","N","","","","","","","","","","","","03","  ","","",""
"0536","0","0","0","0","0","0","0","0","0","7","0","","36","08","2019","2019092110","3","40.0787","-76.1029","0533","08","0","0","0","0","0","0","0","0","1","0","0","0","05","2","1","00","1","40 04:43.200","2","00","76 06:10.500","3","0","0","0","36209","0","0","0","N","0","0","0","1","36415","0","","4","01","N","N","0","","1","0","1","3","3","Y","0528","1","1","0","0","0","0","0","1","0","1","N","","","","","","","","","","","","03","  ","","",""
"0750","2","0","0","0","0","0","0","0","0","4","0","","36","08","2019","2019092111","3","40.133","-76.1129","0742","08","0","0","0","0","0","1","0","0","1","0","0","0","07","1","1","01","1","40 07:58.926","1","00","76 06:46.330","8","0","0","0","36209","0","0","0","N","0","0","0","2","36415","0","","1","01","N","N","0","","0","0","0","3","3","Y","0740","1","2","0","0","0","1","0","1","0","2","N","","","","","","","","","","","","03","  ","","",""
"1825","2","0","0","0","0","0","0","0","0","1","0","","36","08","2019","2019092112","5","40.1271","-76.0733","1821","08","0","0","0","0","0","0","0","0","2","0","0","0","18","1","2","02","2","40 07:37.575","6","00","76 04:24.021","3","0","0","0","36209","0","0","0","N","0","0","0","3","36415","0","","1","01","N","N","0","","2","0","0","0","0","N","1818","2","2","0","0","0","0","0","1","0","2","N","","","","","","","","","","","","03","  ","","",""
"1719","3","0","0","0","0","0","0","0","0","1","0","","36","09","2019","2019092113","4","40.0916","-76.1295","1710","08","1","0","0","0","0","1","0","1","","0","0","0","17","1","1","02","0","40 05:29.605","","00","76 07:46.311","3","0","0","0","36209","0","0","0","N","0","0","0","4","36415","0","","1","01","N","N","0","","1","0","1","3","3","","1709","1","4","0","0","0","0","0","1","0","4","N","","","","","","","","","","","","03","  ","","",""
"1235","0","0","0","0","0","0","0","0","0","4","0","","36","09","2019","2019092114","1","40.0916","-76.1295","1231","08","0","0","0","0","0","0","0","0","2","0","0","0","12","1","4","02","2","40 05:29.605","6","00","76 07:46.311","3","0","0","0","36209","0","0","0","N","0","0","0","5","36415","0","","1","01","N","N","0","","4","0","2","3","3","Y","1230","4","2","0","0","0","0","0","1","0","2","N","","","","","","","","","","","","03","  ","","",""
"0640","0","0","0","0","0","0","0","0","0","4","2","","36","09","2019","2019092115","4","40.1033","-76.0871","0637","08","0","0","0","0","0","1","0","0","4","0","2","0","06","5","1","01","2","40 06:11.878","7","00","76 05:13.467","8","0","0","0","36415","0","0","0","N","0","0","0","2","36415","0","","1","01","N","N","0","","0","0","0","3","2","Y","0636","1","2","0","0","0","1","0","1","0","2","N","","","","","","","","","","","","03","  ","","",""
"1655","0","0","0","0","0","0","0","0","0","8","0","","36","09","2019","2019092117","5","40.101","-76.0817","1655","08","0","0","0","0","0","1","0","0","1","0","0","0","16","1","1","00","1","40 06:03.750","6","00","76 04:54.220","3","0","0","0","36415","1","0","0","N","1","0","0","2","36415","0","","1","09","N","N","0","","1","0","1","0","0","N","1655","1","2","0","0","0","0","0","1","0","1","N","","","","","","","","","","","","07","  ","","",""
"0952","1","0","0","0","0","0","0","0","0","1","1","","36","09","2019","2019092132","3","40.1632","-76.5814","0943","08","0","0","0","0","0","0","0","0","","0","1","0","09","1","1","00","0","40 09:47.463","","00","76 34:52.937","8","0","0","0","36225","0","0","0","N","0","0","0","2","36505","0","","1","01","N","N","0","","0","0","0","0","0","","0935","1","2","0","0","0","1","0","2","0","2","N","","","","","","","","","","","","03","  ","","",""
"2053","2","0","0","0","0","0","0","0","0","1","0","","36","08","2019","2019092158","6","40.0894","-76.1777","2045","08","0","0","0","0","0","1","1","0","","0","0","0","20","3","0","00","0","40 05:21.880","","07","76 10:39.897","0","0","0","0","36234","0","0","0","N","0","0","0","3","36215","0","","1","01","N","N","1","","0","0","0","0","0","","2044","0","3","0","0","0","0","0","1","0","3","N","","","","","","","","","","","","03","  ","","",""
"1729","1","0","0","0","0","0","0","0","0","4","0","","36","08","2019","2019092159","5","40.0776","-76.2587","1720","08","0","0","0","1","0","0","0","1","2","0","0","0","17","1","2","02","2","40 04:39.294","3","00","76 15:31.416","3","0","0","0","36215","0","0","0","N","0","0","0","3","36215","0","","1","01","N","N","0","","1","0","1","3","3","N","1714","2","2","0","0","0","1","0","1","0","2","N","","","","","","","","","","","","03","  ","","",""
"1632","1","0","0","0","0","0","0","0","0","4","0","","36","08","2019","2019092160","3","40.0908","-76.1695","1626","08","0","0","0","0","0","1","0","0","","0","0","0","16","1","0","02","0","40 05:27.025","","00","76 10:10.335","0","0","0","0","36234","0","0","0","N","0","0","0","4","36215","0","","1","01","N","N","0","","0","0","1","3","3","","1625","0","2","0","0","0","0","0","1","0","2","N","","","","","","","","","","","","03","  ","","",""
"1222","5","0","0","0","0","0","0","0","0","7","0","","36","08","2019","2019092161","4","40.0376","-76.2674","1220","08","0","0","0","0","0","0","0","0","3","0","0","0","12","1","1","00","2","40 02:15.259","6","00","76 16:02.629","4","0","0","0","36215","0","0","0","N","0","0","0","1","36215","1","","2","01","N","N","0","","0","0","1","0","0","Y","1219","1","6","0","0","1","0","0","1","0","6","N","","","","","","","","","","","","03","  ","","",""
"2211","0","0","0","0","0","0","0","0","0","1","0","","36","09","2019","2019092162","1","40.0294","-76.2288","2211","08","0","0","0","0","0","0","0","0","","0","0","0","22","3","0","00","0","40 01:45.901","","00","76 13:43.575","0","0","0","0","36215","0","0","0","N","0","0","0","3","36215","0","","1","01","N","N","0","","0","0","2","3","2","","2211","0","2","0","0","0","0","0","1","0","2","N","","","","","","","","","","","","03","  ","","",""
"1432","0","0","0","0","0","0","0","0","0","7","0","","36","09","2019","2019092163","4","40.0376","-76.2718","1422","08","0","0","0","0","0","0","0","1","1","0","0","0","14","1","0","00","1","40 02:15.452","1","00","76 16:18.531","0","0","0","0","36215","0","0","0","N","0","0","0","1","36215","0","","4","01","N","N","1","","0","0","0","3","2","N","1420","0","1","0","0","1","0","0","1","0","1","N","","","","","","","","","","","","03","  ","","",""
"0137","1","0","0","0","0","0","0","0","0","7","0","","36","09","2019","2019092164","7","40.0369","-76.2599","0137","08","0","0","0","1","0","0","0","0","2","0","0","0","01","3","0","00","1","40 02:12.779","4","00","76 15:35.510","0","0","0","0","36215","0","0","0","N","0","0","0","3","36215","0","","5","01","N","N","0","","0","0","0","0","0","N","0135","0","1","0","0","0","0","0","1","0","1","N","","","","","","","","","","","","03","  ","","",""
"0758","1","0","0","0","0","0","0","0","0","4","0","","36","09","2019","2019092165","7","40.0306","-76.2343","0755","08","0","0","0","0","0","2","0","0","1","0","0","0","07","1","1","05","1","40 01:50.868","4","00","76 14:03.471","3","0","0","0","36215","0","0","0","N","0","0","0","3","36215","0","","1","01","N","N","1","","1","0","0","3","2","N","0753","1","2","0","0","0","0","0","1","0","2","N","","","","","","","","","","","","03","  ","","",""
"2210","0","0","0","0","0","0","0","0","0","4","0","","36","09","2019","2019092166","1","40.0395","-76.2083","2203","08","0","0","0","0","0","0","0","0","2","0","0","0","22","3","3","02","1","40 02:22.332","6","00","76 12:29.802","4","0","0","0","36215","0","0","0","N","0","0","0","4","36215","3","","1","01","N","N","0","","0","0","2","3","2","N","2203","3","2","0","0","0","0","0","1","0","2","N","","","","","","","","","","","","03","  ","","",""
"2257","0","0","0","0","0","0","0","0","0","7","0","","36","09","2019","2019092167","2","40.0152","-76.156","2253","08","0","0","0","0","0","0","0","0","2","0","0","0","22","3","1","00","1","40 00:54.645","3","00","76 09:21.458","3","0","0","0","36215","0","0","0","N","0","0","0","2","36215","0","","5","01","N","N","1","","1","0","0","0","0","N","2250","1","1","0","0","1","0","0","1","0","1","N","","","","","","","","","","","","03","  ","","",""
"1755","1","0","0","0","0","0","0","0","0","7","0","","36","09","2019","2019092168","5","40.0416","-76.2463","1745","08","0","0","0","0","0","0","0","0","2","0","0","0","17","1","1","06","1","40 02:32.934","4","00","76 14:48.283","3","0","0","0","36215","0","0","0","N","0","0","0","2","36215","0","","2","01","N","N","0","","1","0","0","0","0","N","1743","1","1","0","0","0","0","0","1","0","1","N","","","","","","","","","","","","03","  ","","",""
"2141","0","0","0","0","0","0","0","0","0","0","0","","36","08","2019","2019092213","5","39.7881","-76.1836","2110","08","0","0","0","0","0","0","0","0","3","1","0","0","21","2","0","00","2","39 47:17.245","5","00","76 11:00.807","1","1","0","1","36219","0","0","0","N","0","0","0","1","68J01","0","2","1","01","N","N","0","0","0","0","0","0","0","Y","2103","0","1","0","0","0","0","0","1","0","1","N","","","","","","","","","","","","03","  ","","",""
"0826","1","0","0","0","0","0","0","0","0","4","0","","36","08","2019","2019092220","1","39.8414","-76.0932","0800","08","0","0","1","0","0","1","0","0","2","0","0","0","07","1","4","01","2","39 50:28.973","3","00","76 05:35.577","8","0","0","0","36205","0","0","0","Y","0","0","0","4","68J01","0","","1","09","N","N","0","","0","0","1","3","3","Y","0757","4","2","0","0","0","4","0","1","0","2","N","","","","","","","","","","","","05","  ","","",""
"1622","1","0","0","0","0","0","0","0","0","7","0","","36","08","2019","2019092312","4","40.0368","-76.3118","1612","08","0","0","0","0","0","0","0","0","2","0","0","0","16","1","1","02","2","40 02:12.375","2","00","76 18:42.569","4","0","0","0","36301","0","0","0","N","0","0","0","1","36301","1","","5","01","N","N","0","","0","0","0","3","3","Y","1612","1","1","0","0","0","0","0","3","0","1","N","","","","","","","","","","","","03","  ","","",""
"2120","1","0","0","0","0","0","0","0","0","5","0","","36","09","2019","2019092455","2","40.1081","-76.29","2111","08","0","0","0","0","0","0","0","0","","0","0","0","20","2","0","00","0","40 06:29.080","","00","76 17:24.030","0","0","0","0","36101","0","0","0","N","0","0","0","1","36101","0","","6","01","N","N","1","","0","0","0","0","0","","2047","0","2","0","0","0","0","0","3","0","2","N","","","","","","","","","","","","03","  ","","",""
"0449","0","0","0","0","0","0","0","0","0","0","1","","36","09","2019","2019092456","4","40.1018","-76.2584","0444","08","0","0","0","0","0","0","0","0","1","0","1","0","04","2","1","02","2","40 06:06.341","2","02","76 15:30.288","8","0","0","0","36101","0","0","0","N","0","0","0","1","36101","0","","1","01","N","N","0","","0","0","0","0","0","Y","0442","1","1","0","0","0","1","0","3","0","1","N","","","","","","","","","","","","03","  ","","",""
"2246","1","0","0","0","0","0","0","0","0","5","0","","36","09","2019","2019092476","6","40.0407","-76.5008","2245","08","0","0","0","1","0","0","0","0","1","0","0","0","22","2","0","00","1","40 02:26.654","4","00","76 30:02.880","0","0","0","0","36404","0","0","0","N","0","0","0","2","36404","0","","1","01","N","N","0","","0","0","1","0","0","N","2242","0","2","0","0","0","0","0","3","0","2","N","","","","","","","","","","","","03","  ","","",""
"1500","2","0","0","0","0","0","0","0","0","1","0","","36","09","2019","2019092504","4","40.04","-76.2873","1456","08","0","1","0","0","0","0","0","0","1","0","0","0","14","1","0","00","1","40 02:24.011","1","00","76 17:14.418","9","0","0","0","36301","0","0","0","N","0","0","0","3","36301","0","","1","01","N","N","0","","0","0","0","0","0","Y","1456","0","2","0","0","0","0","1","3","0","2","N","","","","","","","","","","","","03","  ","","",""
"0912","1","0","0","0","0","0","1","0","0","1","1","","36","09","2019","2019092582","3","40.1304","-76.5611","0906","08","0","0","0","0","0","1","0","0","","0","0","0","09","1","1","00","0","40 07:49.308","","00","76 33:39.836","8","0","0","0","36225","0","0","0","N","0","0","0","3","36505","0","","1","01","N","N","0","","0","0","0","0","0","","0900","1","2","0","0","0","1","0","2","0","2","N","","","","","","","","","","","","03","  ","","",""
"1610","1","0","0","0","0","0","0","0","0","4","0","","36","09","2019","2019092694","2","40.1093","-76.2501","1544","08","0","0","0","0","0","0","0","0","","0","0","0","15","1","0","01","0","40 06:33.403","","00","76 15:00.444","0","0","0","0","36101","0","0","0","N","0","0","0","3","36101","0","","1","01","N","N","1","","0","0","1","3","3","","1541","0","3","0","0","0","0","0","3","0","3","N","","","","","","","","","","","","03","  ","","",""
"1524","0","0","0","0","0","0","0","0","0","1","0","","36","09","2019","2019092695","3","40.0627","-76.2805","1517","08","0","0","0","0","0","1","0","0","","0","0","0","15","1","1","00","0","40 03:45.546","","00","76 16:49.756","8","0","0","0","36101","0","0","0","N","0","0","0","3","36101","0","","1","01","N","N","1","","0","0","2","0","0","","1511","1","3","0","0","0","1","0","3","0","3","N","","","","","","","","","","","","03","  ","","",""
"1430","0","0","0","0","0","0","0","0","0","4","0","","36","09","2019","2019092696","2","40.073","-76.3511","1423","08","0","0","0","0","0","0","1","0","3","0","0","0","14","1","1","01","1","40 04:22.949","5","00","76 21:03.964","3","0","0","0","36214","0","0","0","N","0","0","0","3","36214","0","","1","01","N","N","1","","1","0","0","3","3","Y","1420","1","2","0","0","0","0","0","3","1","2","N","","","","","","","","","","","","03","  ","","",""
"1141","1","0","0","0","0","0","0","0","0","4","0","","36","09","2019","2019092697","6","40.0739","-76.3499","1137","08","0","0","0","0","0","1","0","0","2","0","0","0","11","1","1","01","1","40 04:25.922","6","00","76 20:59.809","4","0","0","0","36214","0","0","0","N","0","0","0","3","36214","1","","1","01","N","N","0","","0","0","1","3","3","Y","1134","1","3","0","0","0","0","0","3","1","3","N","","","","","","","","","","","","03","  ","","",""
"2214","1","0","0","0","0","0","0","0","0","4","0","","36","09","2019","2019092698","7","40.0529","-76.36","2210","08","0","0","0","2","0","0","0","0","1","0","0","0","22","3","0","01","1","40 03:10.313","4","00","76 21:36.142","0","0","0","0","36214","0","0","0","N","0","0","0","2","36214","0","","1","01","N","N","0","","0","0","0","0","0","N","2205","0","2","0","0","0","0","0","3","0","2","N","","","","","","","","","","","","03","  ","","",""
"2123","0","0","0","0","0","0","0","0","0","7","0","","36","09","2019","2019092793","7","40.0755","-76.5819","2115","08","0","0","0","0","0","0","0","0","","0","0","","21","3","0","01","0","40 04:31.908","","00","76 34:55.800","0","0","0","0","36211","0","0","0","N","0","0","0","1","36504","0","","5","01","N","N","0","","0","0","0","0","0","N","2115","0","1","0","0","0","0","0","1","0","0","N","","","","","","","","","","","","03","  ","","",""
"1501","2","0","0","0","0","0","0","0","0","4","0","","36","09","2019","2019092796","4","40.2405","-76.1344","1456","08","0","0","0","0","0","0","0","0","","0","0","0","14","1","0","01","0","40 14:25.804","","00","76 08:03.919","0","0","0","0","36405","0","0","0","N","0","0","0","2","36210","0","","1","01","N","N","0","","0","0","0","3","3","","1456","0","2","0","0","0","0","0","1","0","2","N","","","","","","","","","","","","03","  ","","",""
"1819","0","0","0","0","0","0","0","0","0","4","0","","36","09","2019","2019092802","1","40.0668","-76.6001","1801","08","0","0","0","0","0","0","0","0","2","0","0","0","18","1","2","01","2","40 04:00.304","5","00","76 36:00.485","3","0","0","1","36211","0","0","0","N","0","0","0","3","36504","0","","1","01","N","N","1","","2","0","0","0","0","Y","1801","2","2","0","0","0","0","0","1","0","2","N","","","","","","","","","","","","03","  ","","",""
"0213","0","0","0","0","0","0","0","0","0","3","1","","36","09","2019","2019092805","3","40.2137","-76.1264","0212","08","0","0","0","0","0","0","0","0","2","0","1","0","02","3","0","01","1","40 12:49.356","3","00","76 07:35.127","0","0","0","1","36210","0","0","0","N","0","0","0","2","36210","0","","1","01","N","N","0","","0","0","0","3","2","N","0211","0","2","0","0","0","0","0","1","0","2","N","","","","","","","","","","","","03","  ","","",""
"0508","0","0","0","0","0","0","0","0","0","7","0","","36","09","2019","2019092807","1","40.2506","-76.1507","0502","08","0","0","0","0","0","0","0","0","2","0","0","0","03","2","1","00","2","40 15:02.041","5","00","76 09:02.501","8","0","0","0","36236","0","0","0","N","0","0","0","1","36408","0","","5","01","N","N","0","","0","0","0","0","0","Y","0300","1","1","0","0","1","1","0","1","1","1","N","","","","","","","","","","","","03","  ","","",""
"0751","0","0","0","0","0","0","0","0","0","4","0","","36","09","2019","2019092808","3","40.1084","-76.5031","0748","08","0","0","0","0","0","0","0","0","","0","0","0","07","1","1","03","0","40 06:30.096","","00","76 30:11.083","4","0","0","0","36413","0","0","0","N","0","0","0","3","36413","1","","1","01","N","N","1","","0","0","0","3","3","","0748","1","2","0","0","0","0","0","2","1","2","N","","","","","","","","","","","","03","  ","","",""
"0418","1","0","0","0","0","0","0","0","0","7","0","","36","09","2019","2019092841","2","40.1286","-76.6254","0414","08","0","0","0","0","0","0","0","0","1","0","0","0","01","2","0","02","1","40 07:42.850","1","00","76 37:31.404","0","0","0","0","36237","0","0","0","N","0","0","0","1","36505","0","","4","01","N","N","0","","0","0","0","3","3","N","0115","0","1","0","0","0","0","0","1","0","1","N","","","","","","","","","","","","03","  ","","",""
"1115","1","0","0","0","0","0","0","0","0","1","0","","36","09","2019","2019092864","3","40.0626","-76.3137","1113","08","0","0","0","0","0","0","0","0","3","0","0","0","11","1","0","02","1","40 03:45.299","1","00","76 18:49.471","0","0","0","0","36101","0","0","0","N","0","0","0","2","36101","0","","1","01","N","N","0","","0","0","1","3","2","N","1106","0","2","0","0","0","0","0","3","0","2","N","","","","","","","","","","","","03","  ","","",""
"2137","2","0","0","0","0","0","0","0","0","4","0","","36","09","2019","2019092865","7","40.0294","-76.3236","2130","08","0","0","1","0","0","0","0","0","1","0","0","0","21","3","3","00","1","40 01:45.739","3","00","76 19:24.783","3","0","0","0","36220","0","0","0","N","0","0","0","3","36101","1","","1","01","N","N","0","","2","0","0","0","0","N","2113","3","2","0","0","0","0","0","3","0","2","N","","","","","","","","","","","","03","  ","","",""
"1235","1","0","0","0","0","0","0","0","0","1","0","","36","09","2019","2019092866","1","40.038","-76.3438","1230","08","0","0","0","0","0","1","0","0","1","0","0","0","12","1","2","01","1","40 02:16.809","7","00","76 20:37.766","3","0","0","0","36214","0","0","0","N","0","0","0","6","36214","1","","1","01","N","N","0","","1","0","1","3","2","Y","1227","2","3","0","0","0","0","0","3","1","3","N","","","","","","","","","","","","03","  ","","",""
"1946","2","0","0","0","0","0","0","0","0","1","0","","36","09","2019","2019092868","1","40.0382","-76.354","1942","08","0","0","0","0","0","0","0","1","2","0","0","0","19","3","2","00","2","40 02:17.538","6","00","76 21:14.481","4","0","0","0","36214","0","0","0","N","0","0","0","2","36214","1","","1","01","N","N","0","","0","0","0","0","0","Y","1940","2","2","0","0","1","1","0","3","0","2","N","","","","","","","","","","","","03","  ","","",""
"1127","4","0","0","0","0","0","0","0","0","2","0","","36","09","2019","2019092942","2","40.036","-76.3082","1124","08","0","0","0","0","0","1","1","1","2","0","0","0","11","1","0","01","2","40 02:09.771","2","00","76 18:29.474","0","0","0","0","36301","0","0","0","N","0","0","0","5","36301","0","","1","01","N","N","0","","0","0","0","3","3","Y","1122","0","4","0","0","0","0","0","3","0","4","N","","","","","","","","","","","","03","  ","","",""
"0305","0","0","0","0","0","0","0","0","0","7","1","","36","09","2019","2019092960","5","40.2155","-76.071","0248","08","0","0","0","0","0","0","0","0","3","0","1","0","02","3","0","06","1","40 12:55.929","3","02","76 04:15.757","0","0","0","0","36210","0","0","0","N","0","0","0","1","68T06","0","","4","09","N","N","0","","0","0","0","0","0","N","0245","0","1","0","0","0","0","0","1","0","1","N","","","","","","","","","","","","07","  ","","",""
"1655","1","0","0","0","0","0","0","0","0","1","1","","36","09","2019","2019093001","2","40.0305","-76.2332","1648","08","0","0","0","1","0","1","0","0","1","0","1","0","16","1","0","00","1","40 01:49.961","4","00","76 13:59.357","9","0","0","0","36215","0","0","0","N","0","0","0","2","36215","0","","1","01","N","N","0","","0","0","0","0","0","N","1645","0","2","0","0","0","0","1","1","0","2","N","","","","","","","","","","","","03","  ","","",""
"1714","3","0","0","0","0","0","0","0","0","1","0","","36","09","2019","2019093002","6","40.0364","-76.2436","1710","08","0","0","0","0","0","2","0","0","3","0","0","0","17","1","2","00","1","40 02:11.030","3","00","76 14:37.002","8","0","0","0","36215","0","0","0","N","0","0","0","7","36215","0","","1","01","N","N","1","","0","0","0","0","0","N","1709","2","4","0","0","0","2","0","1","0","4","N","","","","","","","","","","","","03","  ","","",""
"0344","1","0","0","0","0","0","0","0","0","7","0","","36","09","2019","2019093003","2","40.0306","-76.2343","0342","08","0","0","0","0","0","0","0","0","2","0","0","0","03","3","0","00","2","40 01:50.082","3","00","76 14:03.403","0","0","0","0","36215","0","0","0","N","0","0","0","1","36215","0","","4","01","N","N","0","","0","0","0","0","0","N","0340","0","1","0","0","0","0","0","1","0","1","N","","","","","","","","","","","","03","  ","","",""
"0926","1","0","0","0","0","0","0","0","0","4","0","","36","09","2019","2019093004","5","40.0378","-76.3637","0923","08","0","0","0","0","1","0","0","0","2","0","0","0","09","1","0","01","1","40 02:16.155","5","00","76 21:49.258","0","0","0","0","36223","0","0","0","N","0","0","0","3","36223","0","","1","01","N","N","0","","0","0","1","3","3","N","0921","0","2","0","0","0","0","0","1","0","2","N","","","","","","","","","","","","03","  ","","",""