"ARRIVAL_TM","AUTOMOBILE_COUNT","BELTED_DEATH_COUNT","BELTED_SUSP_SERIOUS_INJ_COUNT","BICYCLE_COUNT","BICYCLE_DEATH_COUNT","BICYCLE_SUSP_SERIOUS_INJ_COUNT","BUS_COUNT","CHLDPAS_DEATH_COUNT","CHLDPAS_SUSP_SERIOUS_INJ_COUNT","COLLISION_TYPE","COMM_VEH_COUNT","CONS_ZONE_SPD_LIM","COUNTY","CRASH_MONTH","CRASH_YEAR","CRN","DAY_OF_WEEK","DEC_LAT","DEC_LONG","DISPATCH_TM","DISTRICT","DRIVER_COUNT_16YR","DRIVER_COUNT_17YR","DRIVER_COUNT_18YR","DRIVER_COUNT_19YR","DRIVER_COUNT_20YR","DRIVER_COUNT_50_64YR","DRIVER_COUNT_65_74YR","DRIVER_COUNT_75PLUS","EST_HRS_CLOSED","FATAL_COUNT","HEAVY_TRUCK_COUNT","HORSE_BUGGY_COUNT","HOUR_OF_DAY","ILLUMINATION","INJURY_COUNT","INTERSECT_TYPE","LANE_CLOSED","LATITUDE","LN_CLOSE_DIR","LOCATION_TYPE","LONGITUDE","MAX_SEVERITY_LEVEL","MCYCLE_DEATH_COUNT","MCYCLE_SUSP_SERIOUS_INJ_COUNT","MOTORCYCLE_COUNT","MUNICIPALITY","NONMOTR_COUNT","NONMOTR_DEATH_COUNT","NONMOTR_SUSP_SERIOUS_INJ_COUNT","NTFY_HIWY_MAINT","PED_COUNT","PED_DEATH_COUNT","PED_SUSP_SERIOUS_INJ_COUNT","PERSON_COUNT","POLICE_AGCY","POSSIBLE_INJ_COUNT","RDWY_SURF_TYPE_CD","RELATION_TO_ROAD","ROAD_CONDITION","SCH_BUS_IND","SCH_ZONE_IND","SMALL_TRUCK_COUNT","SPEC_JURIS_CD","SUSP_MINOR_INJ_COUNT","SUSP_SERIOUS_INJ_COUNT","SUV_COUNT","TCD_FUNC_CD","TCD_TYPE","TFC_DETOUR_IND","TIME_OF_DAY","TOT_INJ_COUNT","TOTAL_UNITS","UNB_DEATH_COUNT","UNB_SUSP_SERIOUS_INJ_COUNT","UNBELTED_OCC_COUNT","UNK_INJ_DEG_COUNT","UNK_INJ_PER_COUNT","URBAN_RURAL","VAN_COUNT","VEHICLE_COUNT","WORK_ZONE_IND","WORK_ZONE_LOC","WORK_ZONE_TYPE","WORKERS_PRES","WZ_CLOSE_DETOUR","WZ_FLAGGER","WZ_LAW_OFFCR_IND","WZ_LN_CLOSURE","WZ_MOVING","WZ_OTHER","WZ_SHLDER_MDN","ROADWAY_CLEARED","WEATHER1","WEATHER2","WZ_WORKERS_INJ_KILLED","SECONDARY_CRASH","INTERSECTION_RELATED"
"1615","1","0","0","0","0","0","0","0","0","4","0","","36","09","2019","2019093031","1","40.094","-76.4234","1604","08","0","0","0","1","0","0","0","1","2","0","0","0","16","1","2","01","2","40 05:38.407","7","00","76 25:24.225","8","0","0","0","36239","0","0","0","N","0","0","0","4","36239","0","","1","01","N","N","0","","0","0","1","3","3","Y","1602","2","2","0","0","0","2","0","3","0","2","N","","","","","","","","","","","","03","  ","","",""
"1445","0","0","0","0","0","0","0","0","0","7","0","","36","09","2019","2019093084","5","40.1818","-76.202","1443","08","1","0","0","0","0","0","0","0","3","0","0","0","14","1","0","00","2","40 10:54.352","5","00","76 12:07.185","0","0","0","0","36218","0","0","0","N","0","0","0","1","36408","0","","5","09","N","N","1","","0","0","0","0","0","Y","1440","0","1","0","0","0","0","0","1","0","1","N","","","","","","","","","","","","03","  ","","",""
"1458","1","0","0","0","0","0","0","0","0","1","1","","36","09","2019","2019093115","2","40.0534","-76.2874","1454","08","0","0","0","0","0","1","0","0","","0","1","0","14","1","0","03","0","40 03:12.238","","00","76 17:14.721","0","0","0","0","36301","0","0","0","N","0","0","0","2","36301","0","","1","01","N","N","0","","0","0","0","0","0","N","1407","0","2","0","0","0","0","0","3","0","2","N","","","","","","","","","","","","03","  ","","",""
"1658","1","0","0","0","0","0","0","0","0","4","0","","36","09","2019","2019093160","3","40.0668","-76.6001","1652","08","0","0","0","0","0","1","0","0","3","0","0","0","16","1","2","01","2","40 04:00.304","7","00","76 36:00.485","3","0","0","0","36211","0","0","0","N","0","0","0","2","36504","0","","1","01","N","N","0","","1","0","1","0","0","Y","1650","2","2","0","0","0","1","0","1","0","2","N","","","","","","","","","","","","03","  ","","",""
"1538","1","0","0","0","0","0","0","0","0","7","0","","36","09","2019","2019093165","1","40.1351","-76.6526","1534","08","0","0","0","0","0","0","0","0","4","0","0","0","15","1","1","00","2","40 08:06.272","6","00","76 39:09.439","3","0","0","0","36237","0","0","0","N","0","0","0","1","36505","0","","5","01","N","N","0","","1","0","0","0","0","Y","1530","1","1","0","0","0","0","0","1","0","1","N","","","","","","","","","","","","03","  ","","",""
"0544","0","0","0","0","0","0","0","0","0","4","0","","36","09","2019","2019093274","5","40.0602","-76.3599","0539","08","0","0","0","0","0","0","1","0","","0","0","0","05","3","0","01","0","40 03:36.624","","00","76 21:35.465","0","0","0","0","36214","0","0","0","N","0","0","0","2","36214","0","","1","09","N","N","0","","0","0","2","3","2","","0535","0","2","0","0","0","0","0","3","0","2","N","","","","","","","","","","","","03","  ","","",""
"0910","1","0","0","0","0","0","0","0","0","1","0","","36","09","2019","2019093275","2","40.0635","-76.3589","0904","08","0","0","0","1","0","0","1","0","1","0","0","0","09","1","0","01","1","40 03:48.686","1","00","76 21:32.100","0","0","0","0","36214","0","0","0","N","0","0","0","4","36214","0","","1","01","N","N","1","","0","0","1","3","2","N","0900","0","3","0","0","0","0","0","3","0","3","N","","","","","","","","","","","","03","  ","","",""
"1512","1","0","0","0","0","0","0","0","0","1","0","","36","09","2019","2019093276","2","40.0919","-76.4001","1510","08","0","0","0","0","0","0","0","0","2","0","0","0","15","1","0","01","1","40 05:30.676","3","00","76 24:00.512","0","0","0","0","36214","0","0","0","N","0","0","0","2","36214","0","","1","01","N","N","0","","0","0","1","3","2","N","1507","0","2","0","0","0","0","0","3","0","2","N","","","","","","","","","","","","03","  ","","",""
"0900","0","0","0","0","0","0","0","0","0","4","0","","36","09","2019","2019093277","5","40.0391","-76.1897","0857","08","0","0","0","0","0","0","0","0","2","0","0","1","08","1","0","00","2","40 02:20.606","6","00","76 11:23.009","0","0","0","0","36215","1","0","0","N","0","0","0","2","36215","0","","1","01","N","N","0","","0","0","1","0","0","N","0854","0","2","0","0","0","0","0","1","0","1","N","","","","","","","","","","","","03","  ","","",""
"2245","0","0","0","0","0","0","0","0","0","7","0","","36","09","2019","2019093278","2","40.0023","-76.3561","2242","08","0","0","0","0","1","0","0","0","","0","0","0","22","3","0","00","0","40 00:08.321","","00","76 21:21.967","0","0","0","0","36412","0","0","0","N","0","0","0","1","36412","0","","4","01","N","N","0","","0","0","1","0","0","","2242","0","1","0","0","0","0","0","3","0","1","N","","","","","","","","","","","","03","  ","","",""
"1659","0","0","0","0","0","0","0","0","0","1","0","","36","09","2019","2019093314","3","40.0185","-76.3024","1652","08","0","0","0","0","0","1","0","0","","0","0","0","16","1","0","00","0","40 01:06.674","","00","76 18:08.486","0","0","0","0","36240","0","0","0","N","0","0","0","3","36240","0","","1","01","N","N","1","","0","0","2","0","0","N","1650","0","3","0","0","0","0","0","1","0","3","N","","","","","","","","","","","","03","  ","","",""
"1807","0","0","0","0","0","0","0","0","0","1","0","","36","09","2019","2019093440","3","40.1745","-76.1965","1804","08","0","0","0","0","0","1","0","0","","0","0","0","18","1","0","00","0","40 10:28.159","","00","76 11:47.244","0","0","0","0","36408","0","0","0","N","0","0","0","2","36408","0","","1","01","N","N","0","","0","0","2","0","0","N","1800","0","2","0","0","0","0","0","2","0","2","N","","","","","","","","","","","","03","  ","","",""
"0448","1","0","0","0","0","0","0","0","0","4","0","","36","09","2019","2019093447","3","40.0451","-76.4108","0444","08","0","0","0","0","0","1","0","0","2","0","0","0","04","3","1","01","1","40 02:42.307","7","00","76 24:38.792","3","0","0","0","36239","0","0","0","N","0","0","0","2","36239","0","","1","01","N","N","0","","1","0","1","3","2","Y","0440","1","2","0","0","0","0","0","3","0","2","N","","","","","","","","","","","","03","  ","","",""
"2150","0","0","0","0","0","0","0","0","0","8","1","","36","09","2019","2019093460","3","40.0499","-76.3079","2136","08","0","0","0","0","0","0","0","0","2","0","1","0","21","3","1","01","2","40 02:59.610","7","00","76 18:28.586","2","0","0","0","36301","1","0","1","N","1","0","1","2","36301","0","","1","01","N","N","0","","0","1","0","0","0","Y","2134","1","2","0","0","0","0","0","3","0","1","N","","","","","","","","","","","","03","  ","","",""
"1333","0","0","0","0","0","0","0","0","0","5","0","","36","09","2019","2019093471","2","40.0389","-76.5072","1330","08","0","0","0","0","0","0","0","0","3","0","0","0","13","1","0","07","1","40 02:20.071","3","02","76 30:26.044","0","0","0","0","36404","0","0","0","N","0","0","0","8","36404","0","","1","01","N","N","0","","0","0","1","0","0","N","1327","0","2","0","0","0","0","0","3","1","2","N","","","","","","","","","","","","03","  ","","",""
"0945","2","0","0","0","0","0","0","0","0","4","0","","36","09","2019","2019093551","4","40.1027","-76.4328","0940","08","0","0","0","0","1","0","1","0","2","0","0","0","09","1","1","01","2","40 06:09.698","5","00","76 25:58.025","8","0","0","0","36239","0","0","0","N","0","0","0","2","36239","0","","1","01","","","0","","0","0","0","3","3","Y","0939","1","2","0","0","0","1","0","3","0","2","N","","","","","","","","","","","","03","  ","","",""
"1502","2","0","0","0","0","0","0","0","0","4","0","","36","08","2019","2019093699","2","39.9876","-76.2766","1502","08","0","0","0","0","0","0","2","0","","0","0","0","15","1","0","01","0","39 59:15.198","","00","76 16:35.769","0","0","0","0","36240","0","0","0","N","0","0","0","2","36240","0","","1","01","N","N","0","","0","0","0","3","2","","1500","0","2","0","0","0","0","0","1","0","2","N","","","","","","","","","","","","03","  ","","",""
"1051","1","0","0","0","0","0","0","0","0","1","0","","36","08","2019","2019093700","2","40.0241","-76.316","1046","08","0","0","0","0","0","0","0","0","","0","0","0","10","1","2","01","0","40 01:26.922","","00","76 18:57.776","4","0","0","0","36301","0","0","0","N","0","0","0","5","36301","2","","1","01","N","N","0","","0","0","1","3","2","","1032","2","2","0","0","0","0","0","3","0","2","N","","","","","","","","","","","","03","  ","","",""
"0830","1","0","0","0","0","0","0","0","0","0","0","","36","09","2019","2019093745","1","40.0691","-76.3053","0830","08","0","0","0","0","0","0","0","0","2","0","0","0","08","1","0","00","2","40 04:08.622","4","00","76 18:19.031","0","0","0","0","36101","0","0","0","N","0","0","0","1","36101","0","","1","01","N","N","0","","0","0","0","0","0","Y","0828","0","1","0","0","0","0","0","3","0","1","N","","","","","","","","","","","","03","  ","","",""
"0716","0","0","0","0","0","0","0","0","0","7","0","","36","09","2019","2019093746","5","40.074","-76.2764","0703","08","0","0","0","0","0","0","0","0","1","0","0","0","07","1","1","00","2","40 04:26.380","3","00","76 16:34.890","4","0","0","0","36101","0","0","0","N","0","0","0","1","36101","1","","5","09","N","N","0","","0","0","1","0","0","N","0702","1","1","0","0","1","0","0","3","0","1","N","","","","","","","","","","","","03","  ","","",""
"1601","0","0","0","0","0","0","0","0","0","4","0","","36","09","2019","2019093747","5","40.0579","-76.2808","1555","08","0","0","0","0","0","2","0","0","2","0","0","0","15","1","0","01","2","40 03:28.276","6","00","76 16:50.908","0","0","0","0","36101","0","0","0","N","0","0","0","2","36101","0","","1","01","N","N","2","","0","0","0","3","2","Y","1550","0","2","0","0","0","0","0","3","0","2","N","","","","","","","","","","","","03","  ","","",""
"0106","1","0","0","0","0","0","0","0","0","7","0","","36","09","2019","2019093748","6","40.0327","-76.3341","0104","08","0","0","0","0","0","0","0","0","2","0","0","0","01","2","3","00","1","40 01:57.800","2","00","76 20:02.700","3","0","0","0","36220","0","0","0","N","0","0","0","3","36101","0","","4","09","N","N","0","","3","0","0","0","0","N","0102","3","1","0","0","3","0","0","3","0","1","N","","","","","","","","","","","","07","  ","","",""
"1522","0","0","0","0","0","0","0","0","0","1","0","","36","09","2019","2019093749","2","40.0638","-76.3245","1515","08","0","0","0","0","1","2","0","0","2","0","0","0","15","1","0","00","1","40 03:49.522","1","00","76 19:28.111","0","0","0","0","36101","0","0","0","N","0","0","0","4","36101","0","","1","01","N","N","2","","0","0","2","0","0","N","1513","0","4","0","0","0","0","0","3","0","4","N","","","","","","","","","","","","03","  ","","",""
"0823","0","0","0","0","0","0","0","0","0","0","0","","36","09","2019","2019093750","3","40.0621","-76.3372","0816","08","0","0","0","0","0","0","0","0","2","0","0","0","08","1","1","00","1","40 03:43.514","3","00","76 20:14.075","3","0","0","1","36101","0","0","0","N","0","0","0","1","36101","0","","1","01","N","N","0","","1","0","0","0","0","N","0815","1","1","0","0","0","0","0","3","0","1","N","","","","","","","","","","","","03","  ","","",""
"1332","1","0","0","0","0","0","0","0","0","1","0","","36","09","2019","2019093751","3","40.0746","-76.3085","1328","08","0","0","0","0","0","0","1","0","3","0","0","0","13","1","2","00","1","40 04:28.711","1","00","76 18:30.627","3","0","0","0","36101","0","0","0","N","0","0","0","2","36101","0","","1","01","N","N","0","","2","0","1","0","0","N","1320","2","2","0","0","0","0","0","3","0","2","N","","","","","","","","","","","","03","  ","","",""
"1740","1","0","0","0","0","0","0","0","0","4","0","","36","09","2019","2019093752","3","40.0695","-76.3575","1738","08","0","0","0","0","0","2","0","0","2","0","0","0","17","1","0","02","1","40 04:10.056","3","00","76 21:26.821","0","0","0","0","36214","0","0","0","N","0","0","0","2","36214","0","","1","01","N","N","0","","0","0","1","3","3","N","1735","0","2","0","0","1","0","0","3","0","2","N","","","","","","","","","","","","03","  ","","",""
"1949","1","0","2","0","0","0","0","0","0","4","0","","36","08","2019","2019093753","6","40.0898","-76.1549","1943","08","0","0","0","0","0","0","0","0","","0","0","0","19","1","3","09","0","40 05:23.394","","00","76 09:17.617","2","0","0","0","36234","0","0","0","N","0","0","0","3","36215","0","","1","01","N","N","0","","1","2","0","3","6","","1941","3","2","0","0","0","0","0","1","0","1","N","","","","","","","","","","","","03","  ","","",""
"1107","1","0","0","0","0","0","0","0","0","7","0","","36","08","2019","2019093754","6","39.9981","-76.4374","1100","08","0","0","0","0","0","0","0","0","1","0","0","0","10","1","1","00","1","39 59:53.125","6","00","76 26:14.467","3","0","0","0","36223","0","0","0","N","0","0","0","1","36223","0","","4","09","N","N","0","","1","0","0","0","0","N","1056","1","1","0","0","0","0","0","1","0","1","N","","","","","","","","","","","","07","  ","","",""
"0718","2","0","0","0","0","0","0","0","0","4","0","","36","09","2019","2019093755","4","40.1614","-76.3078","0716","08","0","0","0","0","0","1","0","0","","0","0","0","07","1","0","02","0","40 09:41.101","","07","76 18:28.042","0","0","0","0","36409","0","0","0","N","0","0","0","2","36409","0","","1","01","N","N","0","","0","0","0","0","0","","0715","0","2","0","0","0","0","0","3","0","2","N","","","","","","","","","","","","03","  ","","",""
"0624","1","0","0","0","0","0","0","0","0","7","0","","36","08","2019","2019093811","1","40.1256","-76.21","0608","08","0","0","0","0","1","0","0","0","","0","0","0","05","5","0","01","0","40 07:31.982","","00","76 12:35.933","0","0","0","0","36235","0","0","0","N","0","0","0","2","68J01","0","","2","01","N","N","0","","0","0","0","0","0","","0545","0","1","0","0","0","0","0","1","0","1","N","","","","","","","","","","","","05","  ","","",""
"1812","0","0","0","0","0","0","0","0","0","0","0","","36","08","2019","2019093818","6","39.9354","-76.3856","1812","08","0","0","0","0","0","0","0","0","1","0","0","0","17","1","1","00","1","39 56:07.400","1","00","76 23:07.980","3","0","0","0","36206","0","0","0","N","0","0","0","1","68J01","0","","4","01","N","N","0","","1","0","1","0","0","N","1749","1","1","0","0","0","0","0","1","0","1","N","","","","","","","","","","","","03","  ","","",""
"0754","0","0","0","0","0","0","0","0","0","0","0","","36","08","2019","2019093820","7","39.9021","-76.3266","0733","08","0","0","0","0","0","0","0","0","1","0","0","0","07","1","1","00","1","39 54:07.490","2","00","76 19:35.667","3","0","0","1","36224","0","0","0","N","0","0","0","1","68J01","0","","1","09","N","N","0","","1","0","0","0","0","N","0731","1","1","0","0","0","0","0","1","0","1","N","","","","","","","","","","","","03","  ","","",""
"1621","1","0","0","0","0","0","0","0","0","4","1","","36","08","2019","2019093827","6","39.845","-76.3027","1539","08","0","0","1","0","0","1","0","0","","0","1","0","15","1","1","01","0","39 50:41.842","","00","76 18:09.849","4","0","0","0","36224","0","0","0","N","0","0","0","2","68J01","1","","1","01","N","N","0","","0","0","0","3","3","","1534","1","2","0","0","0","0","0","1","0","2","N","","","","","","","","","","","","03","  ","","",""
"0436","0","0","0","0","0","0","0","0","0","7","0","55","36","08","2019","2019093829","7","40.1537","-76.1592","0424","08","0","0","0","0","0","0","0","0","","0","0","0","04","2","0","00","0","40 09:13.340","","00","76 09:33.232","0","0","0","0","36238","0","0","0","N","0","0","0","1","68J01","0","","4","01","N","N","0","","0","0","1","0","0","","0422","0","1","0","0","0","0","0","3","0","1","Y","2","1","N","N","N","N","Y","N","N","N","","03","  ","","",""
"0853","0","0","0","0","0","0","0","0","0","0","0","","36","09","2019","2019093830","1","39.8393","-76.3075","0818","08","0","0","0","0","0","0","0","0","","0","0","0","08","1","0","00","0","39 50:21.355","","00","76 18:27.046","0","0","0","0","36224","0","0","0","N","0","0","0","1","68J01","0","","1","01","N","N","0","","0","0","1","0","0","","0814","0","1","0","0","0","0","0","1","0","1","N","","","","","","","","","","","","03","  ","","",""
"2319","0","0","0","0","0","0","0","0","0","7","0","","36","09","2019","2019093837","6","40.0116","-75.9988","2252","08","0","0","0","0","1","0","0","0","1","0","0","0","22","2","1","00","2","40 00:41.601","5","00","75 59:55.858","3","0","0","1","36232","0","0","0","N","0","0","0","1","68J01","0","","4","01","N","N","0","","1","0","0","0","0","Y","2248","1","1","0","0","0","0","0","1","0","1","N","","","","","","","","","","","","03","  ","","",""
"1330","1","0","0","0","0","0","0","0","0","9","0","","36","09","2019","2019093846","3","40.1721","-75.9749","1308","08","0","0","0","0","0","1","0","0","","0","0","0","13","1","0","00","0","40 10:19.508","","00","75 58:29.786","0","0","0","0","36202","0","0","0","N","0","0","0","1","68T06","0","","1","01","N","N","0","","0","0","0","0","0","","1308","0","1","0","0","0","0","0","1","0","1","N","","","","","","","","","","","","03","  ","","",""
"1330","1","0","0","0","0","0","0","0","0","9","0","","36","09","2019","2019093847","3","40.1721","-75.9749","1308","08","0","0","0","0","0","0","0","0","","0","0","0","13","1","0","00","0","40 10:19.508","","00","75 58:29.786","0","0","0","0","36202","0","0","0","N","0","0","0","1","68T06","0","","1","01","N","N","0","","0","0","0","0","0","","1308","0","1","0","0","0","0","0","1","0","1","N","","","","","","","","","","","","03","  ","","",""
"1726","0","0","0","0","0","0","0","0","0","0","0","","36","09","2019","2019093849","3","40.1473","-75.938","1607","08","0","0","0","0","0","0","0","0","","0","0","0","16","1","1","00","0","40 08:50.365","","00","75 56:16.780","3","0","0","0","36203","0","0","0","N","0","0","0","1","68J01","0","","1","01","N","N","0","","1","0","0","0","0","","1600","1","1","0","0","0","0","0","1","0","1","N","","","","","","","","","","","","03","  ","","",""
"2245","0","0","0","0","0","0","0","0","0","1","0","","36","09","2019","2019093868","7","39.8627","-76.2251","2230","08","0","0","1","0","0","1","0","0","1","0","0","0","22","2","2","00","1","39 51:45.547","2","00","76 13:30.521","3","0","0","0","36212","0","0","0","N","0","0","0","3","68J01","0","","1","01","N","N","0","","1","0","2","0","0","N","2227","2","2","0","0","0","1","0","1","0","2","N","","","","","","","","","","","","03","  ","","",""
"1321","1","0","0","0","0","0","0","0","0","1","0","","36","09","2019","2019093875","2","39.9053","-76.134","1308","08","0","0","0","0","0","0","0","1","2","0","0","0","13","1","1","02","1","39 54:19.134","4","00","76 08:02.230","3","0","0","0","36216","0","0","0","N","0","0","0","2","68J01","0","","1","01","N","N","0","","1","0","0","0","0","N","1306","1","2","0","0","0","0","0","1","1","2","N","","","","","","","","","","","","03","  ","","",""
"1755","0","0","0","0","0","0","0","0","0","1","0","","36","09","2019","2019093906","4","40.0372","-76.2718","1744","08","0","0","0","0","0","0","1","0","","0","0","0","17","1","0","00","0","40 02:13.894","","00","76 16:18.588","0","0","0","0","36240","0","0","0","N","0","0","0","5","36240","0","","1","01","N","N","0","","0","0","3","0","0","","1742","0","3","0","0","0","0","0","1","0","3","N","","","","","","","","","","","","03","  ","","",""
"1658","1","0","0","0","0","0","0","0","0","4","0","","36","09","2019","2019093992","2","39.9969","-76.4465","1648","08","0","0","0","0","0","2","0","0","1","0","0","0","16","1","2","01","1","39 59:48.725","6","00","76 26:47.502","3","0","0","0","36223","0","0","0","N","0","0","0","2","36223","0","","1","01","N","N","0","","2","0","1","3","3","N","1645","2","2","0","0","0","0","0","1","0","2","N","","","","","","","","","","","","03","  ","","",""
"0104","1","0","0","0","0","0","0","0","0","7","0","","36","09","2019","2019093993","5","40.1876","-76.297","0059","08","0","0","0","0","1","0","0","0","","0","0","0","00","3","1","00","0","40 11:15.519","","00","76 17:49.374","4","0","0","0","36235","0","0","0","N","0","0","0","1","36506","1","","5","01","N","N","0","","0","0","0","0","0","","0056","1","1","0","0","0","0","0","1","0","1","N","","","","","","","","","","","","03","  ","","",""
"0705","1","0","0","0","0","0","0","0","0","7","0","","36","09","2019","2019093994","3","40.2156","-76.2559","0701","08","0","0","1","0","0","0","0","0","1","0","0","0","06","1","0","00","1","40 12:56.220","1","03","76 15:21.329","0","0","0","0","36204","0","0","0","N","0","0","0","1","36506","0","","2","01","N","N","0","","0","0","0","0","0","N","0658","0","1","0","0","0","0","0","1","0","1","N","","","","","","","","","","","","03","  ","","",""
"0251","1","0","0","0","0","0","0","0","0","7","0","","36","09","2019","2019093995","4","40.1528","-76.3671","0251","08","0","0","0","0","1","0","0","0","4","0","0","0","02","2","0","00","2","40 09:09.901","6","00","76 22:01.557","0","0","0","0","36227","0","0","0","N","0","0","0","1","36506","0","","5","01","N","N","0","","0","0","0","0","0","Y","0251","0","1","0","0","0","0","0","1","0","1","N","","","","","","","","","","","","03","  ","","",""
"0800","2","0","0","0","0","0","0","0","0","5","0","","36","08","2019","2019094054","6","","","0755","08","0","0","0","0","0","0","1","0","2","0","0","0","07","1","0","00","2","","5","00","","0","0","0","0","36412","0","0","0","N","0","0","0","1","36412","0","","1","01","N","N","0","","0","0","0","0","0","Y","0750","0","2","0","0","0","0","0","3","0","2","N","","","","","","","","","","","","03","  ","","",""
"1947","0","0","0","0","0","0","0","0","0","4","0","","36","08","2019","2019094068","6","40.2038","-76.0176","1919","08","0","0","0","0","0","0","0","1","1","0","0","0","19","1","2","02","1","40 12:13.761","5","00","76 01:03.525","3","0","0","0","36202","0","0","0","N","0","0","0","3","68J01","0","","1","01","N","N","0","","2","0","2","3","3","N","1915","2","2","0","0","0","0","0","1","0","2","N","","","","","","","","","","","","03","  ","","",""
"2220","1","0","0","0","0","0","0","0","0","7","0","","36","08","2019","2019094075","7","39.9112","-76.3099","2157","08","0","0","0","0","0","0","0","0","2","0","0","0","21","3","0","00","2","39 54:40.210","6","00","76 18:35.690","0","0","0","0","36224","0","0","0","N","0","0","0","1","68J01","0","","4","01","N","N","0","","0","0","0","0","0","Y","2151","0","1","0","0","0","0","0","1","0","1","N","","","","","","","","","","","","03","  ","","",""
"0353","1","0","0","0","0","0","0","0","0","7","0","","36","08","2019","2019094085","1","40.0066","-76.0999","0343","08","0","0","0","0","0","0","0","0","","0","0","0","03","2","0","00","0","40 00:23.800","","00","76 05:59.530","0","0","0","0","36226","0","0","0","N","0","0","0","1","68J01","0","","4","01","N","N","0","","0","0","0","0","0","","0340","0","1","0","0","0","0","0","1","0","1","N","","","","","","","","","","","","03","  ","","",""
"2253","1","0","0","0","0","0","0","0","0","7","0","","36","08","2019","2019094086","1","40.2223","-76.2874","2228","08","0","0","0","0","0","0","0","0","1","0","0","0","22","3","0","00","1","40 13:20.231","4","00","76 17:14.571","0","0","0","0","36217","0","0","0","N","0","0","0","1","68J01","0","","4","09","N","N","0","","0","0","0","0","0","N","2212","0","1","0","0","0","0","0","1","0","1","N","","","","","","","","","","","","03","  ","","",""
"1846","1","0","0","0","0","0","0","0","0","1","0","","36","08","2019","2019094094","7","39.9914","-76.0166","1829","08","0","0","0","0","0","1","0","0","1","0","0","0","18","1","1","00","1","39 59:29.214","4","00","76 00:59.722","3","0","0","1","36232","0","0","0","N","0","0","0","5","68J01","0","","1","01","N","N","0","","1","0","1","0","0","N","1824","1","3","0","0","0","0","0","1","0","3","N","","","","","","","","","","","","03","  ","","",""
"1548","1","0","0","0","0","0","0","0","0","4","0","","36","08","2019","2019094098","2","39.8573","-76.275","1520","08","0","0","0","0","0","0","2","0","2","0","0","0","15","1","1","00","1","39 51:26.315","6","00","76 16:29.924","8","0","0","1","36224","0","0","0","N","0","0","0","2","68J01","0","","1","01","N","N","0","","0","0","0","0","0","N","1514","1","2","0","0","0","1","0","1","0","2","N","","","","","","","","","","","","03","  ","","",""
"1224","0","0","0","0","0","0","0","0","0","1","0","","36","08","2019","2019094100","3","40.0188","-76.0636","1212","08","0","0","0","0","0","0","0","0","","0","0","0","12","1","0","00","0","40 01:07.528","","00","76 03:49.071","0","0","0","0","36221","0","0","0","N","0","0","0","3","68J01","0","","1","01","N","N","1","","0","0","0","0","0","","1208","0","2","0","0","0","0","0","1","1","2","N","","","","","","","","","","","","03","  ","","",""
"1352","1","0","0","0","0","0","0","0","0","4","0","","36","08","2019","2019094101","3","40.0091","-76.0577","1344","08","0","0","0","0","1","1","0","0","","0","0","0","13","1","1","01","0","40 00:32.677","","00","76 03:27.871","3","0","0","0","36232","0","0","0","N","0","0","0","4","68J01","0","","1","01","N","N","0","","1","0","1","0","0","","1342","1","2","0","0","0","0","0","1","0","2","N","","","","","","","","","","","","03","  ","","",""
"1940","0","0","0","0","0","0","0","0","0","7","0","","36","09","2019","2019094111","1","40.0192","-76.1343","1926","08","0","0","0","0","0","0","0","0","2","0","0","0","19","4","3","00","2","40 01:09.270","6","00","76 08:03.440","4","0","0","0","36221","0","0","0","Y","0","0","0","4","68J01","3","","4","01","N","N","0","","0","0","1","0","0","Y","1924","3","1","0","0","0","0","0","1","0","1","N","","","","","","","","","","","","03","  ","","",""
"2137","0","0","0","0","0","0","0","0","0","7","0","","36","07","2019","2019094185","6","40.0604","-75.9863","2134","08","0","0","0","0","0","1","0","0","2","0","0","0","21","2","1","00","2","40 03:37.410","5","00","75 59:10.760","4","0","0","0","36232","0","0","0","N","0","0","0","1","68J01","1","","4","01","N","N","1","","0","0","0","0","0","Y","2123","1","1","0","0","1","0","0","1","0","1","N","","","","","","","","","","","","03","  ","","",""
"0648","1","0","0","0","0","0","0","0","0","1","0","","36","09","2019","2019094297","4","40.0988","-76.3052","0639","08","0","0","1","0","0","0","0","0","2","0","0","0","06","5","0","00","1","40 05:55.798","2","00","76 18:18.878","0","0","0","0","36101","0","0","0","N","0","0","0","5","36101","0","","1","01","N","N","2","","0","0","0","0","0","N","0635","0","3","0","0","0","0","0","3","0","3","N","","","","","","","","","","","","03","  ","","",""
"1548","1","0","0","0","0","0","0","0","0","2","0","","36","09","2019","2019094298","6","40.0094","-76.3917","1547","08","0","0","0","0","0","0","1","0","2","0","0","0","15","1","3","02","2","40 00:33.688","7","00","76 23:30.133","3","0","0","0","36223","0","0","0","N","0","0","0","4","36223","2","","1","01","N","N","0","","1","0","1","0","0","Y","1547","3","2","0","0","0","0","0","1","0","2","N","","","","","","","","","","","","03","  ","","",""