"ARRIVAL_TM","AUTOMOBILE_COUNT","BELTED_DEATH_COUNT","BELTED_SUSP_SERIOUS_INJ_COUNT","BICYCLE_COUNT","BICYCLE_DEATH_COUNT","BICYCLE_SUSP_SERIOUS_INJ_COUNT","BUS_COUNT","CHLDPAS_DEATH_COUNT","CHLDPAS_SUSP_SERIOUS_INJ_COUNT","COLLISION_TYPE","COMM_VEH_COUNT","CONS_ZONE_SPD_LIM","COUNTY","CRASH_MONTH","CRASH_YEAR","CRN","DAY_OF_WEEK","DEC_LAT","DEC_LONG","DISPATCH_TM","DISTRICT","DRIVER_COUNT_16YR","DRIVER_COUNT_17YR","DRIVER_COUNT_18YR","DRIVER_COUNT_19YR","DRIVER_COUNT_20YR","DRIVER_COUNT_50_64YR","DRIVER_COUNT_65_74YR","DRIVER_COUNT_75PLUS","EST_HRS_CLOSED","FATAL_COUNT","HEAVY_TRUCK_COUNT","HORSE_BUGGY_COUNT","HOUR_OF_DAY","ILLUMINATION","INJURY_COUNT","INTERSECT_TYPE","LANE_CLOSED","LATITUDE","LN_CLOSE_DIR","LOCATION_TYPE","LONGITUDE","MAX_SEVERITY_LEVEL","MCYCLE_DEATH_COUNT","MCYCLE_SUSP_SERIOUS_INJ_COUNT","MOTORCYCLE_COUNT","MUNICIPALITY","NONMOTR_COUNT","NONMOTR_DEATH_COUNT","NONMOTR_SUSP_SERIOUS_INJ_COUNT","NTFY_HIWY_MAINT","PED_COUNT","PED_DEATH_COUNT","PED_SUSP_SERIOUS_INJ_COUNT","PERSON_COUNT","POLICE_AGCY","POSSIBLE_INJ_COUNT","RDWY_SURF_TYPE_CD","RELATION_TO_ROAD","ROAD_CONDITION","SCH_BUS_IND","SCH_ZONE_IND","SMALL_TRUCK_COUNT","SPEC_JURIS_CD","SUSP_MINOR_INJ_COUNT","SUSP_SERIOUS_INJ_COUNT","SUV_COUNT","TCD_FUNC_CD","TCD_TYPE","TFC_DETOUR_IND","TIME_OF_DAY","TOT_INJ_COUNT","TOTAL_UNITS","UNB_DEATH_COUNT","UNB_SUSP_SERIOUS_INJ_COUNT","UNBELTED_OCC_COUNT","UNK_INJ_DEG_COUNT","UNK_INJ_PER_COUNT","URBAN_RURAL","VAN_COUNT","VEHICLE_COUNT","WORK_ZONE_IND","WORK_ZONE_LOC","WORK_ZONE_TYPE","WORKERS_PRES","WZ_CLOSE_DETOUR","WZ_FLAGGER","WZ_LAW_OFFCR_IND","WZ_LN_CLOSURE","WZ_MOVING","WZ_OTHER","WZ_SHLDER_MDN","ROADWAY_CLEARED","WEATHER1","WEATHER2","WZ_WORKERS_INJ_KILLED","SECONDARY_CRASH","INTERSECTION_RELATED"
"1133","0","0","0","0","0","0","0","0","0","7","0","","36","08","2019","2019094299","7","40.1642","-76.3997","1131","08","0","0","0","0","0","0","0","0","","0","0","0","11","1","0","01","0","40 09:50.986","","00","76 23:58.948","0","0","0","0","36410","0","0","0","N","0","0","0","1","36410","0","","4","01","N","N","0","","0","0","1","0","0","","1130","0","1","0","0","0","0","0","2","0","1","N","","","","","","","","","","","","03","  ","","",""
"2026","0","0","0","0","0","0","0","0","0","0","0","","36","08","2019","2019094300","6","40.1161","-76.452","2018","08","0","0","0","0","0","0","0","0","","0","0","0","20","2","0","00","0","40 06:57.868","","00","76 27:07.066","0","0","0","0","36230","0","0","0","N","0","0","0","2","36410","0","","1","01","N","N","1","","0","0","1","0","0","","2016","0","2","0","0","0","0","0","1","0","2","N","","","","","","","","","","","","03","  ","","",""
"1305","1","0","0","0","0","0","0","0","0","4","0","","36","09","2019","2019094301","3","40.2213","-76.4323","1300","08","0","0","0","0","0","0","0","0","","0","0","0","12","1","0","01","0","40 13:16.697","","00","76 25:56.245","9","0","0","0","36230","0","0","0","N","0","0","0","3","36410","0","","1","01","N","N","0","","0","0","1","3","3","","1256","0","2","0","0","0","0","3","1","0","2","N","","","","","","","","","","","","03","  ","","",""
"1143","0","0","0","0","0","0","0","0","0","1","0","","36","09","2019","2019094302","4","40.1172","-76.4969","1135","08","0","0","0","0","0","1","0","1","1","0","0","0","11","1","0","00","1","40 07:01.924","6","00","76 29:48.925","0","0","0","0","36230","0","0","0","N","0","0","0","2","36410","0","","1","01","N","N","1","","0","0","1","0","0","N","1130","0","2","0","0","1","0","0","1","0","2","N","","","","","","","","","","","","03","  ","","",""
"1850","1","0","0","0","0","0","0","0","0","7","0","","36","09","2019","2019094303","2","40.2204","-76.4637","1840","08","0","0","0","0","0","0","0","0","","0","0","0","18","1","0","00","0","40 13:13.470","","00","76 27:49.480","0","0","0","0","36230","0","0","0","N","0","0","0","1","36410","0","","5","01","N","N","0","","0","0","0","0","0","","1830","0","1","0","0","1","0","0","1","0","1","N","","","","","","","","","","","","03","  ","","",""
"1145","1","0","1","0","0","0","0","0","0","1","0","","36","09","2019","2019094304","1","40.1766","-76.4026","1137","08","0","0","0","0","0","1","0","1","2","0","0","0","11","1","1","02","1","40 10:35.758","5","00","76 24:09.248","2","0","0","0","36230","0","0","0","N","0","0","0","2","36410","0","","1","01","N","N","0","","0","1","1","0","0","N","1137","1","2","0","0","0","0","0","1","0","2","N","","","","","","","","","","","","03","  ","","",""
"2154","1","0","0","0","0","0","0","0","0","7","0","","36","09","2019","2019094305","2","40.1691","-76.4101","2148","08","0","0","0","1","0","0","0","0","3","0","0","0","21","2","1","00","2","40 10:08.696","6","00","76 24:36.428","4","0","0","0","36230","0","0","0","N","0","0","0","2","36410","1","","5","01","N","N","0","","0","0","0","0","0","Y","2147","1","1","0","0","0","0","0","1","0","1","N","","","","","","","","","","","","03","  ","","",""
"0325","2","0","0","0","0","0","0","0","0","5","0","","36","09","2019","2019094431","6","40.0587","-76.5463","0318","08","0","0","0","0","0","0","0","0","","0","0","0","03","3","0","00","0","40 03:31.200","","00","76 32:46.700","0","0","0","0","36411","0","0","0","N","0","0","0","1","36504","0","","6","01","N","N","0","","0","0","2","0","0","N","0312","0","4","0","0","0","0","0","1","0","4","N","","","","","","","","","","","","03","  ","","",""
"1409","0","0","0","0","0","0","0","0","0","5","0","","36","09","2019","2019094441","2","40.1817","-76.156","1408","08","0","0","0","0","0","0","0","0","","0","0","0","14","1","0","00","0","40 10:54.200","","00","76 09:21.700","0","0","0","0","36408","0","0","0","N","0","0","0","1","36408","0","","6","01","N","N","0","","0","0","2","0","0","N","1401","0","2","0","0","0","0","0","2","0","2","N","","","","","","","","","","","","03","  ","","",""
"1507","0","0","0","0","0","0","0","0","0","1","0","","36","09","2019","2019094446","4","39.9801","-76.3106","1454","08","0","0","0","0","0","0","0","1","2","0","0","0","14","1","0","00","1","39 58:48.307","5","00","76 18:38.062","0","0","0","0","36228","0","0","0","N","0","0","0","3","36228","0","","1","01","N","N","0","","0","0","1","0","0","N","1452","0","2","0","0","0","0","0","1","1","2","N","","","","","","","","","","","","03","  ","","",""
"0225","1","0","0","0","0","0","0","0","0","7","0","","36","09","2019","2019094447","6","40.1714","-76.1235","0220","08","0","0","0","0","0","1","0","0","","0","0","0","02","2","0","00","0","40 10:16.896","","00","76 07:24.521","0","0","0","0","36218","0","0","0","N","0","0","0","1","36408","0","","5","09","N","N","0","","0","0","0","0","0","N","0220","0","1","0","0","0","0","0","1","0","1","N","","","","","","","","","","","","03","  ","","",""
"1818","1","0","0","0","0","0","0","0","0","4","0","","36","09","2019","2019094473","7","40.0998","-76.3541","1818","08","0","0","0","0","0","0","1","0","","0","0","0","18","1","0","00","0","40 05:59.227","","07","76 21:14.646","0","0","0","0","36406","0","0","0","N","0","0","0","3","36101","0","","1","01","N","N","0","","0","0","1","0","0","","1815","0","2","0","0","0","0","0","3","0","2","N","","","","","","","","","","","","03","  ","","",""
"2010","1","0","0","0","0","0","0","0","0","1","0","","36","09","2019","2019094474","5","40.0734","-76.3197","2002","08","0","0","0","0","0","1","1","0","2","0","0","0","20","2","1","00","1","40 04:24.117","1","00","76 19:10.962","3","0","0","0","36101","0","0","0","N","0","0","0","4","36101","0","","1","01","N","N","0","","1","0","2","0","0","N","2001","1","3","0","0","0","0","0","3","0","3","N","","","","","","","","","","","","03","  ","","",""
"0731","4","0","0","0","0","0","0","0","0","1","0","","36","09","2019","2019094475","4","40.0997","-76.414","0731","08","0","1","0","0","0","0","0","0","2","0","0","0","07","1","0","00","2","40 05:58.742","3","00","76 24:50.448","0","0","0","0","36214","0","0","0","N","0","0","0","4","36214","0","","1","01","N","N","0","","0","0","0","0","0","N","0725","0","4","0","0","0","0","0","3","0","4","N","","","","","","","","","","","","03","  ","","",""
"0733","2","0","0","0","0","0","0","0","0","1","0","","36","09","2019","2019094476","4","40.1001","-76.4148","0733","08","0","0","0","1","0","0","0","0","2","0","0","0","07","1","1","00","1","40 06:00.288","4","00","76 24:53.308","4","0","0","0","36214","0","0","0","N","0","0","0","3","36214","1","","1","01","N","N","0","","0","0","0","0","0","N","0733","1","2","0","0","0","0","0","3","0","2","N","","","","","","","","","","","","03","  ","","",""
"0730","3","0","0","0","0","0","0","0","0","1","0","65","36","09","2019","2019094477","4","40.0915","-76.3862","0718","08","0","0","0","0","0","1","0","0","3","0","0","0","07","5","1","00","2","40 05:29.237","3","00","76 23:10.365","4","0","0","0","36214","0","0","0","N","0","0","0","7","36214","1","","1","01","N","N","0","","0","0","4","0","0","Y","0718","1","7","0","0","0","0","0","3","0","7","Y","2","1","Y","","","N","","","","Y","","03","  ","","",""
"0739","1","0","0","0","0","0","0","0","0","1","0","65","36","09","2019","2019094478","4","40.0915","-76.3862","0720","08","0","0","0","0","0","1","0","0","3","0","0","0","07","5","3","00","2","40 05:29.237","3","00","76 23:10.365","4","0","0","0","36214","0","0","0","N","0","0","0","3","36214","3","","1","01","N","N","0","","0","0","2","0","0","Y","0718","3","3","0","0","0","0","0","3","0","3","Y","2","1","Y","N","N","N","N","N","N","Y","","03","  ","","",""
"1622","2","0","0","0","0","0","0","0","0","5","0","","36","09","2019","2019094508","2","40.0517","-76.3014","1606","08","0","0","0","0","0","1","0","0","2","0","0","0","16","1","0","00","2","40 03:06.206","4","00","76 18:04.903","0","0","0","0","36301","0","0","0","N","0","0","0","1","36301","0","","6","01","N","N","0","","0","0","0","0","0","N","1603","0","2","0","0","0","0","0","3","0","2","N","","","","","","","","","","","","03","  ","","",""
"0711","0","0","0","0","0","0","0","0","0","7","0","","36","09","2019","2019094538","6","40.007","-76.2769","0706","08","0","0","0","0","0","0","1","0","","0","0","0","07","1","1","00","0","40 00:25.200","","00","76 16:36.800","8","0","0","1","36240","0","0","0","N","0","0","0","1","36240","0","","1","01","N","N","0","","0","0","0","0","0","","0704","1","1","0","0","0","1","0","1","0","1","N","","","","","","","","","","","","03","  ","","",""
"1451","0","0","0","0","0","0","0","0","0","4","0","","36","09","2019","2019094651","3","40.051","-76.3534","1448","08","0","0","0","0","0","0","0","0","","0","0","0","14","1","0","01","0","40 03:03.625","","00","76 21:12.345","0","0","0","0","36214","0","0","0","N","0","0","0","2","36214","0","","1","01","N","N","0","","0","0","2","3","2","","1447","0","2","0","0","0","0","0","3","0","2","N","","","","","","","","","","","","03","  ","","",""
"1201","1","0","0","0","0","0","0","0","0","4","0","","36","07","2019","2019094652","3","40.0298","-76.244","1157","08","0","0","0","0","0","1","0","1","1","1","0","0","11","1","0","02","1","40 01:47.413","3","00","76 14:38.431","1","1","0","1","36215","0","0","0","N","0","0","0","4","36215","0","2","1","01","N","N","0","0","0","0","0","3","2","N","1155","0","2","0","0","0","0","0","1","0","2","N","","","","","","","","","","","","03","  ","","",""
"1821","0","0","0","0","0","0","0","0","0","1","0","","36","09","2019","2019094653","4","40.0384","-76.2691","1814","08","0","1","1","0","0","0","0","0","1","0","0","0","18","1","0","00","1","40 02:18.118","4","00","76 16:08.728","9","0","0","0","36215","0","0","0","N","0","0","0","3","36215","0","","1","01","N","N","2","","0","0","0","0","0","N","1811","0","3","0","0","0","0","1","1","0","3","N","","","","","","","","","","","","03","  ","","",""
"2214","0","0","0","0","0","0","0","0","0","0","0","","36","08","2019","2019094654","7","40.0706","-76.0556","2207","08","0","0","1","0","0","0","0","0","4","1","0","0","22","2","1","00","2","40 04:14.020","5","00","76 03:20.260","1","0","0","0","36209","0","0","0","N","0","0","0","14","36415","0","2","1","01","N","N","1","0","0","0","0","3","8","Y","2203","1","1","1","0","12","1","0","1","0","1","N","","","","","","","","","","","","03","  ","","",""
"2122","1","0","0","0","0","0","0","0","0","4","0","","36","09","2019","2019094655","5","40.1015","-76.0919","2121","08","0","0","0","0","0","2","0","0","1","0","0","0","21","3","0","01","1","40 06:05.289","6","00","76 05:30.805","0","0","0","0","36415","0","0","0","N","0","0","0","3","36415","0","","1","01","N","N","0","","0","0","1","3","2","Y","2121","0","2","0","0","0","0","0","1","0","2","N","","","","","","","","","","","","03","  ","","",""
"0624","2","0","0","0","0","0","0","0","0","4","0","","36","09","2019","2019094656","6","40.1033","-76.0871","0623","08","0","0","0","0","0","0","0","0","1","0","0","0","06","3","1","01","2","40 06:11.878","7","00","76 05:13.467","3","0","0","0","36415","0","0","0","N","0","0","0","2","36415","0","","1","01","N","N","0","","1","0","0","3","2","Y","0621","1","2","0","0","0","0","0","1","0","2","N","","","","","","","","","","","","03","  ","","",""
"0410","1","0","0","0","0","0","0","0","0","4","0","","36","09","2019","2019094657","7","40.1006","-76.0913","0407","08","0","0","0","0","0","0","0","0","1","0","0","0","04","3","0","02","1","40 06:02.336","1","00","76 05:28.755","0","0","0","0","36415","0","0","0","N","0","0","0","1","36415","0","","5","01","N","N","0","","0","0","2","0","0","Y","0405","0","3","0","0","0","0","0","1","0","3","N","","","","","","","","","","","","03","  ","","",""
"0635","1","0","0","0","0","0","0","0","0","1","0","","36","09","2019","2019094752","6","40.1747","-76.5524","0633","08","0","0","0","0","0","1","0","0","1","0","0","0","06","1","0","02","1","40 10:28.983","2","00","76 33:08.460","0","0","0","0","36225","0","0","0","N","0","0","0","2","36505","0","","1","01","N","N","0","","0","0","0","0","0","N","0633","0","2","0","0","0","0","0","2","1","2","N","","","","","","","","","","","","03","  ","","",""
"1900","2","0","0","0","0","0","0","0","0","4","0","","36","08","2019","2019094769","7","40.0626","-76.542","1848","08","0","0","0","0","0","0","1","0","","0","0","0","18","1","0","01","0","40 03:45.412","","00","76 32:31.057","0","0","0","0","36211","0","0","0","N","0","0","0","2","36504","0","","1","01","N","N","0","","0","0","0","3","2","N","1848","0","2","0","0","0","0","0","1","0","2","N","","","","","","","","","","","","03","  ","","",""
"0712","0","0","0","0","0","0","0","0","0","1","0","","36","09","2019","2019094812","6","40.0922","-76.4225","0712","08","0","0","0","0","0","2","0","0","2","0","0","0","07","1","0","01","1","40 05:32.064","2","00","76 25:20.888","0","0","0","0","36239","0","0","0","N","0","0","0","2","36239","0","","1","01","N","N","1","","0","0","1","0","0","N","0712","0","2","0","0","0","0","0","3","0","2","N","","","","","","","","","","","","03","  ","","",""
"0951","1","0","0","0","0","0","0","0","0","4","0","","36","09","2019","2019094839","7","40.214","-76.1583","0946","08","0","0","0","0","0","0","0","0","2","0","0","0","09","1","4","01","2","40 12:50.259","7","00","76 09:29.735","8","0","0","0","36210","0","0","0","N","0","0","0","16","36408","0","","1","01","N","N","0","","0","0","0","3","3","Y","0945","4","2","0","0","0","4","0","1","1","2","N","","","","","","","","","","","","03","  ","","",""
"1550","2","0","0","0","0","0","0","0","0","1","0","","36","09","2019","2019094845","3","40.1654","-76.2004","1545","08","0","0","0","0","0","0","1","0","","0","0","0","15","1","0","00","0","40 09:55.275","","00","76 12:01.456","0","0","0","0","36218","0","0","0","N","0","0","0","2","36408","0","","1","01","N","N","0","","0","0","0","0","0","N","1544","0","2","0","0","0","0","0","1","0","2","N","","","","","","","","","","","","03","  ","","",""
"1225","1","0","0","2","0","0","0","0","0","4","0","","36","09","2019","2019094847","7","40.0369","-76.3083","1220","08","0","0","0","0","0","0","0","0","","0","0","0","12","1","2","01","0","40 02:12.681","","00","76 18:30.027","3","0","0","0","36301","2","0","0","N","0","0","0","3","36301","0","","1","01","N","N","0","","2","0","0","3","3","","1220","2","3","0","0","0","0","0","3","0","1","N","","","","","","","","","","","","03","  ","","",""
"1050","0","0","0","1","0","0","0","0","0","5","0","","36","09","2019","2019094862","1","40.1111","-75.9982","1045","08","0","0","0","0","0","0","0","0","1","0","0","0","10","1","1","00","1","40 06:39.901","3","00","75 59:53.411","3","0","0","0","36213","1","0","0","N","0","0","0","3","36213","0","","2","01","N","N","0","","1","0","1","0","0","N","1042","1","2","0","0","0","0","0","1","0","1","N","","","","","","","","","","","","03","  ","","",""
"1725","1","0","0","0","0","0","0","0","0","0","0","99","36","08","2019","2019094863","7","40.1333","-76.212","1720","08","0","0","0","0","0","0","0","0","","0","0","0","17","2","1","00","0","40 08:00.030","","00","76 12:43.267","3","0","0","0","36238","0","0","0","N","0","0","0","1","36238","0","","3","01","Y","N","0","","1","0","0","0","0","N","1720","1","1","0","0","1","0","0","3","0","1","Y","2","1","N","","","N","Y","","","","","03","  ","","",""
"1701","2","0","0","0","0","0","0","0","0","4","0","","36","08","2019","2019094877","5","40.1319","-76.2176","1656","08","0","0","0","0","1","1","0","0","","0","0","0","16","1","2","00","0","40 07:54.840","","00","76 13:03.479","4","0","0","0","36238","0","0","0","N","0","0","0","2","36238","2","","1","01","N","N","0","","0","0","0","3","3","N","1656","2","2","0","0","0","0","0","3","0","2","N","","","","","","","","","","","","03","  ","","",""
"1456","0","0","0","0","0","0","0","0","0","0","0","","36","09","2019","2019094893","7","40.0622","-76.5757","1450","08","0","0","0","0","0","0","0","1","1","0","0","0","14","1","1","00","1","40 03:43.795","1","00","76 34:32.394","3","0","0","1","36211","0","0","0","N","0","0","0","1","36504","0","","1","01","N","N","0","","1","0","0","0","0","N","1445","1","1","0","0","0","0","0","1","0","1","N","","","","","","","","","","","","03","  ","","",""
"2018","0","0","0","0","0","0","0","0","0","7","0","","36","09","2019","2019094912","3","40.072","-76.3082","2017","08","0","0","0","0","0","1","0","0","1","0","0","0","20","2","1","00","2","40 04:19.214","1","00","76 18:29.412","3","0","0","0","36101","0","0","0","N","0","0","0","1","36101","0","","5","01","N","N","0","","1","0","1","0","0","Y","2015","1","1","0","0","0","0","0","3","0","1","N","","","","","","","","","","","","03","  ","","",""
"1250","1","0","0","0","0","0","0","0","0","0","0","","36","09","2019","2019094913","6","40.0686","-76.3054","1236","08","0","0","0","0","0","0","0","0","2","0","0","0","12","1","0","00","1","40 04:07.137","3","00","76 18:19.579","0","0","0","0","36101","0","0","0","N","0","0","0","1","36101","0","","1","01","N","N","0","","0","0","0","0","0","N","1234","0","1","0","0","0","0","0","3","0","1","N","","","","","","","","","","","","03","  ","","",""
"1452","1","0","0","0","0","0","0","0","0","4","1","","36","09","2019","2019094914","6","40.1166","-76.2348","1443","08","0","0","0","0","0","2","0","0","","0","1","0","14","1","0","00","0","40 06:59.628","","00","76 14:05.363","0","0","0","0","36101","0","0","0","N","0","0","0","2","36101","0","","1","01","N","N","0","","0","0","0","0","0","","1439","0","2","0","0","0","0","0","3","0","2","N","","","","","","","","","","","","03","  ","","",""
"1830","2","0","0","0","0","0","0","0","0","4","0","","36","09","2019","2019094915","6","40.0768","-76.3375","1827","08","0","0","0","0","0","0","1","0","2","0","0","0","18","1","2","02","2","40 04:36.517","1","00","76 20:14.845","3","0","0","0","36101","0","0","0","N","0","0","0","2","36101","0","","1","01","N","N","0","","2","0","0","3","2","N","1826","2","2","0","0","0","0","0","3","0","2","N","","","","","","","","","","","","03","  ","","",""
"0907","1","0","0","0","0","0","0","0","0","7","0","","36","09","2019","2019094916","6","40.0608","-76.3598","0859","08","0","0","0","0","0","0","0","0","2","0","0","0","08","1","1","01","1","40 03:38.802","3","01","76 21:35.222","4","0","0","0","36214","0","0","0","N","0","0","0","1","36214","1","","4","01","N","N","0","","0","0","0","0","0","N","0855","1","1","0","0","0","0","0","3","0","1","N","","","","","","","","","","","","03","  ","","",""
"1513","1","0","0","0","0","0","0","0","0","4","0","","36","09","2019","2019094917","7","40.0383","-76.3639","1511","08","0","0","0","1","0","0","0","0","2","0","0","0","15","1","2","00","2","40 02:17.896","5","00","76 21:49.922","3","0","0","0","36223","0","0","0","N","0","0","0","5","36223","1","","1","01","N","N","0","","1","0","1","0","0","Y","1509","2","2","0","0","0","0","0","1","0","2","N","","","","","","","","","","","","03","  ","","",""
"0832","1","0","0","0","0","0","0","0","0","4","0","","36","09","2019","2019094918","1","40.0203","-76.3569","0827","08","0","1","1","0","0","0","0","0","2","0","0","0","08","1","3","02","2","40 01:13.015","7","00","76 21:24.873","4","0","0","0","36223","0","0","0","N","0","0","0","4","36223","1","","1","01","N","N","0","","0","0","1","3","3","Y","0822","3","2","0","0","0","2","0","1","0","2","N","","","","","","","","","","","","03","  ","","",""
"1349","1","0","0","0","0","0","0","0","0","1","0","","36","09","2019","2019094919","4","40.0411","-76.391","1339","08","0","0","0","0","0","0","0","0","","0","0","0","13","1","2","00","0","40 02:27.794","","00","76 23:27.425","4","0","0","0","36223","0","0","0","N","0","0","0","7","36223","2","","1","01","N","N","0","","0","0","1","0","0","","1339","2","2","0","0","0","0","0","1","0","2","N","","","","","","","","","","","","03","  ","","",""
"1310","1","0","0","0","0","0","0","0","0","7","0","","36","09","2019","2019094948","7","40.1634","-76.0761","1256","08","1","0","0","0","0","0","0","0","","0","0","0","12","1","0","00","0","40 09:48.351","","00","76 04:34.036","0","0","0","0","36213","0","0","0","N","0","0","0","1","36213","0","","5","01","N","N","0","","0","0","0","0","0","N","1240","0","1","0","0","0","0","0","1","0","1","N","","","","","","","","","","","","03","  ","","",""
"2048","1","0","0","0","0","0","0","0","0","4","1","","36","09","2019","2019095093","7","40.0246","-76.3169","2038","08","0","0","0","0","0","1","0","0","","0","1","0","20","3","0","00","0","40 01:28.700","","00","76 19:00.800","0","0","0","0","36301","0","0","0","N","0","0","0","1","36301","0","","4","01","N","N","0","","0","0","0","0","0","","2036","0","2","0","0","0","0","0","3","0","2","N","","","","","","","","","","","","03","  ","","",""
"1503","1","0","0","0","0","0","0","0","0","1","0","","36","09","2019","2019095129","6","40.1636","-76.1524","1458","08","0","0","0","0","0","1","0","0","","0","0","0","14","1","0","01","0","40 09:48.894","","02","76 09:08.473","0","0","0","0","36218","0","0","0","N","0","0","0","2","36408","0","","1","01","N","N","0","","0","0","1","3","2","N","1458","0","2","0","0","0","0","0","1","0","2","N","","","","","","","","","","","","03","  ","","",""
"1740","3","0","0","0","0","0","0","0","0","2","0","","36","09","2019","2019095146","6","40.0458","-76.2904","9999","08","0","0","0","0","0","1","0","0","2","0","0","0","17","1","0","01","2","40 02:44.876","1","00","76 17:25.573","0","0","0","0","36301","0","0","0","Y","0","0","0","2","36301","0","","1","01","N","N","0","","0","0","0","3","3","Y","1740","0","3","0","0","0","0","0","3","0","3","N","","","","","","","","","","","","03","  ","","",""
"1656","2","0","0","0","0","0","0","0","0","1","0","","36","09","2019","2019095152","7","40.0515","-76.29","1653","08","0","0","0","0","1","0","0","1","","0","0","0","16","1","1","03","0","40 03:05.315","","00","76 17:24.091","3","0","0","0","36301","0","0","0","N","0","0","0","2","36301","0","","1","01","N","N","0","","1","0","0","3","2","N","1650","1","2","0","0","0","0","0","3","0","2","N","","","","","","","","","","","","03","  ","","",""
"1103","2","0","0","0","0","0","0","0","0","4","0","","36","09","2019","2019095156","7","40.0229","-76.3108","9999","08","0","0","0","0","0","0","0","1","2","0","0","0","11","1","0","02","1","40 01:22.443","2","00","76 18:38.772","0","0","0","0","36301","0","0","0","N","0","0","0","3","36301","0","","1","01","N","N","0","","0","0","0","0","0","Y","1103","0","2","0","0","0","0","0","3","0","2","N","","","","","","","","","","","","03","  ","","",""
"1037","1","0","0","0","0","0","0","0","0","1","0","","36","09","2019","2019095179","1","40.0262","-76.3035","1034","08","0","0","0","0","0","0","1","0","","0","0","0","10","1","1","02","0","40 01:34.250","","00","76 18:12.579","8","0","0","0","36301","0","0","0","N","0","0","0","5","36301","0","","1","01","N","N","1","","0","0","0","3","3","","1032","1","2","0","0","0","1","0","3","0","2","N","","","","","","","","","","","","03","  ","","",""
"2148","1","0","0","0","0","0","0","0","0","4","0","","36","08","2019","2019095189","4","40.131","-76.2171","2145","08","0","0","0","0","0","0","0","0","1","0","0","0","21","3","2","01","1","40 07:51.556","2","00","76 13:01.609","3","0","0","0","36238","0","0","0","N","0","0","0","2","36238","0","","1","01","N","N","0","","2","0","1","3","2","Y","2145","2","2","0","0","0","0","0","3","0","2","N","","","","","","","","","","","","03","  ","","",""
"1519","2","0","0","0","0","0","0","0","0","4","0","","36","09","2019","2019095233","7","40.2057","-76.1752","1515","08","0","0","0","0","0","0","1","0","1","0","0","0","15","1","1","01","2","40 12:20.434","7","00","76 10:30.803","8","0","0","0","36218","0","0","0","N","0","0","0","3","36408","0","","1","01","N","N","0","","0","0","0","3","3","Y","1514","1","2","0","0","0","1","0","1","0","2","N","","","","","","","","","","","","03","  ","","",""
"1245","1","0","0","0","0","0","0","0","0","1","0","","36","09","2019","2019095268","6","40.0378","-76.2735","1245","08","0","0","1","0","0","1","0","0","2","0","0","0","12","1","0","00","1","40 02:16.235","4","00","76 16:24.421","0","0","0","0","36240","0","0","0","N","0","0","0","2","36101","0","","1","01","N","N","0","","0","0","1","0","0","N","1241","0","2","0","0","0","0","0","1","0","2","N","","","","","","","","","","","","03","  ","","",""
"0906","2","0","0","0","0","0","0","0","0","4","0","","36","09","2019","2019095269","7","40.0265","-76.3283","0900","08","0","0","0","0","1","1","0","0","1","0","0","0","08","1","0","00","1","40 01:35.441","4","00","76 19:41.950","0","0","0","0","36220","0","0","0","N","0","0","0","2","36101","0","","1","01","N","N","0","","0","0","0","0","0","N","0859","0","2","0","0","0","0","0","3","0","2","N","","","","","","","","","","","","03","  ","","",""
"2341","0","0","0","0","0","0","0","0","0","7","0","","36","09","2019","2019095270","1","40.054","-76.3105","2338","08","0","0","0","0","0","0","0","0","2","0","0","0","23","3","1","02","1","40 03:14.127","2","00","76 18:38.123","3","0","0","0","36101","0","0","0","N","0","0","0","1","36101","0","","4","01","N","N","1","","1","0","0","0","0","N","2337","1","1","0","0","1","0","0","3","0","1","N","","","","","","","","","","","","03","  ","","",""
"2351","1","0","0","0","0","0","0","0","0","5","0","","36","09","2019","2019095271","1","40.019","-76.367","2349","08","0","0","0","0","0","0","0","0","1","0","0","0","23","3","0","00","2","40 01:08.240","6","00","76 22:01.100","0","0","0","0","36223","0","0","0","N","0","0","0","1","36223","0","","6","01","N","N","1","","0","0","0","0","0","Y","2343","0","2","0","0","0","0","0","1","0","2","N","","","","","","","","","","","","03","  ","","",""
"2256","0","0","0","0","0","0","0","0","0","7","0","","36","09","2019","2019095389","7","40.1878","-76.1598","2254","08","0","0","0","0","0","0","0","0","","0","0","0","22","2","1","00","0","40 11:15.900","","00","76 09:35.345","3","0","0","1","36218","0","0","0","N","0","0","0","1","36408","0","","5","01","N","N","0","","1","0","0","0","0","","2252","1","1","0","0","0","0","0","1","0","1","N","","","","","","","","","","","","03","  ","","",""
"1955","0","0","0","0","0","0","0","0","0","7","0","","36","09","2019","2019095390","7","40.1597","-76.6438","1947","08","0","0","0","0","0","1","0","0","","0","0","0","19","3","1","00","0","40 09:34.900","","00","76 38:37.800","8","0","0","1","36237","0","0","0","N","0","0","0","1","36505","0","","4","01","N","N","0","","0","0","0","0","0","N","1940","1","1","0","0","0","1","0","1","0","1","N","","","","","","","","","","","","03","  ","","",""
"1731","2","0","0","0","0","0","0","0","0","3","0","","36","09","2019","2019095394","5","40.0399","-76.3025","","08","0","0","0","0","0","0","0","0","1","0","0","0","17","1","1","00","1","40 02:23.714","4","00","76 18:08.902","3","0","0","0","36301","1","0","0","N","0","0","0","2","36301","0","","6","01","N","N","0","","1","0","0","0","0","N","1726","1","2","0","0","0","0","1","3","0","2","N","","","","","","","","","","","","03","  ","","",""