"ARRIVAL_TM","AUTOMOBILE_COUNT","BELTED_DEATH_COUNT","BELTED_SUSP_SERIOUS_INJ_COUNT","BICYCLE_COUNT","BICYCLE_DEATH_COUNT","BICYCLE_SUSP_SERIOUS_INJ_COUNT","BUS_COUNT","CHLDPAS_DEATH_COUNT","CHLDPAS_SUSP_SERIOUS_INJ_COUNT","COLLISION_TYPE","COMM_VEH_COUNT","CONS_ZONE_SPD_LIM","COUNTY","CRASH_MONTH","CRASH_YEAR","CRN","DAY_OF_WEEK","DEC_LAT","DEC_LONG","DISPATCH_TM","DISTRICT","DRIVER_COUNT_16YR","DRIVER_COUNT_17YR","DRIVER_COUNT_18YR","DRIVER_COUNT_19YR","DRIVER_COUNT_20YR","DRIVER_COUNT_50_64YR","DRIVER_COUNT_65_74YR","DRIVER_COUNT_75PLUS","EST_HRS_CLOSED","FATAL_COUNT","HEAVY_TRUCK_COUNT","HORSE_BUGGY_COUNT","HOUR_OF_DAY","ILLUMINATION","INJURY_COUNT","INTERSECT_TYPE","LANE_CLOSED","LATITUDE","LN_CLOSE_DIR","LOCATION_TYPE","LONGITUDE","MAX_SEVERITY_LEVEL","MCYCLE_DEATH_COUNT","MCYCLE_SUSP_SERIOUS_INJ_COUNT","MOTORCYCLE_COUNT","MUNICIPALITY","NONMOTR_COUNT","NONMOTR_DEATH_COUNT","NONMOTR_SUSP_SERIOUS_INJ_COUNT","NTFY_HIWY_MAINT","PED_COUNT","PED_DEATH_COUNT","PED_SUSP_SERIOUS_INJ_COUNT","PERSON_COUNT","POLICE_AGCY","POSSIBLE_INJ_COUNT","RDWY_SURF_TYPE_CD","RELATION_TO_ROAD","ROAD_CONDITION","SCH_BUS_IND","SCH_ZONE_IND","SMALL_TRUCK_COUNT","SPEC_JURIS_CD","SUSP_MINOR_INJ_COUNT","SUSP_SERIOUS_INJ_COUNT","SUV_COUNT","TCD_FUNC_CD","TCD_TYPE","TFC_DETOUR_IND","TIME_OF_DAY","TOT_INJ_COUNT","TOTAL_UNITS","UNB_DEATH_COUNT","UNB_SUSP_SERIOUS_INJ_COUNT","UNBELTED_OCC_COUNT","UNK_INJ_DEG_COUNT","UNK_INJ_PER_COUNT","URBAN_RURAL","VAN_COUNT","VEHICLE_COUNT","WORK_ZONE_IND","WORK_ZONE_LOC","WORK_ZONE_TYPE","WORKERS_PRES","WZ_CLOSE_DETOUR","WZ_FLAGGER","WZ_LAW_OFFCR_IND","WZ_LN_CLOSURE","WZ_MOVING","WZ_OTHER","WZ_SHLDER_MDN","ROADWAY_CLEARED","WEATHER1","WEATHER2","WZ_WORKERS_INJ_KILLED","SECONDARY_CRASH","INTERSECTION_RELATED"
"0521","0","0","0","0","0","0","0","0","0","7","0","","36","09","2019","2019095398","6","40.176","-76.1692","0519","08","0","0","0","1","0","0","0","0","1","0","0","0","05","3","0","00","1","40 10:33.519","2","00","76 10:09.208","0","0","0","0","36408","0","0","0","N","0","0","0","1","36408","0","","4","01","N","N","1","","0","0","0","0","0","Y","0517","0","1","0","0","0","0","0","2","0","1","N","","","","","","","","","","","","03","  ","","",""
"2305","2","0","0","0","0","0","0","0","0","4","0","","36","09","2019","2019095582","5","40.0332","-76.3104","2303","08","0","0","0","0","0","0","0","0","","0","0","0","22","3","0","01","0","40 01:59.467","","00","76 18:37.604","9","0","0","0","36301","0","0","0","N","0","0","0","2","36301","0","","1","01","N","N","0","","0","0","0","3","3","N","2257","0","2","0","0","0","0","1","3","0","2","N","","","","","","","","","","","","03","  ","","",""
"0323","1","0","0","0","0","0","0","0","0","2","0","","36","09","2019","2019095599","6","40.0455","-76.3327","0318","08","0","0","0","0","0","0","0","0","","0","0","0","03","2","0","00","0","40 02:43.636","","00","76 19:57.764","0","0","0","0","36220","0","0","0","N","0","0","0","1","36101","0","","1","01","N","N","0","","0","0","1","0","0","","0316","0","2","0","0","0","0","0","3","0","2","N","","","","","","","","","","","","03","  ","","",""
"2218","1","0","0","0","0","0","0","0","0","7","0","","36","09","2019","2019095600","1","40.1045","-76.2534","2211","08","0","0","0","0","0","0","0","0","","0","0","0","22","2","1","00","0","40 06:16.331","","00","76 15:12.138","4","0","0","0","36101","0","0","0","N","0","0","0","1","36101","1","","4","01","N","N","0","","0","0","0","0","0","","2208","1","1","0","0","0","0","0","3","0","1","N","","","","","","","","","","","","03","  ","","",""
"1718","1","0","0","0","0","0","0","0","0","1","0","","36","09","2019","2019095601","5","40.0877","-76.3642","1712","08","0","0","0","1","0","0","0","0","1","0","0","0","17","1","0","00","1","40 05:15.860","4","00","76 21:51.120","0","0","0","0","36214","0","0","0","N","0","0","0","2","36214","0","","1","01","N","N","1","","0","0","0","0","0","N","1707","0","2","0","0","0","0","0","3","0","2","N","","","","","","","","","","","","03","  ","","",""
"1609","1","0","0","0","0","0","0","0","0","4","0","","36","09","2019","2019095602","3","40.0807","-76.2444","1559","08","0","0","0","0","0","0","0","0","2","0","0","0","15","1","1","02","1","40 04:50.696","5","00","76 14:38.898","3","0","0","1","36215","0","0","0","N","0","0","0","2","36215","0","","1","01","N","N","0","","1","0","0","3","3","Y","1559","1","2","0","0","0","0","0","1","0","2","N","","","","","","","","","","","","03","  ","","",""
"1649","0","0","0","0","0","0","0","0","0","1","1","","36","09","2019","2019095603","6","40.0296","-76.2291","1622","08","0","0","0","0","0","0","0","0","2","0","1","0","16","1","1","00","1","40 01:46.567","4","00","76 13:44.722","3","0","0","0","36215","0","0","0","N","0","0","0","4","36215","0","","1","01","N","N","1","","1","0","1","0","0","N","1618","1","3","0","0","0","0","1","1","0","3","N","","","","","","","","","","","","03","  ","","",""
"1029","0","0","0","1","0","0","0","0","0","4","0","","36","09","2019","2019095604","7","40.0626","-76.2439","1025","08","0","0","0","0","0","0","0","1","","0","0","0","10","1","1","02","0","40 03:45.356","","07","76 14:38.072","3","0","0","0","36215","1","0","0","N","0","0","0","2","36215","0","","1","01","N","N","0","","1","0","1","3","3","","1022","1","2","0","0","0","0","0","1","0","1","N","","","","","","","","","","","","03","  ","","",""
"2216","2","0","0","0","0","0","0","0","0","1","0","","36","09","2019","2019095722","7","40.0395","-76.306","2216","08","0","0","0","0","0","0","0","0","1","0","0","0","22","3","0","01","1","40 02:22.325","4","00","76 18:21.503","0","0","0","0","36301","0","0","0","N","0","0","0","6","36301","0","","1","01","N","N","0","","0","0","1","3","2","N","2214","0","3","0","0","0","0","0","3","0","3","N","","","","","","","","","","","","03","  ","","",""
"1537","1","0","0","0","0","0","0","0","0","7","0","","36","08","2019","2019095754","2","40.2181","-76.0726","1530","08","0","0","0","0","0","0","0","0","2","0","0","0","15","1","1","00","1","40 13:05.311","1","00","76 04:21.331","3","0","0","0","36210","0","0","0","N","0","0","0","1","36210","0","","4","01","N","N","0","","1","0","0","0","0","Y","1530","1","1","0","0","0","0","0","1","0","1","N","","","","","","","","","","","","03","  ","","",""
"0654","2","0","0","0","0","0","0","0","0","2","0","","36","09","2019","2019095760","6","40.2291","-76.1431","0648","08","0","0","0","0","0","0","0","1","2","0","0","0","06","1","2","00","2","40 13:44.776","5","00","76 08:35.284","8","0","0","0","36405","0","0","0","N","0","0","0","2","36210","0","","1","01","N","N","0","","0","0","0","0","0","Y","0647","2","2","0","0","0","2","0","1","0","2","N","","","","","","","","","","","","03","  ","","",""
"0250","1","0","0","0","0","0","0","0","0","7","0","","36","09","2019","2019095763","6","40.1836","-76.1017","0244","08","0","0","0","0","0","0","0","0","1","0","0","0","02","2","0","00","1","40 11:00.841","2","00","76 06:06.141","0","0","0","0","36210","0","0","0","N","0","0","0","1","36210","0","","2","01","N","N","0","","0","0","0","0","0","N","0244","0","1","0","0","1","0","0","1","0","1","N","","","","","","","","","","","","03","  ","","",""
"1431","2","0","0","0","0","0","0","0","0","4","0","","36","09","2019","2019095764","6","40.2137","-76.1264","1431","08","0","0","0","0","0","1","1","0","","0","0","0","14","1","0","01","0","40 12:49.356","","00","76 07:35.127","0","0","0","0","36210","0","0","0","N","0","0","0","2","36210","0","","1","01","N","N","0","","0","0","0","3","2","","1431","0","2","0","0","0","0","0","1","0","2","N","","","","","","","","","","","","03","  ","","",""
"1853","1","0","0","0","0","0","0","0","0","5","0","","36","09","2019","2019095765","2","40.2148","-76.1198","1850","08","0","1","0","0","0","0","0","0","2","0","0","0","18","1","1","00","2","40 12:53.200","5","00","76 07:11.400","3","0","0","0","36210","0","0","0","N","0","0","0","1","36210","0","","6","01","N","N","0","","1","0","1","0","0","Y","1850","1","2","0","0","0","0","0","1","0","2","N","","","","","","","","","","","","03","  ","","",""
"2250","2","0","0","0","0","0","0","0","0","1","0","","36","09","2019","2019095771","6","40.0336","-76.308","2231","08","0","0","0","0","0","1","0","0","2","0","0","0","22","3","0","00","1","40 02:01.100","2","00","76 18:28.700","0","0","0","0","36301","0","0","0","N","0","0","0","1","36301","0","","2","01","N","N","0","","0","0","0","0","0","N","2231","0","2","0","0","0","0","0","3","0","2","N","","","","","","","","","","","","03","  ","","",""
"1350","1","0","0","0","0","0","0","0","0","4","0","","36","09","2019","2019095797","4","40.0389","-76.5105","9999","08","0","0","0","0","0","1","0","0","1","0","0","0","13","1","0","01","1","40 02:20.202","7","02","76 30:37.819","0","0","0","0","36239","0","0","0","N","0","0","0","2","36404","0","","1","01","N","N","1","","0","0","0","9","2","N","1350","0","2","0","0","0","0","0","3","0","2","N","","","","","","","","","","","","03","  ","","",""
"0814","1","0","0","0","0","0","0","0","0","4","0","","36","09","2019","2019095865","2","40.1788","-76.6007","0810","08","0","0","0","0","0","0","0","0","","0","0","0","08","1","1","01","0","40 10:43.752","","02","76 36:02.408","3","0","0","0","36225","0","0","0","N","0","0","0","2","36505","0","","1","01","N","N","0","","1","0","1","3","2","","0810","1","2","0","0","0","0","0","2","0","2","N","","","","","","","","","","","","03","  ","","",""
"1733","1","0","0","0","0","0","0","0","0","1","0","","36","09","2019","2019096015","2","40.0766","-76.3374","1726","08","0","0","0","0","0","0","0","0","","0","0","0","17","1","1","00","0","40 04:35.794","","00","76 20:14.506","8","0","0","0","36101","0","0","0","N","0","0","0","4","36101","0","","1","01","N","N","0","","0","0","0","0","0","","1720","1","2","0","0","0","1","0","3","1","2","N","","","","","","","","","","","","03","  ","","",""
"1617","1","0","0","0","0","0","0","0","0","0","0","","36","09","2019","2019096016","3","40.0259","-76.2103","1603","08","0","0","0","0","0","1","0","0","2","0","0","0","16","1","0","00","1","40 01:33.346","4","00","76 12:37.131","0","0","0","0","36215","0","0","0","N","0","0","0","3","36215","0","","1","01","N","N","1","","0","0","0","0","0","N","1603","0","2","0","0","0","0","0","1","0","2","N","","","","","","","","","","","","03","  ","","",""
"1829","1","0","0","0","0","0","0","0","0","7","0","","36","09","2019","2019096017","4","40.0872","-76.1911","1816","08","0","0","0","0","0","1","0","0","2","0","0","0","18","1","0","03","1","40 05:13.839","4","00","76 11:27.832","0","0","0","0","36234","0","0","0","N","0","0","0","1","36215","0","","4","01","N","N","0","","0","0","0","0","0","N","1813","0","1","0","0","0","0","0","1","0","1","N","","","","","","","","","","","","03","  ","","",""
"1716","1","0","0","0","0","0","0","0","0","1","0","55","36","08","2019","2019096056","4","40.1654","-76.1508","1701","08","0","0","0","0","0","0","1","0","","0","0","0","16","1","0","00","0","40 09:55.607","","00","76 09:02.960","0","0","0","0","36218","0","0","0","N","0","0","0","3","68J01","0","","1","01","N","N","0","","0","0","1","0","0","","1653","0","2","0","0","0","0","0","1","0","2","Y","8","1","N","","","Y","","Y","","","","03","  ","","",""
"0906","1","0","1","0","0","0","0","0","0","1","1","55","36","08","2019","2019096063","3","40.1559","-76.1554","0906","08","0","0","0","0","0","1","0","0","2","0","1","0","09","1","1","00","1","40 09:21.228","1","00","76 09:19.369","2","0","0","0","36238","0","0","0","N","0","0","0","2","68J01","0","","1","01","N","N","0","","0","1","0","3","2","N","0905","1","2","0","0","0","0","0","3","0","2","Y","2","1","Y","N","N","Y","Y","N","N","Y","","03","  ","","",""
"1840","1","0","0","0","0","0","0","0","0","7","0","","36","08","2019","2019096065","4","40.2257","-76.059","1754","08","0","0","0","0","1","0","0","0","2","0","0","0","17","1","1","00","1","40 13:32.573","1","00","76 03:32.529","3","0","0","0","36202","0","0","0","Y","0","0","0","1","68J01","0","","4","09","N","N","0","","1","0","0","0","0","Y","1751","1","1","0","0","0","0","0","1","0","1","N","","","","","","","","","","","","07","  ","","",""
"1252","1","0","0","0","0","0","0","0","0","4","0","","36","08","2019","2019096068","5","40.2208","-76.0188","1219","08","0","0","0","0","0","1","1","0","3","0","0","0","12","1","0","02","1","40 13:14.928","2","00","76 01:07.571","0","0","0","0","36202","0","0","0","N","0","0","0","4","68J01","0","","1","01","N","N","0","","0","0","1","0","0","N","1216","0","2","0","0","0","0","0","1","0","2","N","","","","","","","","","","","","03","  ","","",""
"0648","1","0","0","0","0","0","0","0","0","4","0","","36","08","2019","2019096071","6","39.9307","-76.2529","0643","08","0","0","0","0","0","0","0","0","2","0","0","0","06","1","0","02","1","39 55:50.276","3","00","76 15:10.901","0","0","0","0","36229","0","0","0","N","0","0","0","2","68J01","0","","1","01","N","N","0","","0","0","1","3","3","N","0641","0","2","0","0","0","0","0","1","0","2","N","","","","","","","","","","","","03","  ","","",""
"2115","1","0","0","0","0","0","0","0","0","7","0","","36","08","2019","2019096073","7","40.0537","-76.1314","2107","08","0","0","0","0","0","0","0","0","2","0","0","0","21","2","0","00","2","40 03:13.275","6","00","76 07:53.106","0","0","0","0","36221","0","0","0","N","0","0","0","1","68J01","0","","4","01","N","N","0","","0","0","0","0","0","Y","2104","0","1","0","0","0","0","0","1","0","1","N","","","","","","","","","","","","03","  ","","",""
"1543","1","0","0","0","0","0","0","0","0","7","0","","36","09","2019","2019096074","1","39.9697","-76.1813","1537","08","0","0","0","1","0","0","0","0","1","0","0","0","14","1","2","00","1","39 58:11.054","5","00","76 10:52.536","8","0","0","0","36233","0","0","0","N","0","0","0","2","68J01","0","","4","01","N","N","0","","0","0","0","0","0","N","1454","2","1","0","0","2","2","0","1","0","1","N","","","","","","","","","","","","03","  ","","",""
"1140","2","0","0","0","0","0","0","0","0","4","0","","36","09","2019","2019096172","5","40.2264","-76.1804","1135","08","0","0","0","0","0","0","1","0","2","0","0","0","11","1","1","01","1","40 13:34.893","2","00","76 10:49.273","8","0","0","0","36236","0","0","0","N","0","0","0","2","36408","0","","1","01","N","N","0","","0","0","0","3","3","N","1134","1","2","0","0","0","1","0","1","0","2","N","","","","","","","","","","","","03","  ","","",""
"0731","0","0","0","0","0","0","0","0","0","7","0","","36","09","2019","2019096174","4","40.2867","-76.2037","0727","08","0","0","0","0","0","0","0","0","","0","0","0","06","1","0","00","0","40 17:12.211","","00","76 12:13.340","0","0","0","1","36236","0","0","0","N","0","0","0","1","36408","0","","2","01","N","N","0","","0","0","0","0","0","","0630","0","1","0","0","0","0","0","1","0","1","N","","","","","","","","","","","","03","  ","","",""
"0003","1","0","0","0","0","0","0","0","0","7","0","","36","09","2019","2019096184","3","40.0524","-76.4727","0000","08","0","0","0","0","0","0","0","0","2","0","0","0","23","2","1","00","2","40 03:08.728","6","00","76 28:21.789","8","0","0","0","36239","0","0","0","Y","0","0","0","1","36239","0","","2","01","N","N","0","","0","0","0","0","0","Y","2357","1","1","0","0","0","1","0","3","0","1","N","","","","","","","","","","","","03","  ","","",""
"2126","2","0","0","0","0","0","0","0","0","4","0","","36","09","2019","2019096192","3","40.0156","-76.26","2119","08","0","0","1","0","0","0","0","0","","0","0","0","21","3","0","01","0","40 00:56.002","","00","76 15:35.886","0","0","0","0","36240","0","0","0","N","0","0","0","2","36240","0","","1","01","N","N","0","","0","0","0","3","2","N","2112","0","2","0","0","0","0","0","1","0","2","N","","","","","","","","","","","","03","  ","","",""
"1631","0","0","0","0","0","0","0","0","0","1","0","","36","09","2019","2019096279","3","40.1395","-76.5889","1623","08","0","0","0","0","0","0","0","0","","0","0","0","16","1","1","00","0","40 08:22.213","","00","76 35:19.895","4","0","0","0","36237","0","0","0","N","0","0","0","3","36505","1","","1","01","N","N","1","","0","0","1","0","0","N","1620","1","2","0","0","0","0","0","1","0","2","N","","","","","","","","","","","","03","  ","","",""
"1121","0","0","0","0","0","0","0","0","0","4","0","","36","09","2019","2019096447","4","40.0579","-76.2808","1114","08","0","0","0","0","0","0","0","0","2","0","0","0","11","1","0","01","1","40 03:28.276","1","00","76 16:50.908","0","0","0","0","36101","0","0","0","N","0","0","0","2","36101","0","","1","01","N","N","0","","0","0","2","3","2","N","1111","0","2","0","0","0","0","0","3","0","2","N","","","","","","","","","","","","03","  ","","",""
"0950","1","0","0","0","0","0","0","0","0","4","0","","36","09","2019","2019096448","4","40.0603","-76.2772","0943","08","0","0","1","0","0","0","0","0","","0","0","0","09","1","0","07","0","40 03:36.711","","00","76 16:39.051","0","0","0","0","36101","0","0","0","N","0","0","0","2","36101","0","","1","01","N","N","0","","0","0","1","3","2","","0938","0","2","0","0","0","0","0","3","0","2","N","","","","","","","","","","","","03","  ","","",""
"1332","1","0","0","0","0","0","0","0","0","4","0","","36","09","2019","2019096449","7","40.0685","-76.3074","1324","08","0","0","0","0","0","0","0","0","","0","0","0","13","1","1","01","0","40 04:06.527","","00","76 18:26.750","4","0","0","0","36101","0","0","0","N","0","0","0","7","36101","1","","1","01","N","N","0","","0","0","1","3","2","","1320","1","2","0","0","0","0","0","3","0","2","N","","","","","","","","","","","","03","  ","","",""
"0836","1","0","0","0","0","0","0","0","0","1","0","","36","09","2019","2019096450","3","40.0489","-76.3456","0835","08","0","0","0","0","0","0","0","0","1","0","0","0","08","1","1","00","2","40 02:56.000","6","00","76 20:44.013","3","0","0","0","36214","0","0","0","N","0","0","0","5","36214","0","","1","01","N","N","0","","1","0","1","0","0","N","0834","1","3","0","0","0","0","0","3","1","3","N","","","","","","","","","","","","03","  ","","",""
"0733","0","0","0","0","0","0","0","0","0","4","0","65","36","09","2019","2019096451","4","40.0908","-76.3847","0727","08","0","0","0","0","0","0","0","0","4","0","0","0","07","1","0","00","2","40 05:26.721","3","00","76 23:04.977","0","0","0","0","36214","0","0","0","N","0","0","0","2","36214","0","","1","01","N","N","0","","0","0","1","0","0","Y","0718","0","2","0","0","0","0","0","3","1","2","Y","2","1","Y","N","N","N","N","N","N","Y","","03","  ","","",""
"1541","0","0","0","0","0","0","0","0","0","8","0","","36","09","2019","2019096452","1","40.0302","-76.2417","1536","08","0","0","0","0","0","0","0","0","","0","0","0","15","1","1","00","0","40 01:48.700","","00","76 14:30.000","3","0","0","0","36215","1","0","0","N","1","0","0","2","36215","0","","1","01","N","N","0","","1","0","1","0","0","","1536","1","2","0","0","0","0","0","1","0","1","N","","","","","","","","","","","","03","  ","","",""
"0719","1","0","0","0","0","0","0","0","0","7","0","","36","09","2019","2019096453","4","40.0474","-76.2334","0711","08","0","0","0","0","0","0","0","0","","0","0","0","07","1","1","00","0","40 02:50.809","","00","76 14:00.215","3","0","0","0","36215","0","0","0","N","0","0","0","1","36215","0","","4","01","N","N","0","","1","0","0","0","0","","0707","1","1","0","0","1","0","0","1","0","1","N","","","","","","","","","","","","03","  ","","",""
"1652","2","0","0","0","0","0","0","0","0","4","0","","36","09","2019","2019096454","1","40.009","-76.4293","1650","08","0","0","1","0","0","1","0","0","2","0","0","0","16","1","1","01","1","40 00:32.544","2","00","76 25:45.623","4","0","0","0","36223","0","0","0","N","0","0","0","2","36223","1","","1","01","N","N","0","","0","0","0","3","3","N","1646","1","2","0","0","0","0","0","1","0","2","N","","","","","","","","","","","","03","  ","","",""
"1000","2","0","0","0","0","0","0","0","0","4","0","","36","09","2019","2019096455","3","40.001","-76.4215","0955","08","0","0","0","0","0","0","0","1","2","0","0","0","09","1","0","01","1","40 00:03.498","7","00","76 25:17.439","0","0","0","0","36223","0","0","0","N","0","0","0","2","36223","0","","1","01","N","N","0","","0","0","0","3","3","N","0950","0","2","0","0","0","0","0","1","0","2","N","","","","","","","","","","","","03","  ","","",""
"0836","2","0","0","0","0","0","0","0","0","5","0","","36","09","2019","2019096456","3","40.1615","-76.3076","0833","08","0","0","0","0","0","0","0","0","1","0","0","0","08","1","0","00","1","40 09:41.320","3","00","76 18:27.270","0","0","0","0","36409","0","0","0","N","0","0","0","1","36409","0","","6","01","N","N","0","","0","0","1","0","0","N","0832","0","3","0","0","0","0","0","3","0","3","N","","","","","","","","","","","","03","  ","","",""
"0919","1","0","0","0","0","0","0","0","0","4","1","","36","09","2019","2019096457","2","40.1502","-76.3069","0919","08","0","0","1","0","0","0","1","0","","0","1","0","09","1","0","01","0","40 09:00.601","","00","76 18:24.869","0","0","0","0","36409","0","0","0","N","0","0","0","2","36409","0","","1","01","N","N","0","","0","0","0","3","2","","0919","0","2","0","0","0","0","0","3","0","2","N","","","","","","","","","","","","03","  ","","",""
"1533","2","0","0","0","0","0","0","0","0","4","0","","36","09","2019","2019096458","3","40.1503","-76.3805","1526","08","0","0","0","0","0","1","0","0","","0","0","0","15","1","0","00","0","40 09:00.991","","00","76 22:49.853","0","0","0","0","36227","0","0","0","N","0","0","0","2","36506","0","","1","01","N","N","0","","0","0","0","0","0","","1526","0","2","0","0","0","0","0","1","0","2","N","","","","","","","","","","","","03","  ","","",""
"2225","1","0","0","0","0","0","0","0","0","7","0","","36","09","2019","2019096459","5","40.1601","-76.3537","2220","08","0","0","0","0","0","0","0","0","","0","0","0","22","2","0","00","0","40 09:36.391","","00","76 21:13.487","0","0","0","0","36227","0","0","0","N","0","0","0","1","36506","0","","2","01","N","N","0","","0","0","0","0","0","","2217","0","1","0","0","0","0","0","1","0","1","N","","","","","","","","","","","","03","  ","","",""
"1312","0","0","0","0","0","0","0","0","0","7","0","","36","09","2019","2019096460","6","40.2403","-76.2496","1302","08","0","0","0","0","0","0","0","0","","0","0","0","13","1","0","00","0","40 14:25.037","","00","76 14:58.480","0","0","0","0","36204","0","0","0","N","0","0","0","1","36506","0","","2","01","N","N","0","","0","0","0","0","0","","1301","0","1","0","0","0","0","0","1","1","1","N","","","","","","","","","","","","03","  ","","",""
"0847","0","0","0","0","0","0","0","0","0","7","0","","36","09","2019","2019096461","7","40.1687","-76.2765","0837","08","0","1","0","0","0","0","0","0","2","0","0","0","08","1","0","00","2","40 10:07.480","6","00","76 16:35.340","0","0","0","0","36235","0","0","0","N","0","0","0","1","36506","0","","4","01","N","N","0","","0","0","1","0","0","Y","0837","0","1","0","0","0","0","0","1","0","1","N","","","","","","","","","","","","03","  ","","",""
"0816","1","0","0","0","0","0","0","0","0","7","0","","36","09","2019","2019096462","2","40.1407","-76.3258","0811","08","0","0","0","0","0","0","0","0","","0","0","0","08","2","0","00","0","40 08:26.590","","00","76 19:32.970","9","0","0","0","36235","0","0","0","N","0","0","0","1","36506","0","","5","01","N","N","0","","0","0","0","0","0","","0811","0","1","0","0","0","0","1","1","0","1","N","","","","","","","","","","","","03","  ","","",""
"1807","0","0","0","0","0","0","0","0","0","4","0","","36","09","2019","2019096463","3","40.1736","-76.3384","1804","08","0","0","0","0","0","0","0","0","2","0","0","","18","1","0","01","2","40 10:25.133","7","00","76 20:18.061","9","0","0","0","36227","0","0","0","N","0","0","0","5","36506","0","","1","01","N","N","0","","0","0","0","3","3","Y","1804","0","2","0","0","0","0","0","1","0","0","N","","","","","","","","","","","","03","  ","","",""
"1112","0","0","0","0","0","0","0","0","0","7","0","","36","09","2019","2019096670","4","40.1566","-76.1242","1104","08","0","0","0","0","0","1","0","0","3","0","1","0","11","1","0","00","2","40 09:23.700","6","00","76 07:27.200","0","0","0","0","36218","0","0","0","N","0","0","0","2","36408","0","","4","01","N","N","0","","0","0","0","0","0","Y","1102","0","1","0","0","1","0","0","1","0","1","N","","","","","","","","","","","","03","  ","","",""
"1809","4","0","0","0","0","0","0","0","0","1","0","","36","09","2019","2019096836","1","40.1312","-76.5638","1804","08","0","0","0","0","0","1","0","0","2","0","0","0","18","1","2","01","2","40 07:52.429","4","00","76 33:49.559","8","0","0","0","36225","0","0","0","N","0","0","0","5","36505","0","","1","01","N","N","0","","0","0","0","3","2","N","1802","2","4","0","0","0","2","0","2","0","4","N","","","","","","","","","","","","03","  ","","",""
"1054","0","0","0","0","0","0","0","0","0","1","0","","36","09","2019","2019096885","1","40.0788","-76.3464","1049","08","0","0","0","0","0","0","1","0","","0","0","0","10","1","1","00","0","40 04:43.660","","00","76 20:46.977","3","0","0","0","36101","0","0","0","N","0","0","0","4","36101","0","","1","01","N","N","0","","1","0","1","9","3","","1046","1","2","0","0","0","0","0","3","1","2","N","","","","","","","","","","","","03","  ","","",""
"0855","0","0","0","0","0","0","0","0","0","4","0","","36","09","2019","2019096886","4","40.1028","-76.2572","0849","08","0","0","0","0","0","0","1","0","","0","0","0","08","1","1","00","0","40 06:10.126","","00","76 15:25.922","3","0","0","0","36101","0","0","0","N","0","0","0","3","36101","0","","1","01","N","N","1","","1","0","1","0","0","","0843","1","2","0","0","0","0","0","3","0","2","N","","","","","","","","","","","","03","  ","","",""
"1513","0","0","0","0","0","0","0","0","0","4","1","","36","09","2019","2019096887","4","40.0579","-76.2808","1512","08","0","0","0","0","0","1","0","0","2","0","1","0","15","1","0","01","1","40 03:28.360","3","00","76 16:50.842","0","0","0","0","36101","0","0","0","N","0","0","0","5","36101","0","","1","01","Y","N","0","","0","0","0","3","2","Y","1510","0","2","0","0","0","0","0","3","1","2","N","","","","","","","","","","","","03","  ","","",""
"1812","2","0","0","0","0","0","0","0","0","1","0","","36","09","2019","2019096888","4","40.0594","-76.3125","1802","08","0","0","0","0","0","1","0","0","2","0","0","0","17","1","0","00","1","40 03:33.809","2","00","76 18:44.973","0","0","0","0","36101","0","0","0","N","0","0","0","2","36101","0","","1","01","N","N","0","","0","0","0","0","0","Y","1729","0","2","0","0","0","0","0","3","0","2","N","","","","","","","","","","","","03","  ","","",""
"1749","0","0","0","0","0","0","0","0","0","1","0","","36","09","2019","2019096889","4","40.0831","-76.2742","1745","08","0","0","0","0","0","0","0","0","1","0","0","0","17","1","1","00","2","40 04:59.105","2","00","76 16:27.253","3","0","0","0","36101","0","0","0","N","0","0","0","4","36101","0","","1","01","N","N","1","","1","0","1","0","0","N","1741","1","2","0","0","2","0","0","3","0","2","N","","","","","","","","","","","","03","  ","","",""
"1431","1","0","0","0","0","0","0","0","0","4","0","","36","09","2019","2019096890","1","40.0918","-76.1597","1425","08","0","0","0","0","0","0","0","0","1","0","0","0","14","1","1","01","1","40 05:30.450","7","00","76 09:34.785","8","0","0","1","36234","0","0","0","N","0","0","0","2","36215","0","","1","01","N","N","0","","0","0","0","3","3","N","1423","1","2","0","0","0","1","0","1","0","2","N","","","","","","","","","","","","03","  ","","",""
"1530","0","0","0","0","0","0","0","0","0","4","0","","36","09","2019","2019096891","1","40.0306","-76.2343","1527","08","0","0","0","0","0","0","0","0","2","0","0","0","15","1","1","05","1","40 01:50.356","3","00","76 14:03.582","3","0","0","0","36215","0","0","0","N","0","0","0","5","36215","0","","1","01","N","N","0","","1","0","2","3","2","N","1525","1","2","0","0","0","0","0","1","0","2","N","","","","","","","","","","","","03","  ","","",""
"1640","1","0","0","0","0","0","0","0","0","1","0","","36","09","2019","2019096892","6","40.0212","-76.3596","1636","08","0","0","1","0","0","0","0","0","","0","0","0","16","1","1","03","0","40 01:16.356","","00","76 21:34.593","3","0","0","0","36223","0","0","0","N","0","0","0","3","36223","0","","1","01","N","N","1","","1","0","0","0","0","","1636","1","2","0","0","0","0","0","1","0","2","N","","","","","","","","","","","","03","  ","","",""