"ARRIVAL_TM","AUTOMOBILE_COUNT","BELTED_DEATH_COUNT","BELTED_SUSP_SERIOUS_INJ_COUNT","BICYCLE_COUNT","BICYCLE_DEATH_COUNT","BICYCLE_SUSP_SERIOUS_INJ_COUNT","BUS_COUNT","CHLDPAS_DEATH_COUNT","CHLDPAS_SUSP_SERIOUS_INJ_COUNT","COLLISION_TYPE","COMM_VEH_COUNT","CONS_ZONE_SPD_LIM","COUNTY","CRASH_MONTH","CRASH_YEAR","CRN","DAY_OF_WEEK","DEC_LAT","DEC_LONG","DISPATCH_TM","DISTRICT","DRIVER_COUNT_16YR","DRIVER_COUNT_17YR","DRIVER_COUNT_18YR","DRIVER_COUNT_19YR","DRIVER_COUNT_20YR","DRIVER_COUNT_50_64YR","DRIVER_COUNT_65_74YR","DRIVER_COUNT_75PLUS","EST_HRS_CLOSED","FATAL_COUNT","HEAVY_TRUCK_COUNT","HORSE_BUGGY_COUNT","HOUR_OF_DAY","ILLUMINATION","INJURY_COUNT","INTERSECT_TYPE","LANE_CLOSED","LATITUDE","LN_CLOSE_DIR","LOCATION_TYPE","LONGITUDE","MAX_SEVERITY_LEVEL","MCYCLE_DEATH_COUNT","MCYCLE_SUSP_SERIOUS_INJ_COUNT","MOTORCYCLE_COUNT","MUNICIPALITY","NONMOTR_COUNT","NONMOTR_DEATH_COUNT","NONMOTR_SUSP_SERIOUS_INJ_COUNT","NTFY_HIWY_MAINT","PED_COUNT","PED_DEATH_COUNT","PED_SUSP_SERIOUS_INJ_COUNT","PERSON_COUNT","POLICE_AGCY","POSSIBLE_INJ_COUNT","RDWY_SURF_TYPE_CD","RELATION_TO_ROAD","ROAD_CONDITION","SCH_BUS_IND","SCH_ZONE_IND","SMALL_TRUCK_COUNT","SPEC_JURIS_CD","SUSP_MINOR_INJ_COUNT","SUSP_SERIOUS_INJ_COUNT","SUV_COUNT","TCD_FUNC_CD","TCD_TYPE","TFC_DETOUR_IND","TIME_OF_DAY","TOT_INJ_COUNT","TOTAL_UNITS","UNB_DEATH_COUNT","UNB_SUSP_SERIOUS_INJ_COUNT","UNBELTED_OCC_COUNT","UNK_INJ_DEG_COUNT","UNK_INJ_PER_COUNT","URBAN_RURAL","VAN_COUNT","VEHICLE_COUNT","WORK_ZONE_IND","WORK_ZONE_LOC","WORK_ZONE_TYPE","WORKERS_PRES","WZ_CLOSE_DETOUR","WZ_FLAGGER","WZ_LAW_OFFCR_IND","WZ_LN_CLOSURE","WZ_MOVING","WZ_OTHER","WZ_SHLDER_MDN","ROADWAY_CLEARED","WEATHER1","WEATHER2","WZ_WORKERS_INJ_KILLED","SECONDARY_CRASH","INTERSECTION_RELATED"
"1806","2","0","0","0","0","0","0","0","0","4","0","","36","09","2019","2019096893","1","40.1161","-76.0966","1759","08","0","0","0","0","0","0","1","0","","0","0","0","17","1","1","01","0","40 06:57.873","","00","76 05:47.937","4","0","0","0","36209","0","0","0","N","0","0","0","3","36415","1","","1","01","N","N","0","","0","0","0","3","3","","1759","1","2","0","0","0","0","0","1","0","2","N","","","","","","","","","","","","03","  ","","",""
"1148","0","0","0","0","0","0","0","0","0","4","0","","36","09","2019","2019096894","2","40.0817","-76.1157","1142","08","0","0","0","0","0","1","0","1","2","0","0","0","11","1","1","01","1","40 04:54.116","7","00","76 06:56.550","8","0","0","0","36234","0","0","0","N","0","0","0","2","36415","0","","1","01","N","N","2","","0","0","0","3","3","Y","1141","1","2","0","0","0","1","0","1","0","2","N","","","","","","","","","","","","03","  ","","",""
"1320","2","0","0","0","0","0","0","0","0","4","0","","36","09","2019","2019096895","7","40.1312","-76.3045","1305","08","0","0","0","0","0","2","0","0","","0","0","0","13","1","0","00","0","40 07:52.167","","07","76 18:16.186","0","0","0","0","36235","0","0","0","N","0","0","0","2","36506","0","","1","01","N","N","0","","0","0","0","3","4","","1304","0","2","0","0","0","0","0","1","0","2","N","","","","","","","","","","","","03","  ","","",""
"1117","1","0","0","0","0","0","0","0","0","7","0","","36","09","2019","2019096896","1","40.2469","-76.2491","1114","08","0","0","0","0","1","0","0","0","","0","0","0","11","1","1","02","0","40 14:48.842","","00","76 14:56.873","3","0","0","0","36204","0","0","0","N","0","0","0","2","36506","0","","5","01","N","N","0","","1","0","0","0","0","","1114","1","1","0","0","0","0","0","1","0","1","N","","","","","","","","","","","","03","  ","","",""
"1555","0","0","0","0","0","0","0","0","0","1","0","55","36","09","2019","2019096923","5","40.1261","-76.219","1549","08","0","0","0","0","0","2","0","0","1","0","0","0","15","1","1","00","1","40 07:33.852","1","00","76 13:08.331","3","0","0","0","36238","0","0","0","N","0","0","0","4","36238","0","","1","09","N","N","1","","1","0","2","0","0","N","1547","1","4","0","0","0","0","0","3","1","4","Y","2","1","N","","","N","Y","","","","","07","  ","","",""
"1658","0","0","0","0","0","0","0","0","0","0","0","","36","08","2019","2019096943","5","39.973","-76.1619","1647","08","0","0","0","0","0","1","0","0","","0","0","0","16","1","1","00","0","39 58:22.700","","00","76 09:42.810","4","0","0","2","36233","0","0","0","N","0","0","0","2","68J01","1","","1","01","N","N","0","","0","0","0","0","0","","1640","1","2","0","0","0","0","0","1","0","2","N","","","","","","","","","","","","03","  ","","",""
"1914","0","0","0","0","0","0","0","0","0","4","0","","36","09","2019","2019097034","4","40.1788","-76.6007","1907","08","0","0","0","0","0","0","0","0","1","0","0","0","19","4","0","01","2","40 10:43.752","2","02","76 36:02.408","0","0","0","0","36225","0","0","0","N","0","0","0","2","36505","0","","1","01","N","N","1","","0","0","0","3","2","N","1905","0","2","0","0","0","0","0","2","1","2","N","","","","","","","","","","","","03","  ","","",""
"1700","2","0","0","0","0","0","0","0","0","1","0","","36","09","2019","2019097037","3","40.0508","-76.4575","1654","08","0","0","0","0","0","0","0","0","1","0","0","0","16","1","0","02","1","40 03:02.964","2","00","76 27:26.839","0","0","0","0","36239","0","0","0","N","0","0","0","2","36239","0","","1","01","N","N","0","","0","0","0","0","0","N","1654","0","2","0","0","0","0","0","3","0","2","N","","","","","","","","","","","","03","  ","","",""
"1453","2","0","1","0","0","0","0","0","0","2","0","","36","07","2019","2019097046","6","40.0583","-76.53","1445","08","0","0","0","0","1","0","0","0","3","0","0","0","14","1","3","00","2","40 03:29.896","5","00","76 31:48.175","2","0","0","0","36211","0","0","0","N","0","0","0","3","36504","0","","1","01","N","N","0","","1","2","0","0","0","Y","1443","3","2","0","1","1","0","0","1","0","2","N","","","","","","","","","","","","03","  ","","",""
"0804","3","0","0","0","0","0","0","0","0","1","0","","36","09","2019","2019097073","2","40.0543","-76.2662","0800","08","0","0","0","0","0","0","0","0","1","0","0","0","08","1","0","06","2","40 03:15.536","3","02","76 15:58.216","0","0","0","0","36215","0","0","0","N","0","0","0","3","36301","0","","1","01","N","N","0","","0","0","0","0","0","N","0800","0","3","0","0","0","0","0","1","0","3","N","","","","","","","","","","","","03","  ","","",""
"0738","1","0","0","0","0","0","0","0","0","1","0","","36","09","2019","2019097157","6","40.2357","-76.0749","0725","08","0","0","0","0","0","1","0","1","","0","0","0","07","1","0","02","0","40 14:08.364","","00","76 04:29.791","9","0","0","0","36401","0","0","0","N","0","0","0","6","36408","0","","1","01","N","N","0","","0","0","1","0","0","N","0720","0","3","0","0","0","0","2","1","1","3","N","","","","","","","","","","","","03","  ","","",""
"1740","1","0","0","0","0","0","0","0","0","1","0","","36","09","2019","2019097211","3","40.0843","-76.2889","1736","08","0","0","0","0","0","1","0","0","","0","0","0","17","1","0","01","0","40 05:03.483","","00","76 17:20.096","0","0","0","0","36101","0","0","0","N","0","0","0","2","36101","0","","1","01","N","N","0","","0","0","1","3","2","","1732","0","2","0","0","0","0","0","3","0","2","N","","","","","","","","","","","","03","  ","","",""
"1730","1","0","0","0","0","0","0","0","0","4","0","","36","09","2019","2019097212","5","40.0791","-76.3465","1711","08","0","0","0","0","0","0","0","0","","0","0","0","17","1","0","02","0","40 04:44.656","","00","76 20:47.275","0","0","0","0","36101","0","0","0","N","0","0","0","2","36101","0","","1","01","N","N","0","","0","0","1","3","3","","1709","0","2","0","0","0","0","0","3","0","2","N","","","","","","","","","","","","03","  ","","",""
"2035","2","0","0","0","0","0","0","0","0","4","0","","36","09","2019","2019097213","5","40.0655","-76.307","2029","08","0","0","1","0","0","0","0","0","1","0","0","0","20","3","0","02","2","40 03:55.627","2","00","76 18:25.476","0","0","0","0","36101","0","0","0","N","0","0","0","2","36101","0","","1","01","N","N","0","","0","0","0","0","0","Y","2029","0","2","0","0","0","0","0","3","0","2","N","","","","","","","","","","","","03","  ","","",""
"1040","1","0","0","0","0","0","0","0","0","4","0","","36","09","2019","2019097214","7","40.0566","-76.215","1038","08","0","0","0","0","0","2","0","0","1","0","0","0","10","1","0","01","1","40 03:23.868","3","00","76 12:53.887","0","0","0","0","36215","0","0","0","N","0","0","0","2","36215","0","","1","01","N","N","1","","0","0","0","3","2","N","1036","0","2","0","0","0","0","0","1","0","2","N","","","","","","","","","","","","03","  ","","",""
"2103","1","0","0","0","0","0","0","0","0","4","0","","36","09","2019","2019097215","1","40.0383","-76.2692","2113","08","0","0","0","1","0","0","0","0","","0","0","0","21","3","0","00","0","40 02:18.024","","07","76 16:09.131","0","0","0","0","36215","0","0","0","N","0","0","0","4","36215","0","","1","01","N","N","0","","0","0","1","0","0","","2100","0","2","0","0","0","0","0","1","0","2","N","","","","","","","","","","","","03","  ","","",""
"0932","0","0","0","0","0","0","0","0","0","1","2","","36","09","2019","2019097216","3","40.0295","-76.229","0924","08","0","0","0","0","0","0","0","0","","0","2","0","09","1","1","00","0","40 01:46.149","","00","76 13:44.472","4","0","0","0","36215","0","0","0","N","0","0","0","2","36215","1","","1","01","N","N","0","","0","0","0","0","0","","0922","1","2","0","0","0","0","0","1","0","2","N","","","","","","","","","","","","03","  ","","",""
"1525","1","0","0","0","0","0","0","0","0","4","0","","36","09","2019","2019097217","5","40.0065","-76.2965","1520","08","0","0","0","0","0","1","0","0","","0","0","0","15","1","1","02","0","40 00:23.242","","00","76 17:47.551","3","0","0","0","36240","0","0","0","N","0","0","0","2","36240","0","","1","01","N","N","0","","1","0","1","3","3","","1520","1","2","0","0","0","0","0","1","0","2","N","","","","","","","","","","","","03","  ","","",""
"0458","0","0","0","0","0","0","0","0","0","7","0","","36","09","2019","2019097237","6","40.0551","-76.409","0452","08","0","0","0","0","0","0","1","0","1","0","0","0","04","5","0","02","1","40 03:18.204","4","00","76 24:32.529","0","0","0","0","36239","0","0","0","N","0","0","0","1","36239","0","","5","01","N","N","1","","0","0","0","3","3","N","0452","0","1","0","0","0","0","0","3","0","1","N","","","","","","","","","","","","03","  ","","",""
"1115","0","0","0","0","0","0","0","0","0","1","0","","36","09","2019","2019097339","3","40.2331","-76.0783","1110","08","0","0","0","0","0","0","0","1","","0","0","0","11","1","0","01","0","40 13:59.165","","00","76 04:42.021","0","0","0","0","36210","0","0","0","N","0","0","0","5","36210","0","","1","01","N","N","0","","0","0","1","3","2","","1110","0","2","0","0","0","0","0","1","1","2","N","","","","","","","","","","","","03","  ","","",""
"0943","0","0","0","0","0","0","0","0","0","7","0","","36","09","2019","2019097340","3","40.2556","-76.0881","0940","08","0","0","0","0","0","1","0","0","1","0","0","0","09","1","1","00","1","40 15:20.095","3","00","76 05:16.996","3","0","0","0","36210","0","0","0","N","0","0","0","1","36210","0","","4","01","N","N","0","","1","0","1","0","0","N","0939","1","1","0","0","0","0","0","1","0","1","N","","","","","","","","","","","","03","  ","","",""
"0915","2","0","0","0","0","0","0","0","0","1","0","","36","09","2019","2019097362","5","40.0371","-76.2973","0912","08","0","0","0","0","0","1","0","0","3","0","0","0","09","1","1","00","2","40 02:13.388","5","00","76 17:50.107","4","0","0","0","36301","0","0","0","N","0","0","0","1","36301","1","","4","01","","N","0","","0","0","1","0","0","Y","0912","1","3","0","0","0","0","0","3","0","3","N","","","","","","","","","","","","03","  ","","",""
"1218","2","0","0","0","0","0","0","0","0","6","0","","36","09","2019","2019097386","2","40.0607","-76.4169","1218","08","0","0","1","0","0","0","0","0","","0","0","0","12","1","0","02","0","40 03:38.538","","00","76 25:00.838","0","0","0","0","36239","0","0","0","N","0","0","0","2","36239","0","","1","01","N","N","0","","0","0","0","3","3","","1218","0","2","0","0","2","0","0","3","0","2","N","","","","","","","","","","","","03","  ","","",""
"1412","1","0","0","0","0","0","0","0","0","4","0","","36","09","2019","2019097536","6","40.0379","-76.2745","1352","08","0","0","0","0","0","2","0","0","2","0","0","0","13","1","1","02","1","40 02:16.829","6","00","76 16:28.278","2","0","1","1","36220","0","0","0","N","0","0","0","2","36101","0","","1","01","N","N","0","","0","1","0","3","2","Y","1348","1","2","0","0","0","0","0","3","0","2","N","","","","","","","","","","","","03","  ","","",""
"0907","1","0","0","0","0","0","0","0","0","7","0","","36","09","2019","2019097537","7","40.083","-76.269","0901","08","0","0","0","0","0","0","0","1","2","0","0","0","08","1","1","01","1","40 04:58.889","2","00","76 16:08.446","3","0","0","0","36101","0","0","0","N","0","0","0","1","36101","0","","3","01","N","N","0","","1","0","0","3","3","N","0857","1","1","0","0","0","0","0","3","0","1","N","","","","","","","","","","","","03","  ","","",""
"1353","1","0","0","0","0","0","0","0","0","8","0","","36","09","2019","2019097538","2","40.0319","-76.343","1346","08","0","0","0","0","0","1","0","0","3","1","0","0","13","1","0","02","2","40 01:54.714","5","00","76 20:34.918","1","0","0","0","36223","1","1","0","N","1","1","0","2","36223","0","2","1","01","N","N","0","0","0","0","0","0","0","Y","1344","0","2","0","0","0","0","0","1","0","1","N","","","","","","","","","","","","03","  ","","",""
"0047","1","0","0","0","0","0","0","0","0","7","0","","36","09","2019","2019097545","7","40.0285","-76.5032","0045","08","0","0","0","0","0","0","0","0","2","0","0","0","00","2","1","00","2","40 01:42.471","5","00","76 30:11.664","8","0","0","0","36404","0","0","0","N","0","0","0","1","36404","0","","2","01","N","N","0","","0","0","0","0","0","N","0042","1","1","0","0","1","1","0","3","0","1","N","","","","","","","","","","","","03","  ","","",""
"1408","0","0","0","0","0","0","0","0","0","5","1","","36","09","2019","2019097550","5","40.1132","-76.5174","1405","08","0","0","0","0","0","2","0","0","1","0","1","0","14","1","0","02","2","40 06:47.572","2","00","76 31:02.494","0","0","0","0","36413","0","0","0","N","0","0","0","2","36413","0","","1","01","N","N","1","","0","0","0","3","2","Y","1403","0","2","0","0","0","0","0","2","0","2","N","","","","","","","","","","","","03","  ","","",""
"1615","2","0","0","0","0","0","0","0","0","4","0","","36","09","2019","2019097708","5","40.013","-76.2629","1608","08","0","0","0","0","0","0","1","0","1","0","0","0","15","1","0","00","1","40 00:46.777","3","00","76 15:46.553","0","0","0","0","36240","0","0","0","N","0","0","0","2","36240","0","","1","09","N","N","0","","0","0","0","0","0","N","1557","0","2","0","0","0","0","0","1","0","2","N","","","","","","","","","","","","03","  ","","",""
"0918","0","0","0","0","0","0","0","0","0","4","0","","36","09","2019","2019097711","1","39.9713","-76.2704","0915","08","0","0","0","0","0","1","0","0","2","0","0","0","09","1","2","01","1","39 58:16.618","6","00","76 16:13.300","8","0","0","0","36240","0","0","0","N","0","0","0","7","36240","0","","1","01","N","N","0","","0","0","2","3","3","Y","0912","2","2","0","0","0","2","0","1","0","2","N","","","","","","","","","","","","03","  ","","",""
"1443","1","0","0","0","0","0","0","0","0","4","0","","36","09","2019","2019097726","1","40.035","-76.5061","1442","08","0","0","0","0","0","1","0","0","1","0","0","0","14","1","0","01","1","40 02:05.974","5","00","76 30:21.888","0","0","0","0","36404","0","0","0","N","0","0","0","2","36404","0","","1","01","N","N","0","","0","0","1","3","3","N","1439","0","2","0","0","0","0","0","3","0","2","N","","","","","","","","","","","","03","  ","","",""
"1348","1","0","0","1","0","0","0","0","0","4","0","","36","09","2019","2019097733","2","40.1277","-76.1649","1348","08","0","0","0","0","0","0","0","0","","0","0","0","13","1","1","01","0","40 07:39.631","","00","76 09:53.677","3","0","0","0","36238","1","0","0","N","0","0","0","2","36238","0","","1","01","N","N","0","","1","0","0","3","3","N","1315","1","2","0","0","0","0","0","3","0","1","N","","","","","","","","","","","","03","  ","","",""
"1735","0","0","0","0","0","0","0","0","0","1","0","","36","09","2019","2019097742","4","40.0698","-76.3125","1722","08","0","0","0","0","0","3","0","0","","0","0","0","17","1","1","00","0","40 04:11.282","","00","76 18:45.059","8","0","0","0","36101","0","0","0","N","0","0","0","3","36101","0","","1","01","N","N","0","","0","0","3","0","0","","1719","1","3","0","0","0","1","0","3","0","3","N","","","","","","","","","","","","03","  ","","",""
"1204","1","0","0","0","0","0","0","0","0","4","0","","36","09","2019","2019097743","7","40.0657","-76.305","1204","08","0","0","0","0","0","0","0","0","","0","0","0","11","1","0","00","0","40 03:56.559","","00","76 18:18.147","0","0","0","0","36101","0","0","0","N","0","0","0","2","36101","0","","1","01","N","N","0","","0","0","1","0","0","","1140","0","2","0","0","0","0","0","3","0","2","N","","","","","","","","","","","","03","  ","","",""
"1202","1","0","0","0","0","0","0","0","0","2","0","","36","09","2019","2019097744","7","40.0382","-76.341","1157","08","0","0","0","0","0","0","0","0","2","0","0","0","11","1","0","00","1","40 02:17.467","4","00","76 20:27.614","0","0","0","0","36220","0","0","0","N","0","0","0","5","36101","0","","1","01","N","N","0","","0","0","1","3","2","N","1154","0","2","0","0","0","0","0","3","0","2","N","","","","","","","","","","","","03","  ","","",""
"1532","0","0","0","0","0","0","0","0","0","4","0","","36","09","2019","2019097745","7","40.1072","-76.3374","1527","08","0","0","0","0","0","0","0","0","","0","0","0","15","1","0","00","0","40 06:25.916","","00","76 20:14.487","0","0","0","0","36101","0","0","0","N","0","0","0","2","36101","0","","1","01","N","N","0","","0","0","0","3","3","","1527","0","2","0","0","0","0","0","3","2","2","N","","","","","","","","","","","","03","  ","","",""
"1703","2","0","0","0","0","0","0","0","0","1","0","","36","09","2019","2019097746","7","40.0591","-76.3976","1700","08","0","0","0","0","0","0","0","0","","0","0","0","16","1","0","00","0","40 03:32.730","","00","76 23:51.350","0","0","0","0","36214","0","0","0","N","0","0","0","2","36214","0","","1","01","N","N","0","","0","0","0","0","0","","1650","0","2","0","0","0","0","0","3","0","2","N","","","","","","","","","","","","03","  ","","",""
"2332","2","0","0","0","0","0","0","0","0","1","0","","36","09","2019","2019097747","7","40.0776","-76.4126","2323","08","0","1","0","0","0","0","0","0","","0","0","0","23","2","0","00","0","40 04:39.190","","00","76 24:45.280","0","0","0","0","36214","0","0","0","N","0","0","0","5","36214","0","","1","01","N","N","0","","0","0","0","0","0","","2318","0","2","0","0","0","0","0","3","0","2","N","","","","","","","","","","","","03","  ","","",""
"1255","0","0","0","0","0","0","0","0","0","1","0","","36","09","2019","2019097748","6","40.0267","-76.362","1253","08","0","0","0","0","0","0","0","1","","0","0","0","12","1","1","00","0","40 01:36.094","","00","76 21:43.226","3","0","0","0","36223","0","0","0","N","0","0","0","2","36223","0","","1","01","N","N","0","","1","0","2","0","0","","1249","1","2","0","0","0","0","0","1","0","2","N","","","","","","","","","","","","03","  ","","",""
"1543","2","0","0","0","0","0","0","0","0","4","0","","36","09","2019","2019097749","6","40.0399","-76.3659","1539","08","0","0","0","0","0","1","0","0","1","0","0","0","15","1","0","02","1","40 02:23.570","6","00","76 21:57.088","0","0","0","0","36223","0","0","0","N","0","0","0","2","36223","0","","1","01","N","N","0","","0","0","0","0","0","N","1537","0","2","0","0","0","0","0","1","0","2","N","","","","","","","","","","","","03","  ","","",""
"2314","1","0","0","0","0","0","0","0","0","7","0","","36","09","2019","2019097820","1","39.9811","-76.2773","2308","08","0","0","1","0","0","0","0","0","2","0","0","0","23","3","0","00","1","39 58:52.068","1","00","76 16:38.139","0","0","0","0","36240","0","0","0","N","0","0","0","1","36240","0","","5","01","N","N","0","","0","0","0","0","0","N","2308","0","1","0","0","0","0","0","1","0","1","N","","","","","","","","","","","","03","  ","","",""
"0316","1","0","0","0","0","0","0","0","0","7","0","","36","09","2019","2019097822","7","40.0514","-76.2776","0311","08","0","0","0","0","0","0","0","0","","0","0","0","03","3","0","01","0","40 03:05.085","","00","76 16:40.004","0","0","0","0","36301","0","0","0","N","0","0","0","1","36301","0","","5","01","N","N","0","","0","0","0","3","2","","0301","0","1","0","0","0","0","0","3","0","1","N","","","","","","","","","","","","03","  ","","",""
"2126","2","0","0","0","0","0","0","0","0","5","0","","36","09","2019","2019097837","3","40.0515","-76.2947","2122","08","0","0","0","0","0","0","0","0","","0","0","0","21","3","1","00","0","40 03:05.500","","00","76 17:40.800","3","0","0","0","36301","0","0","0","N","0","0","0","1","36301","0","","6","01","N","N","0","","1","0","2","0","0","N","2121","1","4","0","0","0","0","0","3","0","4","N","","","","","","","","","","","","03","  ","","",""
"2225","0","0","0","0","0","0","0","0","0","7","0","","36","09","2019","2019097842","7","40.1839","-76.5865","2219","08","0","0","0","0","0","0","0","0","","0","0","0","22","2","0","00","0","40 11:02.218","","00","76 35:11.418","0","0","0","0","36225","0","0","0","N","0","0","0","1","36505","0","","5","01","N","N","1","","0","0","0","0","0","","2214","0","1","0","0","0","0","0","2","0","1","N","","","","","","","","","","","","03","  ","","",""
"1506","2","0","0","0","0","0","0","0","0","1","0","","36","09","2019","2019097875","6","39.9805","-76.3086","1506","08","0","0","0","1","1","0","0","0","","0","0","0","13","1","2","00","0","39 58:49.782","","00","76 18:31.063","4","0","0","0","36228","0","0","0","N","0","0","0","3","36228","2","","1","01","N","N","0","","0","0","0","0","0","","1359","2","2","0","0","2","0","0","1","0","2","N","","","","","","","","","","","","03","  ","","",""
"0855","1","0","0","0","0","0","0","0","0","7","0","","36","09","2019","2019097898","2","39.9965","-76.2964","0847","08","0","0","0","0","0","0","0","0","1","0","0","0","08","1","1","01","1","39 59:47.479","4","00","76 17:47.205","3","0","0","0","36240","0","0","0","N","0","0","0","1","36240","0","","2","01","N","N","0","","1","0","0","3","3","Y","0847","1","1","0","0","0","0","0","1","0","1","N","","","","","","","","","","","","03","  ","","",""
"1626","1","0","0","0","0","0","0","0","0","1","0","","36","09","2019","2019097920","5","40.0699","-76.4596","1622","08","0","0","0","0","0","1","0","0","2","0","0","0","16","1","1","02","1","40 04:11.532","1","00","76 27:34.431","3","0","0","0","36239","0","0","0","N","0","0","0","3","36239","0","","1","01","N","N","0","","1","0","1","0","0","N","1622","1","2","0","0","0","0","0","3","0","2","N","","","","","","","","","","","","03","  ","","",""
"1957","1","0","0","0","0","0","0","0","0","4","0","","36","08","2019","2019097942","4","39.7319","-76.1532","1927","08","0","0","0","0","0","0","0","0","","0","0","0","19","1","0","00","0","39 43:54.689","","00","76 09:11.571","0","0","0","0","36219","0","0","0","N","0","0","0","2","68J01","0","","3","01","N","N","0","","0","0","1","0","0","","1902","0","2","0","0","0","0","0","1","0","2","N","","","","","","","","","","","","03","  ","","",""
"2153","0","0","0","0","0","0","0","0","0","7","1","70","36","09","2019","2019097952","4","40.21","-76.0399","2153","08","0","0","0","0","0","0","0","0","5","0","1","0","21","2","0","00","2","40 12:36.041","4","00","76 02:23.750","0","0","0","0","36202","0","0","0","N","0","0","0","1","68T06","0","","4","01","N","N","0","","0","0","0","0","0","Y","2153","0","1","0","0","0","0","0","1","0","1","Y","1","1","N","N","N","N","N","N","N","Y","","03","  ","","",""
"1756","0","0","0","0","0","0","0","0","0","1","0","","36","09","2019","2019098074","5","40.1058","-76.2537","1742","08","0","0","0","0","0","1","0","0","2","0","0","0","17","1","0","00","1","40 06:20.824","1","00","76 15:13.459","0","0","0","0","36101","0","0","0","N","0","0","0","2","36101","0","","1","01","N","N","1","","0","0","1","0","0","N","1735","0","2","0","0","0","0","0","3","0","2","N","","","","","","","","","","","","03","  ","","",""
"0431","2","0","0","0","0","0","0","0","0","1","0","55","36","09","2019","2019098205","6","40.1687","-76.15","0426","08","0","0","0","0","1","1","0","0","2","0","0","0","04","2","2","00","2","40 10:07.394","1","00","76 08:59.895","3","0","0","0","36218","0","0","0","N","0","0","0","4","36408","0","","1","01","N","N","0","","2","0","1","0","0","Y","0422","2","3","0","0","0","0","0","1","0","3","Y","4","1","Y","","","Y","Y","Y","Y","","","03","  ","","",""
"1955","1","0","0","0","0","0","0","0","0","7","0","","36","09","2019","2019098213","7","39.9926","-76.241","1951","08","0","0","0","0","0","1","0","0","2","0","0","0","19","3","0","00","1","39 59:33.442","2","00","76 14:27.717","0","0","0","0","36240","0","0","0","N","0","0","0","1","36240","0","","5","01","N","N","0","","0","0","0","0","0","N","1945","0","1","0","0","0","0","0","1","0","1","N","","","","","","","","","","","","03","  ","","",""
"1453","2","0","0","0","0","0","0","0","0","4","0","","36","09","2019","2019098216","3","40.0184","-76.3022","1443","08","0","0","0","0","0","1","0","0","","0","0","0","14","1","0","00","0","40 01:06.250","","00","76 18:07.915","0","0","0","0","36240","0","0","0","N","0","0","0","2","36240","0","","4","01","N","N","0","","0","0","0","0","0","N","1440","0","2","0","0","0","0","0","1","0","2","N","","","","","","","","","","","","03","  ","","",""
"1628","1","0","0","0","0","0","0","0","0","8","0","","36","08","2019","2019098226","5","40.1739","-76.1761","1617","08","0","0","0","0","0","0","0","0","","0","0","0","15","1","1","02","0","40 10:26.140","","00","76 10:33.902","4","0","0","0","36408","1","0","0","N","1","0","0","2","36408","1","","1","01","N","N","0","","0","0","0","0","0","N","1500","1","2","0","0","0","0","0","2","0","1","N","","","","","","","","","","","","03","  ","","",""
"1210","1","0","0","0","0","0","0","0","0","6","0","","36","09","2019","2019098313","7","40.0376","-76.2955","1205","08","0","0","0","0","0","0","0","0","2","0","0","0","12","1","1","00","2","40 02:15.500","6","00","76 17:43.800","8","0","0","0","36301","0","0","0","N","0","0","0","1","36301","0","","6","01","N","N","1","","0","0","0","0","0","Y","1203","1","2","0","0","0","1","0","3","0","2","N","","","","","","","","","","","","03","  ","","",""
"0648","1","0","0","0","0","0","0","0","0","4","0","","36","09","2019","2019098327","2","40.0338","-76.5048","0642","08","0","0","0","0","0","1","0","0","1","0","0","0","06","5","0","01","1","40 02:01.837","4","00","76 30:17.247","0","0","0","0","36404","0","0","0","N","0","0","0","2","36404","0","","1","01","N","N","0","","0","0","1","3","2","N","0642","0","2","0","0","0","0","0","3","0","2","N","","","","","","","","","","","","03","  ","","",""
"1240","0","0","0","0","0","0","0","0","0","4","0","","36","10","2019","2019098469","3","40.1555","-76.3089","1238","08","0","0","0","0","0","0","0","0","","0","0","0","12","1","1","01","0","40 09:19.722","","00","76 18:32.122","3","0","0","1","36409","0","0","0","N","0","0","0","2","36409","0","","1","01","N","N","0","","1","0","1","3","3","N","1237","1","2","0","0","0","0","0","3","0","2","N","","","","","","","","","","","","03","  ","","",""
"0729","2","0","0","0","0","0","0","0","0","2","0","","36","09","2019","2019098517","5","40.109","-76.3347","0722","08","0","1","0","0","0","0","0","0","2","0","0","0","07","1","0","01","1","40 06:32.490","5","00","76 20:04.792","0","0","0","0","36101","0","0","0","N","0","0","0","2","36101","0","","1","01","N","N","0","","0","0","0","3","2","N","0721","0","2","0","0","0","0","0","3","0","2","N","","","","","","","","","","","","03","  ","","",""
"1926","1","0","0","0","0","0","0","0","0","7","0","","36","09","2019","2019098518","5","40.07","-76.3015","1925","08","0","0","0","0","0","0","0","0","2","0","0","0","19","2","0","00","2","40 04:11.841","2","00","76 18:05.556","0","0","0","0","36101","0","0","0","N","0","0","0","1","36101","0","","4","01","N","N","0","","0","0","0","3","2","N","1923","0","1","0","0","1","0","0","3","0","1","N","","","","","","","","","","","","03","  ","","",""
"0017","0","0","0","0","0","0","0","0","0","1","0","","36","08","2019","2019098519","2","40.0372","-76.2634","0011","08","0","0","0","0","0","1","0","0","","0","0","1","00","6","3","00","0","40 02:13.949","","00","76 15:48.500","2","0","0","0","36215","5","0","1","N","0","0","0","6","36215","0","","1","01","N","N","0","","2","1","1","0","0","","0007","3","2","0","0","0","0","0","1","0","1","N","","","","","","","","","","","","03","  ","","",""