"ARRIVAL_TM","AUTOMOBILE_COUNT","BELTED_DEATH_COUNT","BELTED_SUSP_SERIOUS_INJ_COUNT","BICYCLE_COUNT","BICYCLE_DEATH_COUNT","BICYCLE_SUSP_SERIOUS_INJ_COUNT","BUS_COUNT","CHLDPAS_DEATH_COUNT","CHLDPAS_SUSP_SERIOUS_INJ_COUNT","COLLISION_TYPE","COMM_VEH_COUNT","CONS_ZONE_SPD_LIM","COUNTY","CRASH_MONTH","CRASH_YEAR","CRN","DAY_OF_WEEK","DEC_LAT","DEC_LONG","DISPATCH_TM","DISTRICT","DRIVER_COUNT_16YR","DRIVER_COUNT_17YR","DRIVER_COUNT_18YR","DRIVER_COUNT_19YR","DRIVER_COUNT_20YR","DRIVER_COUNT_50_64YR","DRIVER_COUNT_65_74YR","DRIVER_COUNT_75PLUS","EST_HRS_CLOSED","FATAL_COUNT","HEAVY_TRUCK_COUNT","HORSE_BUGGY_COUNT","HOUR_OF_DAY","ILLUMINATION","INJURY_COUNT","INTERSECT_TYPE","LANE_CLOSED","LATITUDE","LN_CLOSE_DIR","LOCATION_TYPE","LONGITUDE","MAX_SEVERITY_LEVEL","MCYCLE_DEATH_COUNT","MCYCLE_SUSP_SERIOUS_INJ_COUNT","MOTORCYCLE_COUNT","MUNICIPALITY","NONMOTR_COUNT","NONMOTR_DEATH_COUNT","NONMOTR_SUSP_SERIOUS_INJ_COUNT","NTFY_HIWY_MAINT","PED_COUNT","PED_DEATH_COUNT","PED_SUSP_SERIOUS_INJ_COUNT","PERSON_COUNT","POLICE_AGCY","POSSIBLE_INJ_COUNT","RDWY_SURF_TYPE_CD","RELATION_TO_ROAD","ROAD_CONDITION","SCH_BUS_IND","SCH_ZONE_IND","SMALL_TRUCK_COUNT","SPEC_JURIS_CD","SUSP_MINOR_INJ_COUNT","SUSP_SERIOUS_INJ_COUNT","SUV_COUNT","TCD_FUNC_CD","TCD_TYPE","TFC_DETOUR_IND","TIME_OF_DAY","TOT_INJ_COUNT","TOTAL_UNITS","UNB_DEATH_COUNT","UNB_SUSP_SERIOUS_INJ_COUNT","UNBELTED_OCC_COUNT","UNK_INJ_DEG_COUNT","UNK_INJ_PER_COUNT","URBAN_RURAL","VAN_COUNT","VEHICLE_COUNT","WORK_ZONE_IND","WORK_ZONE_LOC","WORK_ZONE_TYPE","WORKERS_PRES","WZ_CLOSE_DETOUR","WZ_FLAGGER","WZ_LAW_OFFCR_IND","WZ_LN_CLOSURE","WZ_MOVING","WZ_OTHER","WZ_SHLDER_MDN","ROADWAY_CLEARED","WEATHER1","WEATHER2","WZ_WORKERS_INJ_KILLED","SECONDARY_CRASH","INTERSECTION_RELATED"
"0820","0","0","0","0","0","0","0","0","0","1","2","","36","09","2019","2019098520","4","40.0275","-76.2218","0820","08","0","0","0","0","0","0","0","0","","0","2","0","08","1","0","01","0","40 01:39.266","","00","76 13:18.343","0","0","0","0","36215","0","0","0","N","0","0","0","2","36215","0","","1","01","N","N","0","","0","0","0","3","2","","0815","0","2","0","0","0","0","0","1","0","2","N","","","","","","","","","","","","03","  ","","",""
"1940","2","0","0","0","0","0","0","0","0","4","0","","36","09","2019","2019098521","1","40.0331","-76.2452","1934","08","0","0","0","0","0","0","0","0","2","0","0","0","19","3","3","01","2","40 01:59.084","3","00","76 14:42.829","3","0","0","0","36215","0","0","0","N","0","0","0","3","36215","0","","1","01","N","N","0","","3","0","0","3","2","Y","1934","3","2","0","0","0","0","0","1","0","2","N","","","","","","","","","","","","03","  ","","",""
"1525","2","0","0","0","0","0","0","0","0","1","0","","36","09","2019","2019098522","6","40.0194","-76.1775","1522","08","0","0","0","1","0","1","0","0","","0","0","0","15","1","0","00","0","40 01:09.974","","00","76 10:38.959","0","0","0","0","36215","0","0","0","N","0","0","0","3","36215","0","","1","01","N","N","0","","0","0","0","0","0","","1519","0","2","0","0","0","0","0","1","0","2","N","","","","","","","","","","","","03","  ","","",""
"1544","1","0","0","0","0","0","0","0","0","1","0","","36","09","2019","2019098523","6","40.0393","-76.1968","1540","08","0","0","0","0","0","0","1","0","1","0","0","0","15","1","0","00","2","40 02:21.515","4","00","76 11:48.576","0","0","0","0","36215","0","0","0","N","0","0","0","3","36215","0","","1","01","N","N","1","","0","0","0","0","0","N","1537","0","2","0","0","0","0","0","1","0","2","N","","","","","","","","","","","","03","  ","","",""
"0634","2","0","0","0","0","0","0","0","0","1","0","","36","09","2019","2019098524","2","40.0635","-76.21","0634","08","0","0","0","0","0","0","0","0","2","0","0","0","06","2","1","00","1","40 03:48.736","6","00","76 12:35.959","3","0","0","0","36234","0","0","0","N","0","0","0","3","36215","0","","1","01","N","N","0","","1","0","1","0","0","Y","0634","1","3","0","0","0","0","0","1","0","3","N","","","","","","","","","","","","03","  ","","",""
"0725","1","0","0","0","0","0","0","0","0","7","0","","36","09","2019","2019098525","2","40.022","-76.1906","0720","08","0","0","0","0","0","0","0","0","3","0","0","0","07","5","3","00","1","40 01:19.187","3","00","76 11:26.129","8","0","0","0","36215","0","0","0","N","0","0","0","3","36215","0","","4","01","N","N","0","","0","0","0","0","0","N","0717","3","1","0","0","1","3","0","1","0","1","N","","","","","","","","","","","","03","  ","","",""
"1238","1","0","0","0","0","0","0","0","0","4","0","","36","09","2019","2019098526","2","40.0387","-76.2674","1231","08","0","0","0","0","0","0","0","0","","0","0","0","12","1","0","00","0","40 02:19.482","","07","76 16:02.759","0","0","0","0","36215","0","0","0","N","0","0","0","2","36215","0","","1","01","N","N","0","","0","0","1","0","0","","1231","0","2","0","0","0","0","0","1","0","2","N","","","","","","","","","","","","03","  ","","",""
"1530","0","0","0","0","0","0","0","0","0","1","0","","36","09","2019","2019098527","2","40.0889","-76.1801","1513","08","0","0","0","0","0","1","0","0","","0","0","0","15","1","1","02","0","40 05:20.180","","00","76 10:48.323","8","0","0","0","36234","0","0","0","N","0","0","0","3","36215","0","","1","01","N","N","1","","0","0","0","3","3","","1510","1","2","0","0","0","1","0","1","1","2","N","","","","","","","","","","","","03","  ","","",""
"1225","0","0","0","0","0","0","0","0","0","6","0","","36","09","2019","2019098528","2","40.1219","-76.4831","1224","08","0","0","0","0","0","1","0","1","","0","0","0","12","1","1","02","0","40 07:18.757","","00","76 28:59.211","3","0","0","0","36230","0","0","0","N","0","0","0","2","36410","0","","1","01","N","N","0","","1","0","1","3","2","","1217","1","2","0","0","0","0","0","1","1","2","N","","","","","","","","","","","","03","  ","","",""
"1020","0","0","0","0","0","0","0","0","0","1","1","","36","09","2019","2019098529","5","40.1851","-76.4088","1005","08","0","0","0","0","0","1","0","0","1","0","1","0","10","1","1","00","1","40 11:06.406","1","00","76 24:31.557","8","0","0","0","36230","0","0","0","N","0","0","0","3","36410","0","","1","01","N","N","0","","0","0","1","0","0","N","1004","1","2","0","0","0","1","0","1","0","2","N","","","","","","","","","","","","03","  ","","",""
"1556","1","0","0","0","0","0","0","0","0","7","0","","36","09","2019","2019098530","5","40.2076","-76.4747","1549","08","0","0","0","0","0","0","0","0","","0","0","0","15","1","0","00","0","40 12:27.385","","00","76 28:28.814","0","0","0","0","36230","0","0","0","N","0","0","0","1","36410","0","","5","01","N","N","0","","0","0","0","0","0","","1547","0","1","0","0","0","0","0","1","0","1","N","","","","","","","","","","","","03","  ","","",""
"0738","1","0","0","0","0","0","0","0","0","4","0","","36","09","2019","2019098531","6","40.1614","-76.4264","0736","08","0","0","0","0","0","0","0","0","2","0","0","0","07","1","4","01","2","40 09:41.170","7","00","76 25:35.079","8","0","0","0","36230","0","0","0","N","0","0","0","4","36410","0","","1","01","N","N","0","","0","0","1","3","3","N","0732","4","2","0","0","0","4","0","1","0","2","N","","","","","","","","","","","","03","  ","","",""
"1209","2","0","0","0","0","0","0","0","0","1","0","","36","09","2019","2019098532","7","40.2319","-76.4337","1204","08","0","0","0","1","1","0","0","0","2","0","0","0","12","1","0","00","2","40 13:54.858","2","00","76 26:01.318","0","0","0","0","36230","0","0","0","N","0","0","0","9","36410","0","","1","01","N","N","1","","0","0","0","0","0","N","1201","0","3","0","0","0","0","0","1","0","3","N","","","","","","","","","","","","03","  ","","",""
"1628","2","0","0","0","0","0","0","0","0","1","0","","36","09","2019","2019098533","2","40.1112","-76.4423","1628","08","0","0","0","0","0","0","1","0","2","0","0","0","16","1","2","00","1","40 06:40.485","4","00","76 26:32.213","3","0","0","0","36230","0","0","0","N","0","0","0","9","36410","0","","1","01","N","N","1","","2","0","1","0","0","Y","1622","2","4","0","0","0","0","0","1","0","4","N","","","","","","","","","","","","03","  ","","",""
"1625","1","0","0","0","0","0","0","0","0","1","0","","36","09","2019","2019098534","1","40.1301","-76.4418","1620","08","0","0","0","0","0","0","0","1","","0","0","0","16","1","1","02","0","40 07:48.238","","00","76 26:30.480","8","0","0","0","36230","0","0","0","N","0","0","0","5","36410","0","","1","01","N","N","0","","0","0","1","0","0","","1612","1","2","0","0","0","1","0","1","0","2","N","","","","","","","","","","","","03","  ","","",""
"1521","1","0","0","0","0","0","0","0","0","1","0","","36","09","2019","2019098535","2","40.1629","-76.3942","1520","08","0","0","1","0","0","0","1","0","2","0","0","0","15","1","0","02","2","40 09:46.370","1","00","76 23:38.956","0","0","0","0","36410","0","0","0","N","0","0","0","2","36410","0","","1","01","N","N","1","","0","0","0","0","0","N","1519","0","2","0","0","0","0","0","2","0","2","N","","","","","","","","","","","","03","  ","","",""
"0536","1","0","0","0","0","0","0","0","0","4","0","","36","09","2019","2019098536","7","40.1547","-76.3855","0530","08","0","0","0","0","0","0","0","0","2","0","0","0","05","2","1","00","2","40 09:16.870","5","00","76 23:07.641","3","0","0","0","36227","0","0","0","N","0","0","0","3","36506","0","","1","01","N","N","1","","1","0","0","0","0","Y","0530","1","2","0","0","0","0","0","1","0","2","N","","","","","","","","","","","","03","  ","","",""
"0755","0","0","0","0","0","0","0","0","0","4","0","","36","09","2019","2019098537","5","40.2191","-76.2409","0749","08","0","0","0","0","0","2","0","0","2","0","0","0","07","1","2","01","1","40 13:08.583","6","00","76 14:27.322","8","0","0","0","36204","0","0","0","N","0","0","0","2","36506","0","","1","01","N","N","1","","0","0","1","3","3","N","0747","2","2","0","0","0","2","0","1","0","2","N","","","","","","","","","","","","03","  ","","",""
"0849","1","0","0","0","0","0","0","0","0","4","0","","36","09","2019","2019098538","6","40.1559","-76.3435","0841","08","0","0","0","0","0","0","0","1","","0","1","0","08","1","1","01","0","40 09:21.372","","00","76 20:36.769","3","0","0","0","36227","0","0","0","N","0","0","0","3","36506","0","","1","01","N","N","0","","1","0","0","3","3","","0841","1","2","0","0","0","0","0","1","0","2","N","","","","","","","","","","","","03","  ","","",""
"1643","1","0","0","0","0","0","0","0","0","7","0","","36","09","2019","2019098539","6","40.1402","-76.2993","1643","08","0","0","0","0","0","1","0","0","2","0","0","0","16","1","0","00","2","40 08:24.620","6","00","76 17:57.630","0","0","0","0","36235","0","0","0","N","0","0","0","1","36506","0","","4","01","N","N","0","","0","0","0","0","0","Y","1643","0","1","0","0","0","0","0","1","0","1","N","","","","","","","","","","","","03","  ","","",""
"1851","0","0","0","0","0","0","0","0","0","7","0","","36","09","2019","2019098540","6","40.213","-76.3929","1839","08","0","0","0","0","0","0","0","0","3","0","0","0","18","1","0","00","2","40 12:46.900","5","00","76 23:34.500","0","0","0","0","36227","0","0","0","N","0","0","0","1","36506","0","","4","01","N","N","1","","0","0","0","0","0","Y","1838","0","1","0","0","0","0","0","1","0","1","N","","","","","","","","","","","","03","  ","","",""
"0823","1","0","0","0","0","0","0","0","0","1","0","","36","08","2019","2019098607","3","39.9945","-76.0291","0807","08","0","0","0","0","0","1","0","0","","0","0","0","08","1","0","01","0","39 59:40.359","","00","76 01:44.728","0","0","0","0","36232","0","0","0","N","0","0","0","3","68J01","0","","1","01","N","N","0","","0","0","0","3","2","","0803","0","3","0","0","0","0","0","1","2","3","N","","","","","","","","","","","","03","  ","","",""
"1016","0","0","0","0","0","0","0","0","0","1","0","","36","08","2019","2019098615","7","39.8997","-76.2411","1013","08","0","0","0","1","0","1","0","0","","0","0","0","10","1","1","00","0","39 53:58.823","","00","76 14:27.860","3","0","0","1","36229","0","0","0","N","0","0","0","3","68J01","0","","1","01","N","N","0","","1","0","1","0","0","","1004","1","2","0","0","0","0","0","1","0","2","N","","","","","","","","","","","","03","  ","","",""
"1740","0","0","0","0","0","0","0","0","0","4","1","","36","09","2019","2019098617","2","39.8913","-76.068","1731","08","0","0","0","0","0","1","0","0","2","0","1","0","17","1","0","01","2","39 53:28.671","4","00","76 04:04.837","0","0","0","0","36201","0","0","0","N","0","0","0","3","68J01","0","","1","09","N","N","1","","0","0","0","0","0","N","1728","0","2","0","0","0","0","0","1","0","2","N","","","","","","","","","","","","03","  ","","",""
"1735","1","0","0","0","0","0","0","0","0","7","0","","36","09","2019","2019098618","2","39.9354","-76.3063","1730","08","0","0","0","0","0","0","0","0","","0","0","0","17","1","1","00","0","39 56:07.296","","00","76 18:22.700","3","0","0","0","36224","0","0","0","N","0","0","0","3","68J01","0","","5","09","N","N","0","","1","0","0","0","0","","1726","1","1","0","0","0","0","0","1","0","1","N","","","","","","","","","","","","03","  ","","",""
"1948","1","0","0","0","0","0","0","0","0","7","0","","36","09","2019","2019098619","2","39.9386","-76.2557","1947","08","0","0","0","0","0","0","0","0","2","0","0","0","19","2","0","00","1","39 56:19.091","1","00","76 15:20.352","0","0","0","0","36229","0","0","0","N","0","0","0","2","68J01","0","","4","09","N","N","0","","0","0","0","0","0","N","1945","0","1","0","0","0","0","0","1","0","1","N","","","","","","","","","","","","07","  ","","",""
"0734","0","0","0","0","0","0","0","0","0","7","0","","36","09","2019","2019098620","3","39.9135","-76.1876","0719","08","0","0","0","0","0","0","0","0","1","0","0","0","07","1","0","00","2","39 54:48.536","2","00","76 11:15.311","0","0","0","0","36229","0","0","0","N","0","0","0","1","68J01","0","","4","01","N","N","0","","0","0","0","0","0","N","0717","0","1","0","0","0","0","0","1","1","1","N","","","","","","","","","","","","05","  ","","",""
"1109","1","0","0","0","0","0","0","0","0","4","0","","36","09","2019","2019098621","3","40.1953","-76.0506","1046","08","0","0","0","0","0","0","0","0","2","0","0","0","10","1","0","00","1","40 11:43.107","1","00","76 03:02.006","0","0","0","0","36202","0","0","0","N","0","0","0","4","68J01","0","","1","01","N","N","0","","0","0","0","0","0","N","1043","0","2","0","0","0","0","0","1","1","2","N","","","","","","","","","","","","03","  ","","",""
"1340","2","0","0","0","0","0","0","0","0","4","0","","36","09","2019","2019098622","3","40.1314","-75.98","1327","08","0","0","0","0","0","0","0","1","","0","0","0","13","1","0","00","0","40 07:53.093","","00","75 58:48.152","0","0","0","0","36203","0","0","0","N","0","0","0","2","68J01","0","","1","01","N","N","0","","0","0","0","0","0","","1324","0","2","0","0","0","0","0","1","0","2","N","","","","","","","","","","","","03","  ","","",""
"1830","0","0","0","0","0","0","0","0","0","4","0","","36","09","2019","2019098625","5","39.917","-76.1881","1824","08","0","0","0","0","0","1","1","0","","0","0","0","18","1","1","00","0","39 55:01.229","","00","76 11:17.008","4","0","0","0","36229","0","0","0","N","0","0","0","3","68J01","1","","1","01","N","N","0","","0","0","2","0","0","","1807","1","2","0","0","0","0","0","1","0","2","N","","","","","","","","","","","","03","  ","","",""
"0339","0","0","0","0","0","0","0","0","0","7","0","","36","09","2019","2019098626","6","40.0573","-76.144","0334","08","0","0","0","0","0","0","0","0","","0","0","0","03","2","0","02","0","40 03:26.406","","00","76 08:38.543","0","0","0","0","36221","0","0","0","N","0","0","0","1","68J01","0","","4","01","N","N","0","","0","0","1","0","0","","0332","0","1","0","0","0","0","0","1","0","1","N","","","","","","","","","","","","03","  ","","",""
"2319","0","0","0","0","0","0","0","0","0","9","0","","36","09","2019","2019098627","6","39.9391","-76.256","2303","08","0","0","0","0","0","1","0","0","","0","0","0","22","2","1","01","0","39 56:20.596","","00","76 15:21.980","3","0","0","0","36229","0","0","0","N","0","0","0","2","68J01","0","","1","01","N","N","0","","1","0","1","0","0","","2256","1","1","0","0","0","0","0","1","0","1","N","","","","","","","","","","","","03","  ","","",""
"1300","1","0","0","0","0","0","0","0","0","4","1","","36","09","2019","2019098632","3","40.12","-75.9171","1244","08","0","0","0","0","1","0","0","0","2","0","1","0","12","1","1","00","1","40 07:12.039","2","00","75 55:01.580","3","0","0","0","36203","0","0","0","N","0","0","0","3","68J01","0","","1","01","N","N","0","","1","0","0","0","0","N","1239","1","2","0","0","0","0","0","1","0","2","N","","","","","","","","","","","","03","  ","","",""
"1916","0","0","0","0","0","0","0","0","0","7","0","55","36","09","2019","2019098634","6","40.1509","-76.166","1904","08","1","0","0","0","0","0","0","0","","0","0","0","18","4","0","00","0","40 09:03.302","","00","76 09:57.627","0","0","0","0","36238","0","0","0","N","0","0","0","3","68J01","0","","4","01","N","N","0","","0","0","1","0","0","","1857","0","2","0","0","0","0","0","3","0","1","Y","2","1","Y","N","N","Y","Y","N","N","N","","03","  ","","",""
"1339","2","0","0","0","0","0","0","0","0","4","0","","36","09","2019","2019098636","1","40.2259","-76.3017","1322","08","0","0","0","0","0","0","0","1","","0","0","0","13","1","0","00","0","40 13:33.102","","07","76 18:05.970","0","0","0","0","36217","0","0","0","N","0","0","0","4","68J01","0","","1","01","N","N","0","","0","0","0","0","0","","1317","0","2","0","0","0","0","0","1","0","2","N","","","","","","","","","","","","03","  ","","",""
"2148","0","0","0","0","0","0","0","0","0","9","0","","36","09","2019","2019098638","1","39.9256","-76.1952","2139","08","0","0","0","0","0","1","0","0","1","0","0","0","21","2","0","00","2","39 55:32.118","5","00","76 11:42.648","0","0","0","0","36233","0","0","0","N","0","0","0","1","68J01","0","","1","01","N","N","0","","0","0","1","0","0","N","2133","0","1","0","0","0","0","0","1","0","1","N","","","","","","","","","","","","03","  ","","",""
"1300","1","0","0","0","0","0","0","0","0","7","0","","36","09","2019","2019098639","2","39.9044","-76.242","1256","08","0","0","0","0","1","0","0","0","","0","0","0","12","1","1","00","0","39 54:16.009","","00","76 14:31.277","3","0","0","0","36229","0","0","0","N","0","0","0","1","68J01","0","","5","01","N","N","0","","1","0","0","0","0","","1254","1","1","0","0","0","0","0","1","0","1","N","","","","","","","","","","","","03","  ","","",""
"0658","1","0","0","0","0","0","0","0","0","4","0","","36","09","2019","2019098642","4","40.0105","-76.1324","0653","08","0","0","0","0","0","0","1","0","2","0","0","0","06","1","0","01","1","40 00:37.874","3","00","76 07:56.531","0","0","0","0","36226","0","0","0","N","0","0","0","2","68J01","0","","1","01","N","N","0","","0","0","1","0","0","N","0648","0","2","0","0","0","0","0","1","0","2","N","","","","","","","","","","","","03","  ","","",""
"1629","0","0","0","0","0","0","0","0","0","4","0","","36","09","2019","2019098643","4","39.9908","-76.1974","1616","08","0","0","0","0","0","0","1","0","2","0","0","0","16","1","0","01","1","39 59:26.830","1","00","76 11:50.610","0","0","0","0","36233","0","0","0","N","0","0","0","2","68J01","0","","1","01","N","N","0","","0","0","2","3","3","N","1614","0","2","0","0","0","0","0","1","0","2","N","","","","","","","","","","","","03","  ","","",""
"2111","0","0","0","0","0","0","0","0","0","9","0","","36","09","2019","2019098644","4","39.8901","-76.1418","2048","08","0","0","1","0","0","0","0","0","2","0","0","0","20","2","0","00","1","39 53:24.510","1","00","76 08:30.652","0","0","0","0","36216","0","0","0","Y","0","0","0","1","68J01","0","","4","01","N","N","0","","0","0","1","0","0","N","2035","0","1","0","0","0","0","0","1","0","1","N","","","","","","","","","","","","03","  ","","",""
"1029","0","0","0","0","0","0","0","0","0","4","0","","36","09","2019","2019098646","5","39.9795","-76.006","0957","08","0","0","0","0","0","0","0","0","2","0","0","0","09","1","1","00","1","39 58:46.141","3","07","76 00:21.523","8","0","0","0","36231","0","0","0","N","0","0","0","2","68J01","0","","2","01","N","N","0","","0","0","1","0","0","N","0955","1","2","0","0","0","1","0","1","1","2","N","","","","","","","","","","","","03","  ","","",""
"1631","2","0","0","0","0","0","0","0","0","4","0","","36","09","2019","2019098648","5","40.1354","-75.9027","1606","08","0","0","0","0","1","0","0","0","2","0","0","0","16","1","1","02","1","40 08:07.380","1","00","75 54:09.622","3","0","0","0","36203","0","0","0","N","0","0","0","5","68J01","0","","1","01","N","N","0","","1","0","0","3","3","N","1604","1","2","0","0","0","0","0","1","0","2","N","","","","","","","","","","","","03","  ","","",""
"0741","2","0","0","0","0","0","0","0","0","1","0","","36","09","2019","2019098650","6","39.9354","-76.3063","0731","08","0","0","1","0","0","0","0","0","2","0","0","0","07","1","0","00","1","39 56:07.415","1","00","76 18:22.694","0","0","0","0","36224","0","0","0","N","0","0","0","4","68J01","0","","1","01","N","N","1","","0","0","0","0","0","N","0718","0","3","0","0","0","0","0","1","0","3","N","","","","","","","","","","","","03","  ","","",""
"2104","1","0","0","0","0","0","0","0","0","4","0","","36","09","2019","2019098656","1","40.0384","-76.0788","2104","08","0","0","0","0","1","0","0","0","1","0","0","1","21","2","1","02","2","40 02:18.260","6","00","76 04:43.679","3","0","0","0","36221","7","0","0","N","0","0","0","8","68J01","0","","1","01","N","N","0","","1","0","0","3","3","Y","2101","1","2","0","0","0","0","0","1","0","1","N","","","","","","","","","","","","03","  ","","",""
"2113","1","0","0","0","0","0","0","0","0","7","0","","36","09","2019","2019098660","2","39.9242","-76.2042","2110","08","0","0","0","0","0","1","0","0","","0","0","0","21","2","1","00","0","39 55:27.190","","00","76 12:15.120","8","0","0","0","36229","0","0","0","N","0","0","0","1","68J01","0","","4","01","N","N","0","","0","0","0","0","0","","2109","1","1","0","0","0","1","0","1","0","1","N","","","","","","","","","","","","03","  ","","",""
"0710","0","0","0","0","0","0","0","0","0","7","0","","36","09","2019","2019098665","4","40.0107","-76.1332","0658","08","0","0","0","0","0","0","0","1","1","0","0","0","06","5","0","00","1","40 00:38.468","6","00","76 07:59.481","0","0","0","0","36226","0","0","0","N","0","0","0","1","68J01","0","","4","01","N","N","0","","0","0","1","0","0","N","0657","0","1","0","0","0","0","0","1","0","1","N","","","","","","","","","","","","03","  ","","",""
"1003","1","0","0","0","0","0","0","0","0","4","0","","36","09","2019","2019098667","4","39.9305","-76.1999","0945","08","0","0","1","0","0","0","1","0","2","0","0","0","09","1","0","00","1","39 55:49.678","2","00","76 11:59.647","0","0","0","0","36233","0","0","0","N","0","0","0","2","68J01","0","","1","01","N","N","0","","0","0","1","0","0","N","0944","0","2","0","0","0","0","0","1","0","2","N","","","","","","","","","","","","03","  ","","",""
"1455","2","0","0","0","0","0","0","0","0","6","0","","36","09","2019","2019098670","4","40.2214","-76.2632","1423","08","0","0","0","1","0","1","0","1","2","0","1","0","14","1","0","00","2","40 13:16.997","6","00","76 15:47.433","0","0","0","0","36217","0","0","0","N","0","0","0","3","68J01","0","","1","01","N","N","0","","0","0","0","0","0","Y","1406","0","3","0","0","0","0","0","1","0","3","N","","","","","","","","","","","","03","  ","","",""
"1647","0","0","0","0","0","0","0","0","0","1","0","","36","09","2019","2019098673","4","40.1503","-75.9025","1620","08","0","0","0","0","0","0","0","0","3","0","0","0","16","1","0","00","1","40 09:00.924","1","00","75 54:08.959","0","0","0","0","36203","0","0","0","N","0","0","0","2","68J01","0","","1","01","N","N","0","","0","0","2","3","2","N","1615","0","2","0","0","0","0","0","1","0","2","N","","","","","","","","","","","","03","  ","","",""
"2105","1","0","0","0","0","0","0","0","0","7","0","","36","09","2019","2019098674","4","40.2179","-76.0588","2035","08","0","0","0","0","0","0","0","0","2","0","0","0","20","2","1","00","1","40 13:04.297","2","00","76 03:31.846","3","0","0","0","36202","0","0","0","Y","0","0","0","1","68J01","0","","4","01","N","N","0","","1","0","0","0","0","N","2031","1","1","0","0","0","0","0","1","0","1","N","","","","","","","","","","","","03","  ","","",""
"2131","1","0","0","0","0","0","0","0","0","9","0","","36","09","2019","2019098675","4","39.9209","-76.1306","2122","08","0","0","0","0","0","0","0","0","","0","0","0","21","2","0","00","0","39 55:15.382","","00","76 07:50.030","0","0","0","0","36216","0","0","0","N","0","0","0","1","68J01","0","","1","01","N","N","0","","0","0","0","0","0","","2119","0","1","0","0","0","0","0","1","0","1","N","","","","","","","","","","","","03","  ","","",""
"1410","0","0","0","0","0","0","0","0","0","8","0","","36","09","2019","2019098855","1","40.0348","-76.2941","1405","08","0","0","0","0","0","0","0","0","","0","0","0","14","1","1","00","0","40 02:05.200","","00","76 17:38.700","3","0","0","0","36301","1","0","0","N","1","0","0","3","36301","0","","1","01","N","N","0","","1","0","1","0","0","N","1400","1","2","0","0","0","0","0","3","0","1","N","","","","","","","","","","","","03","  ","","",""
"1543","0","0","0","0","0","0","0","0","0","4","0","","36","10","2019","2019098861","3","40.1378","-76.562","1538","08","0","0","0","0","0","1","0","0","2","0","0","0","15","1","1","01","1","40 08:15.923","1","00","76 33:43.088","8","0","0","0","36225","0","0","0","N","0","0","0","3","36505","0","","1","01","N","N","2","","0","0","1","3","2","N","1536","1","3","0","0","0","1","0","2","0","3","N","","","","","","","","","","","","03","  ","","",""
"1521","0","0","0","0","0","0","0","0","0","4","0","","36","09","2019","2019098965","5","40.1051","-76.3322","1517","08","0","1","0","0","0","0","0","0","2","0","0","0","15","1","1","01","1","40 06:18.479","7","00","76 19:55.791","2","0","1","1","36101","0","0","0","N","0","0","0","2","36101","0","","1","09","N","N","0","","0","1","0","3","2","N","1516","1","2","0","0","0","0","0","3","1","2","N","","","","","","","","","","","","07","  ","","",""
"0935","2","0","0","0","0","0","0","0","0","1","0","","36","10","2019","2019098966","3","40.1101","-76.4137","0934","08","0","0","0","0","0","0","2","0","2","0","0","0","09","1","1","02","2","40 06:36.468","7","00","76 24:49.467","3","0","0","0","36214","0","0","0","N","0","0","0","2","36214","0","","1","01","N","N","0","","1","0","0","0","0","N","0930","1","2","0","0","1","0","0","3","0","2","N","","","","","","","","","","","","03","  ","","",""
"1145","0","0","0","0","0","0","0","0","0","4","0","","36","10","2019","2019098967","3","40.0577","-76.3544","1140","08","0","0","0","0","0","1","0","0","2","0","0","0","11","1","2","01","2","40 03:27.716","7","00","76 21:15.753","3","0","0","0","36214","0","0","0","N","0","0","0","2","36214","1","","1","01","N","N","0","","1","0","2","3","3","N","1135","2","2","0","0","0","0","0","3","0","2","N","","","","","","","","","","","","03","  ","","",""
"0620","0","0","0","0","0","0","0","0","0","0","2","","36","10","2019","2019098968","3","40.1352","-76.0929","0611","08","0","0","0","0","0","2","0","0","1","0","2","0","06","2","0","00","1","40 08:06.880","3","00","76 05:34.467","0","0","0","0","36209","0","0","0","N","0","0","0","4","36415","0","","1","01","N","N","0","","0","0","2","0","0","N","0610","0","4","0","0","0","0","0","1","0","4","N","","","","","","","","","","","","03","  ","","",""
"1702","1","0","0","0","0","0","0","0","0","1","1","","36","10","2019","2019098969","3","40.1444","-76.1151","1655","08","0","0","0","0","0","2","0","0","1","0","1","0","16","1","1","02","2","40 08:39.757","4","00","76 06:54.373","8","0","0","0","36209","0","0","0","N","0","0","0","2","36415","0","","1","01","N","N","0","","0","0","0","0","0","Y","1650","1","2","0","0","0","1","0","1","0","2","N","","","","","","","","","","","","03","  ","","",""
"1435","2","0","0","0","0","0","0","0","0","4","0","","36","09","2019","2019098970","1","40.1885","-76.3253","1430","08","0","1","0","0","0","0","1","0","","0","0","0","14","1","1","01","0","40 11:18.768","","00","76 19:30.989","8","0","0","0","36235","0","0","0","N","0","0","0","2","36506","0","","1","01","N","N","0","","0","0","0","3","3","","1430","1","2","0","0","0","1","0","1","0","2","N","","","","","","","","","","","","03","  ","","",""
"2312","1","0","0","0","0","0","0","0","0","2","0","","36","10","2019","2019098979","3","40.227","-76.1307","2308","08","0","0","0","0","0","1","0","0","","0","0","0","23","3","0","02","0","40 13:37.095","","00","76 07:50.358","0","0","0","0","36405","0","0","0","N","0","0","0","2","36210","0","","1","01","N","N","0","","0","0","1","3","3","","2307","0","2","0","0","1","0","0","1","0","2","N","","","","","","","","","","","","03","  ","","",""