"ARRIVAL_TM","AUTOMOBILE_COUNT","BELTED_DEATH_COUNT","BELTED_SUSP_SERIOUS_INJ_COUNT","BICYCLE_COUNT","BICYCLE_DEATH_COUNT","BICYCLE_SUSP_SERIOUS_INJ_COUNT","BUS_COUNT","CHLDPAS_DEATH_COUNT","CHLDPAS_SUSP_SERIOUS_INJ_COUNT","COLLISION_TYPE","COMM_VEH_COUNT","CONS_ZONE_SPD_LIM","COUNTY","CRASH_MONTH","CRASH_YEAR","CRN","DAY_OF_WEEK","DEC_LAT","DEC_LONG","DISPATCH_TM","DISTRICT","DRIVER_COUNT_16YR","DRIVER_COUNT_17YR","DRIVER_COUNT_18YR","DRIVER_COUNT_19YR","DRIVER_COUNT_20YR","DRIVER_COUNT_50_64YR","DRIVER_COUNT_65_74YR","DRIVER_COUNT_75PLUS","EST_HRS_CLOSED","FATAL_COUNT","HEAVY_TRUCK_COUNT","HORSE_BUGGY_COUNT","HOUR_OF_DAY","ILLUMINATION","INJURY_COUNT","INTERSECT_TYPE","LANE_CLOSED","LATITUDE","LN_CLOSE_DIR","LOCATION_TYPE","LONGITUDE","MAX_SEVERITY_LEVEL","MCYCLE_DEATH_COUNT","MCYCLE_SUSP_SERIOUS_INJ_COUNT","MOTORCYCLE_COUNT","MUNICIPALITY","NONMOTR_COUNT","NONMOTR_DEATH_COUNT","NONMOTR_SUSP_SERIOUS_INJ_COUNT","NTFY_HIWY_MAINT","PED_COUNT","PED_DEATH_COUNT","PED_SUSP_SERIOUS_INJ_COUNT","PERSON_COUNT","POLICE_AGCY","POSSIBLE_INJ_COUNT","RDWY_SURF_TYPE_CD","RELATION_TO_ROAD","ROAD_CONDITION","SCH_BUS_IND","SCH_ZONE_IND","SMALL_TRUCK_COUNT","SPEC_JURIS_CD","SUSP_MINOR_INJ_COUNT","SUSP_SERIOUS_INJ_COUNT","SUV_COUNT","TCD_FUNC_CD","TCD_TYPE","TFC_DETOUR_IND","TIME_OF_DAY","TOT_INJ_COUNT","TOTAL_UNITS","UNB_DEATH_COUNT","UNB_SUSP_SERIOUS_INJ_COUNT","UNBELTED_OCC_COUNT","UNK_INJ_DEG_COUNT","UNK_INJ_PER_COUNT","URBAN_RURAL","VAN_COUNT","VEHICLE_COUNT","WORK_ZONE_IND","WORK_ZONE_LOC","WORK_ZONE_TYPE","WORKERS_PRES","WZ_CLOSE_DETOUR","WZ_FLAGGER","WZ_LAW_OFFCR_IND","WZ_LN_CLOSURE","WZ_MOVING","WZ_OTHER","WZ_SHLDER_MDN","ROADWAY_CLEARED","WEATHER1","WEATHER2","WZ_WORKERS_INJ_KILLED","SECONDARY_CRASH","INTERSECTION_RELATED"
"2324","1","0","0","0","0","0","0","0","0","4","0","","36","09","2019","2019099074","6","39.9612","-75.9957","2312","08","0","0","1","0","1","0","0","0","1","0","0","0","23","3","0","01","1","39 57:40.330","1","00","75 59:44.681","0","0","0","0","36403","0","0","0","N","0","0","0","2","68J01","0","","1","01","N","N","1","","0","0","0","3","3","N","2308","0","2","0","0","0","0","0","1","0","2","N","","","","","","","","","","","","03","  ","","",""
"1235","0","0","0","0","0","0","0","0","0","7","0","","36","09","2019","2019099089","2","40.2269","-76.3875","1224","08","0","0","0","0","0","0","0","0","2","0","0","0","12","1","1","00","2","40 13:36.853","4","00","76 23:15.048","3","0","0","0","36230","0","0","0","N","0","0","0","2","68T06","0","","4","01","N","N","0","","1","0","1","0","0","N","1224","1","1","0","0","0","0","0","1","0","1","N","","","","","","","","","","","","03","  ","","",""
"1830","0","0","0","0","0","0","0","0","0","4","0","","36","10","2019","2019099131","4","40.0459","-76.3072","1830","08","0","0","0","0","0","0","0","0","3","0","0","0","18","1","2","01","1","40 02:45.142","3","00","76 18:25.864","3","0","0","0","36301","0","0","0","N","0","0","0","4","36301","0","","1","01","N","N","0","","2","0","2","3","2","Y","1830","2","2","0","0","3","0","0","3","0","2","N","","","","","","","","","","","","03","  ","","",""
"1850","1","0","0","0","0","0","0","0","0","1","0","","36","09","2019","2019099134","5","40.1866","-76.6023","1842","08","0","0","0","0","0","0","0","0","","0","0","0","18","1","1","00","0","40 11:11.903","","00","76 36:08.159","8","0","0","0","36225","0","0","0","N","0","0","0","2","36505","0","","1","01","N","N","1","","0","0","0","0","0","","1840","1","2","0","0","0","1","0","2","0","2","N","","","","","","","","","","","","03","  ","","",""
"2000","0","0","0","0","0","0","0","0","0","8","0","","36","10","2019","2019099139","4","40.034","-76.3117","2000","08","0","0","0","0","0","0","0","0","","0","0","0","19","3","1","01","0","40 02:02.313","","00","76 18:42.123","3","0","0","0","36301","1","0","0","N","1","0","0","2","36301","0","","1","01","N","N","0","","1","0","1","3","3","N","1958","1","2","0","0","0","0","1","3","0","1","N","","","","","","","","","","","","03","  ","","",""
"2153","1","0","0","0","0","0","0","0","0","7","0","","36","10","2019","2019099147","4","40.0388","-76.4555","2147","08","0","0","0","0","0","0","0","0","1","0","0","0","21","3","0","00","2","40 02:19.782","3","00","76 27:19.632","0","0","0","0","36239","0","0","0","Y","0","0","0","1","36239","0","","3","01","","","0","","0","0","0","0","0","N","2147","0","1","0","0","0","0","0","3","0","1","N","","","","","","","","","","","","03","  ","","",""
"1406","2","0","0","0","0","0","0","0","0","4","0","","36","09","2019","2019099157","5","40.0389","-76.5053","1404","08","0","0","0","0","0","1","0","0","1","0","0","0","14","1","0","01","1","40 02:20.184","7","00","76 30:19.108","0","0","0","0","36404","0","0","0","N","0","0","0","2","36404","0","","1","01","N","N","0","","0","0","0","3","3","N","1400","0","2","0","0","1","0","0","3","0","2","N","","","","","","","","","","","","03","  ","","",""
"2135","1","0","0","1","0","1","0","0","0","4","0","","36","10","2019","2019099168","4","40.0345","-76.3079","2113","08","0","0","0","0","0","0","0","0","","0","0","0","21","3","1","01","0","40 02:04.189","","00","76 18:28.439","2","0","0","0","36301","1","0","1","N","0","0","0","2","36301","0","","1","01","N","N","0","","0","1","0","3","3","N","2113","1","2","0","0","0","0","0","3","0","1","N","","","","","","","","","","","","03","  ","","",""
"0005","2","0","0","0","0","0","0","0","0","7","0","","36","10","2019","2019099174","5","40.178","-76.6006","0000","08","0","0","0","0","0","0","0","0","","0","0","0","00","2","1","00","0","40 10:40.902","","00","76 36:02.303","3","0","0","0","36225","0","0","0","Y","0","0","0","2","36505","0","","2","01","N","N","0","","1","0","0","0","0","N","0000","1","2","0","0","0","0","0","2","0","2","N","","","","","","","","","","","","03","  ","","",""
"1732","2","0","0","0","0","0","0","0","0","4","0","","36","10","2019","2019099214","5","40.1576","-76.5931","0732","08","0","0","0","1","0","0","0","0","","0","0","0","07","1","0","00","0","40 09:27.286","","00","76 35:35.283","0","0","0","0","36407","0","0","0","N","0","0","0","2","36407","0","","1","09","N","N","0","","0","0","0","3","3","","0729","0","2","0","0","0","0","0","2","0","2","N","","","","","","","","","","","","07","  ","","",""
"1015","2","0","0","0","0","0","0","0","0","1","0","","36","10","2019","2019099266","5","39.9883","-76.2734","1011","08","0","0","0","0","0","0","0","0","","0","0","0","10","1","0","02","0","39 59:17.730","","00","76 16:24.296","0","0","0","0","36240","0","0","0","N","0","0","0","2","36240","0","","1","09","N","N","0","","0","0","0","3","2","N","1010","0","2","0","0","0","0","0","1","0","2","N","","","","","","","","","","","","07","  ","","",""
"1109","2","0","0","0","0","0","0","0","0","4","0","","36","10","2019","2019099270","5","40.0393","-76.2872","1058","08","0","0","1","0","1","0","0","0","2","0","0","0","10","1","0","00","1","40 02:21.400","2","07","76 17:13.900","0","0","0","0","36301","0","0","0","N","0","0","0","2","36301","0","","1","09","N","N","0","","0","0","0","0","0","N","1055","0","2","0","0","0","0","0","3","0","2","N","","","","","","","","","","","","07","  ","","",""
"1724","1","0","0","0","0","0","0","0","0","1","0","","36","09","2019","2019099384","4","40.0309","-76.3209","1721","08","0","0","0","0","0","1","0","0","2","0","0","0","17","1","0","00","1","40 01:51.283","3","00","76 19:15.380","0","0","0","0","36301","0","0","0","N","0","0","0","2","36301","0","","1","01","N","N","1","","0","0","0","0","0","N","1711","0","2","0","0","0","0","0","3","0","2","N","","","","","","","","","","","","03","  ","","",""
"1027","2","0","0","0","0","0","0","0","0","4","0","","36","10","2019","2019099451","4","40.0697","-76.309","1019","08","0","0","0","0","0","0","0","1","","0","0","0","10","1","0","00","0","40 04:10.958","","00","76 18:32.477","0","0","0","0","36101","0","0","0","N","0","0","0","2","36101","0","","6","01","N","N","0","","0","0","0","3","2","","1017","0","2","0","0","0","0","0","3","0","2","N","","","","","","","","","","","","03","  ","","",""
"0715","0","0","0","0","0","0","0","0","0","7","0","","36","10","2019","2019099452","5","40.0703","-76.3013","0712","08","0","1","0","0","0","0","0","0","2","0","0","0","07","5","0","00","1","40 04:12.969","2","00","76 18:04.751","0","0","0","0","36101","0","0","0","N","0","0","0","1","36101","0","","5","09","N","N","1","","0","0","0","0","0","N","0709","0","1","0","0","0","0","0","3","0","1","N","","","","","","","","","","","","07","  ","","",""
"1256","0","0","0","0","0","0","0","0","0","1","0","","36","09","2019","2019099481","6","39.958","-76.4366","1225","08","0","0","1","0","0","0","0","0","","0","0","0","12","1","0","00","0","39 57:28.819","","07","76 26:11.597","0","0","0","0","36223","0","0","0","N","0","0","0","2","68J01","0","","1","01","N","N","2","","0","0","0","0","0","","1218","0","2","0","0","0","0","0","1","0","2","N","","","","","","","","","","","","03","  ","","",""
"1445","0","0","0","0","0","0","0","0","0","1","0","","36","09","2019","2019099487","4","39.8856","-76.1617","1425","08","0","0","0","0","0","2","0","0","1","0","0","0","14","1","1","00","1","39 53:08.143","2","00","76 09:41.969","3","0","0","0","36212","0","0","0","N","0","0","0","2","68J01","0","","1","01","N","N","1","","1","0","1","0","0","N","1423","1","2","0","0","0","0","0","1","0","2","N","","","","","","","","","","","","03","  ","","",""
"0734","0","0","0","0","0","0","0","0","0","4","0","","36","09","2019","2019099491","5","39.9251","-76.0681","0701","08","0","1","0","0","0","0","0","0","","0","0","0","06","1","0","01","0","39 55:30.261","","00","76 04:05.138","0","0","0","0","36201","0","0","0","N","0","0","0","2","68J01","0","","1","01","N","N","1","","0","0","1","3","3","","0654","0","2","0","0","0","0","0","1","0","2","N","","","","","","","","","","","","03","  ","","",""
"0605","0","0","0","0","0","0","0","0","0","7","0","","36","09","2019","2019099492","6","39.9009","-76.09","0551","08","0","0","1","0","0","0","0","0","1","0","0","0","05","2","1","00","2","39 54:03.390","7","00","76 05:24.050","3","0","0","0","36201","0","0","0","N","0","0","0","1","68J01","0","","4","01","N","N","1","","1","0","0","0","0","N","0547","1","1","0","0","0","0","0","1","0","1","N","","","","","","","","","","","","03","  ","","",""
"1631","1","0","0","0","0","0","0","0","0","7","0","","36","09","2019","2019099493","6","40.0445","-76.0637","1617","08","0","0","0","0","1","0","0","0","","0","0","0","15","1","1","00","0","40 02:40.125","","00","76 03:49.315","3","0","0","0","36221","0","0","0","N","0","0","0","1","68J01","0","","4","01","N","N","0","","1","0","0","0","0","","1547","1","1","0","0","0","0","0","1","0","1","N","","","","","","","","","","","","03","  ","","",""
"1901","0","0","0","0","0","0","0","0","0","1","0","","36","09","2019","2019099494","6","40.0389","-76.1023","1856","08","0","0","0","1","0","0","0","0","2","0","0","0","18","4","1","00","2","40 02:19.970","4","00","76 06:08.337","4","0","0","0","36221","0","0","0","N","0","0","0","2","68J01","1","","1","01","N","N","0","","0","0","2","0","0","Y","1854","1","2","0","0","0","0","0","1","0","2","N","","","","","","","","","","","","03","  ","","",""
"1953","2","0","0","0","0","0","0","0","0","1","0","","36","09","2019","2019099495","6","39.9837","-76.0174","1943","08","1","0","0","0","1","0","0","0","","0","0","0","19","2","3","00","0","39 59:01.236","","00","76 01:02.738","3","0","0","0","36232","0","0","0","N","0","0","0","4","68J01","2","","1","01","N","N","0","","1","0","0","0","0","","1909","3","2","0","0","0","0","0","1","0","2","N","","","","","","","","","","","","03","  ","","",""
"0737","1","0","0","0","0","0","0","0","0","4","0","","36","09","2019","2019099498","7","39.8607","-76.0914","0715","08","0","0","0","0","0","1","0","0","3","0","0","0","07","1","2","01","1","39 51:38.462","1","00","76 05:28.941","3","0","0","0","36205","0","0","0","N","0","0","0","2","68J01","0","","4","01","N","N","0","","1","0","1","3","3","N","0713","2","2","0","0","0","1","0","1","0","2","N","","","","","","","","","","","","03","  ","","",""
"1217","2","0","0","0","0","0","0","0","0","4","0","","36","09","2019","2019099499","7","39.8837","-76.2046","1204","08","0","0","1","0","0","0","0","1","","0","0","0","12","1","0","01","0","39 53:01.345","","00","76 12:16.591","0","0","0","0","36212","0","0","0","N","0","0","0","2","68J01","0","","1","01","N","N","0","","0","0","0","3","3","","1200","0","2","0","0","0","0","0","1","0","2","N","","","","","","","","","","","","03","  ","","",""
"1855","1","0","0","0","0","0","0","0","0","7","0","","36","09","2019","2019099502","2","39.8677","-76.2109","1845","08","0","0","0","0","0","0","0","0","","0","0","0","18","4","1","00","0","39 52:03.840","","00","76 12:39.100","4","0","0","0","36212","0","0","0","N","0","0","0","1","68J01","1","","4","01","N","N","0","","0","0","0","0","0","","1844","1","1","0","0","0","0","0","1","0","1","N","","","","","","","","","","","","03","  ","","",""
"2042","1","0","0","0","0","0","0","0","0","9","0","","36","09","2019","2019099509","5","39.9186","-76.0896","2033","08","0","0","0","0","0","0","0","0","2","0","0","0","20","2","2","00","2","39 55:06.930","4","00","76 05:22.629","3","0","0","0","36201","0","0","0","N","0","0","0","2","68J01","0","","1","01","N","N","0","","2","0","0","0","0","N","2030","2","1","0","0","0","0","0","1","0","1","N","","","","","","","","","","","","03","  ","","",""
"0316","1","0","0","0","0","0","0","0","0","7","0","","36","09","2019","2019099511","6","39.8791","-76.3694","0245","08","0","0","0","0","0","0","0","0","2","0","0","0","02","2","0","00","1","39 52:44.895","3","00","76 22:09.907","0","0","0","0","36224","0","0","0","N","0","0","0","1","68J01","0","","4","01","N","N","0","","0","0","0","0","0","N","0243","0","1","0","0","0","0","0","1","0","1","N","","","","","","","","","","","","03","  ","","",""
"1244","0","0","0","0","0","0","0","0","0","1","0","","36","09","2019","2019099516","1","39.8195","-76.3214","1238","08","0","0","0","0","0","1","0","0","1","0","0","0","12","1","0","00","1","39 49:10.092","3","03","76 19:17.206","0","0","0","1","36224","0","0","0","N","0","0","0","2","68J01","0","","1","01","N","N","1","","0","0","0","0","0","N","1237","0","2","0","0","0","0","0","1","0","2","N","","","","","","","","","","","","03","  ","","",""
"1540","0","0","0","0","0","0","0","0","0","7","0","","36","09","2019","2019099520","2","40.1253","-75.9106","1500","08","0","0","0","0","0","1","0","0","","0","0","0","14","1","1","00","0","40 07:31.188","","00","75 54:38.155","3","0","0","0","36203","0","0","0","N","0","0","0","1","68J01","0","","4","01","N","N","0","","1","0","1","0","0","","1442","1","1","0","0","0","0","0","1","0","1","N","","","","","","","","","","","","03","  ","","",""
"1138","2","0","0","0","0","0","0","0","0","6","0","","36","09","2019","2019099627","2","40.0372","-76.3162","1130","08","0","0","0","0","0","0","0","0","1","0","0","0","11","1","0","00","2","40 02:14.051","3","00","76 18:58.366","0","0","0","0","36301","0","0","0","N","0","0","0","6","36301","0","","1","01","N","N","0","","0","0","0","0","0","Y","1129","0","2","0","0","0","0","0","3","0","2","N","","","","","","","","","","","","03","  ","","",""
"1427","3","0","0","0","0","0","0","0","0","1","0","","36","09","2019","2019099653","2","40.1958","-76.2005","1424","08","0","0","0","1","1","0","1","0","2","0","0","0","14","1","1","00","1","40 11:44.704","4","00","76 12:01.844","8","0","0","0","36408","0","0","0","N","0","0","0","3","36408","0","","1","01","N","N","0","","0","0","0","0","0","N","1421","1","3","0","0","0","1","0","2","0","3","N","","","","","","","","","","","","03","  ","","",""
"0659","1","0","0","0","0","0","0","0","0","7","0","","36","10","2019","2019099660","5","40.0538","-76.279","0655","08","0","0","1","0","0","0","0","0","1","0","0","0","06","5","0","00","1","40 03:13.790","7","00","76 16:44.300","0","0","0","0","36101","0","0","0","N","0","0","0","1","36101","0","","4","09","N","N","0","","0","0","0","0","0","Y","0642","0","1","0","0","0","0","0","3","0","1","N","","","","","","","","","","","","07","  ","","",""
"1559","2","0","0","0","0","0","0","0","0","1","0","","36","10","2019","2019099661","5","40.0566","-76.3307","1545","08","0","0","0","0","0","0","0","0","1","0","0","0","15","1","0","00","1","40 03:23.690","3","00","76 19:50.568","0","0","0","0","36101","0","0","0","N","0","0","0","2","36101","0","","1","01","N","N","0","","0","0","0","0","0","N","1516","0","2","0","0","0","0","0","3","0","2","N","","","","","","","","","","","","03","  ","","",""
"1353","2","0","0","0","0","0","0","0","0","4","0","","36","09","2019","2019099663","6","40.0823","-76.3976","1348","08","0","0","0","0","0","0","2","0","2","0","0","0","13","1","1","01","2","40 04:56.251","6","00","76 23:51.349","3","0","0","0","36214","0","0","0","N","0","0","0","2","36214","0","","1","01","N","N","0","","1","0","0","3","3","Y","1345","1","2","0","0","0","0","0","3","0","2","N","","","","","","","","","","","","03","  ","","",""
"0818","2","0","0","0","0","0","0","0","0","1","0","","36","09","2019","2019099664","1","40.0227","-76.3662","0816","08","0","0","0","0","0","2","0","0","2","0","0","0","08","1","1","00","2","40 01:21.580","6","00","76 21:58.470","3","0","0","0","36223","0","0","0","N","0","0","0","4","36223","0","","1","01","N","N","0","","1","0","0","0","0","Y","0814","1","2","0","0","1","0","0","1","0","2","N","","","","","","","","","","","","03","  ","","",""
"1820","0","0","0","0","0","0","0","0","0","0","0","","36","09","2019","2019099665","1","40.0169","-76.4546","1809","08","0","0","0","0","0","1","0","0","2","0","0","0","18","1","2","01","2","40 01:00.892","7","00","76 27:16.380","3","0","0","1","36223","0","0","0","N","0","0","0","2","36223","0","","1","01","N","N","0","","2","0","0","3","3","N","1800","2","1","0","0","0","0","0","1","0","1","N","","","","","","","","","","","","03","  ","","",""
"1107","0","0","0","0","0","0","0","0","0","4","0","","36","10","2019","2019099699","6","40.1919","-76.1765","1105","08","0","0","0","0","0","0","2","0","1","0","0","0","11","1","1","02","2","40 11:30.663","1","07","76 10:35.439","3","0","0","0","36218","0","0","0","N","0","0","0","3","36408","0","","1","01","N","N","1","","1","0","1","3","2","Y","1103","1","2","0","0","0","0","0","1","0","2","N","","","","","","","","","","","","03","  ","","",""
"1358","1","0","0","0","0","0","0","0","0","4","0","","36","09","2019","2019099729","5","40.0573","-76.144","1350","08","0","0","0","0","0","0","1","0","1","0","0","0","13","1","0","02","1","40 03:26.406","3","00","76 08:38.543","0","0","0","0","36221","0","0","0","N","0","0","0","2","68J01","0","","1","01","N","N","1","","0","0","0","3","3","N","1345","0","2","0","0","0","0","0","1","0","2","N","","","","","","","","","","","","03","  ","","",""
"1514","0","0","0","0","0","0","0","0","0","2","0","","36","09","2019","2019099807","7","40.0626","-76.2439","1510","08","0","0","0","0","0","1","1","0","","0","0","0","15","1","2","02","0","40 03:45.356","","00","76 14:38.072","3","0","0","1","36215","0","0","0","N","0","0","0","3","36215","0","","1","01","N","N","0","","2","0","1","3","3","","1510","2","2","0","0","0","0","0","1","0","2","N","","","","","","","","","","","","03","  ","","",""
"1433","1","0","0","0","0","0","0","0","0","5","0","","36","09","2019","2019099808","1","40.0231","-76.1963","1424","08","0","1","0","0","0","1","0","0","","0","0","0","14","1","0","00","0","40 01:23.268","","00","76 11:46.811","0","0","0","0","36215","0","0","0","N","0","0","0","7","36215","0","","1","01","N","N","0","","0","0","1","0","0","","1424","0","2","0","0","0","0","0","1","0","2","N","","","","","","","","","","","","03","  ","","",""
"2142","2","0","0","0","0","0","0","0","0","4","0","","36","10","2019","2019099809","4","40.1161","-76.0966","2139","08","0","1","0","0","0","0","0","0","1","0","0","0","21","2","0","01","1","40 06:57.873","2","00","76 05:47.937","0","0","0","0","36209","0","0","0","N","0","0","0","3","36415","0","","1","01","N","N","0","","0","0","0","3","3","Y","2137","0","2","0","0","0","0","0","1","0","2","N","","","","","","","","","","","","03","  ","","",""
"1345","1","0","0","0","0","0","0","0","0","4","0","","36","09","2019","2019099810","5","40.1026","-76.0971","1343","08","0","0","0","0","0","0","0","1","","0","0","1","13","1","1","01","0","40 06:09.478","","00","76 05:49.434","3","0","0","0","36415","1","0","0","N","0","0","0","2","36415","0","","1","01","N","N","0","","1","0","0","3","3","","1342","1","2","0","0","0","0","0","1","0","1","N","","","","","","","","","","","","03","  ","","",""
"1716","1","0","0","0","0","0","0","0","0","1","0","","36","09","2019","2019099811","4","40.1409","-76.2231","1716","08","0","0","0","0","0","3","0","0","","0","0","0","17","1","0","00","0","40 08:27.401","","07","76 13:23.119","0","0","0","0","36235","0","0","0","N","0","0","0","3","36506","0","","1","01","N","N","1","","0","0","1","0","0","","1716","0","3","0","0","0","0","0","1","0","3","N","","","","","","","","","","","","03","  ","","",""
"1509","1","0","0","0","0","0","0","0","0","4","0","","36","09","2019","2019099812","2","40.1693","-76.3861","1506","08","0","0","0","0","0","0","1","0","","0","0","0","15","1","1","00","0","40 10:09.654","","00","76 23:09.814","8","0","0","1","36227","0","0","0","N","0","0","0","5","36506","0","","1","01","N","N","0","","0","0","0","3","2","","1505","1","2","0","0","0","1","0","1","0","2","N","","","","","","","","","","","","03","  ","","",""
"0905","0","0","0","0","0","0","0","0","0","4","0","","36","10","2019","2019099813","5","40.1568","-76.3815","0901","08","0","0","0","0","0","2","0","0","","0","0","0","08","1","1","01","0","40 09:24.452","","00","76 22:53.324","4","0","0","0","36227","0","0","0","N","0","0","0","2","36506","1","","1","09","N","N","0","","0","0","2","3","3","","0858","1","2","0","0","0","0","0","1","0","2","N","","","","","","","","","","","","07","  ","","",""
"1721","2","0","0","0","0","0","0","0","0","4","0","","36","10","2019","2019099900","6","40.2486","-76.1783","1718","08","0","0","0","0","0","0","0","0","2","0","0","0","17","1","1","00","2","40 14:55.125","1","00","76 10:41.831","4","0","0","0","36236","0","0","0","N","0","0","0","3","36408","1","","1","01","N","N","0","","0","0","0","0","0","N","1716","1","2","0","0","0","0","0","1","0","2","N","","","","","","","","","","","","03","  ","","",""
"1744","2","0","0","0","0","0","0","0","0","4","0","","36","09","2019","2019099971","4","40.044","-76.3096","1744","08","0","0","0","0","0","0","0","0","2","0","0","0","16","1","0","01","2","40 02:38.526","4","00","76 18:34.563","0","0","0","0","36301","0","0","0","N","0","0","0","2","36301","0","","1","01","N","N","0","","0","0","0","3","3","Y","1649","0","2","0","0","0","0","0","3","0","2","N","","","","","","","","","","","","03","  ","","",""
"1800","1","0","0","0","0","0","0","0","0","1","0","","36","09","2019","2019100126","5","40.0606","-76.2768","1753","08","0","0","0","0","0","1","0","0","","0","0","0","17","1","0","06","0","40 03:38.104","","02","76 16:36.712","0","0","0","0","36101","0","0","0","N","0","0","0","2","36101","0","","1","01","N","N","1","","0","0","0","0","0","","1742","0","2","0","0","0","0","0","3","0","2","N","","","","","","","","","","","","03","  ","","",""
"1708","1","0","0","0","0","0","0","0","0","4","0","","36","10","2019","2019100127","6","40.1093","-76.2501","1655","08","0","0","0","0","0","1","0","0","","0","0","0","16","1","0","01","0","40 06:33.403","","00","76 15:00.444","9","0","0","0","36101","0","0","0","N","0","0","0","2","36101","0","","1","01","N","N","0","","0","0","0","3","3","","1653","0","2","0","0","1","0","1","3","0","2","N","","","","","","","","","","","","03","  ","","",""
"0520","1","0","0","0","0","0","0","0","0","7","0","","36","10","2019","2019100128","3","40.1017","-76.4273","0510","08","0","0","0","0","0","0","0","0","1","0","0","0","04","3","0","02","1","40 06:06.283","1","00","76 25:38.263","0","0","0","0","36214","0","0","0","N","0","0","0","1","36214","0","","2","01","N","N","0","","0","0","0","3","3","N","0459","0","1","0","0","0","0","0","3","0","1","N","","","","","","","","","","","","03","  ","","",""
"0313","2","0","0","0","0","0","0","0","0","4","1","","36","09","2019","2019100136","6","40.0404","-76.2974","0312","08","0","0","0","0","0","0","0","0","6","0","1","0","03","3","3","01","2","40 02:25.538","5","00","76 17:50.699","3","0","0","0","36301","0","0","0","N","0","0","0","4","36301","0","","1","01","N","N","1","","1","0","3","3","2","Y","0310","3","8","0","0","1","2","0","3","1","8","N","","","","","","","","","","","","03","  ","","",""
"0943","0","0","0","0","0","0","0","0","0","9","1","","36","09","2019","2019100147","6","40.242","-76.1463","0915","08","0","0","0","0","0","1","0","0","","0","1","0","09","1","1","00","0","40 14:31.142","","00","76 08:46.650","3","0","0","0","36236","0","0","0","N","0","0","0","4","68T06","0","","1","01","N","N","0","","1","0","1","0","0","","0915","1","2","0","0","0","0","0","1","0","2","N","","","","","","","","","","","","03","  ","","",""
"1944","2","0","0","0","0","0","0","0","0","4","0","","36","09","2019","2019100205","5","40.0526","-76.3041","1939","08","0","0","0","0","0","0","0","0","1","0","0","0","19","3","0","01","1","40 03:09.338","5","00","76 18:14.646","0","0","0","0","36301","0","0","0","N","0","0","0","2","36301","0","","1","01","N","N","0","","0","0","0","3","1","N","1938","0","2","0","0","0","0","0","3","0","2","N","","","","","","","","","","","","03","  ","","",""
"2021","0","0","0","0","0","0","0","0","0","0","0","","36","10","2019","2019100206","7","40.1873","-76.1844","2020","08","0","0","0","0","0","1","0","0","","0","0","0","20","3","1","01","0","40 11:14.331","","00","76 11:03.790","3","0","0","1","36408","0","0","0","N","0","0","0","2","36408","0","","1","01","N","N","0","","1","0","0","3","2","N","2018","1","1","0","0","0","0","0","2","0","1","N","","","","","","","","","","","","03","  ","","",""
"1950","2","0","0","0","0","0","0","0","0","4","0","","36","09","2019","2019100214","4","40.032","-76.3213","1939","08","0","0","0","0","0","0","0","0","2","0","0","0","18","4","1","00","2","40 01:55.100","6","07","76 19:16.800","4","0","0","0","36301","0","0","0","N","0","0","0","4","36301","1","","1","01","","","0","","0","0","0","9","3","Y","1853","1","2","0","0","0","0","0","3","0","2","N","","","","","","","","","","","","03","  ","","",""
"1737","2","0","0","0","0","0","0","0","0","1","0","","36","10","2019","2019100240","3","40.0448","-76.2862","1731","08","0","0","0","0","0","0","0","0","1","0","0","0","17","1","0","01","1","40 02:41.313","4","00","76 17:10.405","0","0","0","0","36301","0","0","0","N","0","0","0","2","36301","0","","1","01","N","N","0","","0","0","0","0","0","N","1729","0","2","0","0","0","0","0","3","0","2","N","","","","","","","","","","","","98","  ","","",""
"1619","1","0","0","0","0","0","0","0","0","7","0","","36","10","2019","2019100251","7","40.1318","-76.536","1613","08","0","0","0","0","0","0","0","0","","0","0","0","16","1","0","00","0","40 07:54.560","","00","76 32:09.723","0","0","0","0","36225","0","0","0","N","0","0","0","2","36505","0","","1","01","N","N","0","","0","0","0","0","0","N","1611","0","1","0","0","0","0","0","2","0","1","N","","","","","","","","","","","","03","  ","","",""
"0750","2","0","0","0","0","0","0","0","0","4","0","","36","10","2019","2019100253","3","40.1694","-76.1985","0747","08","0","0","0","0","0","2","0","0","1","0","0","0","07","1","1","00","1","40 10:09.744","3","07","76 11:54.608","3","0","0","0","36408","0","0","0","N","0","0","0","3","36408","0","","1","01","N","N","1","","1","0","0","0","0","N","0747","1","3","0","0","1","0","0","2","0","3","N","","","","","","","","","","","","03","  ","","",""
"1248","1","0","0","0","0","0","0","0","0","7","0","","36","10","2019","2019100263","7","40.2397","-76.1719","1238","08","0","0","0","0","0","0","0","0","2","0","0","0","12","1","0","00","1","40 14:22.988","4","00","76 10:19.009","0","0","0","0","36236","0","0","0","N","0","0","0","1","36408","0","","5","01","N","N","0","","0","0","0","0","0","N","1238","0","1","0","0","0","0","0","1","0","1","N","","","","","","","","","","","","03","  ","","",""