"ARRIVAL_TM","AUTOMOBILE_COUNT","BELTED_DEATH_COUNT","BELTED_SUSP_SERIOUS_INJ_COUNT","BICYCLE_COUNT","BICYCLE_DEATH_COUNT","BICYCLE_SUSP_SERIOUS_INJ_COUNT","BUS_COUNT","CHLDPAS_DEATH_COUNT","CHLDPAS_SUSP_SERIOUS_INJ_COUNT","COLLISION_TYPE","COMM_VEH_COUNT","CONS_ZONE_SPD_LIM","COUNTY","CRASH_MONTH","CRASH_YEAR","CRN","DAY_OF_WEEK","DEC_LAT","DEC_LONG","DISPATCH_TM","DISTRICT","DRIVER_COUNT_16YR","DRIVER_COUNT_17YR","DRIVER_COUNT_18YR","DRIVER_COUNT_19YR","DRIVER_COUNT_20YR","DRIVER_COUNT_50_64YR","DRIVER_COUNT_65_74YR","DRIVER_COUNT_75PLUS","EST_HRS_CLOSED","FATAL_COUNT","HEAVY_TRUCK_COUNT","HORSE_BUGGY_COUNT","HOUR_OF_DAY","ILLUMINATION","INJURY_COUNT","INTERSECT_TYPE","LANE_CLOSED","LATITUDE","LN_CLOSE_DIR","LOCATION_TYPE","LONGITUDE","MAX_SEVERITY_LEVEL","MCYCLE_DEATH_COUNT","MCYCLE_SUSP_SERIOUS_INJ_COUNT","MOTORCYCLE_COUNT","MUNICIPALITY","NONMOTR_COUNT","NONMOTR_DEATH_COUNT","NONMOTR_SUSP_SERIOUS_INJ_COUNT","NTFY_HIWY_MAINT","PED_COUNT","PED_DEATH_COUNT","PED_SUSP_SERIOUS_INJ_COUNT","PERSON_COUNT","POLICE_AGCY","POSSIBLE_INJ_COUNT","RDWY_SURF_TYPE_CD","RELATION_TO_ROAD","ROAD_CONDITION","SCH_BUS_IND","SCH_ZONE_IND","SMALL_TRUCK_COUNT","SPEC_JURIS_CD","SUSP_MINOR_INJ_COUNT","SUSP_SERIOUS_INJ_COUNT","SUV_COUNT","TCD_FUNC_CD","TCD_TYPE","TFC_DETOUR_IND","TIME_OF_DAY","TOT_INJ_COUNT","TOTAL_UNITS","UNB_DEATH_COUNT","UNB_SUSP_SERIOUS_INJ_COUNT","UNBELTED_OCC_COUNT","UNK_INJ_DEG_COUNT","UNK_INJ_PER_COUNT","URBAN_RURAL","VAN_COUNT","VEHICLE_COUNT","WORK_ZONE_IND","WORK_ZONE_LOC","WORK_ZONE_TYPE","WORKERS_PRES","WZ_CLOSE_DETOUR","WZ_FLAGGER","WZ_LAW_OFFCR_IND","WZ_LN_CLOSURE","WZ_MOVING","WZ_OTHER","WZ_SHLDER_MDN","ROADWAY_CLEARED","WEATHER1","WEATHER2","WZ_WORKERS_INJ_KILLED","SECONDARY_CRASH","INTERSECTION_RELATED"
"1255","2","0","0","0","0","0","0","0","0","5","0","","36","09","2019","2019100266","6","40.1592","-76.628","1248","08","0","0","0","0","0","1","0","0","","0","0","0","12","1","0","00","0","40 09:33.062","","00","76 37:40.786","0","0","0","0","36237","0","0","0","N","0","0","0","2","36505","0","","1","01","N","N","0","","0","0","0","0","0","N","1245","0","2","0","0","0","0","0","1","0","2","N","","","","","","","","","","","","03","  ","","",""
"1422","0","0","0","0","0","0","0","0","0","0","1","","36","10","2019","2019100271","6","40.1285","-76.5059","1414","08","0","0","0","0","0","1","0","0","2","0","1","0","14","1","0","00","2","40 07:42.620","3","00","76 30:21.414","0","0","0","0","36230","0","0","0","N","0","0","0","2","36505","0","","2","01","N","N","0","","0","0","0","0","0","Y","1409","0","1","0","0","0","0","0","1","0","1","N","","","","","","","","","","","","03","  ","","",""
"1359","2","0","0","0","0","0","0","0","0","1","0","","36","10","2019","2019100367","1","40.0922","-76.4225","1355","08","0","0","0","0","0","0","0","0","","0","0","0","13","1","0","01","0","40 05:32.064","","00","76 25:20.888","0","0","0","0","36239","0","0","0","N","0","0","0","4","36239","0","","1","09","N","N","0","","0","0","0","3","2","","1352","0","2","0","0","0","0","0","3","0","2","N","","","","","","","","","","","","07","  ","","",""
"1223","1","0","0","0","0","0","0","0","0","1","0","","36","10","2019","2019100418","6","40.0687","-76.303","1219","08","0","0","0","0","0","1","0","0","","0","0","0","12","1","1","00","0","40 04:07.159","","00","76 18:10.711","3","0","0","0","36101","0","0","0","N","0","0","0","5","36101","0","","1","01","N","N","0","","1","0","1","0","0","","1216","1","2","0","0","0","0","0","3","0","2","N","","","","","","","","","","","","03","  ","","",""
"1625","2","0","0","0","0","0","0","0","0","1","0","","36","10","2019","2019100419","6","40.0787","-76.3464","1616","08","0","0","0","0","0","0","0","0","","0","0","0","16","1","2","02","0","40 04:43.429","","00","76 20:46.914","3","0","0","0","36101","0","0","0","N","0","0","0","3","36101","0","","1","01","N","N","0","","2","0","0","0","0","","1607","2","2","0","0","0","0","0","3","0","2","N","","","","","","","","","","","","03","  ","","",""
"1933","1","0","0","0","0","0","0","0","0","9","0","","36","10","2019","2019100420","6","40.0641","-76.3144","1918","08","0","0","0","0","0","0","0","0","3","0","0","0","19","2","0","00","1","40 03:50.931","1","00","76 18:51.805","0","0","0","0","36101","0","0","0","N","0","0","0","1","36101","0","","1","01","N","N","0","","0","0","0","0","0","N","1915","0","1","0","0","0","0","0","3","0","1","N","","","","","","","","","","","","03","  ","","",""
"0852","1","0","0","0","0","0","0","0","0","1","0","","36","10","2019","2019100421","7","40.0974","-76.3051","0845","08","0","0","0","0","0","0","0","0","2","0","0","0","08","1","0","00","2","40 05:50.530","2","00","76 18:18.394","0","0","0","0","36101","0","0","0","N","0","0","0","2","36101","0","","1","01","N","N","0","","0","0","1","0","0","N","0844","0","2","0","0","0","0","0","3","0","2","N","","","","","","","","","","","","03","  ","","",""
"1050","2","0","0","0","0","0","0","0","0","1","0","","36","10","2019","2019100422","7","40.0874","-76.2849","1045","08","0","0","0","0","0","1","0","0","1","0","0","0","10","1","1","00","2","40 05:14.567","1","00","76 17:05.694","3","0","0","0","36101","0","0","0","N","0","0","0","2","36101","0","","1","01","N","N","0","","1","0","0","3","2","N","1042","1","2","0","0","0","0","0","3","0","2","N","","","","","","","","","","","","03","  ","","",""
"1555","1","0","0","0","0","0","0","0","0","4","0","","36","09","2019","2019100423","2","40.0378","-76.3637","1548","08","0","0","1","1","0","0","0","0","","0","0","0","15","1","0","01","0","40 02:16.155","","00","76 21:49.258","0","0","0","0","36223","0","0","0","N","0","0","0","2","36223","0","","1","01","N","N","0","","0","0","0","3","3","","1544","0","2","0","0","0","0","0","1","1","2","N","","","","","","","","","","","","03","  ","","",""
"1631","1","0","0","0","0","0","0","0","0","7","0","","36","09","2019","2019100424","3","40.0316","-76.3608","1626","08","0","0","0","0","1","0","0","0","1","0","0","0","16","1","0","00","1","40 01:53.618","5","00","76 21:38.964","0","0","0","0","36223","0","0","0","N","0","0","0","1","36223","0","","2","01","N","N","0","","0","0","0","0","0","N","1625","0","1","0","0","0","0","0","1","0","1","N","","","","","","","","","","","","03","  ","","",""
"1556","1","0","0","0","0","0","0","0","0","4","0","","36","10","2019","2019100438","1","40.0229","-76.2647","1550","08","0","0","0","0","0","0","1","0","2","0","0","0","15","1","2","01","2","40 01:22.402","5","00","76 15:52.862","8","0","0","0","36240","0","0","0","N","0","0","0","4","36240","0","","1","09","N","N","0","","0","0","1","3","2","Y","1549","2","2","0","0","0","2","0","1","0","2","N","","","","","","","","","","","","07","  ","","",""
"2245","0","0","0","0","0","0","0","0","0","7","0","","36","10","2019","2019100563","1","40.1147","-76.684","2235","08","0","0","0","0","1","0","0","0","2","0","0","0","22","3","0","00","1","40 06:53.095","6","00","76 41:02.528","0","0","0","0","36207","0","0","0","N","0","0","0","1","36504","0","","5","09","N","N","0","","0","0","1","0","0","Y","2234","0","1","0","0","0","0","0","1","0","1","N","","","","","","","","","","","","07","  ","","",""
"2326","2","0","0","0","0","0","0","0","0","5","0","","36","10","2019","2019100567","7","40.032","-76.2955","2319","08","0","0","0","1","0","0","0","0","","0","0","0","23","3","0","00","0","40 01:55.147","","00","76 17:43.904","0","0","0","0","36301","0","0","0","N","0","0","0","1","36301","0","","4","01","N","N","0","","0","0","0","0","0","N","2319","0","2","0","0","0","0","0","3","0","2","N","","","","","","","","","","","","03","  ","","",""
"2256","1","0","0","0","0","0","0","0","0","7","0","","36","10","2019","2019100571","1","40.0342","-76.3017","2240","08","0","0","0","0","0","0","0","0","3","0","0","0","22","3","0","00","2","40 02:03.079","5","00","76 18:06.209","0","0","0","0","36301","0","0","0","N","0","0","0","1","36301","0","","2","01","N","N","1","","0","0","0","0","0","Y","2228","0","2","0","0","0","0","0","3","0","2","N","","","","","","","","","","","","03","  ","","",""
"2344","1","0","0","0","0","0","0","0","0","7","0","","36","10","2019","2019100575","1","40.1959","-76.1666","2340","08","0","0","0","1","0","0","0","0","","0","0","0","23","2","0","00","0","40 11:45.256","","00","76 09:59.751","0","0","0","0","36218","0","0","0","Y","0","0","0","1","36408","0","","5","09","N","N","0","","0","0","0","0","0","N","2337","0","1","0","0","0","0","0","1","0","1","N","","","","","","","","","","","","03","  ","","",""
"2001","1","0","0","0","0","0","0","0","0","4","0","","36","10","2019","2019100597","7","40.0299","-76.2948","1949","08","0","0","0","0","0","0","1","1","1","0","0","0","19","3","1","01","1","40 01:47.729","1","00","76 17:41.305","3","0","0","0","36301","0","0","0","N","0","0","0","2","36301","0","","1","01","N","N","0","","1","0","1","0","0","N","1943","1","2","0","0","0","0","0","3","0","2","N","","","","","","","","","","","","03","  ","","",""
"1548","1","0","0","0","0","0","0","0","0","1","0","","36","09","2019","2019100607","6","40.027","-76.5002","1544","08","0","0","0","0","0","0","0","0","2","0","0","0","15","1","0","02","1","40 01:37.346","2","00","76 30:00.721","0","0","0","0","36404","0","0","0","N","0","0","0","2","36404","0","","1","01","N","N","0","","0","0","1","0","0","Y","1540","0","2","0","0","0","0","0","3","0","2","N","","","","","","","","","","","","03","  ","","",""
"0833","0","0","0","0","0","0","0","0","0","4","0","","36","09","2019","2019100621","6","40.0481","-76.3076","0827","08","0","0","0","0","0","0","0","0","1","0","0","0","08","1","1","00","1","40 02:53.020","1","00","76 18:27.354","3","0","0","0","36301","0","0","0","N","0","0","0","2","36301","0","","1","01","N","N","0","","1","0","0","0","0","Y","0825","1","2","0","0","0","0","0","3","2","2","N","","","","","","","","","","","","03","  ","","",""
"0615","0","0","0","0","0","0","0","0","0","4","0","","36","10","2019","2019100663","2","40.0251","-76.3039","0613","08","0","0","0","0","0","0","0","0","2","0","0","0","06","5","0","01","2","40 01:30.378","4","00","76 18:14.198","0","0","0","0","36301","0","0","0","N","0","0","0","2","36301","0","","1","01","N","N","0","","0","0","2","3","3","N","0613","0","2","0","0","0","0","0","3","0","2","N","","","","","","","","","","","","03","  ","","",""
"1540","0","0","0","0","0","0","0","0","0","0","1","","36","09","2019","2019100686","4","40.1602","-76.5264","1531","08","0","0","0","0","0","0","0","0","3","0","1","0","15","1","1","02","2","40 09:36.755","5","00","76 31:35.117","3","0","0","0","36225","0","0","0","Y","0","0","0","1","36505","0","","1","01","N","N","0","","1","0","0","3","3","Y","1525","1","1","0","0","0","0","0","2","0","1","N","","","","","","","","","","","","03","  ","","",""
"1140","0","0","0","0","0","0","0","0","0","7","0","","36","10","2019","2019100692","2","40.1256","-76.21","1138","08","0","0","0","0","0","0","0","0","2","0","0","0","11","1","1","01","1","40 07:31.982","4","00","76 12:35.933","4","0","0","0","36235","0","0","0","N","0","0","0","2","36238","1","","2","01","N","N","0","","0","0","1","3","3","N","1134","1","2","0","0","0","0","0","1","0","1","N","","","","","","","","","","","","03","  ","","",""
"1713","1","0","0","0","0","0","0","0","0","8","0","","36","10","2019","2019100828","5","40.0056","-76.3372","1709","08","0","0","0","0","0","0","0","0","","0","0","0","17","1","1","00","0","40 00:20.220","","00","76 20:13.990","8","0","0","0","36220","1","0","0","N","1","0","0","2","36101","0","","1","01","N","N","0","","0","0","0","0","0","","1707","1","2","0","0","0","1","0","3","0","1","N","","","","","","","","","","","","03","  ","","",""
"1824","1","0","0","0","0","0","0","0","0","4","0","","36","10","2019","2019100829","5","40.0432","-76.3285","1815","08","0","0","0","0","0","1","0","0","2","0","0","0","18","4","1","01","2","40 02:35.541","7","00","76 19:42.722","3","0","0","0","36220","0","0","0","N","0","0","0","3","36101","0","","1","09","N","N","0","","1","0","1","3","2","Y","1811","1","2","0","0","0","0","0","3","0","2","N","","","","","","","","","","","","07","  ","","",""
"0635","1","0","0","0","0","0","0","0","0","2","0","","36","09","2019","2019100830","2","40.0828","-76.1885","0628","08","0","0","0","1","0","0","0","0","2","0","0","0","06","3","1","00","2","40 04:58.221","5","00","76 11:18.686","8","0","0","0","36234","0","0","0","N","0","0","0","2","36215","0","","1","01","N","N","0","","0","0","1","0","0","Y","0626","1","2","0","0","0","1","0","1","0","2","N","","","","","","","","","","","","03","  ","","",""
"0806","1","0","0","0","0","0","0","0","0","1","1","","36","10","2019","2019100831","6","40.0275","-76.2218","0755","08","0","0","0","0","0","1","0","0","","0","1","0","07","1","1","01","0","40 01:39.266","","00","76 13:18.343","3","0","0","0","36215","0","0","0","N","0","0","0","2","36215","0","","1","01","N","N","0","","1","0","0","3","2","","0754","1","2","0","0","0","0","0","1","0","2","N","","","","","","","","","","","","03","  ","","",""
"1813","0","0","0","0","0","0","0","0","0","4","0","","36","09","2019","2019100832","7","40.1555","-76.3072","1810","08","0","0","0","0","1","0","0","0","1","0","0","0","18","1","0","01","1","40 09:19.746","2","00","76 18:26.032","0","0","0","0","36409","0","0","0","N","0","0","0","3","36409","0","","1","01","N","N","0","","0","0","2","3","2","N","1808","0","2","0","0","0","0","0","3","0","2","N","","","","","","","","","","","","03","  ","","",""
"2301","0","0","0","0","0","0","0","0","0","0","0","","36","10","2019","2019101019","7","40.0009","-76.2642","2256","08","0","0","0","0","0","0","0","0","4","0","0","0","22","2","1","00","2","40 00:03.066","5","00","76 15:51.276","2","0","1","1","36240","0","0","0","N","0","0","0","1","36240","0","","1","01","N","N","0","","0","1","0","0","0","Y","2250","1","1","0","0","0","0","0","1","0","1","N","","","","","","","","","","","","03","  ","","",""
"1540","1","0","0","0","0","0","0","0","0","4","0","","36","10","2019","2019101045","4","40.0392","-76.4311","1538","08","0","0","0","0","0","0","1","0","2","0","0","0","15","1","1","01","2","40 02:20.941","6","00","76 25:51.799","3","0","0","0","36414","0","0","0","N","0","0","0","3","36239","0","","1","01","N","N","0","","1","0","1","3","2","Y","1538","1","2","0","0","0","0","0","3","0","2","N","","","","","","","","","","","","03","  ","","",""
"1641","1","0","0","0","0","0","0","0","0","4","0","","36","09","2019","2019101059","1","40.2411","-76.1233","1636","08","0","0","0","1","0","0","0","0","3","0","0","0","16","1","4","00","2","40 14:27.937","5","00","76 07:23.927","3","0","0","0","36210","0","0","0","N","0","0","0","5","36210","0","","1","01","N","N","1","","1","0","0","0","0","Y","1635","4","2","0","0","0","3","0","1","0","2","N","","","","","","","","","","","","03","  ","","",""
"0831","1","0","0","0","0","0","0","0","0","7","0","","36","09","2019","2019101061","7","40.2057","-76.1474","0828","08","0","0","0","0","0","0","0","1","2","0","0","0","08","1","1","00","1","40 12:20.570","1","00","76 08:50.790","4","0","0","0","36210","0","0","0","N","0","0","0","1","36210","1","","4","01","N","N","0","","0","0","0","0","0","N","0826","1","1","0","0","1","0","0","1","0","1","N","","","","","","","","","","","","03","  ","","",""
"1149","1","0","0","0","0","0","0","0","0","7","0","","36","10","2019","2019101062","7","40.2642","-76.0853","1143","08","0","0","0","0","0","0","0","0","2","0","0","0","11","1","0","00","2","40 15:51.100","2","00","76 05:07.250","0","0","0","0","36210","0","0","0","N","0","0","0","2","36210","0","","5","01","N","N","0","","0","0","0","0","0","N","1141","0","1","0","0","0","0","0","1","0","1","N","","","","","","","","","","","","03","  ","","",""
"0611","1","0","0","0","0","0","0","0","0","5","0","","36","09","2019","2019101066","6","40.0384","-76.5095","0611","08","0","0","0","0","0","1","0","0","","0","0","0","06","3","0","00","0","40 02:18.355","","00","76 30:34.184","0","0","0","0","36404","0","0","0","N","0","0","0","2","36404","0","","1","01","N","N","0","","0","0","0","0","0","N","0611","0","2","0","0","0","0","0","3","1","2","N","","","","","","","","","","","","03","  ","","",""
"0709","1","0","0","1","0","0","0","0","0","4","0","","36","09","2019","2019101092","4","40.1967","-76.2005","0705","08","0","0","0","0","0","0","0","0","","0","0","0","07","1","1","01","0","40 11:48.196","","00","76 12:01.698","3","0","0","0","36408","1","0","0","N","0","0","0","2","36408","0","","1","01","N","N","0","","1","0","0","0","0","N","0703","1","2","0","0","0","0","0","2","0","1","N","","","","","","","","","","","","03","  ","","",""
"0615","1","0","0","0","0","0","0","0","0","4","0","","36","10","2019","2019101099","3","40.1328","-76.2182","0611","08","0","0","0","0","0","0","0","0","2","0","0","0","06","2","3","00","2","40 07:58.202","3","00","76 13:05.342","3","0","0","0","36238","0","0","0","N","0","0","0","3","36238","2","","1","09","N","N","1","","1","0","0","0","0","Y","0609","3","2","0","0","2","0","0","3","0","2","N","","","","","","","","","","","","03","  ","","",""
"0645","1","0","0","0","0","0","0","0","0","1","0","","36","10","2019","2019101110","3","40.0087","-76.343","0640","08","0","0","0","0","0","1","0","0","1","0","0","0","06","5","0","01","0","40 00:31.485","","00","76 20:34.745","0","0","0","0","36220","0","0","0","N","0","0","0","2","36412","0","","1","09","N","N","0","","0","0","1","3","2","","0636","0","2","0","0","0","0","0","3","0","2","N","","","","","","","","","","","","03","  ","","",""
"0901","2","0","0","0","0","0","0","0","0","4","0","","36","10","2019","2019101111","2","40.0339","-76.2987","0854","08","0","0","0","0","0","0","0","0","1","0","0","0","08","1","0","01","1","40 02:02.065","1","00","76 17:55.172","0","0","0","0","36301","0","0","0","N","0","0","0","2","36301","0","","1","01","N","N","0","","0","0","0","3","3","N","0836","0","2","0","0","0","0","0","3","0","2","N","","","","","","","","","","","","03","  ","","",""
"1022","0","0","0","0","0","0","0","0","0","7","0","","36","10","2019","2019101151","2","40.1603","-76.2029","1020","08","0","0","0","0","0","1","0","0","2","0","0","0","10","1","1","02","1","40 09:36.932","1","00","76 12:10.610","3","0","0","0","36402","0","0","0","N","0","0","0","1","36402","0","","5","01","N","N","1","","1","0","0","0","0","N","1019","1","1","0","0","0","0","0","2","0","1","N","","","","","","","","","","","","03","  ","","",""
"0759","1","0","0","0","0","0","0","0","0","1","0","","36","10","2019","2019101153","3","40.0284","-76.5185","0752","08","0","0","0","0","0","1","0","0","2","0","0","0","07","1","0","00","2","40 01:42.065","3","03","76 31:06.588","9","0","0","0","36404","0","0","0","N","0","0","0","5","36239","0","","1","01","","","1","","0","0","1","0","0","N","0750","0","3","0","0","0","0","3","3","0","3","N","","","","","","","","","","","","03","  ","","",""
"1054","1","0","0","0","0","0","0","0","0","4","0","","36","10","2019","2019101326","2","40.088","-76.329","1050","08","0","0","0","0","0","1","0","0","1","0","0","0","10","1","0","01","1","40 05:16.970","2","00","76 19:44.246","0","0","0","0","36101","0","0","0","N","0","0","0","2","36101","0","","1","01","N","N","1","","0","0","0","3","2","N","1049","0","2","0","0","0","0","0","3","0","2","N","","","","","","","","","","","","03","  ","","",""
"0230","1","0","0","0","0","0","0","0","0","7","0","","36","09","2019","2019101327","4","40.04","-76.3699","0224","08","0","0","0","0","0","0","0","0","1","0","0","0","02","3","0","02","2","40 02:23.832","4","00","76 22:11.782","0","0","0","0","36223","0","0","0","N","0","0","0","1","36214","0","","4","01","N","N","0","","0","0","0","0","0","N","0220","0","1","0","0","0","0","0","1","0","1","N","","","","","","","","","","","","03","  ","","",""
"0902","1","0","0","0","0","0","0","0","0","0","0","","36","09","2019","2019101328","4","40.111","-76.386","0830","08","0","0","0","0","1","0","0","0","2","0","0","0","08","1","2","00","1","40 06:39.770","1","00","76 23:09.670","3","0","0","0","36214","0","0","0","N","0","0","0","4","36214","1","","1","01","N","N","0","","1","0","0","3","8","N","0825","2","2","0","0","0","0","0","3","1","2","N","","","","","","","","","","","","03","  ","","",""
"0150","1","0","0","0","0","0","0","0","0","7","0","","36","10","2019","2019101329","6","40.0247","-76.448","0137","08","0","0","0","0","0","0","0","0","3","0","0","0","01","2","4","00","2","40 01:28.905","6","00","76 26:52.933","8","0","0","0","36223","0","0","0","N","0","0","0","4","36223","0","","4","09","N","N","0","","0","0","0","0","0","Y","0136","4","1","0","0","0","4","0","1","0","1","N","","","","","","","","","","","","03","  ","","",""
"2044","1","0","0","0","0","0","0","0","0","5","0","","36","10","2019","2019101522","3","40.0392","-76.2951","2040","08","0","0","0","0","0","1","1","0","1","0","0","0","20","3","1","01","1","40 02:20.968","3","00","76 17:42.317","3","0","0","0","36301","0","0","0","N","0","0","0","4","36301","0","","1","01","N","N","0","","1","0","0","0","0","N","2038","1","2","0","0","2","0","0","3","1","2","N","","","","","","","","","","","","03","  ","","",""
"0730","1","0","0","0","0","0","0","0","0","7","0","","36","10","2019","2019101524","5","40.1812","-76.2378","0725","08","0","1","0","0","0","0","0","0","","0","0","0","07","1","0","00","0","40 10:52.185","","00","76 14:16.097","0","0","0","0","36218","0","0","0","N","0","0","0","1","36408","0","","5","09","N","N","0","","0","0","0","0","0","N","0720","0","1","0","0","0","0","0","1","0","1","N","","","","","","","","","","","","07","  ","","",""
"1611","2","0","0","0","0","0","0","0","0","1","0","","36","10","2019","2019101541","5","40.1971","-76.1688","1607","08","0","0","0","0","0","0","1","0","1","0","0","0","16","1","1","00","1","40 11:49.405","2","00","76 10:07.675","8","0","0","0","36218","0","0","0","N","0","0","0","2","36408","0","","1","01","N","N","0","","0","0","0","0","0","N","1604","1","2","0","0","0","1","0","1","0","2","N","","","","","","","","","","","","03","  ","","",""
"0657","0","0","0","0","0","0","0","0","0","8","0","","36","10","2019","2019101571","4","40.04","-76.2933","0654","08","0","0","0","0","0","0","0","0","1","0","0","0","06","2","1","00","2","40 02:23.900","7","00","76 17:36.000","3","0","0","0","36301","1","0","0","N","1","0","0","2","36301","0","","1","09","N","N","0","","1","0","1","0","0","Y","0653","1","2","0","0","0","0","0","3","0","1","N","","","","","","","","","","","","07","  ","","",""
"0747","0","0","0","0","0","0","0","0","0","4","0","","36","10","2019","2019101621","5","39.9682","-76.2868","0644","08","0","0","0","0","0","0","1","0","","0","0","0","06","6","1","01","0","39 58:05.541","","00","76 17:12.386","3","0","0","0","36228","0","0","0","N","0","0","0","3","36228","0","","1","09","N","N","2","","1","0","1","3","3","","0642","1","3","0","0","0","0","0","1","0","3","N","","","","","","","","","","","","07","  ","","",""
"1413","1","0","0","0","0","0","0","0","0","1","0","","36","10","2019","2019101769","5","40.0877","-76.2845","1413","08","0","0","0","0","0","1","1","0","2","0","0","0","14","1","0","00","1","40 05:15.824","2","00","76 17:04.311","0","0","0","0","36101","0","0","0","N","0","0","0","2","36101","0","","1","09","N","N","0","","0","0","1","3","2","N","1413","0","2","0","0","0","0","0","3","0","2","N","","","","","","","","","","","","03","  ","","",""
"1548","2","0","0","0","0","0","0","0","0","1","0","","36","10","2019","2019101770","1","40.0845","-76.2886","1538","08","0","0","0","0","0","1","0","0","2","0","0","0","15","1","1","00","1","40 05:04.157","2","00","76 17:19.072","3","0","0","0","36101","0","0","0","N","0","0","0","2","36101","0","","1","09","N","N","0","","1","0","0","0","0","N","1533","1","2","0","0","0","0","0","3","0","2","N","","","","","","","","","","","","07","  ","","",""
"2321","0","0","0","0","0","0","0","0","0","7","0","","36","10","2019","2019101771","2","40.0681","-76.2954","2318","08","0","0","0","0","0","0","0","0","2","0","0","","23","3","0","00","1","40 04:05.082","4","00","76 17:43.581","0","0","0","0","36101","0","0","0","N","0","0","0","1","36101","0","","3","09","N","N","0","","0","0","0","0","0","N","2316","0","1","0","0","0","0","0","3","0","0","N","","","","","","","","","","","","07","  ","","",""
"0747","1","0","0","0","0","0","0","0","0","7","0","","36","10","2019","2019101772","4","40.0685","-76.3074","0744","08","1","0","0","0","0","0","0","0","","0","0","0","07","1","0","01","0","40 04:06.605","","00","76 18:27.559","0","0","0","0","36101","0","0","0","N","0","0","0","1","36101","0","","2","09","N","N","0","","0","0","0","0","0","","0742","0","1","0","0","0","0","0","3","0","1","N","","","","","","","","","","","","03","  ","","",""
"1605","1","0","0","0","0","0","0","0","0","7","0","","36","10","2019","2019101823","6","40.0369","-76.2597","1602","08","0","0","0","0","0","0","0","0","5","1","0","0","16","1","2","00","2","40 02:12.576","6","00","76 15:33.724","1","0","0","0","36215","0","0","0","N","0","0","0","3","36215","0","2","1","01","N","N","0","0","0","2","0","3","8","Y","1600","2","1","1","2","3","0","0","1","0","1","N","","","","","","","","","","","","03","  ","","",""
"2159","1","0","0","0","0","0","0","0","0","9","0","","36","10","2019","2019101917","4","40.1763","-76.5984","2154","08","0","0","0","0","0","0","0","0","","0","0","0","21","2","0","00","0","40 10:34.610","","00","76 35:54.091","0","0","0","0","36225","0","0","0","N","0","0","0","2","36505","0","","1","01","N","N","0","","0","0","0","0","0","","2149","0","1","0","0","0","0","0","2","0","1","N","","","","","","","","","","","","03","  ","","",""
"2225","2","0","0","0","0","0","0","0","0","4","0","","36","10","2019","2019101948","7","40.0087","-76.343","2225","08","0","0","0","0","0","0","0","0","","0","0","0","22","3","0","01","0","40 00:31.485","","00","76 20:34.745","0","0","0","0","36412","0","0","0","N","0","0","0","5","36412","0","","1","01","N","N","0","","0","0","0","3","2","","2224","0","2","0","0","0","0","0","3","0","2","N","","","","","","","","","","","","03","  ","","",""
"0654","0","0","0","0","0","0","0","0","0","4","0","","36","10","2019","2019101978","5","40.1694","-76.1965","0652","08","0","0","0","0","0","1","1","0","","0","0","0","06","3","0","01","0","40 10:09.764","","00","76 11:47.245","0","0","0","0","36408","0","0","0","N","0","0","0","5","36408","0","","1","01","Y","N","1","","0","0","0","3","3","N","0650","0","2","0","0","0","0","0","2","1","2","N","","","","","","","","","","","","03","  ","","",""
"1239","2","0","0","0","0","0","0","0","0","2","0","","36","10","2019","2019101980","7","40.0446","-76.2882","1232","08","0","0","0","0","1","0","0","0","1","0","0","0","12","1","0","01","1","40 02:40.570","4","00","76 17:17.342","0","0","0","0","36301","0","0","0","N","0","0","0","3","36301","0","","1","01","N","N","0","","0","0","0","3","2","N","1231","0","2","0","0","0","0","0","3","0","2","N","","","","","","","","","","","","03","  ","","",""
"0339","3","0","0","0","0","0","0","0","0","5","0","","36","10","2019","2019102008","4","40.0573","-76.2816","0334","08","0","0","1","0","0","0","0","0","","0","0","0","03","3","1","00","0","40 03:26.417","","00","76 16:53.844","3","0","0","0","36101","0","0","0","N","0","0","0","4","36101","0","","1","01","N","N","0","","1","0","0","0","0","","0332","1","3","0","0","0","0","0","3","0","3","N","","","","","","","","","","","","03","  ","","",""
"0002","1","0","0","0","0","0","0","0","0","7","0","","36","10","2019","2019102009","6","40.1002","-76.261","2354","08","0","0","0","0","0","0","0","0","","0","0","0","23","2","1","00","0","40 06:00.766","","00","76 15:39.672","4","0","0","0","36101","0","0","0","N","0","0","0","1","36101","1","","4","01","N","N","0","","0","0","0","0","0","","2351","1","1","0","0","1","0","0","3","0","1","N","","","","","","","","","","","","03","  ","","",""
"2007","1","0","0","0","0","0","0","0","0","4","0","","36","10","2019","2019102010","1","40.0216","-76.3346","2002","08","0","0","0","0","0","0","0","0","","0","0","0","20","3","0","02","0","40 01:17.735","","00","76 20:04.604","0","0","0","0","36220","0","0","0","N","0","0","0","2","36101","0","","1","09","N","N","0","","0","0","1","3","3","","2000","0","2","0","0","0","0","0","3","0","2","N","","","","","","","","","","","","07","  ","","",""
"1458","0","0","0","0","0","0","1","0","0","4","1","","36","10","2019","2019102020","4","40.0149","-76.3399","1455","08","0","0","0","0","0","0","1","0","1","0","0","0","14","1","0","01","1","40 00:53.629","4","00","76 20:23.632","0","0","0","0","36412","0","0","0","N","0","0","0","12","36412","0","","1","01","Y","N","0","","0","0","1","3","3","N","1453","0","2","0","0","0","0","0","3","0","2","N","","","","","","","","","","","","03","  ","","",""