"ARRIVAL_TM","AUTOMOBILE_COUNT","BELTED_DEATH_COUNT","BELTED_SUSP_SERIOUS_INJ_COUNT","BICYCLE_COUNT","BICYCLE_DEATH_COUNT","BICYCLE_SUSP_SERIOUS_INJ_COUNT","BUS_COUNT","CHLDPAS_DEATH_COUNT","CHLDPAS_SUSP_SERIOUS_INJ_COUNT","COLLISION_TYPE","COMM_VEH_COUNT","CONS_ZONE_SPD_LIM","COUNTY","CRASH_MONTH","CRASH_YEAR","CRN","DAY_OF_WEEK","DEC_LAT","DEC_LONG","DISPATCH_TM","DISTRICT","DRIVER_COUNT_16YR","DRIVER_COUNT_17YR","DRIVER_COUNT_18YR","DRIVER_COUNT_19YR","DRIVER_COUNT_20YR","DRIVER_COUNT_50_64YR","DRIVER_COUNT_65_74YR","DRIVER_COUNT_75PLUS","EST_HRS_CLOSED","FATAL_COUNT","HEAVY_TRUCK_COUNT","HORSE_BUGGY_COUNT","HOUR_OF_DAY","ILLUMINATION","INJURY_COUNT","INTERSECT_TYPE","LANE_CLOSED","LATITUDE","LN_CLOSE_DIR","LOCATION_TYPE","LONGITUDE","MAX_SEVERITY_LEVEL","MCYCLE_DEATH_COUNT","MCYCLE_SUSP_SERIOUS_INJ_COUNT","MOTORCYCLE_COUNT","MUNICIPALITY","NONMOTR_COUNT","NONMOTR_DEATH_COUNT","NONMOTR_SUSP_SERIOUS_INJ_COUNT","NTFY_HIWY_MAINT","PED_COUNT","PED_DEATH_COUNT","PED_SUSP_SERIOUS_INJ_COUNT","PERSON_COUNT","POLICE_AGCY","POSSIBLE_INJ_COUNT","RDWY_SURF_TYPE_CD","RELATION_TO_ROAD","ROAD_CONDITION","SCH_BUS_IND","SCH_ZONE_IND","SMALL_TRUCK_COUNT","SPEC_JURIS_CD","SUSP_MINOR_INJ_COUNT","SUSP_SERIOUS_INJ_COUNT","SUV_COUNT","TCD_FUNC_CD","TCD_TYPE","TFC_DETOUR_IND","TIME_OF_DAY","TOT_INJ_COUNT","TOTAL_UNITS","UNB_DEATH_COUNT","UNB_SUSP_SERIOUS_INJ_COUNT","UNBELTED_OCC_COUNT","UNK_INJ_DEG_COUNT","UNK_INJ_PER_COUNT","URBAN_RURAL","VAN_COUNT","VEHICLE_COUNT","WORK_ZONE_IND","WORK_ZONE_LOC","WORK_ZONE_TYPE","WORKERS_PRES","WZ_CLOSE_DETOUR","WZ_FLAGGER","WZ_LAW_OFFCR_IND","WZ_LN_CLOSURE","WZ_MOVING","WZ_OTHER","WZ_SHLDER_MDN","ROADWAY_CLEARED","WEATHER1","WEATHER2","WZ_WORKERS_INJ_KILLED","SECONDARY_CRASH","INTERSECTION_RELATED"
"1159","0","0","0","0","0","0","0","0","0","4","0","","36","10","2019","2019102023","4","40.1315","-76.1479","1153","08","0","0","0","0","0","0","0","0","2","0","0","0","11","1","2","01","1","40 07:53.254","7","00","76 08:52.441","4","0","0","0","36238","0","0","0","N","0","0","0","3","36238","2","","1","01","N","N","1","","0","0","1","3","3","N","1152","2","2","0","0","0","0","0","3","0","2","N","","","","","","","","","","","","03","  ","","",""
"1618","1","0","0","0","0","0","0","0","0","4","0","","36","10","2019","2019102154","6","40.0349","-76.2508","1618","08","0","0","0","0","0","1","0","0","","0","0","0","16","1","0","00","0","40 02:05.640","","00","76 15:02.990","0","0","0","0","36215","0","0","0","N","0","0","0","3","36215","0","","4","01","N","N","0","","0","0","1","0","0","","1612","0","2","0","0","0","0","0","1","0","2","N","","","","","","","","","","","","03","  ","","",""
"1050","0","0","0","0","0","0","0","0","0","4","0","","36","08","2019","2019102155","7","40.2372","-76.4363","1045","08","0","0","0","0","0","1","0","1","","0","0","0","10","1","0","02","0","40 14:13.934","","00","76 26:10.615","0","0","0","0","36230","0","0","0","N","0","0","0","2","36410","0","","1","01","N","N","1","","0","0","1","3","3","","1043","0","2","0","0","0","0","0","1","0","2","N","","","","","","","","","","","","03","  ","","",""
"0852","1","0","0","0","0","0","0","0","0","7","0","","36","10","2019","2019102157","4","40.1526","-76.4282","0841","08","0","0","0","0","0","0","0","1","","0","0","0","08","1","0","00","0","40 09:09.530","","00","76 25:41.350","0","0","0","0","36230","0","0","0","N","0","0","0","1","36410","0","","5","01","N","N","0","","0","0","0","0","0","","0839","0","1","0","0","0","0","0","1","0","1","N","","","","","","","","","","","","03","  ","","",""
"2210","1","0","0","0","0","0","0","0","0","7","0","","36","10","2019","2019102158","1","40.2147","-76.4318","2206","08","0","0","0","0","0","0","0","0","2","0","0","0","22","2","0","00","1","40 12:52.883","1","00","76 25:54.458","0","0","0","0","36230","0","0","0","N","0","0","0","3","36410","0","","5","09","N","N","0","","0","0","0","0","0","N","2202","0","1","0","0","1","0","0","1","0","1","N","","","","","","","","","","","","03","  ","","",""
"2020","1","0","0","0","0","0","0","0","0","7","0","","36","10","2019","2019102248","5","40.0413","-76.4265","2013","08","1","0","0","0","0","0","0","0","","0","0","0","20","3","0","01","0","40 02:28.660","","00","76 25:35.429","0","0","0","0","36414","0","0","0","N","0","0","0","2","36239","0","","2","01","N","N","0","","0","0","0","0","0","N","2000","0","1","0","0","0","0","0","3","0","1","N","","","","","","","","","","","","03","  ","","",""
"1906","0","0","0","0","0","0","0","0","0","9","0","","36","10","2019","2019102260","5","40.1754","-76.6182","1902","08","0","0","1","0","0","0","0","0","1","0","0","0","18","2","1","00","1","40 10:31.589","6","00","76 37:05.579","4","0","0","1","36225","0","0","0","N","0","0","0","1","36505","1","","1","01","N","N","0","","0","0","0","0","0","N","1857","1","1","0","0","0","0","0","2","0","1","N","","","","","","","","","","","","03","  ","","",""
"0922","0","0","0","0","0","0","0","0","0","7","0","","36","10","2019","2019102322","3","40.0457","-76.3092","0921","08","0","0","0","0","0","2","0","0","2","0","0","0","09","1","1","02","1","40 02:44.444","3","00","76 18:32.989","3","0","0","0","36301","0","0","0","N","0","0","0","3","36301","0","","1","01","N","N","1","","1","0","2","3","3","N","0918","1","3","0","0","0","0","0","3","0","3","N","","","","","","","","","","","","03","  ","","",""
"1608","1","0","0","0","0","0","0","0","0","4","0","","36","10","2019","2019102328","3","40.1788","-76.6007","1600","08","0","0","0","0","0","0","1","0","","0","0","0","15","1","0","01","0","40 10:43.752","","02","76 36:02.408","0","0","0","0","36225","0","0","0","N","0","0","0","2","36505","0","","1","01","N","N","0","","0","0","1","3","2","N","1558","0","2","0","0","0","0","0","2","0","2","N","","","","","","","","","","","","03","  ","","",""
"1704","1","0","0","0","0","0","0","0","0","1","0","","36","10","2019","2019102455","2","40.0247","-76.3314","1658","08","0","0","0","0","0","1","1","0","3","0","0","0","16","1","1","00","2","40 01:28.750","7","00","76 19:52.990","4","0","0","0","36220","0","0","0","N","0","0","0","4","36101","1","","1","09","N","N","0","","0","0","2","3","2","Y","1658","1","3","0","0","0","0","0","3","0","3","N","","","","","","","","","","","","07","  ","","",""
"0411","1","0","0","0","0","0","0","0","0","9","0","","36","10","2019","2019102456","5","40.0938","-76.2619","0400","08","0","0","0","0","0","1","0","0","1","0","0","0","03","2","1","00","1","40 05:37.731","2","00","76 15:42.811","4","0","0","0","36101","0","0","0","N","0","0","0","1","36101","1","","1","01","N","N","0","","0","0","0","0","0","N","0358","1","1","0","0","0","0","0","3","0","1","N","","","","","","","","","","","","03","  ","","",""
"1700","2","0","0","0","0","0","0","0","0","1","0","","36","10","2019","2019102457","5","40.1153","-76.3056","1653","08","0","0","0","0","0","0","0","0","2","0","0","0","16","1","1","00","1","40 06:55.210","5","00","76 18:20.328","3","0","0","0","36101","0","0","0","N","0","0","0","3","36101","0","","1","01","N","N","0","","1","0","1","0","0","N","1652","1","3","0","0","0","0","0","3","0","3","N","","","","","","","","","","","","03","  ","","",""
"1732","1","0","0","0","0","0","0","0","0","7","0","","36","10","2019","2019102458","4","40.04","-76.3728","1722","08","0","0","0","0","0","0","0","1","2","0","0","0","17","1","2","00","2","40 02:23.932","4","00","76 22:22.121","3","0","0","0","36214","0","0","0","N","0","0","0","2","36214","0","","5","01","N","N","0","","2","0","0","0","0","N","1722","2","1","0","0","0","0","0","3","0","1","N","","","","","","","","","","","","03","  ","","",""
"1730","1","0","0","0","0","0","0","0","0","4","0","","36","08","2019","2019102459","3","40.0929","-76.1177","1722","08","0","0","0","0","0","0","0","0","","0","0","0","17","1","2","00","0","40 05:34.378","","00","76 07:03.562","4","0","0","0","36209","0","0","0","N","0","0","0","3","36415","1","","2","01","N","N","0","","0","0","1","0","0","","1721","2","2","0","0","0","1","0","1","0","2","N","","","","","","","","","","","","03","  ","","",""
"0909","1","0","0","0","0","0","0","0","0","1","0","","36","10","2019","2019102460","6","40.1482","-76.1213","0858","08","0","0","0","0","0","0","0","0","","0","0","0","08","1","1","00","0","40 08:53.387","","00","76 07:16.763","4","0","0","0","36209","0","0","0","N","0","0","0","2","36415","1","","1","01","N","N","0","","0","0","1","0","0","","0855","1","2","0","0","0","0","0","1","0","2","N","","","","","","","","","","","","03","  ","","",""
"1827","1","0","0","0","0","0","0","0","0","7","0","","36","10","2019","2019102461","2","40.1153","-76.0959","1822","08","0","0","0","0","0","0","0","0","","0","0","0","18","4","0","00","0","40 06:55.173","","00","76 05:45.262","0","0","0","0","36209","0","0","0","Y","0","0","0","1","36415","0","","5","09","N","N","0","","0","0","0","0","0","","1822","0","1","0","0","0","0","0","1","0","1","N","","","","","","","","","","","","07","  ","","",""
"2016","0","0","0","0","0","0","0","0","0","8","0","","36","10","2019","2019102462","2","40.1008","-76.096","2014","08","0","0","0","0","0","1","0","0","2","0","0","0","20","3","1","01","1","40 06:03.031","2","00","76 05:45.673","8","0","0","0","36415","1","0","0","N","1","0","0","3","36415","0","","1","09","N","N","0","","0","0","0","3","2","N","2012","1","2","0","0","0","1","0","1","1","1","N","","","","","","","","","","","","07","  ","","",""
"1617","0","0","0","1","0","0","0","0","0","4","0","","36","10","2019","2019102572","5","40.1647","-76.2006","1615","08","0","0","0","0","0","0","0","0","2","0","0","0","16","1","1","00","1","40 09:52.900","2","07","76 12:02.338","3","0","0","0","36218","1","0","0","N","0","0","0","2","36408","0","","1","01","N","N","0","","1","0","1","0","0","Y","1614","1","2","0","0","0","0","0","1","0","1","N","","","","","","","","","","","1745","03","  ","","",""
"1800","2","0","0","0","0","0","0","0","0","4","0","","36","10","2019","2019102575","6","40.0423","-76.3249","1755","08","0","0","0","0","0","1","0","0","","0","0","0","17","1","2","01","0","40 02:32.308","","00","76 19:29.474","8","0","0","0","36301","0","0","0","N","0","0","0","2","36301","0","","1","01","N","N","0","","0","0","0","3","3","N","1755","2","2","0","0","0","2","0","3","0","2","N","","","","","","","","","","","","03","  ","","",""
"2355","0","0","0","0","0","0","0","0","0","4","0","","36","09","2019","2019102609","7","40.0403","-76.3228","2351","08","0","0","0","0","0","1","0","0","2","0","0","0","23","3","1","01","2","40 02:25.256","7","00","76 19:21.943","2","0","1","1","36301","0","0","0","N","0","0","0","3","36301","0","","1","01","N","N","0","","0","1","1","3","2","Y","2351","1","2","0","0","0","0","0","3","0","2","N","","","","","","","","","","","","03","  ","","",""
"0905","2","0","0","0","0","0","0","0","0","4","0","","36","10","2019","2019102642","7","40.0062","-76.248","0900","08","1","0","0","0","0","1","0","0","","0","0","0","08","1","0","02","0","40 00:22.236","","00","76 14:52.792","0","0","0","0","36240","0","0","0","N","0","0","0","2","36240","0","","1","01","N","N","0","","0","0","0","3","3","","0858","0","2","0","0","0","0","0","1","0","2","N","","","","","","","","","","","","03","  ","","",""
"1733","2","0","0","0","0","0","0","0","0","1","0","","36","10","2019","2019102664","2","40.0358","-76.3159","1729","08","0","0","0","0","0","0","0","0","1","0","0","0","17","4","1","01","2","40 02:08.854","2","00","76 18:57.128","3","0","0","0","36301","0","0","0","N","0","0","0","2","36301","0","","1","09","N","N","0","","1","0","0","3","3","Y","1716","1","2","0","0","1","0","0","3","0","2","N","","","","","","","","","","","","07","  ","","",""
"1216","1","0","0","0","0","0","0","0","0","1","0","","36","10","2019","2019102674","7","40.0435","-76.3023","1205","08","0","0","0","0","0","1","0","0","2","0","0","0","12","1","0","00","1","40 02:36.596","1","00","76 18:08.370","0","0","0","0","36301","0","0","0","N","0","0","0","2","36301","0","","1","01","N","N","0","","0","0","0","0","0","N","1203","0","2","0","0","0","0","0","3","1","2","N","","","","","","","","","","","","03","  ","","",""
"1410","2","0","0","0","0","0","0","0","0","4","0","","36","09","2019","2019102681","2","40.037","-76.3147","1407","08","0","0","0","0","0","0","0","0","2","0","0","0","14","1","0","01","2","40 02:13.183","3","00","76 18:53.043","0","0","0","0","36301","0","0","0","N","0","0","0","2","36301","0","","1","01","N","N","1","","0","0","0","3","3","Y","1407","0","3","0","0","0","0","0","3","0","3","N","","","","","","","","","","","1521","03","  ","","",""
"1533","1","0","0","0","0","0","0","0","0","1","0","","36","10","2019","2019102744","6","40.1663","-76.1626","1528","08","0","1","0","0","0","0","1","0","","0","0","0","15","1","0","00","0","40 09:58.667","","00","76 09:45.424","0","0","0","0","36218","0","0","0","N","0","0","0","4","36408","0","","1","01","N","N","1","","0","0","0","0","0","","1528","0","2","0","0","1","0","0","1","0","2","N","","","","","","","","","","","","03","  ","","",""
"1251","2","0","0","0","0","0","0","0","0","6","0","","36","10","2019","2019102746","7","40.0619","-76.4988","1241","08","0","1","0","0","0","1","0","0","","0","0","0","12","1","0","01","0","40 03:42.752","","00","76 29:55.590","0","0","0","0","36239","0","0","0","N","0","0","0","5","36239","0","","1","01","","","0","","0","0","0","0","0","N","1241","0","2","0","0","0","0","0","3","0","2","N","","","","","","","","","","","","03","  ","","",""
"1530","0","0","0","0","0","0","0","0","0","5","0","","36","10","2019","2019102790","2","40.0759","-76.3367","1530","08","0","0","1","0","0","1","0","0","2","0","1","0","15","1","0","00","1","40 04:33.073","3","00","76 20:12.136","0","0","0","0","36101","0","0","0","N","0","0","0","3","36101","0","","1","01","N","N","1","","0","0","0","0","0","N","1524","0","2","0","0","0","0","0","3","0","2","N","","","","","","","","","","","","03","  ","","",""
"1734","2","0","0","0","0","0","0","0","0","4","0","","36","10","2019","2019102791","2","40.0665","-76.3024","1731","08","0","0","0","0","0","1","0","0","","0","0","0","17","1","1","02","0","40 03:59.248","","00","76 18:08.668","3","0","0","0","36101","0","0","0","N","0","0","0","2","36101","0","","1","09","N","N","0","","1","0","0","0","0","","1725","1","2","0","0","0","0","0","3","0","2","N","","","","","","","","","","","","07","  ","","",""
"1729","1","0","0","0","0","0","0","0","0","1","0","","36","10","2019","2019102792","4","40.0818","-76.3552","1716","08","0","0","0","0","0","0","0","0","","0","0","0","17","1","0","00","0","40 04:54.582","","00","76 21:18.889","0","0","0","0","36214","0","0","0","N","0","0","0","3","36214","0","","1","01","N","N","1","","0","0","1","0","0","","1710","0","3","0","0","0","0","0","3","0","3","N","","","","","","","","","","","","03","  ","","",""
"1213","0","0","0","0","0","0","0","0","0","7","0","35","36","10","2019","2019102793","2","40.0884","-76.3806","1207","08","0","0","0","0","0","0","0","0","1","0","0","0","12","1","1","00","1","40 05:18.375","2","00","76 22:50.176","3","0","0","0","36214","0","0","0","N","0","0","0","1","36214","0","","2","01","N","N","0","","1","0","1","0","0","N","1205","1","1","0","0","0","0","0","3","0","1","Y","4","1","Y","N","N","N","N","N","N","Y","","03","  ","","",""
"0740","0","0","0","0","0","0","0","0","0","9","0","","36","10","2019","2019102794","5","40.0952","-76.3943","0731","08","0","0","0","0","0","0","0","0","","0","0","0","07","1","1","00","0","40 05:42.747","","00","76 23:39.345","3","0","0","0","36214","0","0","0","N","0","0","0","1","36214","0","","1","01","N","N","0","","1","0","1","0","0","","0726","1","1","0","0","0","0","0","3","0","1","N","","","","","","","","","","","","03","  ","","",""
"2128","1","0","0","0","0","0","0","0","0","9","0","","36","10","2019","2019102795","6","40.0813","-76.3849","2128","08","0","0","0","0","0","0","0","0","","0","0","0","21","3","0","00","0","40 04:52.517","","00","76 23:05.663","0","0","0","0","36214","0","0","0","N","0","0","0","1","36214","0","","1","01","N","N","0","","0","0","0","0","0","","2128","0","1","0","0","0","0","0","3","0","1","N","","","","","","","","","","","","03","  ","","",""
"1717","3","1","0","0","0","0","0","0","0","2","0","","36","10","2019","2019102796","3","40.04","-76.3691","1714","08","0","0","0","0","1","0","0","1","4","1","0","0","17","1","1","00","2","40 02:23.845","6","00","76 22:08.648","1","0","0","0","36223","0","0","0","N","0","0","0","3","36223","0","2","1","01","N","N","0","0","1","0","0","0","0","Y","1712","1","3","0","0","0","0","0","1","0","3","N","","","","","","","","","","","","03","  ","","",""
"0608","0","0","0","0","0","0","0","0","0","4","0","","36","10","2019","2019102902","4","40.1517","-76.3072","0606","08","0","0","0","0","0","1","1","0","1","0","0","0","06","6","2","01","2","40 09:06.012","5","00","76 18:25.745","8","0","0","0","36409","0","0","0","N","0","0","0","3","36409","0","","1","09","N","N","2","","0","0","1","3","3","N","0605","2","3","0","0","0","2","0","3","0","3","N","","","","","","","","","","","","07","  ","","",""
"2006","2","0","0","0","0","0","0","0","0","4","0","","36","10","2019","2019102929","5","40.1128","-76.5156","2003","08","0","0","0","0","0","2","0","0","2","0","0","0","20","3","0","02","2","40 06:46.097","4","07","76 30:56.102","9","0","0","0","36413","0","0","0","N","0","0","0","3","36413","0","","1","09","N","N","0","","0","0","0","3","2","Y","2003","0","2","0","0","0","0","2","2","0","2","N","","","","","","","","","","","","03","  ","","",""
"1420","2","0","0","0","0","0","0","0","0","1","0","","36","10","2019","2019102993","4","40.1345","-76.5634","1415","08","0","0","0","0","0","0","0","0","","0","0","0","14","1","0","01","0","40 08:04.099","","00","76 33:48.167","0","0","0","0","36225","0","0","0","N","0","0","0","2","36505","0","","1","01","N","N","0","","0","0","0","3","2","N","1410","0","2","0","0","0","0","0","2","0","2","N","","","","","","","","","","","","03","  ","","",""
"1558","1","0","0","0","0","0","0","0","0","6","0","","36","10","2019","2019102963","6","40.1725","-76.5286","1547","08","0","0","0","0","0","2","0","0","","0","0","0","15","1","0","00","0","40 10:21.069","","00","76 31:42.856","0","0","0","0","36225","0","0","0","N","0","0","0","2","36505","0","","1","01","N","N","0","","0","0","0","0","0","N","1545","0","2","0","0","0","0","0","2","0","2","N","","","","","","","","","","","","03","  ","","",""
"1745","1","0","0","0","0","0","0","0","0","1","0","","36","10","2019","2019102972","6","40.0626","-76.5496","1739","08","0","0","0","0","0","0","0","0","","0","0","0","17","1","0","01","0","40 03:45.336","","00","76 32:58.470","0","0","0","0","36211","0","0","0","N","0","0","0","2","36504","0","","1","01","N","N","0","","0","0","1","3","2","N","1739","0","2","0","0","1","0","0","1","0","2","N","","","","","","","","","","","","03","  ","","",""
"1424","2","0","0","0","0","0","0","0","0","4","0","","36","10","2019","2019103015","3","40.1788","-76.6007","1418","08","0","0","0","0","0","1","1","0","","0","0","0","14","1","0","01","0","40 10:43.752","","00","76 36:02.408","0","0","0","0","36225","0","0","0","N","0","0","0","2","36505","0","","1","01","N","N","0","","0","0","0","3","2","N","1415","0","2","0","0","0","0","0","2","0","2","N","","","","","","","","","","","","03","  ","","",""
"1147","2","0","0","0","0","0","0","0","0","4","0","","36","10","2019","2019103092","1","40.0384","-76.3162","1140","08","0","0","0","0","0","0","0","0","","0","0","0","11","1","1","01","0","40 02:18.405","","00","76 18:58.402","4","0","0","0","36301","0","0","0","N","0","0","0","4","36301","1","","1","01","N","N","0","","0","0","0","0","0","","1137","1","2","0","0","0","0","0","3","0","2","N","","","","","","","","","","","","03","  ","","",""
"1645","1","0","0","0","0","0","0","0","0","1","0","","36","10","2019","2019103112","6","40.0637","-76.3395","1641","08","0","0","0","0","0","1","0","1","2","0","0","0","16","1","3","00","1","40 03:49.408","4","00","76 20:22.340","3","0","0","0","36101","0","0","0","N","0","0","0","3","36101","0","","1","01","N","N","0","","3","0","1","0","0","N","1640","3","2","0","0","0","0","0","3","0","2","N","","","","","","","","","","","","03","  ","","",""
"1738","2","0","0","0","0","0","0","0","0","1","0","","36","10","2019","2019103113","6","40.1027","-76.2559","1729","08","0","0","0","0","0","0","0","0","2","0","0","0","17","1","0","00","1","40 06:09.892","2","00","76 15:21.252","0","0","0","0","36101","0","0","0","N","0","0","0","2","36101","0","","1","01","N","N","0","","0","0","0","0","0","N","1725","0","2","0","0","0","0","0","3","0","2","N","","","","","","","","","","","","03","  ","","",""
"2136","2","0","0","0","0","0","0","0","0","4","0","","36","10","2019","2019103114","7","40.0698","-76.3168","2133","08","0","0","0","0","0","0","0","0","2","0","0","0","21","3","0","01","1","40 04:11.321","1","00","76 19:00.454","0","0","0","0","36101","0","0","0","N","0","0","0","2","36101","0","","1","01","N","N","0","","0","0","0","3","2","N","2128","0","2","0","0","0","0","0","3","0","2","N","","","","","","","","","","","","03","  ","","",""
"0743","2","0","0","0","0","0","0","0","0","4","0","","36","10","2019","2019103298","2","40.1149","-76.0355","0740","08","0","0","0","0","0","0","0","0","1","0","0","0","07","1","1","02","1","40 06:53.493","3","00","76 02:07.896","3","0","0","0","36213","0","0","0","N","0","0","0","2","36213","0","","1","01","N","N","0","","1","0","0","3","3","Y","0737","1","2","0","0","0","0","0","1","0","2","N","","","","","","","","","","","","03","  ","","",""
"0941","0","0","0","0","0","0","0","0","0","0","0","","36","10","2019","2019103385","2","40.1743","-76.5962","0936","08","0","0","0","0","0","0","0","0","","0","0","","09","1","0","00","0","40 10:27.464","","00","76 35:46.357","0","0","0","0","36225","0","0","0","N","0","0","0","2","36505","0","","1","01","N","N","0","","0","0","0","0","0","N","0931","0","2","0","0","0","0","0","2","0","0","N","","","","","","","","","","","","03","  ","","",""
"0425","2","0","0","0","0","0","0","0","0","2","0","","36","10","2019","2019103443","6","40.0936","-76.3506","0420","08","0","0","0","0","0","0","0","1","1","0","0","0","04","3","0","01","1","40 05:36.809","4","00","76 21:02.125","0","0","0","0","36214","0","0","0","N","0","0","0","3","36214","0","","1","01","N","N","0","","0","0","0","3","2","N","0416","0","2","0","0","0","0","0","3","0","2","N","","","","","","","","","","","","03","  ","","",""
"1426","0","0","0","0","0","0","0","0","0","0","0","","36","10","2019","2019103444","2","39.9751","-76.2473","1421","08","0","0","0","0","0","0","0","0","2","0","0","","14","1","0","01","1","39 58:30.378","6","00","76 14:50.447","9","0","0","0","36240","0","0","0","N","0","0","0","2","36240","0","","1","01","N","N","0","","0","0","0","3","2","N","1420","0","1","0","0","0","0","0","1","0","0","N","","","","","","","","","","","","03","  ","","",""
"0648","1","0","0","0","0","0","0","0","0","4","0","","36","10","2019","2019103445","5","40.0402","-76.2391","0645","08","0","0","0","0","0","0","0","0","2","0","0","0","06","3","1","01","2","40 02:24.730","4","00","76 14:20.844","2","0","0","0","36215","0","0","0","N","0","0","0","2","36215","0","","1","09","N","N","0","","0","1","1","3","2","N","0644","1","2","0","1","1","0","0","1","0","2","N","","","","","","","","","","","","07","  ","","",""
"0449","0","0","0","0","0","0","0","0","0","7","0","","36","10","2019","2019103543","7","40.223","-76.4176","0430","08","0","0","0","0","0","1","0","0","3","0","0","0","04","2","0","00","1","40 13:22.748","4","00","76 25:03.314","0","0","0","0","36227","0","0","0","N","0","0","0","1","68T06","0","","3","01","N","N","1","","0","0","0","0","0","N","0425","0","1","0","0","0","0","0","1","0","1","N","","","","","","","","","","","","03","  ","","",""
"0449","0","0","0","0","0","0","0","0","0","1","1","","36","10","2019","2019103544","7","40.223","-76.4176","0440","08","0","0","0","0","0","0","0","0","3","0","1","0","04","2","1","00","1","40 13:22.748","4","00","76 25:03.314","8","0","0","0","36227","0","0","0","N","0","0","0","2","68T06","0","","1","01","N","N","1","","0","0","0","0","0","N","0439","1","2","0","0","0","1","0","1","0","2","N","","","","","","","","","","","","03","  ","","",""
"1808","1","0","0","0","0","0","0","0","0","4","0","","36","10","2019","2019103575","2","40.1885","-76.2257","1804","08","0","0","0","0","1","0","0","0","1","0","0","0","18","1","0","01","1","40 11:18.483","4","00","76 13:32.628","0","0","0","0","36218","0","0","0","N","0","0","0","3","36408","0","","1","01","N","N","0","","0","0","1","3","3","N","1803","0","2","0","0","0","0","0","1","0","2","N","","","","","","","","","","","","03","  ","","",""
"1157","0","0","0","0","0","0","0","0","0","1","0","","36","10","2019","2019103580","2","40.1091","-76.4958","1156","08","0","0","0","0","0","0","0","0","","0","0","","11","1","0","01","0","40 06:32.868","","00","76 29:44.850","9","0","0","0","36413","0","0","0","N","0","0","0","3","36413","0","","1","01","N","N","0","","0","0","0","0","0","","1155","0","3","0","0","0","0","0","2","0","0","N","","","","","","","","","","","","03","  ","","",""
"2059","1","0","0","0","0","0","0","0","0","6","0","","36","10","2019","2019103608","1","40.0642","-76.3385","2052","08","0","0","0","0","0","1","0","0","3","0","0","0","20","3","0","00","1","40 03:51.012","4","00","76 20:18.449","0","0","0","0","36301","0","0","0","N","0","0","0","2","36301","0","","1","01","N","N","0","","0","0","1","0","0","N","2048","0","2","0","0","0","0","0","3","0","2","N","","","","","","","","","","","","03","  ","","",""
"1638","1","0","0","0","0","0","0","0","0","8","0","","36","10","2019","2019103630","1","40.0382","-76.3036","1632","08","0","0","0","0","0","0","0","0","1","0","0","0","16","1","1","01","2","40 02:17.489","3","00","76 18:12.922","3","0","0","0","36301","1","0","0","N","1","0","0","2","36301","0","","1","09","N","N","0","","1","0","0","3","2","Y","1631","1","2","0","0","0","0","0","3","0","1","N","","","","","","","","","","","1700","07","  ","","",""
"1507","1","0","0","0","0","0","0","0","0","7","0","","36","10","2019","2019103641","7","39.9705","-76.3225","1457","08","0","0","0","0","0","0","0","0","1","0","0","0","14","1","1","00","1","39 58:13.697","5","00","76 19:21.113","2","0","0","0","36228","0","0","0","N","0","0","0","1","36228","0","","5","01","N","N","0","","0","1","0","0","0","Y","1457","1","1","0","1","1","0","0","1","0","1","N","","","","","","","","","","","","03","  ","","",""
"1625","2","0","0","0","0","0","0","0","0","5","0","","36","10","2019","2019103677","1","40.036","-76.3088","1616","08","0","0","0","0","0","0","0","0","2","0","0","0","16","1","0","00","1","40 02:09.600","4","00","76 18:31.600","0","0","0","0","36301","0","0","0","N","0","0","0","1","36301","0","","6","09","N","N","1","","0","0","1","0","0","N","1616","0","4","0","0","0","0","0","3","0","4","N","","","","","","","","","","","","07","  ","","",""
"2219","2","0","0","0","0","0","0","0","0","1","0","","36","10","2019","2019103723","6","40.1341","-76.2126","2216","08","0","0","1","0","0","1","0","0","1","0","0","0","22","3","1","00","2","40 08:02.850","5","00","76 12:45.485","3","0","0","0","36238","0","0","0","N","0","0","0","2","36238","0","","1","01","N","N","0","","1","0","0","0","0","Y","2216","1","2","0","0","0","0","0","3","0","2","N","","","","","","","","","","","","03","  ","","",""
"1335","0","0","0","0","0","0","0","0","0","4","1","","36","10","2019","2019103808","3","40.1797","-76.1788","1332","08","0","0","0","0","1","0","1","0","","0","1","0","13","1","0","01","0","40 10:46.795","","00","76 10:43.582","0","0","0","0","36408","0","0","0","N","0","0","0","2","36408","0","","1","01","N","N","0","","0","0","1","3","2","","1332","0","2","0","0","0","0","0","2","0","2","N","","","","","","","","","","","","03","  ","","",""
"1630","0","0","0","0","0","0","0","0","0","1","0","","36","10","2019","2019103833","3","40.0103","-76.3558","1627","08","0","0","0","0","1","0","0","0","2","0","0","","16","1","0","00","1","40 00:37.140","3","07","76 21:20.822","0","0","0","0","36412","0","0","0","N","0","0","0","2","36412","0","","1","01","N","N","0","","0","0","0","0","0","N","1627","0","2","0","0","0","0","0","3","0","0","N","","","","","","","","","","","","03","  ","","",""