"ARRIVAL_TM","AUTOMOBILE_COUNT","BELTED_DEATH_COUNT","BELTED_SUSP_SERIOUS_INJ_COUNT","BICYCLE_COUNT","BICYCLE_DEATH_COUNT","BICYCLE_SUSP_SERIOUS_INJ_COUNT","BUS_COUNT","CHLDPAS_DEATH_COUNT","CHLDPAS_SUSP_SERIOUS_INJ_COUNT","COLLISION_TYPE","COMM_VEH_COUNT","CONS_ZONE_SPD_LIM","COUNTY","CRASH_MONTH","CRASH_YEAR","CRN","DAY_OF_WEEK","DEC_LAT","DEC_LONG","DISPATCH_TM","DISTRICT","DRIVER_COUNT_16YR","DRIVER_COUNT_17YR","DRIVER_COUNT_18YR","DRIVER_COUNT_19YR","DRIVER_COUNT_20YR","DRIVER_COUNT_50_64YR","DRIVER_COUNT_65_74YR","DRIVER_COUNT_75PLUS","EST_HRS_CLOSED","FATAL_COUNT","HEAVY_TRUCK_COUNT","HORSE_BUGGY_COUNT","HOUR_OF_DAY","ILLUMINATION","INJURY_COUNT","INTERSECT_TYPE","LANE_CLOSED","LATITUDE","LN_CLOSE_DIR","LOCATION_TYPE","LONGITUDE","MAX_SEVERITY_LEVEL","MCYCLE_DEATH_COUNT","MCYCLE_SUSP_SERIOUS_INJ_COUNT","MOTORCYCLE_COUNT","MUNICIPALITY","NONMOTR_COUNT","NONMOTR_DEATH_COUNT","NONMOTR_SUSP_SERIOUS_INJ_COUNT","NTFY_HIWY_MAINT","PED_COUNT","PED_DEATH_COUNT","PED_SUSP_SERIOUS_INJ_COUNT","PERSON_COUNT","POLICE_AGCY","POSSIBLE_INJ_COUNT","RDWY_SURF_TYPE_CD","RELATION_TO_ROAD","ROAD_CONDITION","SCH_BUS_IND","SCH_ZONE_IND","SMALL_TRUCK_COUNT","SPEC_JURIS_CD","SUSP_MINOR_INJ_COUNT","SUSP_SERIOUS_INJ_COUNT","SUV_COUNT","TCD_FUNC_CD","TCD_TYPE","TFC_DETOUR_IND","TIME_OF_DAY","TOT_INJ_COUNT","TOTAL_UNITS","UNB_DEATH_COUNT","UNB_SUSP_SERIOUS_INJ_COUNT","UNBELTED_OCC_COUNT","UNK_INJ_DEG_COUNT","UNK_INJ_PER_COUNT","URBAN_RURAL","VAN_COUNT","VEHICLE_COUNT","WORK_ZONE_IND","WORK_ZONE_LOC","WORK_ZONE_TYPE","WORKERS_PRES","WZ_CLOSE_DETOUR","WZ_FLAGGER","WZ_LAW_OFFCR_IND","WZ_LN_CLOSURE","WZ_MOVING","WZ_OTHER","WZ_SHLDER_MDN","ROADWAY_CLEARED","WEATHER1","WEATHER2","WZ_WORKERS_INJ_KILLED","SECONDARY_CRASH","INTERSECTION_RELATED"
"2106","0","0","0","0","0","0","0","0","0","1","0","","36","10","2019","2019103859","1","40.1561","-76.3004","2105","08","0","0","0","0","0","0","0","0","1","0","0","0","21","3","0","00","1","40 09:21.852","3","00","76 18:01.515","0","0","0","0","36409","0","0","0","N","0","0","0","1","36409","0","","6","01","N","N","0","","0","0","2","0","0","N","2103","0","2","0","0","0","0","0","3","0","2","N","","","","","","","","","","","","03","  ","","",""
"1600","1","0","0","0","0","0","1","0","0","4","1","","36","10","2019","2019103860","6","40.1066","-76.0676","1557","08","0","0","0","0","0","1","0","0","2","0","0","0","15","1","0","01","2","40 06:23.763","7","00","76 04:03.457","0","0","0","0","36415","0","0","0","N","0","0","0","38","36415","0","","1","01","Y","N","0","","0","0","0","3","3","Y","1557","0","2","0","0","0","0","0","1","0","2","N","","","","","","","","","","","","03","  ","","",""
"1441","1","0","0","0","0","0","0","0","0","7","0","","36","10","2019","2019103861","7","40.0635","-76.0686","1441","08","0","0","0","0","1","0","0","0","2","0","0","0","14","1","0","00","2","40 03:48.472","5","00","76 04:07.080","0","0","0","0","36209","0","0","0","N","0","0","0","1","36415","0","","5","01","N","N","0","","0","0","0","0","0","Y","1441","0","1","0","0","0","0","0","1","0","1","N","","","","","","","","","","","","03","  ","","",""
"1647","2","0","0","0","0","0","0","0","0","1","1","","36","09","2019","2019103917","4","39.9973","-76.052","1636","08","0","0","0","0","0","0","1","0","1","0","1","0","16","1","2","00","1","39 59:50.213","3","00","76 03:07.281","3","0","0","0","36232","0","0","0","N","0","0","0","5","68J01","0","","1","01","N","N","0","","1","0","1","0","0","N","1631","2","4","0","0","0","1","0","1","0","4","N","","","","","","","","","","","","03","  ","","",""
"0451","0","0","0","0","0","0","0","0","0","4","0","","36","09","2019","2019103920","5","39.9927","-76.1815","0446","08","0","0","0","0","0","1","0","0","1","0","0","0","04","3","2","01","1","39 59:33.741","4","00","76 10:53.251","3","0","0","0","36233","0","0","0","N","0","0","0","2","68J01","0","","1","09","N","N","2","","1","0","0","3","3","N","0444","2","2","0","0","0","1","0","1","0","2","N","","","","","","","","","","","","03","  ","","",""
"0756","0","0","0","0","0","0","0","0","0","1","1","","36","09","2019","2019103924","7","40.1115","-75.9771","0739","08","0","0","0","0","0","1","0","0","2","0","1","0","07","1","1","00","1","40 06:41.383","6","00","75 58:37.598","3","0","0","1","36203","0","0","0","N","0","0","0","2","68J01","0","","1","01","N","N","0","","1","0","0","0","0","N","0728","1","2","0","0","0","0","0","1","0","2","N","","","","","","","","","","","","03","  ","","",""
"1751","1","0","0","0","0","0","0","0","0","4","0","","36","09","2019","2019103925","3","39.9615","-76.1028","1740","08","0","0","0","0","0","1","0","1","2","0","0","0","17","1","3","01","2","39 57:41.266","5","00","76 06:10.058","3","0","0","0","36226","0","0","0","Y","0","0","0","5","68J01","0","","1","01","N","N","1","","3","0","0","3","3","Y","1736","3","2","0","0","1","0","0","1","0","2","N","","","","","","","","","","","","03","  ","","",""
"1543","2","0","0","0","0","0","0","0","0","7","0","","36","09","2019","2019103932","6","39.8532","-76.1264","1509","08","1","1","0","0","0","0","0","0","2","0","0","0","14","1","0","00","1","39 51:11.510","6","00","76 07:35.160","0","0","0","0","36212","0","0","0","N","0","0","0","2","68J01","0","","4","01","N","N","0","","0","0","0","0","0","N","1457","0","2","0","0","0","0","0","1","0","2","N","","","","","","","","","","","","03","  ","","",""
"1745","2","0","0","0","0","0","0","0","0","4","0","","36","09","2019","2019103940","3","39.9977","-76.0551","1735","08","0","1","1","0","0","0","0","0","2","0","0","0","17","1","1","01","1","39 59:51.604","6","00","76 03:18.436","3","0","0","0","36232","0","0","0","N","0","0","0","3","68J01","0","","1","01","N","N","0","","1","0","0","3","3","N","1733","1","3","0","0","0","0","0","1","1","3","N","","","","","","","","","","","","03","  ","","",""
"0242","1","0","0","0","0","0","0","0","0","9","0","","36","09","2019","2019103942","4","39.9847","-76.0644","0225","08","0","0","0","0","0","0","0","0","","0","0","0","02","2","0","00","0","39 59:04.944","","00","76 03:51.916","0","0","0","0","36226","0","0","0","N","0","0","0","1","68J01","0","","1","01","N","N","0","","0","0","0","0","0","","0220","0","1","0","0","0","0","0","1","0","1","N","","","","","","","","","","","","03","  ","","",""
"0242","1","0","0","0","0","0","0","0","0","9","0","","36","09","2019","2019103943","4","39.9847","-76.0644","0225","08","0","0","0","0","0","1","0","0","","0","0","0","02","2","0","00","0","39 59:04.955","","00","76 03:51.724","0","0","0","0","36226","0","0","0","N","0","0","0","1","68J01","0","","1","01","N","N","0","","0","0","0","0","0","","0220","0","1","0","0","0","0","0","1","0","1","N","","","","","","","","","","","","03","  ","","",""
"0433","0","0","0","0","0","0","0","0","0","0","0","55","36","09","2019","2019103947","6","40.1657","-76.1508","0433","08","0","0","0","1","0","0","0","0","1","0","0","0","04","2","0","00","2","40 09:56.619","1","00","76 09:02.733","0","0","0","0","36218","0","0","0","N","0","0","0","3","68J01","0","","1","01","N","N","0","","0","0","1","3","8","N","0432","0","1","0","0","0","0","0","1","0","1","Y","4","1","Y","","","Y","Y","","","","","03","  ","","",""
"1621","0","0","0","0","0","0","0","0","0","7","0","","36","09","2019","2019103950","6","39.9803","-76.163","1603","08","0","0","0","0","0","0","0","0","","0","0","0","15","1","0","01","0","39 58:49.236","","00","76 09:46.622","0","0","0","0","36233","0","0","0","N","0","0","0","1","68J01","0","","5","01","N","N","0","","0","0","1","3","3","","1551","0","2","0","0","0","0","0","1","0","1","N","","","","","","","","","","","","03","  ","","",""
"0222","1","0","0","0","0","0","0","0","0","7","0","","36","09","2019","2019103953","1","40.1255","-75.9778","0210","08","0","1","0","0","0","0","0","0","2","0","0","0","02","2","1","00","2","40 07:31.700","1","00","75 58:40.030","3","0","0","0","36203","0","0","0","N","0","0","0","1","68J01","0","","4","01","N","N","0","","1","0","0","0","0","N","0203","1","1","0","0","1","0","0","1","0","1","N","","","","","","","","","","","","05","  ","","",""
"0545","1","0","0","0","0","0","0","0","0","7","0","","36","09","2019","2019103954","1","40.0508","-76.0174","0533","08","0","0","0","1","0","0","0","0","","0","0","0","05","2","0","00","0","40 03:03.010","","00","76 01:02.568","0","0","0","0","36232","0","0","0","N","0","0","0","1","68J01","0","","5","01","N","N","0","","0","0","0","0","0","","0531","0","1","0","0","0","0","0","1","0","1","N","","","","","","","","","","","","03","  ","","",""
"0119","0","0","0","0","0","0","0","0","0","7","0","","36","10","2019","2019103961","5","40.1246","-75.9114","0103","08","0","0","0","0","0","0","0","0","1","0","0","0","01","2","0","00","1","40 07:28.625","1","00","75 54:41.197","0","0","0","0","36203","0","0","0","N","0","0","0","1","68J01","0","","4","01","N","N","1","","0","0","0","0","0","N","0100","0","1","0","0","0","0","0","1","0","1","N","","","","","","","","","","","","03","  ","","",""
"0810","0","0","0","1","0","0","0","0","0","2","0","","36","10","2019","2019103962","5","39.9925","-76.0231","0805","08","0","0","0","0","0","1","0","0","2","0","0","0","07","1","1","01","1","39 59:32.859","4","00","76 01:23.313","3","0","0","0","36232","1","0","0","N","0","0","0","2","68J01","0","","1","09","N","N","0","","1","0","1","0","0","N","0758","1","2","0","0","0","0","0","1","0","1","N","","","","","","","","","","","","07","  ","","",""
"0012","2","0","0","0","0","0","0","0","0","4","0","","36","10","2019","2019103963","5","40.2095","-76.3","0000","08","0","0","0","0","0","0","0","0","1","0","0","0","00","3","0","01","1","40 12:34.020","6","00","76 17:59.942","0","0","0","0","36217","0","0","0","N","0","0","0","2","68J01","0","","1","09","N","N","0","","0","0","0","3","2","N","0000","0","2","0","0","0","0","0","1","0","2","N","","","","","","","","","","","","07","  ","","",""
"1702","0","0","0","0","0","0","0","0","0","4","0","","36","10","2019","2019103964","6","39.9379","-76.0759","1628","08","0","0","0","0","0","1","0","0","","0","0","1","16","1","1","02","0","39 56:16.336","","00","76 04:33.290","2","0","0","0","36201","1","0","1","N","0","0","0","2","68J01","0","","1","01","N","N","0","","0","1","0","3","3","","1622","1","2","0","0","0","0","0","1","1","1","N","","","","","","","","","","","","03","  ","","",""
"0706","1","0","0","0","0","0","0","0","0","4","0","","36","10","2019","2019103980","4","40.1117","-75.9778","0633","08","0","0","0","0","0","0","0","0","","0","0","0","06","2","0","01","0","40 06:41.967","","00","75 58:40.175","0","0","0","0","36203","0","0","0","N","0","0","0","2","68J01","0","","1","09","N","N","1","","0","0","0","3","3","","0631","0","2","0","0","0","0","0","1","0","2","N","","","","","","","","","","","","07","  ","","",""
"0651","0","0","0","0","0","0","0","0","0","7","0","","36","10","2019","2019103990","5","39.993","-76.0268","0629","08","0","0","0","0","0","1","0","0","","0","0","0","06","2","1","00","0","39 59:34.758","","00","76 01:36.325","3","0","0","0","36232","0","0","0","N","0","0","0","1","68J01","0","","4","01","N","N","0","","1","0","1","0","0","","0613","1","1","0","0","0","0","0","1","0","1","N","","","","","","","","","","","","03","  ","","",""
"0917","0","0","0","0","0","0","0","0","0","4","0","","36","10","2019","2019103992","5","39.8575","-76.2087","0907","08","0","0","0","0","0","0","0","0","","0","0","0","07","1","0","01","0","39 51:26.849","","00","76 12:31.302","0","0","0","0","36212","0","0","0","N","0","0","0","3","68J01","0","","1","01","N","N","0","","0","0","2","3","3","","0740","0","2","0","0","0","0","0","1","0","2","N","","","","","","","","","","","","03","  ","","",""
"1540","2","0","0","0","0","0","0","0","0","1","0","","36","10","2019","2019104050","2","40.1291","-76.2161","1531","08","0","0","0","0","0","1","1","0","2","0","0","0","15","1","0","00","1","40 07:44.631","1","00","76 12:58.089","0","0","0","0","36238","0","0","0","N","0","0","0","3","68J01","0","","1","01","N","N","0","","0","0","1","3","2","N","1528","0","3","0","0","0","0","0","3","0","3","N","","","","","","","","","","","","03","  ","","",""
"1637","0","0","0","0","0","0","0","0","0","1","0","","36","10","2019","2019104081","3","40.1091","-76.0448","1633","08","0","0","0","0","0","0","0","0","2","0","0","","16","1","1","00","2","40 06:32.656","6","00","76 02:41.259","9","0","0","0","36213","0","0","0","N","0","0","0","5","36213","0","","1","01","N","N","0","","0","0","0","0","0","Y","1629","0","3","0","0","0","0","0","1","0","0","N","","","","","","","","","","","","03","  ","","",""
"2349","2","0","0","0","0","0","0","0","0","4","0","","36","10","2019","2019104110","3","40.04","-76.2873","2348","08","0","0","0","0","0","0","0","0","2","0","0","0","23","3","1","01","2","40 02:24.011","3","00","76 17:14.418","3","0","0","0","36301","0","0","0","N","0","0","0","4","36301","0","","1","01","N","N","0","","1","0","0","3","2","Y","2345","1","2","0","0","0","0","0","3","0","2","N","","","","","","","","","","","","03","  ","","",""
"1517","1","0","0","0","0","0","0","0","0","4","0","","36","10","2019","2019104133","6","40.0431","-76.2939","1517","08","0","0","1","0","0","0","0","0","1","0","0","0","15","1","2","01","1","40 02:35.156","1","00","76 17:37.996","3","0","0","0","36301","0","0","0","N","0","0","0","5","36301","0","","1","01","N","N","0","","1","0","1","3","3","N","1517","2","2","0","0","2","1","0","3","0","2","N","","","","","","","","","","","","03","  ","","",""
"1744","2","0","0","0","0","0","0","0","0","1","0","","36","10","2019","2019104200","2","39.97","-76.2763","1738","08","0","0","0","0","0","0","0","0","","0","0","0","17","1","0","00","0","39 58:11.874","","00","76 16:34.853","0","0","0","0","36228","0","0","0","N","0","0","0","2","36228","0","","1","01","N","N","0","","0","0","0","0","0","","1731","0","2","0","0","0","0","0","1","0","2","N","","","","","","","","","","","","03","  ","","",""
"1529","1","0","0","0","0","0","0","0","0","7","0","","36","09","2019","2019104211","1","40.0234","-76.3061","1521","08","0","0","0","0","0","0","0","0","1","0","0","0","15","1","1","03","2","40 01:24.322","5","00","76 18:21.797","4","0","0","0","36301","0","0","0","N","0","0","0","1","36301","1","","5","01","N","N","0","","0","0","0","3","3","Y","1517","1","1","0","0","1","0","0","3","0","1","N","","","","","","","","","","","","03","  ","","",""
"1059","0","0","0","0","0","0","0","0","0","1","0","","36","10","2019","2019104214","4","40.1772","-76.1754","1056","08","0","0","0","0","0","1","1","0","","0","0","","10","1","1","02","0","40 10:37.874","","00","76 10:31.304","8","0","0","0","36408","0","0","0","N","0","0","0","3","36408","0","","1","09","N","N","0","","0","0","0","3","2","","1056","1","3","0","0","0","1","0","2","0","0","N","","","","","","","","","","","","07","  ","","",""
"1615","1","0","0","0","0","0","0","0","0","1","1","","36","10","2019","2019104382","5","40.0708","-76.2874","1606","08","0","0","0","0","0","1","0","0","1","0","1","0","16","1","0","00","1","40 04:14.976","2","00","76 17:14.754","0","0","0","0","36101","0","0","0","N","0","0","0","2","36101","0","","1","01","N","N","0","","0","0","0","0","0","N","1604","0","2","0","0","0","0","0","3","0","2","N","","","","","","","","","","","","03","  ","","",""
"1308","1","0","0","0","0","0","0","0","0","1","0","","36","10","2019","2019104383","2","40.0791","-76.3465","1257","08","0","0","0","0","0","0","0","0","","0","0","0","12","1","0","05","0","40 04:44.656","","00","76 20:47.275","0","0","0","0","36101","0","0","0","N","0","0","0","3","36101","0","","1","01","N","N","0","","0","0","1","3","3","","1256","0","2","0","0","0","0","0","3","0","2","N","","","","","","","","","","","","03","  ","","",""
"1729","2","0","0","0","0","0","0","0","0","4","0","","36","10","2019","2019104384","3","40.0617","-76.289","1717","08","1","0","0","0","0","0","0","0","2","0","0","0","17","1","2","00","1","40 03:41.970","1","00","76 17:20.544","4","0","0","0","36101","0","0","0","N","0","0","0","3","36101","2","","1","01","N","N","0","","0","0","0","0","0","N","1715","2","2","0","0","0","0","0","3","0","2","N","","","","","","","","","","","","03","  ","","",""
"1923","0","0","0","0","0","0","0","0","0","4","0","","36","10","2019","2019104385","7","40.0303","-76.232","1916","08","0","0","0","0","0","0","0","0","","0","0","0","19","3","0","00","0","40 01:48.925","","00","76 13:55.043","0","0","0","0","36215","0","0","0","N","0","0","0","6","36215","0","","2","01","N","N","0","","0","0","1","0","0","","1914","0","2","0","0","0","0","0","1","1","2","N","","","","","","","","","","","","03","  ","","",""
"0652","0","0","0","0","0","0","0","0","0","1","0","","36","10","2019","2019104386","2","40.0749","-76.1792","0648","08","0","0","0","0","0","0","1","0","","0","0","","06","5","0","00","0","40 04:29.701","","00","76 10:44.971","9","0","0","0","36234","0","0","0","N","0","0","0","2","36215","0","","1","01","N","N","0","","0","0","0","0","0","","0644","0","2","0","0","0","0","1","1","0","0","N","","","","","","","","","","","","05","  ","","",""
"2247","0","0","0","0","0","0","0","0","0","9","0","","36","10","2019","2019104387","2","40.023","-76.3696","2247","08","0","0","0","0","0","0","0","0","","0","0","0","22","2","0","00","0","40 01:22.820","","00","76 22:10.470","0","0","0","0","36223","0","0","0","N","0","0","0","2","36223","0","","1","01","N","N","0","","0","0","1","0","0","","2246","0","1","0","0","0","0","0","1","0","1","N","","","","","","","","","","","","03","  ","","",""
"1123","0","0","0","0","0","0","0","0","0","7","1","","36","10","2019","2019104388","5","40.1578","-76.3074","1120","08","0","0","0","0","0","0","0","0","3","0","1","0","11","1","0","02","1","40 09:28.239","1","00","76 18:26.466","0","0","0","0","36409","0","0","0","N","0","0","0","1","36409","0","","9","01","N","N","0","","0","0","0","3","3","N","1118","0","1","0","0","0","0","0","3","0","1","N","","","","","","","","","","","","03","  ","","",""
"1650","0","0","0","0","0","0","0","0","0","4","0","","36","10","2019","2019104389","3","40.1549","-76.3046","1650","08","0","0","0","0","0","0","0","0","1","0","0","","16","1","0","02","2","40 09:17.693","5","00","76 18:16.646","9","0","0","0","36409","0","0","0","N","0","0","0","3","36409","0","","1","01","N","N","0","","0","0","0","3","3","Y","1648","0","4","0","0","0","0","0","3","0","0","N","","","","","","","","","","","","03","  ","","",""
"1655","1","0","0","0","0","0","0","0","0","7","0","","36","10","2019","2019104416","2","40.0317","-76.5016","1655","08","0","0","0","0","0","0","1","0","","0","0","0","16","1","0","01","0","40 01:54.200","","00","76 30:05.700","0","0","0","0","36404","0","0","0","N","0","0","0","1","36404","0","","4","09","N","N","0","","0","0","0","0","0","","1650","0","1","0","0","0","0","0","3","0","1","N","","","","","","","","","","","","07","  ","","",""
"0640","0","0","0","0","0","0","0","0","0","1","1","","36","10","2019","2019104419","5","40.1647","-76.2006","0630","08","0","0","0","0","0","0","0","1","2","0","1","0","06","5","0","03","1","40 09:53.523","1","00","76 12:02.099","0","0","0","0","36408","0","0","0","N","0","0","0","2","36408","0","","1","01","N","N","0","","0","0","0","3","3","N","0628","0","2","0","0","0","0","0","2","1","2","N","","","","","","","","","","","","98","  ","","",""
"0358","1","0","0","0","0","0","0","0","0","7","0","","36","10","2019","2019104574","2","40.2048","-76.1307","0355","08","0","0","0","0","0","0","0","0","","0","0","0","03","2","0","02","0","40 12:17.218","","00","76 07:50.545","9","0","0","0","36210","0","0","0","N","0","0","0","1","36210","0","","4","01","N","N","0","","0","0","0","3","3","","0353","0","1","0","0","0","0","1","1","0","1","N","","","","","","","","","","","","03","  ","","",""
"0749","2","0","0","0","0","0","0","0","0","1","0","","36","09","2019","2019104575","6","40.2327","-76.1367","0741","08","0","1","0","0","0","1","0","0","","0","0","0","07","1","1","00","0","40 13:57.599","","00","76 08:12.022","3","0","0","0","36405","0","0","0","N","0","0","0","5","36210","0","","1","01","N","N","0","","1","0","0","0","0","","0737","1","2","0","0","0","0","0","1","0","2","N","","","","","","","","","","","","03","  ","","",""
"0644","1","0","0","0","0","0","0","0","0","7","0","","36","10","2019","2019104577","5","40.2107","-76.1178","0637","08","1","0","0","0","0","0","0","0","","0","0","0","06","2","0","00","0","40 12:38.600","","00","76 07:04.100","0","0","0","0","36210","0","0","0","N","0","0","0","1","36210","0","","5","09","N","N","0","","0","0","0","0","0","","0636","0","1","0","0","0","0","0","1","0","1","N","","","","","","","","","","","","07","  ","","",""
"0124","1","0","0","0","0","0","0","0","0","9","0","","36","10","2019","2019104578","5","40.2421","-76.0829","0124","08","0","0","0","0","0","0","0","0","2","0","0","0","01","2","0","00","1","40 14:31.605","3","00","76 04:58.611","0","0","0","0","36210","0","0","0","N","0","0","0","1","36210","0","","1","01","N","N","0","","0","0","0","0","0","N","0123","0","1","0","0","1","0","0","1","0","1","N","","","","","","","","","","","","03","  ","","",""
"1652","0","0","0","0","0","0","0","0","0","4","1","","36","10","2019","2019104580","5","40.2331","-76.0783","1649","08","0","0","0","0","0","1","0","0","2","0","1","0","16","1","1","01","1","40 13:59.165","3","00","76 04:42.021","8","0","0","0","36210","0","0","0","N","0","0","0","2","36210","0","","1","01","N","N","0","","0","0","1","3","2","N","1648","1","2","0","0","0","1","0","1","0","2","N","","","","","","","","","","","","03","  ","","",""
"1859","1","0","0","0","0","0","0","0","0","1","0","","36","10","2019","2019104581","7","40.23","-76.0823","1857","08","0","0","0","0","0","0","0","1","","0","0","0","18","1","1","00","0","40 13:48.140","","00","76 04:56.264","3","0","0","0","36210","0","0","0","N","0","0","0","8","36210","0","","1","01","N","N","0","","1","0","0","0","0","","1857","1","2","0","0","0","0","0","1","1","2","N","","","","","","","","","","","","03","  ","","",""
"1318","0","0","0","1","0","0","0","0","0","6","0","","36","10","2019","2019104594","2","40.2316","-76.1353","1312","08","0","0","0","0","0","0","0","0","","0","0","0","13","1","1","00","0","40 13:53.600","","00","76 08:06.900","3","0","0","0","36405","1","0","0","N","0","0","0","2","36210","0","","1","01","N","N","0","","1","0","1","0","0","","1314","1","2","0","0","1","0","1","1","0","1","N","","","","","","","","","","","","03","  ","","",""
"1823","1","0","0","0","0","0","0","0","0","1","0","","36","10","2019","2019104595","6","40.254","-76.0857","1819","08","0","0","0","0","0","2","0","0","","0","0","0","18","1","0","02","0","40 15:14.497","","00","76 05:08.370","0","0","0","0","36210","0","0","0","N","0","0","0","2","36210","0","","1","01","N","N","1","","0","0","0","0","0","","1818","0","2","0","0","0","0","0","1","0","2","N","","","","","","","","","","","","03","  ","","",""
"0150","1","0","0","0","0","0","0","0","0","7","0","","36","10","2019","2019104596","1","40.0511","-76.4547","0146","08","0","0","0","0","0","0","0","0","3","0","0","0","01","2","0","00","2","40 03:03.785","6","01","76 27:16.806","0","0","0","0","36239","0","0","0","N","0","0","0","2","36239","0","","5","01","N","N","0","","0","0","0","0","0","Y","0146","0","1","0","0","0","0","0","3","0","1","N","","","","","","","","","","","","03","  ","","",""
"2113","1","0","0","0","0","0","0","0","0","7","0","","36","10","2019","2019104623","4","40.1413","-76.5925","2107","08","0","0","0","0","0","0","0","0","","0","0","0","21","3","0","10","0","40 08:28.737","","07","76 35:32.831","0","0","0","0","36237","0","0","0","N","0","0","0","1","36505","0","","5","01","N","N","0","","0","0","0","0","0","","2104","0","1","0","0","0","0","0","1","0","1","N","","","","","","","","","","","","03","  ","","",""
"1452","0","0","0","0","0","0","0","0","0","5","0","","36","10","2019","2019104651","7","40.0323","-76.3128","1452","08","0","0","0","0","0","0","0","0","","0","0","","14","1","0","00","0","40 01:56.200","","00","76 18:45.900","9","0","0","0","36301","0","0","0","N","0","0","0","1","36301","0","","6","01","N","N","0","","0","0","0","0","0","","1452","0","2","0","0","0","0","0","3","0","0","N","","","","","","","","","","","","03","  ","","",""
"0852","0","0","0","0","0","0","0","0","0","1","0","","36","10","2019","2019104659","5","40.0344","-76.2982","0841","08","0","0","0","0","0","0","0","0","2","0","0","","08","1","0","00","2","40 02:03.721","3","00","76 17:53.411","0","0","0","0","36301","0","0","0","N","0","0","0","1","36301","0","","1","01","N","N","0","","0","0","0","0","0","Y","0841","0","2","0","0","0","0","0","3","0","0","N","","","","","","","","","","","","03","  ","","",""
"1508","2","0","0","0","0","0","0","0","0","4","0","","36","10","2019","2019104696","3","40.1788","-76.6007","1504","08","0","0","0","0","0","0","0","1","","0","0","0","15","1","1","01","0","40 10:43.752","","02","76 36:02.408","8","0","0","0","36225","0","0","0","N","0","0","0","3","36505","0","","1","01","N","N","0","","0","0","0","3","2","N","1500","1","2","0","0","0","1","0","2","0","2","N","","","","","","","","","","","","03","  ","","",""
"0812","1","0","0","0","0","0","0","0","0","7","0","","36","10","2019","2019104707","7","40.0303","-76.2925","0801","08","0","0","0","0","0","0","0","0","","0","0","0","07","1","0","00","0","40 01:49.000","","00","76 17:33.000","0","0","0","0","36301","0","0","0","N","0","0","0","1","36301","0","","2","01","N","N","0","","0","0","0","0","0","","0757","0","1","0","0","0","0","0","3","0","1","N","","","","","","","","","","","","03","  ","","",""
"0725","1","0","0","0","0","0","0","0","0","0","0","","36","10","2019","2019104837","4","40.2205","-76.078","0714","08","0","0","0","0","0","0","0","0","","0","0","0","06","2","0","00","0","40 13:13.620","","00","76 04:40.651","0","0","0","0","36210","0","0","0","N","0","0","0","2","36210","0","","1","01","N","N","1","","0","0","0","0","0","","0655","0","2","0","0","0","0","0","1","0","2","N","","","","","","","","","","","","03","  ","","",""
"1217","1","0","0","0","0","0","0","0","0","4","1","","36","10","2019","2019104868","6","40.06","-76.2775","1213","08","0","0","0","0","0","1","0","0","2","0","1","0","12","1","1","02","2","40 03:36.113","1","02","76 16:38.939","3","0","0","0","36101","0","0","0","N","0","0","0","2","36101","0","","1","01","N","N","0","","1","0","0","3","2","Y","1212","1","2","0","0","0","0","0","3","0","2","N","","","","","","","","","","","","03","  ","","",""
"1620","2","0","0","0","0","0","0","0","0","4","0","","36","10","2019","2019104869","3","40.0752","-76.4081","1620","08","0","0","0","0","0","0","0","1","1","0","0","0","16","1","0","01","1","40 04:30.799","6","00","76 24:29.104","0","0","0","0","36214","0","0","0","N","0","0","0","2","36214","0","","1","01","N","N","0","","0","0","0","3","3","N","1615","0","2","0","0","0","0","0","3","0","2","N","","","","","","","","","","","","03","  ","","",""
"1408","1","0","0","0","0","0","0","0","0","7","0","","36","10","2019","2019104870","4","40.1196","-76.3632","1355","08","0","0","0","0","0","0","0","0","","0","0","0","13","1","0","00","0","40 07:10.440","","00","76 21:47.550","0","0","0","0","36214","0","0","0","N","0","0","0","1","36214","0","","4","09","N","N","0","","0","0","0","0","0","","1352","0","1","0","0","0","0","0","3","0","1","N","","","","","","","","","","","","07","  ","","",""
"0730","1","0","0","0","0","0","0","0","0","7","0","","36","10","2019","2019104871","5","40.0419","-76.2466","0730","08","1","0","0","0","0","0","0","0","","0","0","0","07","5","0","07","0","40 02:30.956","","02","76 14:47.636","0","0","0","0","36215","0","0","0","N","0","0","0","1","36215","0","","5","09","N","N","0","","0","0","0","3","2","","0725","0","1","0","0","0","0","0","1","0","1","N","","","","","","","","","","","","07","  ","","",""
"1310","1","0","0","0","0","0","0","0","0","2","0","","36","10","2019","2019104872","6","40.0094","-76.3917","1307","08","0","0","0","1","0","0","0","0","3","0","0","0","13","1","2","02","1","40 00:33.688","5","00","76 23:30.133","3","0","0","0","36223","0","0","0","N","0","0","0","4","36223","0","","1","01","N","N","0","","2","0","0","3","3","Y","1304","2","2","0","0","0","0","0","1","1","2","N","","","","","","","","","","","","03","  ","","",""
"1734","1","0","1","0","0","0","0","0","0","7","0","","36","10","2019","2019104873","6","39.9883","-76.4245","1727","08","0","1","0","0","0","0","0","0","1","0","0","0","17","1","1","00","2","39 59:17.970","5","00","76 25:28.200","2","0","0","0","36223","0","0","0","N","0","0","0","1","36223","0","","4","01","N","N","0","","0","1","0","0","0","Y","1727","1","1","0","0","0","0","0","1","0","1","N","","","","","","","","","","","","03","  ","","",""