"ARRIVAL_TM","AUTOMOBILE_COUNT","BELTED_DEATH_COUNT","BELTED_SUSP_SERIOUS_INJ_COUNT","BICYCLE_COUNT","BICYCLE_DEATH_COUNT","BICYCLE_SUSP_SERIOUS_INJ_COUNT","BUS_COUNT","CHLDPAS_DEATH_COUNT","CHLDPAS_SUSP_SERIOUS_INJ_COUNT","COLLISION_TYPE","COMM_VEH_COUNT","CONS_ZONE_SPD_LIM","COUNTY","CRASH_MONTH","CRASH_YEAR","CRN","DAY_OF_WEEK","DEC_LAT","DEC_LONG","DISPATCH_TM","DISTRICT","DRIVER_COUNT_16YR","DRIVER_COUNT_17YR","DRIVER_COUNT_18YR","DRIVER_COUNT_19YR","DRIVER_COUNT_20YR","DRIVER_COUNT_50_64YR","DRIVER_COUNT_65_74YR","DRIVER_COUNT_75PLUS","EST_HRS_CLOSED","FATAL_COUNT","HEAVY_TRUCK_COUNT","HORSE_BUGGY_COUNT","HOUR_OF_DAY","ILLUMINATION","INJURY_COUNT","INTERSECT_TYPE","LANE_CLOSED","LATITUDE","LN_CLOSE_DIR","LOCATION_TYPE","LONGITUDE","MAX_SEVERITY_LEVEL","MCYCLE_DEATH_COUNT","MCYCLE_SUSP_SERIOUS_INJ_COUNT","MOTORCYCLE_COUNT","MUNICIPALITY","NONMOTR_COUNT","NONMOTR_DEATH_COUNT","NONMOTR_SUSP_SERIOUS_INJ_COUNT","NTFY_HIWY_MAINT","PED_COUNT","PED_DEATH_COUNT","PED_SUSP_SERIOUS_INJ_COUNT","PERSON_COUNT","POLICE_AGCY","POSSIBLE_INJ_COUNT","RDWY_SURF_TYPE_CD","RELATION_TO_ROAD","ROAD_CONDITION","SCH_BUS_IND","SCH_ZONE_IND","SMALL_TRUCK_COUNT","SPEC_JURIS_CD","SUSP_MINOR_INJ_COUNT","SUSP_SERIOUS_INJ_COUNT","SUV_COUNT","TCD_FUNC_CD","TCD_TYPE","TFC_DETOUR_IND","TIME_OF_DAY","TOT_INJ_COUNT","TOTAL_UNITS","UNB_DEATH_COUNT","UNB_SUSP_SERIOUS_INJ_COUNT","UNBELTED_OCC_COUNT","UNK_INJ_DEG_COUNT","UNK_INJ_PER_COUNT","URBAN_RURAL","VAN_COUNT","VEHICLE_COUNT","WORK_ZONE_IND","WORK_ZONE_LOC","WORK_ZONE_TYPE","WORKERS_PRES","WZ_CLOSE_DETOUR","WZ_FLAGGER","WZ_LAW_OFFCR_IND","WZ_LN_CLOSURE","WZ_MOVING","WZ_OTHER","WZ_SHLDER_MDN","ROADWAY_CLEARED","WEATHER1","WEATHER2","WZ_WORKERS_INJ_KILLED","SECONDARY_CRASH","INTERSECTION_RELATED"
"1800","0","0","0","0","0","0","0","0","0","4","0","","36","10","2019","2019104969","5","40.0303","-76.4769","1752","08","0","0","0","0","0","0","0","0","2","0","0","0","17","1","1","00","2","40 01:49.076","5","00","76 28:36.735","8","0","0","0","36239","0","0","0","N","0","0","0","3","36239","0","","1","01","N","N","0","","0","0","2","3","3","Y","1752","1","2","0","0","0","1","0","3","0","2","N","","","","","","","","","","","","03","  ","","",""
"0724","0","0","0","0","0","0","0","0","0","7","0","","36","09","2019","2019105057","6","40.1305","-76.5296","0718","08","0","0","0","0","0","0","0","0","","0","0","0","07","1","0","00","0","40 07:49.886","","00","76 31:46.414","0","0","0","0","36225","0","0","0","N","0","0","0","1","36505","0","","4","01","N","N","0","","0","0","1","0","0","N","0718","0","1","0","0","0","0","0","2","0","1","N","","","","","","","","","","","","03","  ","","",""
"1653","0","0","0","0","0","0","0","0","0","1","0","","36","10","2019","2019105074","2","40.1647","-76.6083","1649","08","0","0","0","0","0","0","0","0","1","0","0","","16","1","1","00","1","40 09:52.818","1","00","76 36:29.887","9","0","0","0","36225","0","0","0","N","0","0","0","6","36505","0","","1","01","N","N","0","","0","0","0","0","0","N","1645","0","4","0","0","0","0","0","2","0","0","N","","","","","","","","","","","","03","  ","","",""
"1240","0","0","0","0","0","0","0","0","0","4","0","","36","10","2019","2019105082","2","40.1145","-76.6467","1230","08","0","0","0","0","0","0","0","0","","0","0","","12","1","0","01","0","40 06:52.300","","00","76 38:48.076","9","0","0","0","36237","0","0","0","N","0","0","0","2","36505","0","","1","01","N","N","0","","0","0","0","3","3","N","1225","0","2","0","0","0","0","0","1","0","0","N","","","","","","","","","","","","03","  ","","",""
"0916","0","0","0","0","0","0","0","0","0","5","1","","36","10","2019","2019105201","2","40.1535","-76.5688","0910","08","0","0","0","0","0","1","0","1","1","0","1","0","09","1","0","00","1","40 09:12.572","4","00","76 34:07.727","0","0","0","0","36225","0","0","0","N","0","0","0","3","36505","0","","1","01","N","N","0","","0","0","1","0","0","N","0907","0","3","0","0","0","0","0","2","0","3","N","","","","","","","","","","","","03","  ","","",""
"1841","1","0","0","0","0","0","0","0","0","7","0","","36","10","2019","2019105210","5","40.1287","-76.5957","1840","08","1","0","0","0","0","0","0","0","","0","0","0","18","2","1","02","0","40 07:43.204","","00","76 35:44.523","3","0","0","0","36237","0","0","0","N","0","0","0","3","36505","0","","5","01","N","N","0","","1","0","0","0","0","","1838","1","1","0","0","0","0","0","1","0","1","N","","","","","","","","","","","","03","  ","","",""
"0955","1","0","0","0","0","0","0","0","0","9","0","","36","10","2019","2019105232","2","40.0458","-76.3382","0948","08","0","0","0","0","0","0","1","0","","0","0","0","09","1","0","00","0","40 02:44.810","","00","76 20:17.380","0","0","0","0","36220","0","0","0","N","0","0","0","1","36101","0","","1","01","N","N","0","","0","0","0","0","0","","0946","0","1","0","0","0","0","0","3","0","1","N","","","","","","","","","","","","03","  ","","",""
"0758","2","0","0","0","0","0","0","0","0","4","0","","36","10","2019","2019105233","3","40.1155","-76.2427","0753","08","0","0","0","0","0","1","0","0","2","0","0","0","07","1","0","02","1","40 06:55.751","2","00","76 14:33.696","0","0","0","0","36101","0","0","0","N","0","0","0","3","36101","0","","1","01","N","N","0","","0","0","0","3","3","N","0750","0","3","0","0","0","0","0","3","1","3","N","","","","","","","","","","","","03","  ","","",""
"1547","0","0","0","0","0","0","0","0","0","1","0","","36","10","2019","2019105234","3","40.0695","-76.31","1526","08","0","0","0","0","0","0","0","0","","0","0","","15","1","1","00","0","40 04:10.029","","00","76 18:35.901","3","0","0","0","36101","0","0","0","N","0","0","0","2","36101","0","","1","01","N","N","0","","1","0","0","0","0","","1520","1","2","0","0","0","0","0","3","0","0","N","","","","","","","","","","","","03","  ","","",""
"1732","0","0","0","0","0","0","0","0","0","1","0","","36","10","2019","2019105235","4","40.0768","-76.3088","1728","08","0","0","0","0","0","0","0","0","","0","0","0","16","4","1","00","0","40 04:36.644","","00","76 18:31.654","3","0","0","0","36101","0","0","0","N","0","0","0","2","36101","0","","1","09","N","N","0","","1","0","1","0","0","","1635","1","2","0","0","0","0","0","3","1","2","N","","","","","","","","","","","","07","  ","","",""
"1951","1","0","0","0","0","0","0","0","0","9","0","","36","10","2019","2019105236","5","40.063","-76.314","1946","08","0","0","0","0","0","0","0","0","1","0","0","0","19","3","1","00","1","40 03:46.671","2","00","76 18:50.398","3","0","0","0","36101","0","0","0","N","0","0","0","2","36101","0","","1","01","N","N","0","","1","0","0","0","0","N","1942","1","1","0","0","0","0","0","3","0","1","N","","","","","","","","","","","","03","  ","","",""
"1550","2","0","0","0","0","0","0","0","0","4","0","","36","10","2019","2019105237","2","40.0402","-76.2391","1545","08","0","0","0","0","1","0","1","0","","0","0","0","15","1","2","01","0","40 02:24.730","","00","76 14:20.844","3","0","0","0","36215","0","0","0","N","0","0","0","3","36215","0","","1","01","N","N","0","","2","0","0","3","2","","1543","2","2","0","0","1","0","0","1","0","2","N","","","","","","","","","","","","03","  ","","",""
"2130","0","0","0","0","0","0","0","0","0","4","0","","36","10","2019","2019105238","6","40.0796","-76.2521","2127","08","0","0","0","0","0","1","0","0","2","0","0","0","21","3","0","01","1","40 04:46.730","6","00","76 15:07.384","0","0","0","0","36215","0","0","0","N","0","0","0","3","36215","0","","1","01","N","N","0","","0","0","2","3","3","N","2125","0","2","0","0","0","0","0","1","0","2","N","","","","","","","","","","","","03","  ","","",""
"1709","0","0","0","0","0","0","0","0","0","7","0","","36","10","2019","2019105239","1","40.0404","-76.2463","1705","08","0","0","0","0","0","1","0","0","2","0","0","0","17","1","0","01","2","40 02:25.423","3","08","76 14:46.653","0","0","0","0","36215","0","0","0","N","0","0","0","1","36215","0","","5","01","N","N","0","","0","0","1","3","2","N","1701","0","1","0","0","0","0","0","1","0","1","N","","","","","","","","","","","","03","  ","","",""
"1453","0","0","0","0","0","0","0","0","0","1","0","","36","10","2019","2019105240","3","40.0275","-76.2218","1449","08","0","1","0","0","0","0","0","1","1","0","0","","14","1","1","00","1","40 01:38.921","3","07","76 13:18.394","3","0","0","0","36215","0","0","0","N","0","0","0","2","36215","0","","1","01","N","N","0","","1","0","0","3","2","N","1445","1","2","0","0","0","0","0","1","0","0","N","","","","","","","","","","","","03","  ","","",""
"0645","1","0","0","0","0","0","0","0","0","8","0","","36","10","2019","2019105241","5","40.0352","-76.4126","0640","08","0","1","0","0","0","0","0","0","1","0","0","0","06","2","1","00","2","40 02:06.550","5","00","76 24:45.380","4","0","0","0","36223","1","0","0","N","1","0","0","2","36223","1","","1","09","N","N","0","","0","0","0","0","0","Y","0639","1","2","0","0","0","0","0","1","0","1","N","","","","","","","","","","","","07","  ","","",""
"1139","1","0","0","0","0","0","0","0","0","7","0","","36","10","2019","2019105242","5","40.0401","-76.3752","1131","08","0","0","0","0","0","0","0","0","","0","0","0","11","1","0","02","0","40 02:24.216","","00","76 22:30.587","0","0","0","0","36223","0","0","0","N","0","0","0","1","36223","0","","4","09","N","N","0","","0","0","0","0","0","","1121","0","1","0","0","0","0","0","1","0","1","N","","","","","","","","","","","","07","  ","","",""
"1216","2","0","0","0","0","0","0","0","0","6","0","","36","09","2019","2019105243","7","40.1555","-76.3089","1216","08","0","0","0","0","0","1","1","0","","0","0","0","12","1","0","01","0","40 09:19.722","","00","76 18:32.122","0","0","0","0","36409","0","0","0","N","0","0","0","2","36409","0","","1","01","N","N","0","","0","0","0","9","3","","1216","0","2","0","0","0","0","0","3","0","2","N","","","","","","","","","","","","03","  ","","",""
"1605","1","0","0","0","0","0","0","0","0","4","0","","36","09","2019","2019105323","6","40.1072","-76.5326","1602","08","0","0","0","0","0","1","0","0","","0","0","0","15","1","1","01","0","40 06:25.967","","00","76 31:57.315","3","0","0","1","36413","0","0","0","N","0","0","0","2","36413","0","","1","01","N","N","0","","1","0","0","3","3","","1559","1","2","0","0","1","0","0","2","0","2","N","","","","","","","","","","","","03","  ","","",""
"0232","2","0","0","0","0","0","0","0","0","7","0","","36","10","2019","2019105324","5","40.1091","-76.4956","0333","08","0","0","0","0","0","0","0","0","1","0","0","0","02","3","0","00","2","40 06:32.837","6","00","76 29:44.023","0","0","0","0","36413","0","0","0","N","0","0","0","1","36413","0","","2","01","N","N","0","","0","0","2","0","0","Y","0228","0","4","0","0","1","0","0","2","0","4","N","","","","","","","","","","","","03","  ","","",""
"1840","3","0","0","0","0","0","0","0","0","4","0","","36","10","2019","2019105325","6","40.0375","-76.4466","1840","08","1","0","0","0","0","0","1","0","2","0","0","0","18","3","0","02","1","40 02:15.040","1","00","76 26:47.880","0","0","0","0","36239","0","0","0","N","0","0","0","3","36239","0","","1","01","N","N","0","","0","0","0","3","3","N","1840","0","3","0","0","0","0","0","3","0","3","N","","","","","","","","","","","","03","  ","","",""
"2157","1","0","0","0","0","0","0","0","0","5","0","","36","10","2019","2019105363","6","40.1818","-76.1924","2151","08","0","0","0","0","0","0","0","0","","0","0","0","21","3","0","00","0","40 10:54.351","","00","76 11:32.561","0","0","0","0","36408","0","0","0","N","0","0","0","4","36408","0","","1","01","N","N","0","","0","0","1","0","0","","2147","0","2","0","0","0","0","0","2","0","2","N","","","","","","","","","","","","03","  ","","",""
"2204","2","0","0","0","0","0","0","0","0","6","0","","36","10","2019","2019105366","6","40.186","-76.586","2157","08","0","0","0","0","0","0","1","0","2","0","0","0","21","2","1","00","2","40 11:09.684","5","00","76 35:09.779","8","0","0","0","36225","0","0","0","N","0","0","0","2","36505","0","","1","01","N","N","0","","0","0","0","0","0","Y","2157","1","2","0","0","0","1","0","2","0","2","N","","","","","","","","","","","","03","  ","","",""
"0801","1","0","0","0","0","0","0","0","0","5","0","","36","10","2019","2019105387","7","40.1693","-76.2055","0754","08","0","0","0","0","0","0","0","0","2","0","0","0","07","1","0","00","2","40 10:09.362","6","00","76 12:19.978","0","0","0","0","36218","0","0","0","N","0","0","0","1","36408","0","","1","01","N","N","0","","0","0","1","0","0","Y","0751","0","2","0","0","0","0","0","1","0","2","N","","","","","","","","","","","","03","  ","","",""
"1657","0","0","0","0","0","0","0","0","0","4","0","","36","10","2019","2019105414","6","40.038","-76.5068","1654","08","0","0","0","0","0","0","0","0","","0","0","","16","1","0","01","0","40 02:16.641","","00","76 30:24.425","9","0","0","0","36404","0","0","0","N","0","0","0","4","36404","0","","1","01","N","N","0","","0","0","0","3","3","N","1654","0","2","0","0","0","0","0","3","0","0","N","","","","","","","","","","","","03","  ","","",""
"1707","1","0","0","0","0","0","0","0","0","4","0","","36","10","2019","2019105420","6","40.0857","-76.4575","1707","08","0","0","0","0","0","0","0","0","2","0","0","0","17","1","0","03","1","40 05:08.605","2","00","76 27:26.903","0","0","0","0","36239","0","0","0","N","0","0","0","2","36239","0","","1","01","N","N","0","","0","0","0","0","0","N","1707","0","2","0","0","0","0","0","3","0","2","N","","","","","","","","","","","","03","  ","","",""
"0256","0","0","0","0","0","0","0","0","0","0","0","","36","10","2019","2019105465","1","40.0094","-76.2663","0252","08","0","0","1","0","0","0","0","0","3","0","0","0","02","2","1","00","2","40 00:33.683","6","00","76 15:58.713","2","0","1","1","36240","0","0","0","N","0","0","0","1","36240","0","","1","01","N","N","0","","0","1","0","0","0","Y","0245","1","1","0","0","0","0","0","1","0","1","N","","","","","","","","","","","","03","  ","","",""
"1450","2","0","0","0","0","0","0","0","0","4","0","","36","10","2019","2019105468","2","40.0411","-76.3063","1450","08","0","0","0","0","0","1","0","1","","0","0","0","14","1","0","01","0","40 02:27.991","","00","76 18:22.594","0","0","0","0","36301","0","0","0","N","0","0","0","2","36301","0","","1","01","N","N","0","","0","0","0","3","2","N","1450","0","2","0","0","0","0","0","3","0","2","N","","","","","","","","","","","","03","  ","","",""
"1258","0","0","0","0","0","0","0","0","0","0","0","","36","10","2019","2019105470","7","39.9868","-76.2798","1255","08","0","0","0","0","0","0","0","1","","0","0","0","12","1","0","00","0","39 59:12.518","","00","76 16:47.373","0","0","0","0","36240","0","0","0","N","0","0","0","1","36240","0","","1","01","N","N","1","","0","0","0","0","0","","1255","0","1","0","0","0","0","0","1","0","1","N","","","","","","","","","","","","03","  ","","",""
"0840","0","0","0","0","0","0","0","0","0","5","0","","36","10","2019","2019105480","2","40.0381","-76.2917","0835","08","0","0","0","0","0","0","0","0","2","0","0","","08","1","0","00","1","40 02:17.247","4","00","76 17:30.119","0","0","0","0","36301","0","0","0","N","0","0","0","1","36301","0","","1","01","N","N","0","","0","0","0","0","0","Y","0835","0","3","0","0","0","0","0","3","0","0","N","","","","","","","","","","","0900","03","03","","",""
"0927","2","0","0","0","0","0","0","0","0","1","0","","36","10","2019","2019105508","4","40.0788","-76.3465","0916","08","0","0","0","0","0","0","1","0","1","0","0","0","09","1","0","00","1","40 04:43.674","3","00","76 20:47.529","0","0","0","0","36101","0","0","0","N","0","0","0","2","36101","0","","1","01","N","N","0","","0","0","0","3","3","N","0911","0","2","0","0","0","0","0","3","0","2","N","","","","","","","","","","","","03","  ","","",""
"1352","0","0","0","0","0","0","0","0","0","7","0","","36","10","2019","2019105509","4","40.1127","-76.2693","1331","08","0","0","0","0","0","0","0","0","","0","0","0","13","1","1","00","0","40 06:45.600","","00","76 16:09.300","3","0","0","0","36101","0","0","0","N","0","0","0","1","36101","0","","2","01","N","N","0","","1","0","1","0","0","","1330","1","2","0","0","0","0","0","3","1","2","N","","","","","","","","","","","","03","  ","","",""
"1712","0","0","0","0","0","0","0","0","0","1","0","","36","10","2019","2019105510","3","40.1079","-76.3055","1701","08","0","0","1","0","0","1","0","0","","0","0","0","16","1","0","00","0","40 06:28.266","","00","76 18:19.774","0","0","0","0","36101","0","0","0","N","0","0","0","2","36101","0","","1","01","N","N","0","","0","0","2","0","0","","1657","0","2","0","0","0","0","0","3","0","2","N","","","","","","","","","","","","03","  ","","",""
"1733","0","0","0","0","0","0","0","0","0","1","0","","36","10","2019","2019105511","6","40.0633","-76.3406","1723","08","0","0","0","0","0","0","0","0","","0","0","0","17","1","0","00","0","40 03:47.867","","00","76 20:26.081","0","0","0","0","36101","0","0","0","N","0","0","0","2","36101","0","","1","01","N","N","0","","0","0","2","0","0","","1721","0","2","0","0","0","0","0","3","0","2","N","","","","","","","","","","","","03","  ","","",""
"1650","0","0","0","0","0","0","0","0","0","1","0","","36","10","2019","2019105516","6","40.1146","-76.5223","1649","08","0","0","0","0","0","0","0","0","","0","0","","16","1","0","01","0","40 06:52.409","","00","76 31:20.127","9","0","0","0","36413","0","0","0","N","0","0","0","2","36413","0","","1","01","N","N","0","","0","0","0","3","3","","1640","0","2","0","0","0","0","0","2","0","0","N","","","","","","","","","","","","03","  ","","",""
"0102","0","0","0","0","0","0","0","0","0","4","0","","36","10","2019","2019105573","7","40.0382","-76.3235","0058","08","0","0","0","0","0","0","0","0","1","0","0","","00","3","0","01","1","40 02:17.653","6","00","76 19:24.603","9","0","0","0","36301","0","0","0","N","0","0","0","2","36301","0","","1","01","N","N","0","","0","0","0","3","2","N","0058","0","2","0","0","0","0","0","3","0","0","N","","","","","","","","","","","","03","  ","","",""
"1827","0","0","0","0","0","0","0","0","0","4","0","","36","10","2019","2019105574","6","40.0514","-76.2776","1826","08","0","0","0","0","0","0","0","0","","0","0","","18","2","0","01","0","40 03:05.085","","00","76 16:40.004","9","0","0","0","36301","0","0","0","N","0","0","0","2","36301","0","","1","01","N","N","0","","0","0","0","3","2","N","1826","0","2","0","0","0","0","0","3","0","0","N","","","","","","","","","","","","03","  ","","",""
"0610","1","0","0","0","0","0","0","0","0","9","0","","36","10","2019","2019105636","1","40.045","-76.5136","0601","08","0","0","0","0","0","0","0","0","","0","0","0","06","2","0","00","0","40 02:42.020","","00","76 30:48.910","0","0","0","0","36239","0","0","0","N","0","0","0","1","36239","0","","1","01","N","N","0","","0","0","0","0","0","","0601","0","1","0","0","0","0","0","3","0","1","N","","","","","","","","","","","","03","  ","","",""
"0832","0","0","0","0","0","0","0","0","0","7","0","","36","10","2019","2019105655","1","40.0339","-76.2964","0832","08","0","0","0","0","0","0","0","0","","0","0","","07","6","0","01","0","40 02:02.004","","00","76 17:47.158","0","0","0","0","36301","0","0","0","N","0","0","0","1","36301","0","","5","98","N","N","0","","0","0","0","3","3","N","0702","0","1","0","0","0","0","0","3","0","0","N","","","","","","","","","","","","99","  ","","",""
"1600","0","0","0","0","0","0","0","0","0","4","0","","36","10","2019","2019105783","1","40.0577","-76.4629","1550","08","0","0","0","0","1","0","0","0","","0","0","0","15","1","0","00","0","40 03:27.894","","00","76 27:46.440","0","0","0","0","36239","0","0","0","N","0","0","0","2","36239","0","","1","09","N","N","0","","0","0","2","3","8","","1550","0","2","0","0","0","0","0","3","0","2","N","","","","","","","","","","","","03","  ","","",""
"0841","0","0","0","0","0","0","0","0","0","8","0","","36","10","2019","2019105798","6","40.0446","-76.3615","0835","08","0","0","0","0","0","0","0","0","1","0","0","0","08","1","1","02","2","40 02:40.577","6","00","76 21:41.272","3","0","0","0","36214","1","0","0","N","1","0","0","2","36214","0","","1","01","N","N","0","","1","0","1","9","3","Y","0835","1","2","0","0","0","0","0","3","0","1","N","","","","","","","","","","","","03","  ","","",""
"1958","0","0","0","0","0","0","0","0","0","7","0","","36","10","2019","2019105799","6","40.0982","-76.4088","1952","08","0","0","0","0","1","0","0","0","2","0","0","","19","2","1","00","2","40 05:53.462","4","00","76 24:31.523","4","0","0","0","36214","0","0","0","N","0","0","0","1","36214","1","","4","01","N","N","0","","0","0","0","0","0","N","1950","1","1","0","0","0","0","0","3","0","0","N","","","","","","","","","","","","03","  ","","",""
"2330","0","0","0","0","0","0","0","0","0","1","0","","36","10","2019","2019105800","6","40.0842","-76.3699","2324","08","0","0","0","0","0","1","0","0","","0","0","","23","2","0","00","0","40 05:03.085","","00","76 22:11.506","0","0","0","0","36214","0","0","0","N","0","0","0","3","36214","0","","1","01","N","N","0","","0","0","0","0","0","","2317","0","2","0","0","1","0","0","3","0","0","N","","","","","","","","","","","","03","  ","","",""
"1905","1","0","0","0","0","0","0","0","0","7","0","","36","10","2019","2019105826","7","40.0848","-76.5174","1903","08","0","0","1","0","0","0","0","0","6","0","0","0","19","2","1","00","2","40 05:05.117","5","00","76 31:02.716","4","0","0","0","36211","0","0","0","N","0","0","0","1","36504","1","","2","01","N","N","0","","0","0","0","0","0","Y","1901","1","1","0","0","0","0","0","1","0","1","N","","","","","","","","","","","","03","  ","","",""
"0316","0","0","0","0","0","0","0","0","0","7","1","","36","10","2019","2019105841","2","40.2343","-76.3286","0255","08","0","0","0","0","0","1","0","0","3","0","1","0","02","2","0","00","1","40 14:03.559","5","00","76 19:43.097","0","0","0","0","36217","0","0","0","N","0","0","0","1","68J01","0","","4","09","N","N","0","","0","0","0","0","0","N","0248","0","1","0","0","0","0","0","1","0","1","N","","","","","","","","","","","","07","  ","","",""
"1841","1","0","0","0","0","0","0","0","0","7","0","","36","10","2019","2019105843","2","39.9896","-76.2185","1832","08","0","1","0","0","0","0","0","0","","0","0","0","18","2","0","00","0","39 59:22.672","","03","76 13:06.520","0","0","0","0","36233","0","0","0","N","0","0","0","1","68J01","0","","5","09","N","N","0","","0","0","0","0","0","","1825","0","1","0","0","0","0","0","1","0","1","N","","","","","","","","","","","","07","  ","","",""
"1638","0","0","0","0","0","0","0","0","0","7","0","","36","10","2019","2019105850","7","39.9678","-76.1762","1635","08","0","0","1","0","0","0","0","0","1","0","0","0","16","1","0","00","1","39 58:03.943","3","00","76 10:34.442","0","0","0","0","36233","0","0","0","N","0","0","0","2","68J01","0","","2","01","N","N","0","","0","0","1","0","0","N","1619","0","1","0","0","0","0","0","1","0","1","N","","","","","","","","","","","","03","  ","","",""
"1419","0","0","0","0","0","0","0","0","0","2","0","","36","10","2019","2019105872","6","40.1354","-75.9027","1409","08","0","0","0","0","0","0","1","0","2","0","0","0","13","1","2","02","1","40 08:07.380","2","00","75 54:09.622","8","0","0","0","36203","0","0","0","N","0","0","0","2","68J01","0","","1","01","N","N","0","","0","0","2","3","3","N","1356","2","2","0","0","0","2","0","1","0","2","N","","","","","","","","","","","","03","  ","","",""
"2215","0","0","0","0","0","0","0","0","0","4","0","","36","10","2019","2019105924","1","40.0373","-76.3114","2212","08","0","0","0","0","0","0","0","1","1","0","0","","22","3","0","02","1","40 02:14.447","4","00","76 18:41.074","0","0","0","0","36301","0","0","0","N","0","0","0","3","36301","0","","1","01","N","N","0","","0","0","0","0","0","N","2212","0","3","0","0","0","0","0","3","0","0","N","","","","","","","","","","","","03","  ","","",""
"1502","0","0","0","0","0","0","0","0","0","5","0","","36","09","2019","2019105937","2","40.1417","-76.3","1453","08","0","0","0","0","0","0","0","0","1","0","0","0","14","1","0","00","1","40 08:30.121","1","00","76 18:00.127","0","0","0","0","36409","0","0","0","N","0","0","0","3","36409","0","","4","01","N","N","0","","0","0","2","0","0","N","1453","0","2","0","0","0","0","0","3","0","2","N","","","","","","","","","","","","03","  ","","",""
"0321","1","0","0","0","0","0","0","0","0","7","0","","36","10","2019","2019105958","1","40.0637","-76.5412","0319","08","0","0","0","0","0","0","0","0","","0","0","0","03","3","0","02","0","40 03:49.276","","00","76 32:28.478","0","0","0","0","36211","0","0","0","N","0","0","0","1","36504","0","","5","01","N","N","0","","0","0","0","0","0","N","0317","0","1","0","0","0","0","0","1","0","1","N","","","","","","","","","","","","03","  ","","",""
"1230","0","0","0","0","0","0","0","0","0","2","0","","36","10","2019","2019105972","4","40.1426","-76.5951","1228","08","0","0","0","0","0","0","0","0","","0","0","","12","1","0","02","0","40 08:33.481","","00","76 35:42.326","9","0","0","0","36407","0","0","0","N","0","0","0","3","36407","0","","1","09","N","N","0","","0","0","0","3","3","","1228","0","2","0","0","0","0","0","2","0","0","N","","","","","","","","","","","","07","  ","","",""
"1643","0","0","0","0","0","0","0","0","0","8","0","","36","10","2019","2019106042","5","40.032","-76.3121","1640","08","0","0","0","0","0","1","0","0","","0","0","0","16","1","1","00","0","40 01:55.127","","00","76 18:43.471","8","0","0","0","36301","1","0","0","N","1","0","0","2","36301","0","","1","01","N","N","0","","0","0","1","0","0","","1640","1","2","0","0","0","1","0","3","0","1","N","","","","","","","","","","","","03","  ","","",""
"1304","2","0","0","0","0","0","0","0","0","4","0","","36","10","2019","2019106102","2","40.0353","-76.4066","1257","08","0","0","1","0","0","0","0","0","1","0","0","0","12","1","1","00","1","40 02:07.205","5","00","76 24:23.715","3","0","0","0","36239","0","0","0","N","0","0","0","2","36239","0","","1","01","N","N","0","","1","0","0","0","0","N","1252","1","2","0","0","0","0","0","3","0","2","N","","","","","","","","","","","","03","  ","","",""
"1502","1","0","0","0","0","0","0","0","0","1","0","","36","10","2019","2019106157","1","40.0715","-76.335","1454","08","1","0","0","0","0","0","0","0","1","0","0","0","14","1","0","00","1","40 04:17.451","3","00","76 20:06.176","0","0","0","0","36101","0","0","0","N","0","0","0","2","36101","0","","1","09","N","N","0","","0","0","1","3","2","N","1452","0","2","0","0","0","0","0","3","0","2","N","","","","","","","","","","","","07","  ","","",""
"0035","0","0","0","0","0","0","0","0","0","7","0","","36","10","2019","2019106158","7","40.0115","-76.3188","0030","08","0","0","0","0","1","0","0","0","2","0","0","0","00","3","0","00","1","40 00:41.230","4","00","76 19:07.600","0","0","0","0","36220","0","0","0","N","0","0","0","1","36101","0","","5","01","N","N","0","","0","0","1","0","0","N","0029","0","1","0","0","0","0","0","3","0","1","N","","","","","","","","","","","","03","  ","","",""
"1050","2","0","0","0","0","0","0","0","0","1","0","","36","10","2019","2019106159","7","40.019","-76.3424","1045","08","0","0","0","0","0","0","1","1","2","0","0","0","10","1","1","02","2","40 01:08.574","6","00","76 20:32.789","3","0","0","0","36220","0","0","0","N","0","0","0","2","36101","0","","1","01","N","N","0","","1","0","0","0","0","Y","1039","1","2","0","0","0","0","0","3","0","2","N","","","","","","","","","","","","03","  ","","",""
"1535","2","0","0","0","0","0","0","0","0","1","0","","36","10","2019","2019106160","7","40.0969","-76.3051","1526","08","0","0","0","0","0","0","0","1","","0","0","0","15","1","0","02","0","40 05:48.978","","00","76 18:18.225","0","0","0","0","36101","0","0","0","N","0","0","0","2","36101","0","","1","01","N","N","0","","0","0","0","0","0","","1522","0","2","0","0","0","0","0","3","0","2","N","","","","","","","","","","","","03","  ","","",""
"1707","0","0","0","0","0","0","0","0","0","1","0","","36","10","2019","2019106161","7","40.0761","-76.3087","1656","08","0","0","0","0","0","0","0","0","","0","0","","16","1","0","00","0","40 04:33.806","","00","76 18:31.350","0","0","0","0","36101","0","0","0","N","0","0","0","2","36101","0","","1","01","N","N","0","","0","0","0","0","0","","1654","0","2","0","0","0","0","0","3","0","0","N","","","","","","","","","","","","03","  ","","",""