"ARRIVAL_TM","AUTOMOBILE_COUNT","BELTED_DEATH_COUNT","BELTED_SUSP_SERIOUS_INJ_COUNT","BICYCLE_COUNT","BICYCLE_DEATH_COUNT","BICYCLE_SUSP_SERIOUS_INJ_COUNT","BUS_COUNT","CHLDPAS_DEATH_COUNT","CHLDPAS_SUSP_SERIOUS_INJ_COUNT","COLLISION_TYPE","COMM_VEH_COUNT","CONS_ZONE_SPD_LIM","COUNTY","CRASH_MONTH","CRASH_YEAR","CRN","DAY_OF_WEEK","DEC_LAT","DEC_LONG","DISPATCH_TM","DISTRICT","DRIVER_COUNT_16YR","DRIVER_COUNT_17YR","DRIVER_COUNT_18YR","DRIVER_COUNT_19YR","DRIVER_COUNT_20YR","DRIVER_COUNT_50_64YR","DRIVER_COUNT_65_74YR","DRIVER_COUNT_75PLUS","EST_HRS_CLOSED","FATAL_COUNT","HEAVY_TRUCK_COUNT","HORSE_BUGGY_COUNT","HOUR_OF_DAY","ILLUMINATION","INJURY_COUNT","INTERSECT_TYPE","LANE_CLOSED","LATITUDE","LN_CLOSE_DIR","LOCATION_TYPE","LONGITUDE","MAX_SEVERITY_LEVEL","MCYCLE_DEATH_COUNT","MCYCLE_SUSP_SERIOUS_INJ_COUNT","MOTORCYCLE_COUNT","MUNICIPALITY","NONMOTR_COUNT","NONMOTR_DEATH_COUNT","NONMOTR_SUSP_SERIOUS_INJ_COUNT","NTFY_HIWY_MAINT","PED_COUNT","PED_DEATH_COUNT","PED_SUSP_SERIOUS_INJ_COUNT","PERSON_COUNT","POLICE_AGCY","POSSIBLE_INJ_COUNT","RDWY_SURF_TYPE_CD","RELATION_TO_ROAD","ROAD_CONDITION","SCH_BUS_IND","SCH_ZONE_IND","SMALL_TRUCK_COUNT","SPEC_JURIS_CD","SUSP_MINOR_INJ_COUNT","SUSP_SERIOUS_INJ_COUNT","SUV_COUNT","TCD_FUNC_CD","TCD_TYPE","TFC_DETOUR_IND","TIME_OF_DAY","TOT_INJ_COUNT","TOTAL_UNITS","UNB_DEATH_COUNT","UNB_SUSP_SERIOUS_INJ_COUNT","UNBELTED_OCC_COUNT","UNK_INJ_DEG_COUNT","UNK_INJ_PER_COUNT","URBAN_RURAL","VAN_COUNT","VEHICLE_COUNT","WORK_ZONE_IND","WORK_ZONE_LOC","WORK_ZONE_TYPE","WORKERS_PRES","WZ_CLOSE_DETOUR","WZ_FLAGGER","WZ_LAW_OFFCR_IND","WZ_LN_CLOSURE","WZ_MOVING","WZ_OTHER","WZ_SHLDER_MDN","ROADWAY_CLEARED","WEATHER1","WEATHER2","WZ_WORKERS_INJ_KILLED","SECONDARY_CRASH","INTERSECTION_RELATED"
"1925","0","0","0","0","0","0","0","0","0","8","0","","36","10","2019","2019106162","7","40.1044","-76.3098","1920","08","0","0","0","1","0","0","0","0","2","0","0","0","19","2","1","02","1","40 06:15.723","1","00","76 18:35.422","3","0","0","0","36101","1","0","0","N","1","0","0","4","36101","0","","1","01","N","N","0","","1","0","1","0","0","N","1919","1","2","0","0","0","0","0","3","0","1","N","","","","","","","","","","","","03","  ","","",""
"0753","1","0","0","0","0","0","0","0","0","9","0","","36","10","2019","2019106163","7","40.079","-76.2808","0746","08","0","0","0","0","0","0","0","0","","0","0","0","23","2","0","00","0","40 04:44.245","","00","76 16:51.059","9","0","0","0","36101","0","0","0","N","0","0","0","2","36101","0","","1","01","N","N","0","","0","0","0","0","0","","2300","0","1","0","0","0","0","2","3","0","1","N","","","","","","","","","","","","03","  ","","",""
"1534","1","0","0","0","0","0","0","0","0","7","0","","36","10","2019","2019106164","1","40.0768","-76.3372","1530","08","1","0","0","0","0","0","0","0","2","0","0","0","15","1","1","00","1","40 04:36.566","4","02","76 20:14.071","3","0","0","0","36101","0","0","0","N","0","0","0","1","36101","0","","2","09","N","N","0","","1","0","0","0","0","N","1528","1","1","0","0","0","0","0","3","0","1","N","","","","","","","","","","","","03","  ","","",""
"0432","1","0","0","0","0","0","0","0","0","7","0","","36","10","2019","2019106165","7","40.0525","-76.3791","0425","08","0","0","0","0","0","0","0","0","1","0","0","0","04","2","0","00","2","40 03:09.005","4","00","76 22:44.865","0","0","0","0","36214","0","0","0","Y","0","0","0","1","36214","0","","5","01","N","N","0","","0","0","0","0","0","N","0420","0","1","0","0","0","0","0","3","0","1","N","","","","","","","","","","","","03","  ","","",""
"1936","1","0","1","0","0","0","0","0","0","7","0","","36","07","2019","2019106166","5","39.993","-76.3784","1929","08","0","0","0","0","0","1","0","0","2","0","0","0","19","4","1","00","2","39 59:34.635","6","00","76 22:42.411","2","0","0","0","36223","0","0","0","N","0","0","0","1","36223","0","","4","01","N","N","0","","0","1","0","0","0","Y","1928","1","1","0","0","0","0","0","1","0","1","N","","","","","","","","","","","","03","  ","","",""
"1740","1","0","0","0","0","0","0","0","0","7","0","","36","10","2019","2019106167","5","40.0391","-76.3605","1736","08","0","0","0","0","0","0","1","0","","0","0","0","17","1","0","00","0","40 02:20.746","","00","76 21:37.620","0","0","0","0","36223","0","0","0","N","0","0","0","2","36223","0","","5","01","N","N","0","","0","0","0","0","0","","1736","0","1","0","0","0","0","0","1","0","1","N","","","","","","","","","","","","03","  ","","",""
"2155","1","0","0","0","0","0","0","0","0","4","0","","36","09","2019","2019106168","2","40.1638","-76.3951","2149","08","0","0","0","1","0","0","0","0","","0","0","0","21","3","0","01","0","40 09:49.597","","00","76 23:42.519","0","0","0","0","36410","0","0","0","N","0","0","0","2","36410","0","","1","01","N","N","0","","0","0","1","3","2","","2145","0","2","0","0","1","0","0","2","0","2","N","","","","","","","","","","","","03","  ","","",""
"2129","0","0","0","0","0","0","0","0","0","4","0","","36","09","2019","2019106169","7","40.1117","-76.4517","2121","08","0","0","0","0","0","1","0","0","","0","0","0","21","3","0","01","0","40 06:42.218","","00","76 27:05.960","0","0","0","0","36230","0","0","0","N","0","0","0","3","36410","0","","1","01","N","N","0","","0","0","2","3","2","","2119","0","2","0","0","0","0","0","1","0","2","N","","","","","","","","","","","","03","  ","","",""
"1627","0","0","0","0","0","0","0","0","0","0","0","","36","10","2019","2019106170","3","40.1527","-76.4282","1619","08","0","0","0","0","0","1","0","0","","0","0","0","16","1","0","00","0","40 09:09.620","","00","76 25:41.420","0","0","0","0","36230","0","0","0","N","0","0","0","2","36410","0","","1","01","N","N","1","","0","0","1","0","0","","1618","0","2","0","0","0","0","0","1","0","2","N","","","","","","","","","","","","03","  ","","",""
"0315","1","0","0","0","0","0","0","0","0","7","0","","36","10","2019","2019106171","6","40.1485","-76.4416","0309","08","0","0","0","0","0","0","1","0","","0","0","0","03","2","0","02","0","40 08:54.477","","00","76 26:29.720","0","0","0","0","36230","0","0","0","N","0","0","0","1","36410","0","","5","01","N","N","0","","0","0","0","0","0","","0307","0","1","0","0","0","0","0","1","0","1","N","","","","","","","","","","","","03","  ","","",""
"1721","0","0","0","0","0","0","0","0","0","4","0","","36","10","2019","2019106172","7","40.1623","-76.3922","1721","08","0","0","0","0","1","1","0","0","1","0","0","0","17","1","0","01","1","40 09:44.431","3","00","76 23:31.948","0","0","0","0","36410","0","0","0","N","0","0","0","3","36410","0","","1","01","N","N","1","","0","0","0","0","0","N","1717","0","2","0","0","0","0","0","2","1","2","N","","","","","","","","","","","","03","  ","","",""
"0610","0","0","0","0","0","0","0","0","0","0","0","","36","10","2019","2019106173","2","40.1213","-76.463","0604","08","0","0","0","0","0","0","0","0","","0","0","","05","3","0","00","0","40 07:16.751","","00","76 27:46.949","9","0","0","0","36230","0","0","0","N","0","0","0","1","36410","0","","1","01","N","N","0","","0","0","0","0","0","","0559","0","1","0","0","0","0","0","1","0","0","N","","","","","","","","","","","","03","  ","","",""
"1655","2","0","0","0","0","0","0","0","0","4","0","","36","10","2019","2019106174","3","40.158","-76.3889","1648","08","0","0","0","0","0","0","1","0","","0","0","0","16","1","0","00","0","40 09:28.912","","00","76 23:20.093","0","0","0","0","36410","0","0","0","N","0","0","0","4","36410","0","","1","01","N","N","0","","0","0","0","0","0","","1647","0","2","0","0","0","0","0","2","0","2","N","","","","","","","","","","","","03","  ","","",""
"1435","1","0","0","0","0","0","0","0","0","0","0","","36","10","2019","2019106177","4","40.0936","-76.4969","1420","08","0","0","1","0","0","0","0","0","3","0","0","0","14","1","0","00","2","40 05:36.984","7","00","76 29:48.945","0","0","0","0","36230","0","0","0","N","0","0","0","1","36410","0","","5","09","N","N","0","","0","0","0","0","0","Y","1415","0","1","0","0","0","0","0","1","0","1","N","","","","","","","","","","","","07","  ","","",""
"0747","0","1","0","0","0","0","0","0","0","4","1","","36","09","2019","2019106228","6","40.2229","-76.2688","0746","08","0","0","0","0","0","0","0","0","3","1","1","0","07","1","0","00","2","40 13:22.395","6","00","76 16:07.528","1","0","0","0","36217","0","0","0","N","0","0","0","2","68J01","0","2","1","01","N","N","0","0","0","0","1","0","0","Y","0745","0","2","0","0","0","0","0","1","0","2","N","","","","","","","","","","","","03","  ","","",""
"1923","0","0","0","0","0","0","0","0","0","4","0","","36","10","2019","2019106335","4","40.0384","-76.3013","1921","08","0","0","0","0","0","0","0","0","2","0","0","","19","3","1","01","1","40 02:18.358","3","00","76 18:04.767","9","0","0","0","36301","0","0","0","N","0","0","0","5","36301","0","","1","01","N","N","0","","0","0","0","3","2","N","1920","0","2","0","0","0","0","0","3","0","0","N","","","","","","","","","","","","03","  ","","",""
"1426","2","0","0","0","0","0","0","0","0","4","0","","36","10","2019","2019106339","5","39.9743","-76.2746","1420","08","0","0","0","1","0","1","0","0","","0","0","0","14","1","1","01","0","39 58:27.602","","00","76 16:28.609","8","0","0","0","36240","0","0","0","N","0","0","0","4","36240","0","","1","01","N","N","0","","0","0","1","1","3","","1418","1","3","0","0","0","1","0","1","0","3","N","","","","","","","","","","","","03","  ","","",""
"1453","3","0","0","0","0","0","0","0","0","1","0","","36","10","2019","2019106364","5","40.2105","-76.1221","1449","08","0","0","0","0","0","1","0","1","1","0","0","0","14","1","0","00","1","40 12:37.966","3","00","76 07:19.469","0","0","0","0","36210","0","0","0","N","0","0","0","3","36210","0","","1","09","N","N","0","","0","0","0","0","0","N","1449","0","3","0","0","0","0","0","1","0","3","N","","","","","","","","","","","","03","  ","","",""
"1253","0","0","0","0","0","0","0","0","0","4","0","","36","08","2019","2019106408","2","40.0503","-76.308","1232","08","0","0","0","0","0","0","0","1","1","0","0","0","12","1","1","00","2","40 03:00.940","1","07","76 18:28.832","3","0","0","0","36301","0","0","0","N","0","0","0","2","36301","0","","1","01","N","N","0","","1","0","2","0","0","Y","1231","1","2","0","0","0","0","0","3","0","2","N","","","","","","","","","","","","03","  ","","",""
"0340","1","0","0","0","0","0","0","0","0","7","0","","36","10","2019","2019106444","1","40.1691","-76.1733","0338","08","0","0","0","0","0","0","0","0","","0","0","0","03","3","0","00","0","40 10:08.869","","00","76 10:23.757","9","0","0","0","36408","0","0","0","N","0","0","0","2","36408","0","","5","01","N","N","0","","0","0","0","0","0","N","0335","0","1","0","0","0","0","0","2","0","1","N","","","","","","","","","","","","03","  ","","",""
"1730","0","0","0","0","0","0","0","0","0","5","0","","36","10","2019","2019106476","2","40.0522","-76.3084","1712","08","0","0","0","0","0","2","0","0","1","0","0","","17","1","0","01","1","40 03:07.752","3","00","76 18:30.128","0","0","0","0","36301","0","0","0","N","0","0","0","2","36301","0","","1","01","N","N","0","","0","0","0","3","2","N","1710","0","2","0","0","0","0","0","3","0","0","N","","","","","","","","","","","","03","  ","","",""
"1253","3","0","0","0","0","0","0","0","0","4","0","","36","10","2019","2019106591","5","40.052","-76.3102","1241","08","0","0","0","0","0","1","0","0","","0","0","0","12","1","0","00","0","40 03:07.058","","00","76 18:36.898","0","0","0","0","36301","0","0","0","N","0","0","0","2","36301","0","","1","01","N","N","0","","0","0","0","0","0","","1240","0","3","0","0","0","0","0","3","0","3","N","","","","","","","","","","","","03","  ","","",""
"1428","3","0","0","0","0","0","0","0","0","5","0","","36","10","2019","2019106607","3","40.0384","-76.3013","1422","08","0","0","0","0","1","0","0","0","","0","0","0","14","1","0","01","0","40 02:18.358","","00","76 18:04.767","0","0","0","0","36301","0","0","0","N","0","0","0","1","36301","0","","1","09","N","N","0","","0","0","0","0","0","","1422","0","3","0","0","0","0","0","3","0","3","N","","","","","","","","","","","","07","  ","","",""
"1334","1","0","0","0","0","0","0","0","0","1","0","","36","10","2019","2019106662","7","40.0575","-76.3983","1333","08","0","0","0","1","0","0","0","0","","0","0","0","13","1","0","01","0","40 03:26.963","","00","76 23:53.840","0","0","0","0","36214","0","0","0","N","0","0","0","2","36214","0","","1","01","N","N","0","","0","0","1","3","2","","1330","0","2","0","0","0","0","0","3","0","2","N","","","","","","","","","","","","03","  ","","",""
"1155","2","0","0","0","0","0","0","0","0","4","0","","36","10","2019","2019106663","1","40.0819","-76.351","1149","08","0","0","0","0","0","0","0","0","","0","0","0","11","1","0","01","0","40 04:54.975","","02","76 21:03.454","0","0","0","0","36214","0","0","0","N","0","0","0","3","36214","0","","1","01","N","N","0","","0","0","0","3","2","","1146","0","2","0","0","0","0","0","3","0","2","N","","","","","","","","","","","","03","  ","","",""
"1553","1","0","0","0","0","0","0","0","0","4","1","","36","10","2019","2019106664","4","40.0866","-76.3758","1547","08","0","0","0","0","1","0","0","0","","0","0","0","15","1","1","00","0","40 05:11.742","","00","76 22:33.039","4","0","0","0","36214","0","0","0","N","0","0","0","3","36214","1","","1","09","N","N","0","","0","0","0","0","0","","1543","1","2","0","0","0","0","0","3","0","2","N","","","","","","","","","","","","07","  ","","",""
"1935","0","0","0","0","0","0","0","0","0","7","0","","36","10","2019","2019106665","4","40.0807","-76.2443","1932","08","0","0","0","0","0","0","0","0","1","0","0","0","19","2","0","00","1","40 04:50.652","3","00","76 14:39.547","0","0","0","0","36215","0","0","0","N","0","0","0","1","36215","0","","5","09","N","N","0","","0","0","1","0","0","N","1929","0","1","0","0","0","0","0","1","0","1","N","","","","","","","","","","","","07","  ","","",""
"0944","1","0","0","0","0","0","0","0","0","7","0","","36","10","2019","2019106666","7","40.0562","-76.2703","0940","08","0","0","0","0","0","0","0","0","","0","0","0","09","1","0","06","0","40 03:22.478","","02","76 16:13.018","0","0","0","0","36215","0","0","0","Y","0","0","0","1","36215","0","","4","01","N","N","0","","0","0","0","0","0","","0930","0","1","0","0","0","0","0","1","0","1","N","","","","","","","","","","","","03","  ","","",""
"2211","0","0","0","0","0","0","0","0","0","4","0","","36","10","2019","2019106667","7","40.0315","-76.2382","2204","08","0","0","1","0","0","0","0","0","2","0","0","0","21","3","0","10","1","40 01:50.123","3","00","76 14:03.641","0","0","0","0","36215","0","0","0","N","0","0","0","2","36215","0","","1","01","N","N","1","","0","0","1","3","3","N","2159","0","2","0","0","0","0","0","1","0","2","N","","","","","","","","","","","","03","  ","","",""
"2224","0","0","0","0","0","0","0","0","0","4","0","","36","10","2019","2019106668","7","40.0841","-76.207","2223","08","0","0","0","0","0","0","0","0","1","0","0","","22","3","0","02","1","40 05:02.607","2","00","76 12:25.312","0","0","0","0","36234","0","0","0","N","0","0","0","3","36215","0","","1","01","N","N","0","","0","0","0","3","3","N","2223","0","2","0","0","0","0","0","1","0","0","N","","","","","","","","","","","","03","  ","","",""
"0707","1","0","0","0","0","0","0","0","0","1","0","","36","10","2019","2019106669","2","40.0403","-76.2432","0655","08","0","1","0","0","0","0","0","0","","0","0","0","06","1","0","00","0","40 02:25.054","","00","76 14:35.459","0","0","0","0","36215","0","0","0","N","0","0","0","5","36215","0","","1","01","N","N","0","","0","0","2","0","0","","0652","0","3","0","0","0","0","0","1","0","3","N","","","","","","","","","","","","03","  ","","",""
"0702","1","0","0","0","0","0","0","0","0","5","1","","36","10","2019","2019106670","2","40.0305","-76.2331","0658","08","0","0","0","0","0","1","0","0","1","0","1","0","06","5","0","00","1","40 01:49.881","4","00","76 13:59.011","0","0","0","0","36215","0","0","0","N","0","0","0","2","36215","0","","1","01","N","N","0","","0","0","0","0","0","N","0656","0","2","0","0","0","0","0","1","0","2","N","","","","","","","","","","","","03","  ","","",""
"1353","0","0","0","0","0","0","0","0","0","0","0","","36","10","2019","2019106671","5","40.1461","-76.2789","1341","08","0","0","0","0","0","1","0","1","","0","0","0","13","1","0","00","0","40 08:45.851","","00","76 16:44.194","0","0","0","0","36235","0","0","0","N","0","0","0","3","36506","0","","1","09","N","N","1","","0","0","1","0","0","","1341","0","2","0","0","0","0","0","1","0","2","N","","","","","","","","","","","","07","  ","","",""
"2219","2","0","0","0","0","0","0","0","0","4","0","","36","10","2019","2019106672","7","40.1514","-76.251","2210","08","0","0","0","0","0","0","0","0","2","0","0","0","22","3","0","02","2","40 09:05.150","5","00","76 15:03.746","0","0","0","0","36235","0","0","0","N","0","0","0","4","36506","0","","1","01","N","N","0","","0","0","0","3","2","N","2207","0","2","0","0","0","0","0","1","0","2","N","","","","","","","","","","","","03","  ","","",""
"1747","2","0","0","0","0","0","0","0","0","4","0","","36","10","2019","2019106673","1","40.1628","-76.2762","1747","08","0","0","0","0","1","1","0","0","","0","0","0","17","1","1","01","0","40 09:46.050","","00","76 16:34.263","3","0","0","0","36235","0","0","0","N","0","0","0","3","36506","0","","1","09","N","N","0","","1","0","0","3","2","","1747","1","2","0","0","0","0","0","1","0","2","N","","","","","","","","","","","","07","  ","","",""
"0702","2","0","0","0","0","0","0","0","0","4","0","","36","10","2019","2019106674","3","40.1758","-76.3088","0658","08","0","1","0","0","0","0","0","0","","0","0","0","06","1","0","01","0","40 10:32.768","","00","76 18:31.673","0","0","0","0","36235","0","0","0","N","0","0","0","2","36506","0","","1","09","N","N","0","","0","0","0","3","2","","0658","0","2","0","0","0","0","0","1","0","2","N","","","","","","","","","","","","07","  ","","",""
"0625","2","0","0","0","0","0","0","0","0","4","0","","36","10","2019","2019106675","5","40.1559","-76.3435","0622","08","0","0","0","0","1","0","0","0","2","0","0","0","06","2","0","01","1","40 09:21.314","6","00","76 20:36.634","0","0","0","0","36227","0","0","0","N","0","0","0","2","36506","0","","1","01","N","N","0","","0","0","0","3","3","Y","0620","0","2","0","0","0","0","0","1","0","2","N","","","","","","","","","","","","03","  ","","",""
"0823","1","0","0","0","0","0","0","0","0","4","0","","36","10","2019","2019106676","5","40.1885","-76.3253","0812","08","0","0","0","0","0","0","1","0","","0","0","0","08","1","0","01","0","40 11:18.768","","00","76 19:30.989","0","0","0","0","36235","0","0","0","N","0","0","0","3","36506","0","","1","01","N","N","0","","0","0","1","3","3","","0811","0","2","0","0","0","0","0","1","0","2","N","","","","","","","","","","","","03","  ","","",""
"1738","1","0","0","0","0","0","0","0","0","1","0","","36","10","2019","2019106677","5","40.1461","-76.2306","1725","08","0","1","0","0","0","0","0","0","2","0","0","0","17","1","0","02","1","40 08:45.913","6","00","76 13:50.299","0","0","0","0","36235","0","0","0","N","0","0","0","3","36506","0","","1","01","N","N","1","","0","0","1","0","0","N","1724","0","3","0","0","0","0","0","1","0","3","N","","","","","","","","","","","","03","  ","","",""
"1755","0","0","0","0","0","0","0","0","0","0","0","","36","10","2019","2019106678","6","40.197","-76.3903","1742","08","0","0","0","1","0","0","0","0","","0","0","0","17","4","1","00","0","40 11:49.140","","00","76 23:25.170","3","0","0","1","36227","0","0","0","N","0","0","0","1","36506","0","","1","01","N","N","0","","1","0","0","0","0","","1742","1","1","0","0","0","0","0","1","0","1","N","","","","","","","","","","","","03","  ","","",""
"1942","1","0","0","0","0","0","0","0","0","7","0","","36","10","2019","2019106679","1","40.1855","-76.3044","1935","08","0","0","0","0","0","0","0","0","2","0","0","0","19","2","1","00","1","40 11:07.825","6","00","76 18:15.975","3","0","0","0","36235","0","0","0","N","0","0","0","1","36506","0","","5","01","N","N","0","","1","0","0","0","0","Y","1931","1","1","0","0","0","0","0","1","0","1","N","","","","","","","","","","","","03","  ","","",""
"0911","0","0","0","0","0","0","0","0","0","4","0","","36","10","2019","2019106680","2","40.1257","-76.3788","0904","08","0","0","0","1","0","1","0","0","1","0","0","","09","1","1","03","1","40 07:32.431","1","00","76 22:43.785","8","0","0","0","36227","0","0","0","N","0","0","0","2","36506","0","","1","01","N","N","0","","0","0","0","3","3","N","0900","1","2","0","0","0","1","1","1","0","0","N","","","","","","","","","","","","03","  ","","",""
"1544","2","0","0","0","0","0","0","0","0","1","0","","36","10","2019","2019106681","2","40.2032","-76.2107","1538","08","0","0","0","0","0","1","1","0","","0","0","0","15","1","0","00","0","40 12:11.574","","00","76 12:38.417","0","0","0","0","36204","0","0","0","N","0","0","0","2","36506","0","","1","01","N","N","0","","0","0","0","0","0","","1536","0","2","0","0","0","0","0","1","0","2","N","","","","","","","","","","","","03","  ","","",""
"1724","0","0","0","0","0","0","0","0","0","4","0","","36","10","2019","2019106682","4","40.1647","-76.2364","1720","08","0","0","0","0","0","0","0","0","1","0","0","","17","1","1","02","1","40 09:52.772","1","00","76 14:11.073","9","0","0","0","36235","0","0","0","N","0","0","0","2","36506","0","","1","09","N","N","0","","0","0","0","0","0","N","1719","0","2","0","0","0","0","0","1","0","0","N","","","","","","","","","","","","07","  ","","",""
"2144","0","0","0","0","0","0","0","0","0","7","0","","36","10","2019","2019106683","7","40.1577","-76.2658","2140","08","0","0","0","0","0","0","0","1","3","0","0","0","21","2","1","00","2","40 09:27.800","6","00","76 15:56.940","3","0","0","0","36235","0","0","0","N","0","0","0","2","36506","0","","5","01","N","N","1","","1","0","0","0","0","Y","2138","1","1","0","0","0","0","0","1","0","1","N","","","","","","","","","","","","03","  ","","",""
"1057","0","0","0","0","0","0","0","0","0","1","0","","36","10","2019","2019106684","2","40.1396","-76.3034","1055","08","0","0","0","0","0","1","0","1","","0","0","","10","1","0","00","0","40 08:22.703","","00","76 18:12.266","0","0","0","0","36409","0","0","0","N","0","0","0","4","36506","0","","1","01","N","N","0","","0","0","0","0","0","","1055","0","4","0","0","0","0","0","3","0","0","N","","","","","","","","","","","","03","  ","","",""
"2257","0","0","0","0","0","0","0","0","0","9","0","","36","09","2019","2019106735","3","39.9376","-76.2046","2249","08","0","0","0","0","0","0","0","0","2","0","0","0","22","2","1","00","2","39 56:15.251","5","00","76 12:16.563","3","0","0","1","36233","0","0","0","N","0","0","0","1","68J01","0","","1","01","N","N","0","","1","0","0","0","0","N","2243","1","1","0","0","0","0","0","1","0","1","N","","","","","","","","","","","","03","  ","","",""
"1803","1","0","0","0","0","0","0","0","0","7","0","","36","10","2019","2019106836","1","40.21","-76.0395","1752","08","0","0","0","0","0","0","0","0","","0","0","0","17","4","0","00","0","40 12:35.960","","00","76 02:22.084","0","0","0","0","36202","0","0","0","N","0","0","0","1","68T06","0","","4","09","N","N","0","","0","0","0","0","0","","1752","0","1","0","0","0","0","0","1","0","1","N","","","","","","","","","","","","07","  ","","",""
"2241","2","0","0","0","0","0","0","0","0","1","0","","36","10","2019","2019106900","3","40.0358","-76.3142","2232","08","0","0","0","0","0","0","0","0","1","0","0","0","22","3","1","01","1","40 02:08.725","3","00","76 18:51.113","3","0","0","0","36301","0","0","0","N","0","0","0","2","36301","0","","1","09","N","N","0","","1","0","0","0","0","N","2232","1","2","0","0","0","0","0","3","0","2","N","","","","","","","","","","","","07","  ","","",""
"1142","1","0","0","0","0","0","0","0","0","7","0","","36","09","2019","2019106932","4","40.0516","-76.3062","1141","08","0","0","0","0","0","0","0","0","1","0","0","0","11","1","0","00","1","40 03:05.743","2","00","76 18:22.376","0","0","0","0","36301","0","0","0","N","0","0","0","1","36301","0","","2","01","N","N","0","","0","0","0","0","0","N","1141","0","1","0","0","0","0","0","3","0","1","N","","","","","","","","","","","1156","03","  ","","",""
"1356","1","0","0","0","0","0","0","0","0","4","1","","36","10","2019","2019106973","2","40.1803","-76.1951","1344","08","0","0","0","0","0","0","1","0","","0","1","0","13","1","0","01","0","40 10:48.911","","00","76 11:42.283","0","0","0","0","36408","0","0","0","N","0","0","0","2","36408","0","","1","01","N","N","0","","0","0","0","3","2","N","1344","0","2","0","0","0","0","0","2","0","2","N","","","","","","","","","","","","03","  ","","",""
"1107","2","0","0","0","0","0","0","0","0","1","0","","36","10","2019","2019107113","6","40.1401","-76.5901","1106","08","0","0","0","1","0","0","1","0","","0","0","0","11","1","1","00","0","40 08:24.367","","00","76 35:24.224","8","0","0","0","36237","0","0","0","N","0","0","0","2","36505","0","","1","01","N","N","0","","0","0","0","3","2","","1104","1","2","0","0","0","1","0","1","0","2","N","","","","","","","","","","","","03","  ","","",""
"1757","2","0","0","0","0","0","0","0","0","4","0","","36","10","2019","2019107123","6","40.139","-76.5878","1751","08","1","0","1","0","0","0","0","0","2","0","0","0","17","4","2","02","2","40 08:20.508","3","00","76 35:16.114","3","0","0","0","36225","0","0","0","N","0","0","0","3","36505","0","","1","01","N","N","0","","2","0","0","3","3","Y","1750","2","2","0","0","0","0","0","2","0","2","N","","","","","","","","","","","","03","  ","","",""
"1555","0","0","0","0","0","0","0","0","0","1","0","","36","10","2019","2019107146","4","40.1639","-76.6087","1547","08","0","0","0","0","0","0","0","0","","0","0","","15","1","0","00","0","40 09:50.108","","00","76 36:31.358","9","0","0","0","36225","0","0","0","N","0","0","0","2","36505","0","","1","01","N","N","0","","0","0","0","0","0","N","1540","0","2","0","0","0","0","0","2","0","0","N","","","","","","","","","","","","03","  ","","",""
"1603","2","0","0","0","0","0","0","0","0","4","0","","36","10","2019","2019107165","6","40.0606","-76.2768","1603","08","0","0","0","0","1","1","0","0","","0","0","0","15","1","0","01","0","40 03:38.398","","00","76 16:37.304","0","0","0","0","36101","0","0","0","N","0","0","0","2","36101","0","","1","01","N","N","0","","0","0","0","3","2","","1548","0","2","0","0","0","0","0","3","0","2","N","","","","","","","","","","","","03","  ","","",""
"1721","2","0","0","0","0","0","0","0","0","1","0","","36","10","2019","2019107166","6","40.0687","-76.3047","1705","08","0","0","0","0","0","1","0","0","1","0","0","0","16","1","0","00","2","40 04:07.402","4","00","76 18:16.827","0","0","0","0","36101","0","0","0","N","0","0","0","7","36101","0","","1","01","N","N","0","","0","0","2","0","0","N","1656","0","4","0","0","0","0","0","3","0","4","N","","","","","","","","","","","","03","  ","","",""
"1229","0","0","0","0","0","0","0","0","0","5","0","","36","10","2019","2019107167","7","40.0701","-76.3199","1218","08","0","0","0","0","0","0","0","1","1","0","0","0","12","1","0","07","1","40 04:12.488","3","02","76 19:11.496","0","0","0","0","36101","0","0","0","N","0","0","0","8","36101","0","","1","01","N","N","0","","0","0","2","0","0","N","1215","0","2","0","0","0","0","0","3","0","2","N","","","","","","","","","","","","03","  ","","",""
"1401","0","0","0","0","0","0","0","0","0","1","0","","36","10","2019","2019107168","5","40.0791","-76.3089","1348","08","0","0","0","0","0","1","0","0","2","0","0","","13","1","0","00","1","40 04:44.642","2","00","76 18:31.870","0","0","0","0","36101","0","0","0","N","0","0","0","2","36101","0","","1","01","N","N","0","","0","0","0","0","0","N","1340","0","2","0","0","0","0","0","3","0","0","N","","","","","","","","","","","","03","  ","","",""
"1621","0","0","0","0","0","0","0","0","0","1","0","","36","10","2019","2019107169","5","40.0614","-76.3596","1616","08","0","0","0","0","0","1","0","0","","0","0","","16","1","0","01","0","40 03:41.019","","00","76 21:34.613","0","0","0","0","36214","0","0","0","N","0","0","0","4","36214","0","","1","01","N","N","0","","0","0","0","3","2","","1612","0","2","0","0","0","0","0","3","0","0","N","","","","","","","","","","","","03","  ","","",""
"1010","1","0","0","0","0","0","0","0","0","3","1","","36","10","2019","2019107170","6","40.0388","-76.3584","1006","08","0","0","0","0","0","0","0","1","","0","1","0","10","1","0","02","0","40 02:19.705","","00","76 21:30.332","0","0","0","0","36223","0","0","0","N","0","0","0","3","36223","0","","1","01","N","N","0","","0","0","0","0","0","","1000","0","2","0","0","0","0","0","1","0","2","N","","","","","","","","","","","","03","  ","","",""