"ARRIVAL_TM","AUTOMOBILE_COUNT","BELTED_DEATH_COUNT","BELTED_SUSP_SERIOUS_INJ_COUNT","BICYCLE_COUNT","BICYCLE_DEATH_COUNT","BICYCLE_SUSP_SERIOUS_INJ_COUNT","BUS_COUNT","CHLDPAS_DEATH_COUNT","CHLDPAS_SUSP_SERIOUS_INJ_COUNT","COLLISION_TYPE","COMM_VEH_COUNT","CONS_ZONE_SPD_LIM","COUNTY","CRASH_MONTH","CRASH_YEAR","CRN","DAY_OF_WEEK","DEC_LAT","DEC_LONG","DISPATCH_TM","DISTRICT","DRIVER_COUNT_16YR","DRIVER_COUNT_17YR","DRIVER_COUNT_18YR","DRIVER_COUNT_19YR","DRIVER_COUNT_20YR","DRIVER_COUNT_50_64YR","DRIVER_COUNT_65_74YR","DRIVER_COUNT_75PLUS","EST_HRS_CLOSED","FATAL_COUNT","HEAVY_TRUCK_COUNT","HORSE_BUGGY_COUNT","HOUR_OF_DAY","ILLUMINATION","INJURY_COUNT","INTERSECT_TYPE","LANE_CLOSED","LATITUDE","LN_CLOSE_DIR","LOCATION_TYPE","LONGITUDE","MAX_SEVERITY_LEVEL","MCYCLE_DEATH_COUNT","MCYCLE_SUSP_SERIOUS_INJ_COUNT","MOTORCYCLE_COUNT","MUNICIPALITY","NONMOTR_COUNT","NONMOTR_DEATH_COUNT","NONMOTR_SUSP_SERIOUS_INJ_COUNT","NTFY_HIWY_MAINT","PED_COUNT","PED_DEATH_COUNT","PED_SUSP_SERIOUS_INJ_COUNT","PERSON_COUNT","POLICE_AGCY","POSSIBLE_INJ_COUNT","RDWY_SURF_TYPE_CD","RELATION_TO_ROAD","ROAD_CONDITION","SCH_BUS_IND","SCH_ZONE_IND","SMALL_TRUCK_COUNT","SPEC_JURIS_CD","SUSP_MINOR_INJ_COUNT","SUSP_SERIOUS_INJ_COUNT","SUV_COUNT","TCD_FUNC_CD","TCD_TYPE","TFC_DETOUR_IND","TIME_OF_DAY","TOT_INJ_COUNT","TOTAL_UNITS","UNB_DEATH_COUNT","UNB_SUSP_SERIOUS_INJ_COUNT","UNBELTED_OCC_COUNT","UNK_INJ_DEG_COUNT","UNK_INJ_PER_COUNT","URBAN_RURAL","VAN_COUNT","VEHICLE_COUNT","WORK_ZONE_IND","WORK_ZONE_LOC","WORK_ZONE_TYPE","WORKERS_PRES","WZ_CLOSE_DETOUR","WZ_FLAGGER","WZ_LAW_OFFCR_IND","WZ_LN_CLOSURE","WZ_MOVING","WZ_OTHER","WZ_SHLDER_MDN","ROADWAY_CLEARED","WEATHER1","WEATHER2","WZ_WORKERS_INJ_KILLED","SECONDARY_CRASH","INTERSECTION_RELATED"
"1654","1","0","0","0","0","0","0","0","0","1","0","","36","10","2019","2019107171","2","40.0406","-76.3933","1644","08","0","0","0","0","0","0","1","0","","0","0","0","16","1","1","01","0","40 02:26.272","","00","76 23:35.824","3","0","0","0","36223","0","0","0","N","0","0","0","3","36223","0","","1","01","N","N","0","","1","0","1","3","2","","1641","1","2","0","0","0","0","0","1","0","2","N","","","","","","","","","","","","03","  ","","",""
"0911","0","0","0","0","0","0","0","0","0","1","0","","36","10","2019","2019107172","3","40.0091","-76.3877","0904","08","0","0","0","0","0","0","0","0","","0","0","","09","1","0","02","0","40 00:32.859","","00","76 23:15.861","0","0","0","0","36223","0","0","0","N","0","0","0","4","36223","0","","1","09","N","N","0","","0","0","0","0","0","","0902","0","2","0","0","0","0","0","1","0","0","N","","","","","","","","","","","","07","  ","","",""
"1736","1","0","0","0","0","0","0","0","0","5","1","","36","10","2019","2019107241","4","40.2175","-76.08","1724","08","0","0","0","0","0","0","0","0","1","0","1","0","17","1","1","00","1","40 13:03.174","3","00","76 04:47.861","4","0","0","0","36210","0","0","0","N","0","0","0","2","68T06","1","","1","08","N","N","0","","0","0","0","0","0","N","1723","1","2","0","0","0","0","0","1","0","2","N","","","","","","","","","","","","07","  ","","",""
"1729","2","0","0","0","0","0","0","0","0","4","0","","36","10","2019","2019107284","6","40.1843","-76.6009","1724","08","0","0","0","0","0","1","0","0","","0","0","0","17","1","0","01","0","40 11:03.464","","00","76 36:03.165","0","0","0","0","36225","0","0","0","N","0","0","0","2","36505","0","","1","01","N","N","0","","0","0","0","3","3","","1721","0","2","0","0","0","0","0","2","0","2","N","","","","","","","","","","","","03","  ","","",""
"1740","0","0","0","0","0","0","0","0","0","5","0","","36","10","2019","2019107350","1","40.0392","-76.3087","1721","08","0","0","0","0","0","0","0","0","","0","0","","17","1","0","00","0","40 02:21.293","","00","76 18:31.276","9","0","0","0","36301","0","0","0","N","0","0","0","1","36301","0","","1","01","N","N","0","","0","0","0","0","0","","1721","0","2","0","0","0","0","0","3","0","0","N","","","","","","","","","","","","03","  ","","",""
"0545","0","0","0","0","0","0","0","0","0","9","0","","36","10","2019","2019107386","5","40.2763","-76.1545","0540","08","0","0","0","0","0","0","0","0","1","0","0","","05","2","0","00","1","40 16:34.705","1","00","76 09:16.222","0","0","0","0","36236","0","0","0","N","0","0","0","1","36408","0","","1","01","N","N","0","","0","0","0","0","0","N","0540","0","1","0","0","0","0","0","1","0","0","N","","","","","","","","","","","","03","  ","","",""
"1513","1","0","0","0","0","0","0","0","0","4","0","","36","10","2019","2019107619","6","40.1093","-76.2501","1505","08","0","0","0","0","0","0","0","0","2","0","0","0","15","1","3","02","2","40 06:33.403","3","00","76 15:00.444","3","0","0","0","36101","0","0","0","N","0","0","0","4","36101","2","","1","01","N","N","0","","1","0","1","3","3","Y","1502","3","2","0","0","0","0","0","3","0","2","N","","","","","","","","","","","","03","  ","","",""
"0723","0","0","0","0","0","0","0","0","0","4","0","","36","10","2019","2019107620","6","40.1073","-76.3007","0719","08","0","1","0","0","0","0","1","0","3","0","0","","07","1","3","00","1","40 06:26.174","6","07","76 18:02.480","3","0","0","0","36101","0","0","0","N","0","0","0","4","36101","2","","1","01","N","N","0","","1","0","0","3","3","N","0717","3","2","0","0","0","0","0","3","0","0","N","","","","","","","","","","","","03","  ","","",""
"1557","0","0","0","0","0","0","0","0","0","1","0","","36","10","2019","2019107621","6","40.063","-76.3397","1552","08","0","0","0","0","0","0","0","0","2","0","0","0","15","1","0","00","1","40 03:46.947","3","02","76 20:22.749","0","0","0","0","36101","0","0","0","N","0","0","0","3","36101","0","","1","01","N","N","1","","0","0","1","3","2","N","1550","0","2","0","0","0","0","0","3","0","2","N","","","","","","","","","","","","03","  ","","",""
"0141","0","0","0","0","0","0","0","0","0","7","0","","36","10","2019","2019107622","5","40.06","-76.2846","0141","08","0","0","0","0","1","0","0","0","","0","0","","01","3","0","01","0","40 03:36.140","","00","76 17:04.408","0","0","0","0","36101","0","0","0","N","0","0","0","1","36101","0","","4","01","N","N","0","","0","0","0","9","3","","0135","0","1","0","0","0","0","0","3","0","0","N","","","","","","","","","","","","03","  ","","",""
"0634","1","0","0","0","0","0","0","0","0","7","0","","36","10","2019","2019107623","5","40.0404","-76.3776","0632","08","0","0","0","0","0","1","0","0","2","0","0","0","06","3","1","00","2","40 02:25.412","4","00","76 22:39.527","3","0","0","0","36214","0","0","0","N","0","0","0","1","36214","0","","2","01","N","N","0","","1","0","0","0","0","N","0629","1","1","0","0","0","0","0","3","0","1","N","","","","","","","","","","","","03","  ","","",""
"1812","0","0","0","0","0","0","0","0","0","4","0","","36","10","2019","2019107624","4","40.074","-76.2041","1806","08","0","0","0","0","0","0","1","0","","0","0","0","18","1","0","02","0","40 04:26.574","","00","76 12:14.922","0","0","0","0","36234","0","0","0","N","0","0","0","3","36215","0","","1","01","N","N","1","","0","0","1","3","3","","1806","0","2","0","0","0","0","0","1","0","2","N","","","","","","","","","","","","03","  ","","",""
"1702","1","0","0","0","0","0","0","0","0","4","0","","36","10","2019","2019107625","5","40.0404","-76.2463","1700","08","0","0","0","0","0","2","1","0","2","0","0","0","17","1","1","01","2","40 02:25.423","6","02","76 14:46.653","3","0","0","0","36215","0","0","0","N","0","0","0","7","36215","0","","1","01","N","N","0","","1","0","1","3","2","N","1700","1","3","0","0","0","0","0","1","1","3","N","","","","","","","","","","","","03","  ","","",""
"1436","1","0","0","0","0","0","0","0","0","5","1","","36","10","2019","2019107626","3","40.0314","-76.2373","1436","08","0","0","0","0","0","1","0","0","","0","1","0","14","1","3","00","0","40 01:52.885","","00","76 14:14.374","3","0","0","0","36215","0","0","0","N","0","0","0","4","36215","0","","1","01","N","N","0","","3","0","0","0","0","","1435","3","2","0","0","0","0","0","1","0","2","N","","","","","","","","","","","","03","  ","","",""
"1714","2","0","2","0","0","0","0","0","0","4","0","","36","10","2019","2019107627","6","40.0776","-76.2587","1707","08","0","0","0","0","0","1","0","1","2","0","0","0","17","1","3","02","2","40 04:39.294","6","00","76 15:31.416","2","0","0","0","36215","0","0","0","N","0","0","0","3","36215","0","","1","01","N","N","0","","1","2","0","3","3","Y","1706","3","2","0","0","0","0","0","1","0","2","N","","","","","","","","","","","","03","  ","","",""
"0822","0","0","0","0","0","0","0","0","0","4","0","","36","10","2019","2019107628","4","40.1041","-76.0845","0820","08","0","0","0","0","0","2","0","0","1","0","0","","08","1","0","02","1","40 06:14.710","3","00","76 05:04.321","0","0","0","0","36415","0","0","0","N","0","0","0","3","36415","0","","1","01","N","N","0","","0","0","0","3","2","Y","0819","0","2","0","0","0","0","0","1","0","0","N","","","","","","","","","","","","03","  ","","",""
"0334","3","0","0","0","0","0","0","0","0","4","0","","36","10","2019","2019107777","5","40.0352","-76.3148","0331","08","0","0","0","0","0","1","0","0","1","0","0","0","03","3","0","02","1","40 02:06.347","2","00","76 18:53.731","0","0","0","0","36301","0","0","0","N","0","0","0","2","36301","0","","1","01","N","N","0","","0","0","0","3","3","Y","0329","0","4","0","0","0","0","0","3","1","4","N","","","","","","","","","","","0410","03","  ","","",""
"1949","1","0","0","0","0","0","0","0","0","8","0","","36","10","2019","2019107779","4","40.0497","-76.2924","1940","08","0","0","0","0","0","0","0","0","","0","0","0","19","2","1","02","0","40 02:59.027","","00","76 17:32.504","3","0","0","0","36301","1","0","0","N","1","0","0","2","36301","0","","1","01","N","N","0","","1","0","0","3","3","N","1940","1","2","0","0","1","0","0","3","0","1","N","","","","","","","","","","","","03","  ","","",""
"0124","0","0","0","0","0","0","0","0","0","7","0","","36","10","2019","2019107802","6","40.0398","-76.4553","0124","08","0","0","0","0","0","0","0","0","","0","0","","01","2","1","01","0","40 02:23.536","","02","76 27:19.113","3","0","0","0","36239","0","0","0","N","0","0","0","1","36239","0","","4","01","N","N","0","","1","0","0","3","2","N","0124","1","1","0","0","0","0","0","3","0","0","N","","","","","","","","","","","","03","  ","","",""
"0608","1","0","0","0","0","0","0","0","0","5","0","","36","10","2019","2019107808","4","39.987","-76.2817","0602","08","1","0","0","0","0","0","0","0","","0","0","0","06","3","0","00","0","39 59:13.144","","00","76 16:53.959","0","0","0","0","36240","0","0","0","N","0","0","0","2","36240","0","","1","09","N","N","1","","0","0","0","0","0","N","0600","0","2","0","0","0","0","0","1","0","2","N","","","","","","","","","","","","03","  ","","",""
"1635","2","0","0","0","0","0","0","0","0","4","0","","36","10","2019","2019107818","3","40.045","-76.2837","1615","08","0","0","0","0","0","0","0","0","2","0","0","0","16","1","0","01","1","40 02:41.859","3","00","76 17:01.240","0","0","0","0","36301","0","0","0","N","0","0","0","2","36301","0","","1","09","N","N","0","","0","0","0","3","2","N","1615","0","2","0","0","0","0","0","3","0","2","N","","","","","","","","","","","","07","  ","","",""
"1735","2","0","0","0","0","0","0","0","0","5","0","","36","10","2019","2019107844","4","40.1629","-76.6027","1727","08","0","0","0","0","0","1","0","0","2","0","0","0","17","1","0","01","1","40 09:46.616","4","00","76 36:09.540","0","0","0","0","36407","0","0","0","N","0","0","0","1","36407","0","","2","01","N","N","0","","0","0","0","0","0","N","1726","0","2","0","0","0","0","0","2","0","2","N","","","","","","","","","","","","03","  ","","",""
"0950","0","0","0","0","0","0","0","0","0","0","0","","36","10","2019","2019107868","3","40.0376","-76.2956","0930","08","0","0","0","0","0","0","0","0","1","0","0","","09","1","0","00","1","40 02:15.478","4","00","76 17:44.210","9","0","0","0","36301","0","0","0","N","0","0","0","2","36301","0","","1","09","N","N","0","","0","0","0","0","0","Y","0926","0","1","0","0","0","0","0","3","0","0","Y","","","","","","","","","","","","07","  ","","",""
"1414","0","0","0","0","0","0","0","0","0","4","0","","36","10","2019","2019107992","7","40.0685","-76.3074","1410","08","0","0","0","0","0","0","2","0","2","0","0","0","14","1","1","01","1","40 04:06.605","2","00","76 18:27.559","4","0","0","0","36101","0","0","0","N","0","0","0","3","36101","1","","1","01","N","N","0","","0","0","2","3","2","N","1408","1","2","0","0","0","0","0","3","0","2","N","","","","","","","","","","","","03","  ","","",""
"0900","0","0","0","0","0","0","0","0","0","4","0","","36","10","2019","2019107993","2","40.0146","-76.3261","0856","08","0","0","0","0","0","1","0","0","2","0","0","","08","1","1","02","1","40 00:52.712","2","00","76 19:33.907","3","0","0","0","36220","0","0","0","N","0","0","0","2","36101","0","","1","01","N","N","0","","1","0","0","3","3","N","0816","1","2","0","0","0","0","0","3","0","0","N","","","","","","","","","","","","03","  ","","",""
"1241","0","0","0","0","0","0","0","0","0","5","0","","36","10","2019","2019107994","3","40.0829","-76.3081","1238","08","0","0","0","0","0","0","0","0","","0","0","","12","1","1","00","0","40 04:58.414","","00","76 18:29.298","3","0","0","0","36101","1","0","0","N","0","0","0","2","36101","0","","1","09","N","N","0","","1","0","0","0","0","","1231","1","2","0","0","0","0","0","3","0","0","N","","","","","","","","","","","","07","  ","","",""
"0919","0","0","0","0","0","0","0","0","0","4","0","","36","10","2019","2019107995","4","40.1147","-76.244","0906","08","0","0","0","0","0","1","0","0","","0","0","0","08","1","0","02","0","40 06:52.778","","00","76 14:38.314","0","0","0","0","36101","0","0","0","N","0","0","0","2","36101","0","","1","01","N","N","0","","0","0","2","3","3","","0858","0","2","0","0","0","0","0","3","0","2","N","","","","","","","","","","","","03","  ","","",""
"1719","1","0","0","0","0","0","0","0","0","1","0","","36","10","2019","2019107996","4","40.068","-76.2975","1706","08","0","0","0","0","0","2","0","0","","0","0","0","17","1","0","00","0","40 04:04.956","","00","76 17:50.850","0","0","0","0","36101","0","0","0","N","0","0","0","3","36101","0","","1","01","N","N","1","","0","0","0","0","0","","1703","0","3","0","0","0","0","0","3","1","3","N","","","","","","","","","","","","03","  ","","",""
"1752","2","0","0","0","0","0","0","0","0","1","0","","36","10","2019","2019107997","6","40.0819","-76.2342","1751","08","0","0","0","0","0","0","1","0","1","0","0","0","17","1","2","00","1","40 04:54.667","4","00","76 14:03.174","3","0","0","0","36234","0","0","0","N","0","0","0","5","36215","0","","1","01","N","N","0","","2","0","0","0","0","Y","1747","2","3","0","0","0","0","0","1","1","3","N","","","","","","","","","","","","03","  ","","",""
"1307","2","0","0","0","0","0","0","0","0","1","0","","36","10","2019","2019107998","1","40.0351","-76.2536","1301","08","0","0","0","0","0","1","0","0","","0","0","0","12","1","0","02","0","40 02:06.212","","00","76 15:12.983","0","0","0","0","36215","0","0","0","N","0","0","0","3","36215","0","","1","09","N","N","0","","0","0","0","0","0","","1257","0","2","0","0","0","0","0","1","0","2","N","","","","","","","","","","","","07","  ","","",""
"2120","0","0","0","0","0","0","0","0","0","4","0","","36","10","2019","2019107999","5","40.0861","-76.1894","2119","08","0","0","0","0","0","0","0","0","2","0","0","","21","3","0","00","1","40 05:09.897","2","00","76 11:21.716","0","0","0","0","36234","0","0","0","N","0","0","0","6","36215","0","","1","01","N","N","0","","0","0","0","0","0","N","2119","0","2","0","0","0","0","0","1","0","0","N","","","","","","","","","","","","03","  ","","",""
"2353","0","0","0","0","0","0","0","0","0","7","0","","36","10","2019","2019108000","4","40.0382","-76.4033","2348","08","0","0","1","0","0","0","0","0","","0","0","0","23","3","0","00","0","40 02:17.483","","00","76 24:11.946","0","0","0","0","36223","0","0","0","N","0","0","0","1","36223","0","","5","01","N","N","0","","0","0","1","0","0","","2341","0","1","0","0","0","0","0","1","0","1","N","","","","","","","","","","","","03","  ","","",""
"1455","0","0","0","0","0","0","0","0","0","7","0","","36","09","2019","2019108001","2","40.1713","-76.3016","1447","08","0","0","0","0","0","1","0","0","","0","0","0","14","1","1","00","0","40 10:16.550","","99","76 18:05.620","8","0","0","0","36235","0","0","0","N","0","0","0","1","36506","0","","5","01","N","N","0","","0","0","0","0","0","","1445","1","1","0","0","0","1","0","1","1","1","N","","","","","","","","","","","","03","  ","","",""
"1305","0","0","0","0","0","0","0","0","0","4","0","","36","10","2019","2019108002","4","40.1399","-76.3853","1300","08","0","0","0","0","0","2","0","0","","0","0","","12","1","0","00","0","40 08:23.500","","07","76 23:06.900","0","0","0","0","36227","0","0","0","N","0","0","0","2","36506","0","","1","01","N","N","0","","0","0","0","3","3","","1245","0","2","0","0","0","0","0","1","0","0","N","","","","","","","","","","","","03","  ","","",""
"1757","1","0","0","1","0","0","0","0","0","1","0","","36","10","2019","2019108003","4","40.1876","-76.2411","1748","08","0","0","0","0","0","0","0","0","1","0","0","0","17","1","1","00","1","40 11:15.360","4","00","76 14:27.950","8","0","0","0","36204","1","0","0","N","0","0","0","2","36506","0","","1","01","N","N","0","","0","0","0","0","0","N","1747","1","2","0","0","0","1","0","1","0","1","N","","","","","","","","","","","","03","  ","","",""
"1607","0","0","0","0","0","0","0","0","0","7","0","","36","10","2019","2019108025","1","39.9395","-76.3962","1553","08","0","0","0","0","0","1","0","0","2","0","0","0","15","1","1","00","2","39 56:22.112","5","00","76 23:46.444","3","0","0","0","36223","0","0","0","N","0","0","0","1","36223","0","","4","09","N","N","0","","1","0","1","0","0","Y","1551","1","1","0","0","0","0","0","1","0","1","N","","","","","","","","","","","","07","  ","","",""
"1723","0","0","0","0","0","0","0","0","0","1","0","","36","10","2019","2019108037","5","40.117","-76.0432","1717","08","0","0","0","0","1","0","1","0","1","0","0","","17","1","1","02","2","40 07:01.323","4","00","76 02:35.588","3","0","0","0","36213","0","0","0","N","0","0","0","2","36213","0","","1","01","N","N","0","","1","0","0","0","0","N","1715","1","2","0","0","0","0","0","1","0","0","N","","","","","","","","","","","","03","  ","","",""
"1729","0","0","0","0","0","0","0","0","0","4","0","","36","10","2019","2019108133","6","40.1558","-76.6038","1727","08","0","0","0","0","0","0","0","0","1","0","0","","17","1","1","02","1","40 09:21.042","4","00","76 36:13.571","9","0","0","0","36407","0","0","0","N","0","0","0","2","36407","0","","1","01","N","N","0","","0","0","0","0","0","N","1726","0","2","0","0","0","0","0","2","0","0","N","","","","","","","","","","","","03","  ","","",""
"0143","2","0","0","0","0","0","0","0","0","4","0","","36","10","2019","2019108143","7","40.0384","-76.3013","0142","08","0","0","0","0","0","0","0","0","2","0","0","0","01","3","0","01","1","40 02:18.358","3","00","76 18:04.767","0","0","0","0","36301","0","0","0","N","0","0","0","4","36301","0","","1","01","N","N","0","","0","0","0","3","2","N","0141","0","2","0","0","0","0","0","3","0","2","N","","","","","","","","","","","","03","  ","","",""
"0523","1","0","0","0","0","0","0","0","0","9","0","","36","10","2019","2019108152","7","40.0106","-76.2934","0514","08","0","0","0","0","0","0","0","0","","0","0","0","05","3","0","00","0","40 00:38.300","","00","76 17:36.400","0","0","0","0","36240","0","0","0","N","0","0","0","1","36240","0","","1","01","N","N","0","","0","0","0","0","0","N","0511","0","1","0","0","0","0","0","1","0","1","N","","","","","","","","","","","","03","  ","","",""
"1625","2","0","0","0","0","0","0","0","0","4","0","","36","10","2019","2019108186","3","40.0527","-76.3027","1622","08","0","0","0","0","0","0","1","0","2","1","0","0","16","1","1","00","2","40 03:09.860","6","00","76 18:09.642","1","0","0","0","36301","0","0","0","N","0","0","0","2","36301","0","2","1","09","N","N","1","0","1","0","0","0","0","Y","1620","1","3","1","0","1","0","0","3","0","3","N","","","","","","","","","","","","07","  ","","",""
"1508","1","0","0","0","0","0","0","0","0","8","0","","36","10","2019","2019108267","3","40.1745","-76.1726","1445","08","0","0","0","0","0","0","0","1","","0","0","0","14","1","1","01","0","40 10:28.257","","00","76 10:21.292","3","0","0","0","36408","1","0","0","N","1","0","0","2","36408","0","","1","09","N","N","0","","1","0","0","3","2","N","1443","1","2","0","0","0","0","0","2","0","1","N","","","","","","","","","","","","07","  ","","",""
"1210","1","0","0","0","0","0","0","0","0","7","0","","36","09","2019","2019108271","7","40.1047","-76.139","1151","08","0","0","0","0","0","0","0","0","","0","0","0","11","1","0","00","0","40 06:17.004","","03","76 08:20.346","0","0","0","0","36238","0","0","0","N","0","0","0","1","36238","0","","4","01","N","N","0","","0","0","0","3","8","N","1151","0","1","0","0","0","0","0","3","0","1","N","","","","","","","","","","","","03","  ","","",""
"1545","1","0","0","0","0","0","0","0","0","5","0","","36","10","2019","2019108298","7","40.0326","-76.3123","1542","08","0","0","0","0","0","0","0","0","2","0","0","0","15","1","0","00","2","40 01:57.425","3","00","76 18:44.422","0","0","0","0","36301","0","0","0","N","0","0","0","1","36301","0","","1","01","N","N","0","","0","0","1","0","0","Y","1542","0","2","0","0","0","0","0","3","0","2","N","","","","","","","","","","","1625","03","  ","","",""
"2339","0","0","0","0","0","0","0","0","0","7","0","","36","09","2019","2019108322","7","40.0776","-76.3269","2337","08","0","0","0","0","0","0","0","1","4","1","0","0","23","2","0","02","2","40 04:39.181","7","00","76 19:36.857","1","0","0","0","36101","0","0","0","N","0","0","0","1","36101","0","2","4","01","N","N","0","0","0","0","0","3","2","Y","2336","0","1","1","0","1","0","0","3","1","1","N","","","","","","","","","","","","03","  ","","",""
"1644","3","0","0","0","0","0","0","0","0","1","2","","36","10","2019","2019108323","3","40.0635","-76.282","1632","08","0","0","0","0","0","1","0","0","2","0","2","0","16","1","1","00","1","40 03:48.732","3","00","76 16:55.316","3","0","0","0","36101","0","0","0","N","0","0","0","5","36101","0","","1","01","N","N","0","","1","0","0","0","0","N","1625","1","6","0","0","0","0","0","3","0","5","N","","","","","","","","","","","","03","  ","","",""
"0856","2","0","0","0","0","0","0","0","0","4","0","","36","10","2019","2019108324","6","40.0803","-76.3471","0846","08","0","0","0","0","0","0","1","0","","0","0","0","08","1","1","02","0","40 04:50.954","","00","76 20:56.138","3","0","0","0","36101","0","0","0","N","0","0","0","2","36101","0","","1","01","N","N","0","","1","0","0","3","3","","0841","1","2","0","0","0","0","0","3","0","2","N","","","","","","","","","","","","03","  ","","",""
"1436","0","0","0","0","0","0","0","0","0","4","1","","36","10","2019","2019108325","6","40.0606","-76.2768","1432","08","0","0","0","0","0","1","0","0","2","0","0","0","14","1","0","01","1","40 03:38.263","6","02","76 16:36.564","0","0","0","0","36101","0","0","0","N","0","0","0","2","36101","0","","1","01","N","N","0","","0","0","1","3","2","N","1431","0","2","0","0","0","0","0","3","0","2","N","","","","","","","","","","","","03","  ","","",""
"1506","1","0","0","0","0","0","0","0","0","1","1","","36","10","2019","2019108326","6","40.0995","-76.3053","1459","08","0","0","0","0","0","1","1","0","3","0","1","0","14","1","0","00","2","40 05:58.139","5","00","76 18:19.069","0","0","0","0","36101","0","0","0","N","0","0","0","4","36101","0","","1","01","Y","N","0","","0","0","0","0","0","Y","1456","0","3","0","0","0","0","0","3","1","3","N","","","","","","","","","","","","03","  ","","",""
"1723","2","0","0","0","0","0","0","0","0","1","0","","36","10","2019","2019108327","6","40.0641","-76.3386","1712","08","0","0","0","0","0","1","0","0","2","0","0","0","16","1","0","00","1","40 03:50.845","4","00","76 20:18.845","0","0","0","0","36101","0","0","0","N","0","0","0","3","36101","0","","1","01","N","N","1","","0","0","0","0","0","N","1651","0","3","0","0","0","0","0","3","0","3","N","","","","","","","","","","","","03","  ","","",""
"2129","1","0","0","0","0","0","0","0","0","4","0","","36","10","2019","2019108328","4","40.0508","-76.3751","2126","08","0","0","0","0","0","1","0","0","1","0","0","0","21","3","0","00","2","40 03:02.731","5","00","76 22:30.363","0","0","0","0","36214","0","0","0","N","0","0","0","2","36214","0","","1","01","N","N","0","","0","0","1","0","0","N","2120","0","2","0","0","0","0","0","3","0","2","N","","","","","","","","","","","","03","  ","","",""
"0805","0","0","0","0","0","0","0","0","0","1","0","","36","10","2019","2019108329","6","40.083","-76.3634","0755","08","0","0","0","0","0","0","0","0","","0","0","","07","1","0","00","0","40 04:58.836","","00","76 21:48.226","0","0","0","0","36214","0","0","0","N","0","0","0","2","36214","0","","1","01","N","N","0","","0","0","0","0","0","","0750","0","2","0","0","0","0","0","3","0","0","N","","","","","","","","","","","","03","  ","","",""
"2119","0","0","0","0","0","0","0","0","0","8","0","","36","10","2019","2019108348","5","40.035","-76.2941","2113","08","0","0","0","0","0","0","0","0","","0","0","0","21","6","1","01","0","40 02:06.010","","00","76 17:38.882","4","0","0","0","36301","1","0","0","N","1","0","0","3","36301","1","","1","01","N","N","0","","0","0","1","3","3","","2112","1","2","0","0","0","0","2","3","0","1","N","","","","","","","","","","","","03","  ","","",""
"1746","0","0","0","0","0","0","0","0","0","1","0","","36","10","2019","2019108353","7","39.9972","-76.2897","1740","08","0","0","0","0","0","0","0","0","","0","0","","17","1","1","02","0","39 59:49.991","","00","76 17:22.824","9","0","0","0","36240","0","0","0","N","0","0","0","5","36240","0","","1","09","N","N","0","","0","0","0","0","0","N","1740","0","2","0","0","0","0","0","1","0","0","N","","","","","","","","","","","","07","  ","","",""
"1603","2","0","0","0","0","0","0","0","0","4","0","","36","10","2019","2019108492","7","40.0591","-76.4629","1558","08","0","0","0","0","0","0","0","0","2","0","0","0","15","1","0","03","1","40 03:32.814","2","00","76 27:46.398","0","0","0","0","36239","0","0","0","N","0","0","0","4","36239","0","","1","09","N","N","0","","0","0","0","0","0","N","1558","0","3","0","0","0","0","0","3","1","3","N","","","","","","","","","","","","07","  ","","",""
"0815","0","0","0","0","0","0","0","0","0","7","0","45","36","10","2019","2019108495","7","40.1842","-76.128","0810","08","0","0","0","0","0","0","0","0","","0","0","","08","1","0","00","0","40 11:03.238","","00","76 07:40.705","0","0","0","0","36218","0","0","0","Y","0","0","0","1","36408","0","","3","01","N","N","0","","0","0","0","0","0","N","0810","0","1","0","0","0","0","0","1","0","0","Y","5","1","N","","","N","Y","","","","","03","  ","","",""
"1416","1","0","0","0","0","0","0","0","0","2","0","","36","10","2019","2019108520","7","40.065","-76.4445","1412","08","0","0","0","0","0","1","0","0","","0","0","0","14","1","0","02","0","40 03:54.120","","00","76 26:40.232","0","0","0","0","36239","0","0","0","N","0","0","0","2","36239","0","","1","01","N","N","0","","0","0","0","3","3","","1412","0","2","0","0","0","0","0","3","1","2","N","","","","","","","","","","","","03","  ","","",""
"1544","0","0","0","0","0","0","0","0","0","1","0","","36","10","2019","2019108547","7","40.1647","-76.2006","1541","08","0","0","1","0","0","0","0","0","2","0","0","","15","1","2","03","1","40 09:53.061","1","00","76 12:02.277","3","0","0","0","36218","0","0","0","N","0","0","0","6","36408","0","","1","01","N","N","0","","2","0","0","0","0","Y","1538","2","2","0","0","0","0","0","1","0","0","N","","","","","","","","","","","","03","  ","","",""
"2258","1","0","0","0","0","0","0","0","0","0","0","","36","10","2019","2019108566","7","40.1665","-76.0483","2247","08","1","0","0","0","0","0","0","0","2","0","0","0","22","2","0","00","2","40 09:59.320","5","00","76 02:53.964","0","0","0","0","36213","0","0","0","N","0","0","0","1","36213","0","","2","09","N","N","0","","0","0","0","0","0","Y","2245","0","1","0","0","0","0","0","1","0","1","N","","","","","","","","","","","","03","  ","","",""
"1731","2","0","0","0","0","0","0","0","0","1","0","","36","09","2019","2019108572","3","40.1317","-76.2175","1726","08","0","0","0","0","0","2","0","0","","0","0","0","17","1","0","00","0","40 07:53.972","","00","76 13:02.983","0","0","0","0","36238","0","0","0","N","0","0","0","4","36238","0","","1","01","N","N","2","","0","0","0","0","0","","1726","0","4","0","0","0","0","0","3","0","4","N","","","","","","","","","","","","03","  ","","",""