"ARRIVAL_TM","AUTOMOBILE_COUNT","BELTED_DEATH_COUNT","BELTED_SUSP_SERIOUS_INJ_COUNT","BICYCLE_COUNT","BICYCLE_DEATH_COUNT","BICYCLE_SUSP_SERIOUS_INJ_COUNT","BUS_COUNT","CHLDPAS_DEATH_COUNT","CHLDPAS_SUSP_SERIOUS_INJ_COUNT","COLLISION_TYPE","COMM_VEH_COUNT","CONS_ZONE_SPD_LIM","COUNTY","CRASH_MONTH","CRASH_YEAR","CRN","DAY_OF_WEEK","DEC_LAT","DEC_LONG","DISPATCH_TM","DISTRICT","DRIVER_COUNT_16YR","DRIVER_COUNT_17YR","DRIVER_COUNT_18YR","DRIVER_COUNT_19YR","DRIVER_COUNT_20YR","DRIVER_COUNT_50_64YR","DRIVER_COUNT_65_74YR","DRIVER_COUNT_75PLUS","EST_HRS_CLOSED","FATAL_COUNT","HEAVY_TRUCK_COUNT","HORSE_BUGGY_COUNT","HOUR_OF_DAY","ILLUMINATION","INJURY_COUNT","INTERSECT_TYPE","LANE_CLOSED","LATITUDE","LN_CLOSE_DIR","LOCATION_TYPE","LONGITUDE","MAX_SEVERITY_LEVEL","MCYCLE_DEATH_COUNT","MCYCLE_SUSP_SERIOUS_INJ_COUNT","MOTORCYCLE_COUNT","MUNICIPALITY","NONMOTR_COUNT","NONMOTR_DEATH_COUNT","NONMOTR_SUSP_SERIOUS_INJ_COUNT","NTFY_HIWY_MAINT","PED_COUNT","PED_DEATH_COUNT","PED_SUSP_SERIOUS_INJ_COUNT","PERSON_COUNT","POLICE_AGCY","POSSIBLE_INJ_COUNT","RDWY_SURF_TYPE_CD","RELATION_TO_ROAD","ROAD_CONDITION","SCH_BUS_IND","SCH_ZONE_IND","SMALL_TRUCK_COUNT","SPEC_JURIS_CD","SUSP_MINOR_INJ_COUNT","SUSP_SERIOUS_INJ_COUNT","SUV_COUNT","TCD_FUNC_CD","TCD_TYPE","TFC_DETOUR_IND","TIME_OF_DAY","TOT_INJ_COUNT","TOTAL_UNITS","UNB_DEATH_COUNT","UNB_SUSP_SERIOUS_INJ_COUNT","UNBELTED_OCC_COUNT","UNK_INJ_DEG_COUNT","UNK_INJ_PER_COUNT","URBAN_RURAL","VAN_COUNT","VEHICLE_COUNT","WORK_ZONE_IND","WORK_ZONE_LOC","WORK_ZONE_TYPE","WORKERS_PRES","WZ_CLOSE_DETOUR","WZ_FLAGGER","WZ_LAW_OFFCR_IND","WZ_LN_CLOSURE","WZ_MOVING","WZ_OTHER","WZ_SHLDER_MDN","ROADWAY_CLEARED","WEATHER1","WEATHER2","WZ_WORKERS_INJ_KILLED","SECONDARY_CRASH","INTERSECTION_RELATED"
"0627","0","0","0","0","0","0","0","0","0","9","0","","36","10","2019","2019110513","4","40.1155","-76.4508","0620","08","0","0","0","0","0","1","0","0","","0","0","","06","2","0","00","0","40 06:55.838","","00","76 27:02.971","0","0","0","0","36230","0","0","0","N","0","0","0","1","36410","0","","1","09","N","N","0","","0","0","0","0","0","","0601","0","1","0","0","0","0","0","1","0","0","N","","","","","","","","","","","","05","  ","","",""
"1230","2","0","0","0","0","0","0","0","0","7","0","","36","10","2019","2019110514","1","40.2213","-76.4323","1223","08","0","0","0","0","0","0","0","1","","0","0","0","12","1","0","01","0","40 13:16.697","","00","76 25:56.245","0","0","0","0","36230","0","0","0","N","0","0","0","5","36410","0","","5","09","N","N","0","","0","0","0","3","3","","1223","0","2","0","0","1","0","0","1","0","2","N","","","","","","","","","","","","03","  ","","",""
"1711","2","0","0","0","0","0","0","0","0","1","0","","36","10","2019","2019110547","5","39.9599","-76.2451","1707","08","0","0","0","0","0","0","0","0","3","0","0","0","17","1","3","02","2","39 57:35.731","6","00","76 14:42.440","3","0","0","0","36240","0","0","0","N","0","0","0","3","36240","0","","1","09","N","N","0","","1","0","1","0","0","N","1705","3","3","0","0","0","2","0","1","0","3","N","","","","","","","","","","","","03","  ","","",""
"1341","0","0","0","0","0","0","0","0","0","7","0","","36","10","2019","2019110594","1","39.8076","-76.1862","1306","08","0","0","1","0","0","0","0","0","","0","0","0","13","1","1","00","0","39 48:27.202","","00","76 11:10.436","3","0","0","0","36208","0","0","0","N","0","0","0","1","68J01","0","","5","09","N","N","1","","1","0","0","0","0","","1302","1","1","0","0","0","0","0","1","0","1","N","","","","","","","","","","","","07","  ","","",""
"2305","0","0","0","0","0","0","0","0","0","7","0","","36","10","2019","2019110656","6","40.256","-76.1201","2240","08","0","0","0","0","0","0","0","0","1","0","0","","22","2","1","00","2","40 15:21.725","5","00","76 07:12.490","3","0","0","0","36236","0","0","0","N","0","0","0","1","36408","0","","5","01","N","N","0","","1","0","0","0","0","Y","2238","1","1","0","0","0","0","0","1","0","0","N","","","","","","","","","","","","03","  ","","",""
"1925","1","0","0","0","0","0","0","0","0","7","0","","36","10","2019","2019110695","5","40.1573","-76.576","1920","08","0","0","0","1","0","0","0","0","2","0","0","0","19","3","0","00","1","40 09:26.203","1","00","76 34:33.743","0","0","0","0","36225","0","0","0","N","0","0","0","2","36505","0","","2","09","N","N","0","","0","0","0","0","0","N","1919","0","1","0","0","0","0","0","2","0","1","N","","","","","","","","","","","","03","  ","","",""
"0937","0","0","0","0","0","0","0","0","0","7","0","","36","10","2019","2019110729","2","40.0398","-76.5063","0912","08","0","0","0","0","0","1","0","0","","0","0","0","09","1","0","00","0","40 02:23.400","","00","76 30:22.500","0","0","0","0","36404","0","0","0","N","0","0","0","1","36404","0","","2","01","N","N","0","","0","0","1","0","0","N","0912","0","1","0","0","0","0","0","3","0","1","N","","","","","","","","","","","","03","  ","","",""
"1112","0","0","0","0","0","0","0","0","0","7","0","90","36","10","2019","2019110749","3","40.0387","-76.4571","1108","08","0","0","0","0","0","0","0","0","2","0","0","","11","1","0","00","1","40 02:19.286","4","00","76 27:25.406","9","0","0","0","36239","0","0","0","Y","0","0","0","1","36239","0","","2","01","N","N","0","","0","0","0","0","0","N","1108","0","1","0","0","0","0","0","3","0","0","Y","2","2","U","","","N","Y","","","","","03","  ","","",""
"1414","0","0","0","0","0","0","0","0","0","1","0","","36","10","2019","2019110766","3","40.0317","-76.4771","1408","08","0","0","0","0","0","0","0","0","1","0","0","","14","1","0","00","2","40 01:54.230","4","00","76 28:37.516","9","0","0","0","36239","0","0","0","N","0","0","0","3","36239","0","","1","01","N","N","0","","0","0","0","3","2","N","1405","0","3","0","0","0","0","0","3","0","0","N","","","","","","","","","","","","03","  ","","",""
"0440","0","0","0","0","0","0","0","0","0","9","0","","36","10","2019","2019110978","4","40.0494","-76.405","0433","08","0","0","0","0","0","0","0","0","","0","0","","04","2","1","00","0","40 02:57.966","","00","76 24:17.929","4","0","0","0","36239","0","0","0","N","0","0","0","1","36239","1","","1","01","N","N","0","","0","0","0","0","0","N","0433","1","1","0","0","0","0","0","3","0","0","N","","","","","","","","","","","","03","  ","","",""
"2321","0","0","0","0","0","0","0","0","0","4","0","","36","10","2019","2019110941","3","40.0567","-76.2929","2317","08","0","0","0","0","0","0","0","0","","0","0","","22","3","1","01","0","40 03:24.062","","00","76 17:34.321","3","0","0","0","36101","0","0","0","N","0","0","0","2","36101","0","","1","09","N","N","0","","1","0","0","0","0","","2250","1","6","0","0","0","0","1","3","0","0","N","","","","","","","","","","","","07","  ","","",""
"1817","1","0","0","0","0","0","0","0","0","4","0","","36","10","2019","2019110942","4","40.0762","-76.3477","1815","08","0","0","0","0","0","1","0","0","2","0","0","0","18","3","2","02","2","40 04:34.165","5","00","76 20:51.773","3","0","0","0","36101","0","0","0","N","0","0","0","3","36101","0","","1","09","N","N","0","","2","0","1","3","3","Y","1808","2","2","0","0","0","0","0","3","0","2","N","","","","","","","","","","","","07","  ","","",""
"1019","2","0","0","0","0","0","0","0","0","4","0","","36","10","2019","2019110943","4","40.0575","-76.3983","1014","08","0","0","0","0","0","0","1","1","2","0","0","0","10","1","1","01","2","40 03:26.963","4","00","76 23:53.840","3","0","0","0","36214","0","0","0","N","0","0","0","2","36214","0","","1","01","N","N","0","","1","0","0","3","2","Y","1010","1","2","0","0","0","0","0","3","0","2","N","","","","","","","","","","","","03","  ","","",""
"1757","0","0","0","0","0","0","0","0","0","4","0","","36","10","2019","2019110944","1","40.0205","-76.3839","1754","08","0","0","0","0","0","1","0","0","2","0","0","0","17","1","5","10","2","40 01:13.742","7","00","76 23:02.029","8","0","0","0","36223","0","0","0","N","0","0","0","5","36223","0","","1","01","N","N","0","","0","0","1","0","0","Y","1752","5","2","0","0","0","5","0","1","1","2","N","","","","","","","","","","","","03","  ","","",""
"1702","0","0","0","0","0","0","0","0","0","4","0","","36","10","2019","2019110945","3","40.0955","-76.0987","1657","08","0","0","0","1","0","0","0","0","","0","0","","16","1","0","02","0","40 05:43.936","","00","76 05:55.237","0","0","0","0","36415","0","0","0","N","0","0","0","2","36415","0","","1","09","N","N","0","","0","0","0","3","3","","1656","0","2","0","0","0","0","0","1","0","0","N","","","","","","","","","","","","07","  ","","",""
"1824","2","0","0","0","0","0","0","0","0","2","0","","36","11","2019","2019111059","6","40.0131","-76.2628","1818","08","0","0","0","0","0","0","0","0","2","0","0","0","18","1","0","00","2","40 00:47.200","7","00","76 15:46.100","0","0","0","0","36240","0","0","0","N","0","0","0","6","36240","0","","1","01","N","N","0","","0","0","0","0","0","Y","1816","0","2","0","0","0","0","0","1","0","2","N","","","","","","","","","","","","03","  ","","",""
"1711","0","0","0","0","0","0","0","0","0","4","0","","36","11","2019","2019111067","6","40.2542","-76.1516","1657","08","0","0","0","1","0","0","0","0","2","0","0","","16","1","1","02","2","40 15:15.138","5","00","76 09:05.767","4","0","0","0","36236","0","0","0","N","0","0","0","6","36408","1","","1","01","N","N","0","","0","0","0","0","0","Y","1657","1","2","0","0","0","0","0","1","0","0","N","","","","","","","","","","","","03","  ","","",""
"1845","0","0","0","0","0","0","0","0","0","1","0","","36","11","2019","2019111097","6","40.1447","-76.5966","1843","08","0","0","0","0","0","0","0","0","3","0","0","","18","3","0","00","1","40 08:40.992","1","00","76 35:47.786","0","0","0","0","36407","0","0","0","N","0","0","0","1","36407","0","","1","01","N","N","0","","0","0","0","0","0","N","1841","0","2","0","0","0","0","0","2","0","0","N","","","","","","","","","","","","03","  ","","",""
"1549","0","0","0","0","0","0","0","0","0","1","0","55","36","11","2019","2019111130","6","40.1471","-76.1842","1536","08","0","0","0","0","0","0","1","0","2","0","0","","15","1","1","00","1","40 08:49.733","1","00","76 11:03.029","4","0","0","0","36238","0","0","0","N","0","0","0","3","36238","1","","1","01","N","N","0","","0","0","0","0","0","N","1533","1","2","0","0","0","0","0","3","0","0","Y","2","1","N","","","N","Y","","","","","03","  ","","",""
"1656","0","0","0","0","0","0","0","0","0","4","0","","36","11","2019","2019111133","6","39.9924","-76.2859","1646","08","0","0","0","0","0","1","0","1","2","0","0","","16","1","0","01","1","39 59:32.484","1","00","76 17:09.068","0","0","0","0","36240","0","0","0","N","0","0","0","3","36240","0","","1","01","N","N","0","","0","0","0","3","2","Y","1646","0","2","0","0","0","0","0","1","0","0","N","","","","","","","","","","","","03","  ","","",""
"1624","0","0","0","0","0","0","0","0","0","4","0","","36","10","2019","2019111270","2","40.0558","-76.5262","1621","08","0","0","0","0","0","0","0","0","2","0","0","","16","1","1","02","1","40 03:20.977","5","00","76 31:34.204","9","0","0","0","36211","0","0","0","N","0","0","0","2","36504","0","","1","01","N","N","0","","0","0","0","0","0","Y","1619","0","2","0","0","0","0","0","1","0","0","N","","","","","","","","","","","","03","  ","","",""
"1601","0","0","0","0","0","0","0","0","0","4","0","","36","11","2019","2019111282","6","40.0956","-76.517","1553","08","0","0","0","0","0","1","0","0","","0","0","0","15","1","1","10","0","40 05:44.325","","00","76 31:01.288","8","0","0","0","36211","0","0","0","N","0","0","0","2","36504","0","","1","01","N","N","0","","0","0","2","0","0","N","1550","1","2","0","0","0","1","0","1","0","2","N","","","","","","","","","","","","03","  ","","",""
"1439","2","0","0","0","0","0","0","0","0","4","0","","36","10","2019","2019111284","5","40.0778","-76.2957","1435","08","0","0","0","0","0","1","0","0","","0","0","0","14","1","1","00","0","40 04:39.918","","00","76 17:44.609","4","0","0","0","36101","0","0","0","N","0","0","0","2","36101","1","","1","01","N","N","0","","0","0","0","3","3","","1432","1","2","0","0","0","0","0","3","0","2","N","","","","","","","","","","","","03","  ","","",""
"1857","1","0","0","0","0","0","0","0","0","1","0","","36","10","2019","2019111285","2","40.1023","-76.3311","1854","08","0","0","0","0","1","0","0","0","1","0","0","0","18","2","0","02","1","40 06:08.420","2","00","76 19:51.882","0","0","0","0","36101","0","0","0","N","0","0","0","4","36101","0","","1","01","N","N","0","","0","0","1","0","0","N","1853","0","2","0","0","0","0","0","3","0","2","N","","","","","","","","","","","","03","  ","","",""
"2009","0","0","0","0","0","0","0","0","0","4","0","","36","10","2019","2019111286","2","40.0679","-76.3034","2004","08","0","0","0","0","0","0","1","0","2","0","0","0","20","2","1","01","1","40 04:04.462","2","00","76 18:12.202","3","0","0","0","36101","0","0","0","N","0","0","0","3","36101","0","","1","01","N","N","0","","1","0","2","3","2","N","2002","1","2","0","0","0","0","1","3","0","2","N","","","","","","","","","","","","03","  ","","",""
"1429","0","0","0","0","0","0","0","0","0","1","0","","36","11","2019","2019111287","6","40.0665","-76.3046","1429","08","0","0","0","0","0","0","0","1","","0","0","0","14","1","0","00","0","40 03:59.528","","00","76 18:16.448","0","0","0","0","36101","0","0","0","N","0","0","0","2","36101","0","","1","01","N","N","0","","0","0","2","0","0","","1429","0","2","0","0","0","0","0","3","0","2","N","","","","","","","","","","","","03","  ","","",""
"2327","0","0","0","0","0","0","0","0","0","5","0","","36","10","2019","2019111359","1","40.0593","-76.5434","2318","08","0","0","0","0","0","0","0","0","2","0","0","","23","3","1","00","1","40 03:33.600","3","00","76 32:36.200","9","0","0","0","36411","0","0","0","N","0","0","0","1","36504","0","","6","09","N","N","0","","0","0","0","0","0","N","2317","0","4","0","0","0","0","0","1","0","0","N","","","","","","","","","","","","07","  ","","",""
"1920","1","0","0","0","0","0","0","0","0","4","0","","36","11","2019","2019111363","7","40.1843","-76.6009","1915","08","0","0","0","0","0","1","0","0","2","0","0","0","19","3","0","01","1","40 11:03.464","7","00","76 36:03.165","0","0","0","0","36225","0","0","0","N","0","0","0","10","36505","0","","1","01","N","N","0","","0","0","1","3","3","N","1914","0","2","0","0","0","0","0","2","0","2","N","","","","","","","","","","","","03","  ","","",""
"0654","1","0","0","0","0","0","0","0","0","8","0","","36","10","2019","2019111413","4","40.1797","-76.1755","0652","08","0","0","0","0","0","0","0","0","1","0","0","0","06","3","1","01","1","40 10:46.812","4","00","76 10:31.684","2","0","0","0","36408","1","0","1","N","1","0","1","2","36408","0","","1","09","N","N","0","","0","1","0","3","2","N","0652","1","2","0","0","0","0","0","2","0","1","N","","","","","","","","","","","","03","  ","","",""
"1530","2","0","0","0","0","0","0","0","0","1","0","","36","11","2019","2019111448","6","40.0331","-76.4973","1525","08","0","0","0","0","0","1","0","0","","0","0","0","15","1","0","00","0","40 01:59.275","","00","76 29:50.158","9","0","0","0","36404","0","0","0","N","0","0","0","1","36404","0","","6","01","N","N","0","","0","0","0","0","0","N","1528","0","2","0","0","0","0","1","3","0","2","N","","","","","","","","","","","","03","  ","","",""
"1810","1","0","0","0","0","0","0","0","0","4","0","","36","10","2019","2019111459","1","40.0319","-76.3104","1808","08","0","0","0","0","0","1","0","0","","0","0","0","18","1","0","02","0","40 01:54.800","","00","76 18:37.400","0","0","0","0","36301","0","0","0","N","0","0","0","5","36301","0","","1","09","N","N","0","","0","0","1","0","0","","1805","0","2","0","0","0","0","0","3","0","2","N","","","","","","","","","","","","03","  ","","",""
"1225","0","0","0","0","0","0","0","0","0","1","0","","36","11","2019","2019111480","1","40.1767","-76.1399","1220","08","0","0","0","0","0","0","1","0","2","0","0","","12","1","2","00","1","40 10:36.288","1","00","76 08:23.611","8","0","0","0","36218","0","0","0","N","0","0","0","6","36408","0","","1","01","N","N","0","","0","0","0","0","0","Y","1218","2","3","0","0","0","2","0","1","0","0","N","","","","","","","","","","","","03","  ","","",""
"1728","1","0","0","0","0","0","0","0","0","4","0","","36","10","2019","2019111517","5","40.1761","-76.2249","1724","08","0","0","0","0","0","0","0","0","","0","0","0","17","1","0","01","0","40 10:34.041","","00","76 13:29.758","0","0","0","0","36218","0","0","0","Y","0","0","0","5","36408","0","","1","01","N","N","0","","0","0","1","3","3","","1723","0","2","0","0","0","0","0","1","0","2","N","","","","","","","","","","","","03","  ","","",""
"1602","0","0","0","0","0","0","0","0","0","8","0","","36","11","2019","2019111522","6","40.1515","-76.606","1549","08","0","0","0","0","0","0","0","0","2","0","0","","15","1","1","01","0","40 09:05.497","","00","76 36:21.539","9","0","0","0","36407","0","0","0","N","0","0","0","2","36407","0","","1","01","N","N","0","","0","0","0","3","8","Y","1548","0","2","0","0","0","0","0","2","0","0","N","","","","","","","","","","","","03","  ","","",""
"1906","1","0","0","0","0","0","0","0","0","7","0","","36","10","2019","2019111576","2","40.0744","-76.3373","1857","08","0","0","0","0","0","0","0","0","3","0","0","0","18","4","0","00","2","40 04:27.880","1","00","76 20:14.120","0","0","0","0","36101","0","0","0","N","0","0","0","1","36101","0","","5","01","N","N","0","","0","0","0","0","0","N","1815","0","1","0","0","0","0","0","3","0","1","N","","","","","","","","","","","","03","  ","","",""
"1809","0","0","0","0","0","0","0","0","0","4","0","","36","10","2019","2019111577","3","40.0399","-76.2842","1809","08","0","0","0","0","0","0","0","0","2","0","0","","18","3","0","00","1","40 02:23.602","4","07","76 17:03.032","9","0","0","0","36220","0","0","0","N","0","0","0","2","36101","0","","1","01","N","N","0","","0","0","0","0","0","N","1809","0","2","0","0","0","0","0","3","0","0","N","","","","","","","","","","","","03","  ","","",""
"2043","1","0","0","0","0","0","0","0","0","4","1","","36","10","2019","2019111578","3","40.1","-76.3541","2034","08","0","0","0","0","0","1","0","0","2","0","1","0","20","3","1","01","1","40 06:00.025","2","00","76 21:14.898","4","0","0","0","36406","0","0","0","N","0","0","0","2","36101","1","","1","01","N","N","0","","0","0","0","3","2","N","2029","1","2","0","0","0","0","0","3","0","2","N","","","","","","","","","","","","03","  ","","",""
"1510","0","0","0","0","0","0","0","0","0","4","0","","36","11","2019","2019111579","6","40.0691","-76.3569","1506","08","0","0","0","0","0","0","0","0","2","0","0","","15","1","1","01","1","40 04:08.816","7","00","76 21:24.786","3","0","0","0","36214","0","0","0","N","0","0","0","3","36214","0","","1","01","N","N","0","","1","0","0","3","2","Y","1505","1","2","0","0","0","0","0","3","0","0","N","","","","","","","","","","","","03","  ","","",""
"1031","1","0","0","0","0","0","0","0","0","4","0","","36","11","2019","2019111580","7","40.1139","-76.3863","1026","08","0","0","0","0","0","1","0","0","2","0","0","0","10","1","4","01","1","40 06:50.151","6","00","76 23:10.518","4","0","0","0","36214","0","0","0","N","0","0","0","4","36214","4","","1","01","N","N","0","","0","0","1","3","3","N","1022","4","2","0","0","0","0","0","3","0","2","N","","","","","","","","","","","","03","  ","","",""
"1252","2","0","0","0","0","0","0","0","0","5","0","","36","11","2019","2019111581","7","40.1013","-76.0932","1249","08","0","0","0","0","0","0","0","0","1","0","0","0","12","1","1","00","1","40 06:04.585","4","00","76 05:35.552","3","0","0","0","36415","0","0","0","N","0","0","0","2","36415","0","","2","01","N","N","0","","1","0","0","0","0","N","1248","1","2","0","0","0","0","0","1","0","2","N","","","","","","","","","","","","03","  ","","",""
"0046","1","0","0","0","0","0","0","0","0","7","0","","36","10","2019","2019111741","5","40.1624","-76.2016","0044","08","0","0","0","0","0","0","0","0","","0","0","0","00","3","0","00","0","40 09:44.783","","00","76 12:05.896","0","0","0","0","36218","0","0","0","N","0","0","0","1","36408","0","","2","09","N","N","0","","0","0","0","0","0","","0044","0","1","0","0","0","0","0","1","0","1","N","","","","","","","","","","","","07","  ","","",""
"1632","1","0","0","0","0","0","0","0","0","1","0","","36","10","2019","2019111783","5","40.0644","-76.2831","1627","08","0","0","0","0","0","0","0","0","1","0","0","0","16","1","4","00","1","40 03:51.969","4","00","76 16:59.268","3","0","0","0","36101","0","0","0","N","0","0","0","4","36101","0","","1","01","N","N","1","","4","0","0","0","0","N","1624","4","2","0","0","0","0","0","3","0","2","N","","","","","","","","","","","","03","  ","","",""
"0545","2","0","0","0","0","0","0","0","0","4","0","","36","10","2019","2019111784","3","40.0432","-76.3285","0540","08","0","0","0","0","0","0","0","0","2","0","0","0","05","2","0","01","1","40 02:35.541","1","00","76 19:42.722","0","0","0","0","36220","0","0","0","N","0","0","0","2","36101","0","","1","01","N","N","0","","0","0","0","3","2","Y","0539","0","2","0","0","0","0","0","3","0","2","N","","","","","","","","","","","","03","  ","","",""
"1955","0","0","0","0","0","0","0","0","0","4","0","","36","11","2019","2019111785","6","40.0388","-76.3303","1943","08","0","0","0","0","0","0","0","0","2","0","0","","19","3","1","02","2","40 02:19.591","6","00","76 19:49.247","9","0","0","0","36220","0","0","0","N","0","0","0","2","36101","0","","1","01","N","N","0","","0","0","0","3","2","Y","1940","0","2","0","0","0","0","0","3","0","0","N","","","","","","","","","","","","03","  ","","",""
"1437","0","0","0","0","0","0","0","0","0","4","0","","36","11","2019","2019111786","1","40.0701","-76.3172","1430","08","0","0","0","0","1","0","0","0","","0","0","","13","1","0","00","0","40 04:12.191","","00","76 19:01.997","9","0","0","0","36101","0","0","0","N","0","0","0","2","36101","0","","1","01","N","N","0","","0","0","0","0","0","","1310","0","2","0","0","0","0","1","3","0","0","N","","","","","","","","","","","","03","  ","","",""
"0148","0","0","0","0","0","0","0","0","0","4","0","","36","11","2019","2019111787","1","40.0494","-76.4046","0142","08","0","0","0","1","0","0","0","0","2","0","0","0","01","2","1","00","1","40 02:57.941","3","00","76 24:16.494","3","0","0","0","36214","0","0","0","N","0","0","0","1","36214","0","","4","01","N","N","1","","1","0","1","0","0","N","0141","1","2","0","0","0","0","0","3","0","2","N","","","","","","","","","","","","03","  ","","",""
"0705","1","0","0","0","0","0","0","0","0","9","0","","36","09","2019","2019111851","6","39.8692","-76.1191","0635","08","0","0","0","0","0","0","0","0","","0","0","0","06","3","0","00","0","39 52:09.138","","00","76 07:08.649","0","0","0","0","36205","0","0","0","N","0","0","0","1","68J01","0","","1","98","N","N","0","","0","0","0","0","0","","0632","0","1","0","0","0","0","0","1","0","1","N","","","","","","","","","","","","03","  ","","",""
"1352","1","0","0","0","0","0","0","0","0","7","0","","36","10","2019","2019111877","4","40.2311","-76.0509","1257","08","0","0","0","0","0","1","0","0","","0","0","0","12","1","0","00","0","40 13:51.916","","00","76 03:03.318","0","0","0","0","36202","0","0","0","Y","0","0","0","1","68J01","0","","4","09","N","N","0","","0","0","0","0","0","","1251","0","1","0","0","0","0","0","1","0","1","N","","","","","","","","","","","","07","  ","","",""
"1408","1","0","0","0","0","0","0","0","0","1","0","","36","10","2019","2019112012","6","40.0186","-76.1732","1404","08","0","0","0","0","0","1","1","0","","0","0","0","14","1","2","00","0","40 01:06.884","","00","76 10:23.414","3","0","0","0","36215","0","0","0","N","0","0","0","3","36215","1","","1","01","N","N","0","","1","0","1","0","0","","1402","2","2","0","0","0","0","0","1","0","2","N","","","","","","","","","","","","03","  ","","",""
"0823","1","0","0","0","0","0","0","0","0","7","0","","36","10","2019","2019112013","7","40.0325","-76.2429","0819","08","0","0","0","0","0","0","0","0","","0","0","0","08","1","1","00","0","40 01:57.058","","07","76 14:34.546","3","0","0","0","36215","0","0","0","N","0","0","0","1","36215","0","","5","01","N","N","0","","1","0","0","0","0","","0815","1","1","0","0","1","0","0","1","0","1","N","","","","","","","","","","","","03","  ","","",""
"1611","0","0","0","0","0","0","0","0","0","0","0","","36","10","2019","2019112014","4","40.0373","-76.2689","1608","08","0","0","0","0","0","0","0","0","","0","0","","16","1","1","00","0","40 02:14.318","","07","76 16:08.022","9","0","0","0","36215","0","0","0","N","0","0","0","1","36215","0","","1","01","N","N","0","","0","0","0","0","0","","1605","0","1","0","0","0","0","0","1","0","0","N","","","","","","","","","","","","03","  ","","",""
"0754","1","0","0","0","0","0","0","0","0","4","1","","36","11","2019","2019112015","6","40.0315","-76.2382","0750","08","0","0","0","0","0","0","0","0","2","0","1","0","07","1","2","01","2","40 01:50.687","4","00","76 14:03.501","3","0","0","0","36215","0","0","0","N","0","0","0","5","36215","0","","1","01","N","N","1","","2","0","0","3","2","N","0748","2","3","0","0","0","0","0","1","0","3","N","","","","","","","","","","","","03","  ","","",""
"1454","0","0","0","0","0","0","0","0","0","4","0","","36","10","2019","2019112016","3","40.1568","-76.3815","1432","08","0","0","0","0","1","0","0","1","1","0","0","","14","1","1","01","1","40 09:24.452","5","00","76 22:53.324","3","0","0","0","36227","0","0","0","N","0","0","0","3","36506","0","","1","09","N","N","0","","1","0","0","3","3","N","1431","1","3","0","0","1","0","0","1","0","0","N","","","","","","","","","","","","07","  ","","",""
"1114","3","0","0","0","0","0","0","0","0","1","0","","36","10","2019","2019112017","4","40.2119","-76.2347","1114","08","0","0","0","0","0","1","1","0","2","0","0","0","11","1","1","00","1","40 12:42.881","3","00","76 14:04.779","4","0","0","0","36204","0","0","0","N","0","0","0","3","36506","1","","1","01","N","N","0","","0","0","0","0","0","Y","1114","1","3","0","0","0","0","0","1","0","3","N","","","","","","","","","","","","03","  ","","",""
"0244","0","0","0","0","0","0","0","0","0","5","0","","36","11","2019","2019112241","7","40.0334","-76.3146","0240","08","0","0","0","0","0","0","0","0","2","0","0","","02","2","0","00","2","40 02:00.410","4","00","76 18:52.415","9","0","0","0","36301","0","0","0","N","0","0","0","1","36301","0","","1","01","N","N","0","","0","0","0","0","0","Y","0237","0","4","0","0","0","0","0","3","0","0","N","","","","","","","","","","","0331","03","  ","","",""
"0041","0","0","0","0","0","0","0","0","0","4","0","","36","10","2019","2019112213","3","40.0416","-76.3019","0037","08","0","0","0","0","0","0","0","0","1","0","0","0","00","3","0","01","1","40 02:29.665","1","00","76 18:06.967","0","0","0","0","36301","0","0","0","N","0","0","0","2","36301","0","","1","01","N","N","0","","0","0","1","3","2","N","0037","0","2","0","0","0","0","0","3","1","2","N","","","","","","","","","","","","03","  ","","",""
"1742","0","0","0","0","0","0","0","0","0","4","0","","36","10","2019","2019112214","4","40.1788","-76.6007","1737","08","0","0","0","0","0","1","0","0","1","0","0","","17","1","0","01","1","40 10:43.752","2","00","76 36:02.408","0","0","0","0","36225","0","0","0","N","0","0","0","2","36505","0","","1","01","N","N","0","","0","0","0","3","2","N","1735","0","2","0","0","0","0","0","2","0","0","N","","","","","","","","","","","","03","  ","","",""
"0649","0","0","0","0","0","0","0","0","0","7","0","","36","10","2019","2019112244","1","40.2085","-76.1101","0645","08","0","0","0","0","0","0","0","0","2","0","0","0","06","2","1","00","1","40 12:30.732","1","00","76 06:36.407","3","0","0","0","36210","0","0","0","Y","0","0","0","1","36210","0","","5","09","N","N","0","","1","0","1","0","0","N","0644","1","1","0","0","0","0","0","1","0","1","N","","","","","","","","","","","","07","  ","","",""
"1050","0","0","0","0","0","0","0","0","0","7","0","","36","10","2019","2019112245","1","40.2072","-76.1134","1043","08","0","0","0","1","0","0","0","0","1","0","0","0","10","1","0","00","1","40 12:25.839","1","00","76 06:48.409","0","0","0","0","36210","0","0","0","Y","0","0","0","2","36210","0","","3","09","N","N","0","","0","0","1","0","0","N","1042","0","1","0","0","0","0","0","1","0","1","N","","","","","","","","","","","","07","  ","","",""