"ARRIVAL_TM","AUTOMOBILE_COUNT","BELTED_DEATH_COUNT","BELTED_SUSP_SERIOUS_INJ_COUNT","BICYCLE_COUNT","BICYCLE_DEATH_COUNT","BICYCLE_SUSP_SERIOUS_INJ_COUNT","BUS_COUNT","CHLDPAS_DEATH_COUNT","CHLDPAS_SUSP_SERIOUS_INJ_COUNT","COLLISION_TYPE","COMM_VEH_COUNT","CONS_ZONE_SPD_LIM","COUNTY","CRASH_MONTH","CRASH_YEAR","CRN","DAY_OF_WEEK","DEC_LAT","DEC_LONG","DISPATCH_TM","DISTRICT","DRIVER_COUNT_16YR","DRIVER_COUNT_17YR","DRIVER_COUNT_18YR","DRIVER_COUNT_19YR","DRIVER_COUNT_20YR","DRIVER_COUNT_50_64YR","DRIVER_COUNT_65_74YR","DRIVER_COUNT_75PLUS","EST_HRS_CLOSED","FATAL_COUNT","HEAVY_TRUCK_COUNT","HORSE_BUGGY_COUNT","HOUR_OF_DAY","ILLUMINATION","INJURY_COUNT","INTERSECT_TYPE","LANE_CLOSED","LATITUDE","LN_CLOSE_DIR","LOCATION_TYPE","LONGITUDE","MAX_SEVERITY_LEVEL","MCYCLE_DEATH_COUNT","MCYCLE_SUSP_SERIOUS_INJ_COUNT","MOTORCYCLE_COUNT","MUNICIPALITY","NONMOTR_COUNT","NONMOTR_DEATH_COUNT","NONMOTR_SUSP_SERIOUS_INJ_COUNT","NTFY_HIWY_MAINT","PED_COUNT","PED_DEATH_COUNT","PED_SUSP_SERIOUS_INJ_COUNT","PERSON_COUNT","POLICE_AGCY","POSSIBLE_INJ_COUNT","RDWY_SURF_TYPE_CD","RELATION_TO_ROAD","ROAD_CONDITION","SCH_BUS_IND","SCH_ZONE_IND","SMALL_TRUCK_COUNT","SPEC_JURIS_CD","SUSP_MINOR_INJ_COUNT","SUSP_SERIOUS_INJ_COUNT","SUV_COUNT","TCD_FUNC_CD","TCD_TYPE","TFC_DETOUR_IND","TIME_OF_DAY","TOT_INJ_COUNT","TOTAL_UNITS","UNB_DEATH_COUNT","UNB_SUSP_SERIOUS_INJ_COUNT","UNBELTED_OCC_COUNT","UNK_INJ_DEG_COUNT","UNK_INJ_PER_COUNT","URBAN_RURAL","VAN_COUNT","VEHICLE_COUNT","WORK_ZONE_IND","WORK_ZONE_LOC","WORK_ZONE_TYPE","WORKERS_PRES","WZ_CLOSE_DETOUR","WZ_FLAGGER","WZ_LAW_OFFCR_IND","WZ_LN_CLOSURE","WZ_MOVING","WZ_OTHER","WZ_SHLDER_MDN","ROADWAY_CLEARED","WEATHER1","WEATHER2","WZ_WORKERS_INJ_KILLED","SECONDARY_CRASH","INTERSECTION_RELATED"
"2200","1","0","0","0","0","0","0","0","0","9","0","","36","11","2019","2019112250","2","40.2046","-76.1181","2154","08","0","0","0","0","0","1","0","0","","0","0","0","21","2","1","00","0","40 12:16.725","","00","76 07:05.069","3","0","0","0","36210","0","0","0","N","0","0","0","1","36210","0","","1","01","N","N","0","","1","0","0","0","0","","2155","1","1","0","0","0","0","0","1","0","1","N","","","","","","","","","","","","03","  ","","",""
"1104","2","0","0","0","0","0","0","0","0","4","0","","36","11","2019","2019112251","7","40.2065","-76.1188","1103","08","0","0","0","0","0","1","0","0","2","0","0","0","11","1","1","00","1","40 12:23.543","4","00","76 07:07.772","8","0","0","0","36210","0","0","0","N","0","0","0","2","36210","0","","1","01","N","N","0","","0","0","0","0","0","N","1101","1","2","0","0","0","1","0","1","0","2","N","","","","","","","","","","","","03","  ","","",""
"1154","1","0","0","0","0","0","0","0","0","5","0","","36","11","2019","2019112252","6","40.2148","-76.0953","1151","08","0","0","0","0","0","0","1","0","","0","0","0","11","1","0","00","0","40 12:53.445","","00","76 05:43.115","0","0","0","0","36210","0","0","0","N","0","0","0","3","36210","0","","1","01","N","N","1","","0","0","1","0","0","","1151","0","3","0","0","1","0","0","1","0","3","N","","","","","","","","","","","","03","  ","","",""
"1613","2","0","0","0","0","0","0","0","0","4","0","","36","11","2019","2019112295","2","39.9858","-76.3154","1613","08","0","0","0","0","0","0","1","0","","0","0","0","15","1","0","01","0","39 59:09.014","","00","76 18:55.276","9","0","0","0","36228","0","0","0","N","0","0","0","2","36228","0","","1","01","N","N","0","","0","0","0","3","2","","1533","0","2","0","0","0","0","1","1","0","2","N","","","","","","","","","","","","03","  ","","",""
"1622","0","0","0","0","0","0","0","0","0","4","0","","36","09","2019","2019112312","4","39.9608","-76.291","1620","08","0","0","0","0","0","0","0","0","3","0","0","0","16","1","3","00","2","39 57:38.950","6","07","76 17:27.579","3","0","0","0","36228","0","0","0","N","0","0","0","4","36228","0","","1","01","N","N","1","","3","0","0","0","0","Y","1619","3","2","0","0","1","0","0","1","0","2","N","","","","","","","","","","","","03","  ","","",""
"1024","1","0","0","0","0","0","0","0","0","7","0","","36","10","2019","2019112535","1","40.1212","-76.3417","1017","08","0","0","0","0","0","0","0","0","1","0","0","0","10","1","0","01","1","40 07:16.241","2","00","76 20:30.253","0","0","0","0","36101","0","0","0","N","0","0","0","1","36101","0","","4","09","N","N","0","","0","0","0","0","0","N","1015","0","1","0","0","0","0","0","3","0","1","N","","","","","","","","","","","","07","  ","","",""
"1505","0","0","0","0","0","0","0","0","0","1","0","","36","10","2019","2019112536","5","40.0324","-76.3246","1500","08","0","0","0","0","0","0","0","0","","0","0","","14","1","0","00","0","40 01:56.650","","00","76 19:28.570","0","0","0","0","36220","0","0","0","N","0","0","0","2","36101","0","","1","09","N","N","0","","0","0","0","0","0","","1458","0","2","0","0","0","0","0","3","0","0","N","","","","","","","","","","","","07","  ","","",""
"1612","0","0","0","0","0","0","0","0","0","1","0","","36","10","2019","2019112537","5","40.0321","-76.3246","1612","08","0","0","0","0","0","0","1","0","1","0","0","","16","1","0","00","1","40 01:55.380","1","00","76 19:28.540","0","0","0","0","36220","0","0","0","N","0","0","0","3","36101","0","","1","09","N","N","0","","0","0","0","0","0","Y","1610","0","2","0","0","0","0","0","3","0","0","N","","","","","","","","","","","","07","  ","","",""
"1725","0","0","0","0","0","0","0","0","0","4","0","","36","10","2019","2019112538","5","40.0687","-76.3031","1722","08","0","1","0","0","0","0","0","0","","0","0","0","17","1","0","07","0","40 04:07.130","","00","76 18:10.539","0","0","0","0","36101","0","0","0","N","0","0","0","3","36101","0","","1","01","N","N","0","","0","0","2","0","0","","1716","0","2","0","0","0","0","0","3","0","2","N","","","","","","","","","","","","03","  ","","",""
"1543","1","0","0","0","0","0","0","0","0","4","0","","36","10","2019","2019112539","3","40.1233","-76.3753","1534","08","0","0","0","0","0","0","0","0","2","0","0","0","15","1","2","01","1","40 07:23.702","1","00","76 22:31.147","4","0","0","0","36214","0","0","0","N","0","0","0","3","36214","2","","1","09","N","N","0","","0","0","1","3","3","N","1530","2","3","0","0","0","0","0","3","1","3","N","","","","","","","","","","","","07","  ","","",""
"1812","1","0","0","0","0","0","0","0","0","4","0","","36","11","2019","2019112540","2","40.0691","-76.3569","1818","08","0","0","1","0","0","1","0","0","","0","0","0","17","3","0","01","0","40 04:08.816","","00","76 21:24.786","0","0","0","0","36214","0","0","0","N","0","0","0","2","36214","0","","1","01","N","N","0","","0","0","1","3","2","","1750","0","2","0","0","0","0","0","3","0","2","N","","","","","","","","","","","","03","  ","","",""
"1846","0","0","0","0","0","0","0","0","0","1","0","","36","10","2019","2019112541","7","40.0253","-76.2071","1846","08","0","0","0","0","0","0","0","0","","0","0","","18","3","2","00","0","40 01:31.015","","00","76 12:25.560","9","0","0","0","36215","0","0","0","N","0","0","0","6","36215","0","","1","09","N","N","0","","0","0","0","0","0","","1843","0","2","0","0","0","0","0","1","0","0","N","","","","","","","","","","","","03","  ","","",""
"1851","2","0","0","0","0","0","0","0","0","4","0","","36","11","2019","2019112542","2","40.0328","-76.2439","1843","08","0","0","0","0","0","1","0","0","1","0","0","0","18","3","1","00","1","40 01:58.207","3","00","76 14:37.970","4","0","0","0","36215","0","0","0","N","0","0","0","2","36215","1","","1","01","N","N","0","","0","0","0","0","0","N","1840","1","2","0","0","0","0","0","1","0","2","N","","","","","","","","","","","","03","  ","","",""
"2121","1","0","0","0","0","0","0","0","0","9","0","","36","09","2019","2019112543","6","40.1443","-76.2915","2114","08","0","0","0","0","0","0","0","0","","0","0","0","21","2","0","00","0","40 08:39.440","","00","76 17:29.420","0","0","0","0","36235","0","0","0","N","0","0","0","1","36506","0","","1","01","N","N","0","","0","0","0","0","0","","2111","0","1","0","0","0","0","0","1","0","1","N","","","","","","","","","","","","03","  ","","",""
"2200","1","0","0","0","0","0","0","0","0","9","0","","36","09","2019","2019112544","7","40.1168","-76.2331","2152","08","0","0","0","0","0","0","0","0","","0","0","0","21","2","0","00","0","40 07:00.551","","00","76 13:59.066","0","0","0","0","36235","0","0","0","N","0","0","0","5","36506","0","","1","01","N","N","0","","0","0","0","0","0","","2152","0","1","0","0","0","0","0","1","0","1","N","","","","","","","","","","","","03","  ","","",""
"0752","0","0","0","0","0","0","0","0","0","4","1","","36","10","2019","2019112545","6","40.2052","-76.3922","0744","08","0","0","0","0","0","0","1","0","","0","1","0","07","1","0","03","0","40 12:18.726","","00","76 23:31.782","0","0","0","0","36227","0","0","0","N","0","0","0","2","36506","0","","1","01","N","N","0","","0","0","1","0","0","","0743","0","2","0","0","0","0","0","1","0","2","N","","","","","","","","","","","","03","  ","","",""
"1518","2","0","0","0","0","0","0","0","0","1","0","","36","10","2019","2019112546","7","40.2187","-76.256","1509","08","0","0","0","0","0","0","0","0","2","0","0","0","15","1","0","00","1","40 13:07.336","6","00","76 15:21.549","0","0","0","0","36204","0","0","0","N","0","0","0","2","36506","0","","1","09","N","N","0","","0","0","0","0","0","N","1508","0","2","0","0","0","0","0","1","0","2","N","","","","","","","","","","","","07","  ","","",""
"1219","1","0","0","0","0","0","0","0","0","4","0","","36","10","2019","2019112547","2","40.1433","-76.2871","1219","08","0","0","0","0","0","1","0","0","","0","0","0","12","1","0","02","0","40 08:35.811","","00","76 17:13.523","0","0","0","0","36235","0","0","0","N","0","0","0","2","36506","0","","1","01","N","N","0","","0","0","1","3","3","","1219","0","2","0","0","0","0","0","1","0","2","N","","","","","","","","","","","","03","  ","","",""
"1149","2","0","0","0","0","0","0","0","0","2","0","","36","10","2019","2019112548","2","40.2299","-76.234","1149","08","0","0","0","0","0","0","0","0","2","0","0","0","11","1","0","00","1","40 13:47.769","6","00","76 14:02.249","0","0","0","0","36204","0","0","0","N","0","0","0","2","36506","0","","1","01","N","N","0","","0","0","0","0","0","Y","1148","0","2","0","0","0","0","0","1","0","2","N","","","","","","","","","","","","03","  ","","",""
"1240","0","0","0","0","0","0","0","0","0","1","0","","36","10","2019","2019112550","5","40.2058","-76.419","1228","08","0","0","0","0","0","0","0","0","","0","0","","12","1","0","00","0","40 12:21.049","","00","76 25:08.291","9","0","0","0","36227","0","0","0","N","0","0","0","2","36506","0","","1","09","N","N","0","","0","0","0","0","0","","1227","0","2","0","0","0","0","0","1","0","0","N","","","","","","","","","","","","07","  ","","",""
"1620","0","0","0","0","0","0","0","0","0","4","0","","36","11","2019","2019112552","7","40.1266","-76.3051","1616","08","0","0","0","0","0","0","0","1","2","0","0","","16","1","4","01","1","40 07:35.600","2","00","76 18:18.296","3","0","0","0","36235","0","0","0","N","0","0","0","4","36506","0","","1","01","N","N","0","","4","0","0","3","2","Y","1616","4","2","0","0","0","0","0","1","0","0","N","","","","","","","","","","","","03","  ","","",""
"1611","0","0","0","0","0","0","0","0","0","0","0","","36","11","2019","2019112575","3","40.1299","-76.1963","1606","08","0","0","0","0","0","0","1","0","","0","0","0","16","1","1","00","0","40 07:47.513","","00","76 11:46.705","8","0","0","1","36238","0","0","0","N","0","0","0","1","36238","0","","5","01","N","N","0","","0","0","0","0","0","N","1606","1","1","0","0","0","1","0","3","0","1","N","","","","","","","","","","","","03","  ","","",""
"1735","1","0","0","0","0","0","0","0","0","7","0","","36","10","2019","2019112612","4","40.1727","-75.9515","1715","08","0","0","0","0","0","0","0","0","","0","0","0","17","1","0","00","0","40 10:21.813","","00","75 57:05.540","0","0","0","0","36203","0","0","0","N","0","0","0","1","68T06","0","","4","09","N","N","0","","0","0","0","0","0","","1715","0","1","0","0","0","0","0","1","0","1","N","","","","","","","","","","","","07","  ","","",""
"1331","1","0","0","0","0","0","0","0","0","9","0","","36","11","2019","2019112700","1","40.1741","-75.961","1303","08","0","0","0","0","0","1","0","0","","0","0","0","13","1","0","00","0","40 10:26.841","","00","75 57:39.568","0","0","0","0","36203","0","0","0","N","0","0","0","1","68T06","0","","1","01","N","N","0","","0","0","0","0","0","","1303","0","1","0","0","0","0","0","1","0","1","N","","","","","","","","","","","","03","  ","","",""
"1218","1","0","0","0","0","0","0","0","0","2","0","","36","11","2019","2019112758","3","40.1266","-76.0424","1216","08","0","1","0","0","0","0","1","0","2","0","0","0","12","1","1","02","2","40 07:35.645","7","00","76 02:32.535","3","0","0","0","36213","0","0","0","N","0","0","0","2","36213","0","","1","01","N","N","0","","1","0","1","3","3","Y","1215","1","2","0","0","0","0","0","1","0","2","N","","","","","","","","","","","","03","  ","","",""
"0411","0","0","0","0","0","0","0","0","0","8","0","","36","10","2019","2019112770","5","40.0463","-76.3029","0410","08","0","0","0","0","0","0","0","1","","0","0","0","03","3","1","01","0","40 02:46.621","","00","76 18:10.343","3","0","0","0","36301","1","0","0","N","1","0","0","2","36301","0","","1","01","N","N","0","","1","0","1","3","5","","0358","1","2","0","0","0","0","0","3","0","1","N","","","","","","","","","","","","03","  ","","",""
"1642","0","0","0","0","0","0","0","0","0","5","0","","36","11","2019","2019112788","2","40.109","-76.4919","1641","08","0","0","0","0","0","0","0","0","","0","0","","16","1","0","01","0","40 06:32.493","","00","76 29:31.001","9","0","0","0","36413","0","0","0","N","0","0","0","2","36413","0","","1","01","N","N","0","","0","0","0","0","0","","1642","0","2","0","0","0","0","0","2","0","0","N","","","","","","","","","","","","03","  ","","",""
"1156","2","0","0","0","0","0","0","0","0","4","0","","36","11","2019","2019112799","2","40.0367","-76.259","1144","08","0","0","0","0","0","0","1","0","","0","0","0","10","1","0","00","0","40 02:12.223","","00","76 15:32.272","0","0","0","0","36301","0","0","0","N","0","0","0","2","36301","0","","1","01","N","N","0","","0","0","0","0","0","","1026","0","2","0","0","0","0","0","3","0","2","N","","","","","","","","","","","","03","  ","","",""
"1526","0","0","0","0","0","0","0","0","0","5","0","","36","11","2019","2019112806","1","40.0389","-76.2974","1521","08","0","0","0","0","2","0","0","0","1","0","0","","15","1","0","00","1","40 02:19.929","3","00","76 17:50.532","0","0","0","0","36301","0","0","0","N","0","0","0","14","36301","0","","1","01","N","N","0","","0","0","0","0","0","N","1518","0","3","0","0","0","0","0","3","0","0","N","","","","","","","","","","","1600","03","  ","","",""
"2110","1","0","0","0","0","0","0","0","0","4","0","","36","10","2019","2019112841","1","39.9679","-76.3224","2101","08","0","0","0","0","0","0","0","1","2","0","0","0","21","2","0","01","1","39 58:04.314","5","00","76 19:20.496","0","0","0","0","36228","0","0","0","N","0","0","0","2","36228","0","","1","01","N","N","0","","0","0","0","3","3","N","2101","0","2","0","0","0","0","0","1","1","2","N","","","","","","","","","","","","03","  ","","",""
"1452","0","0","0","0","0","0","0","0","0","4","0","","36","11","2019","2019112946","4","40.1718","-76.1967","1445","08","0","0","0","0","0","0","0","0","","0","0","","14","1","0","00","0","40 10:18.397","","00","76 11:47.979","9","0","0","0","36408","0","0","0","N","0","0","0","2","36408","0","","1","01","N","N","0","","0","0","0","0","0","","1444","0","2","0","0","0","0","0","2","0","0","N","","","","","","","","","","","","03","  ","","",""
"2117","1","0","0","0","0","0","0","0","0","9","0","","36","10","2019","2019112971","1","40.0524","-76.2759","2111","08","0","0","0","0","0","0","0","0","2","0","0","0","21","2","0","00","2","40 03:08.805","3","00","76 16:33.163","0","0","0","0","36101","0","0","0","N","0","0","0","1","36101","0","","1","01","N","N","0","","0","0","0","0","0","N","2106","0","1","0","0","0","0","0","3","0","1","N","","","","","","","","","","","","03","  ","","",""
"0923","1","0","0","0","0","0","0","0","0","4","1","","36","10","2019","2019112972","4","40.0627","-76.3416","0918","08","0","0","1","0","0","0","0","0","1","0","1","0","09","1","0","10","1","40 03:45.801","3","00","76 20:29.905","0","0","0","0","36101","0","0","0","N","0","0","0","2","36101","0","","1","01","N","N","0","","0","0","0","0","0","Y","0916","0","2","0","0","0","0","0","3","0","2","N","","","","","","","","","","","","03","  ","","",""
"1740","2","0","0","0","0","0","0","0","0","1","0","","36","11","2019","2019112973","3","40.0682","-76.271","1733","08","0","0","1","0","0","0","0","0","","0","0","0","17","3","1","00","0","40 04:05.385","","00","76 16:15.675","3","0","0","0","36101","0","0","0","N","0","0","0","2","36101","0","","1","01","N","N","0","","1","0","0","0","0","","1726","1","2","0","0","0","0","0","3","0","2","N","","","","","","","","","","","","03","  ","","",""
"1827","0","0","0","0","0","0","0","0","0","1","0","","36","11","2019","2019112974","3","40.0811","-76.2394","1819","08","0","0","0","0","0","2","0","0","2","0","0","","18","6","0","00","2","40 04:52.068","4","00","76 14:21.838","0","0","0","0","36234","0","0","0","N","0","0","0","2","36215","0","","1","01","N","N","0","","0","0","0","0","0","N","1815","0","2","0","0","0","0","0","1","0","0","N","","","","","","","","","","","","03","  ","","",""
"2047","1","0","0","0","0","0","0","0","0","7","0","","36","11","2019","2019112975","7","40.0677","-76.0701","2035","08","0","0","0","0","0","1","0","0","","0","0","0","20","2","0","00","0","40 04:03.676","","00","76 04:12.304","0","0","0","0","36209","0","0","0","N","0","0","0","2","36415","0","","2","09","N","N","0","","0","0","0","3","8","","2030","0","1","0","0","0","0","0","1","0","1","N","","","","","","","","","","","","03","  ","","",""
"2018","0","0","0","0","0","0","0","0","0","9","0","","36","11","2019","2019113085","4","40.1289","-76.5047","2016","08","0","0","0","0","0","0","0","0","","0","0","","20","2","0","00","0","40 07:44.015","","00","76 30:17.095","0","0","0","0","36225","0","0","0","N","0","0","0","1","36505","0","","1","01","N","N","0","","0","0","0","0","0","","2014","0","1","0","0","0","0","0","2","0","0","N","","","","","","","","","","","","03","  ","","",""
"1926","0","0","0","0","0","0","0","0","0","7","0","","36","11","2019","2019113135","4","40.1285","-76.5075","1916","08","0","0","0","0","0","0","0","0","1","0","0","","19","2","1","00","1","40 07:42.758","4","00","76 30:27.093","9","0","0","0","36225","0","0","0","N","0","0","0","2","36505","0","","2","01","N","N","0","","0","0","0","0","0","Y","1913","0","1","0","0","0","0","0","2","0","0","N","","","","","","","","","","","2016","03","  ","","",""
"1638","0","0","0","0","0","0","0","0","0","2","0","","36","11","2019","2019113149","4","40.0508","-76.4575","1633","08","0","0","0","0","0","0","1","0","2","0","0","0","16","1","0","02","1","40 03:02.964","1","00","76 27:26.839","0","0","0","0","36239","0","0","0","N","0","0","0","2","36239","0","","1","01","N","N","0","","0","0","2","0","0","Y","1633","0","2","0","0","0","0","0","3","0","2","N","","","","","","","","","","","","03","  ","","",""
"1835","0","0","0","0","0","0","0","0","0","9","0","","36","11","2019","2019113202","4","40.0809","-76.6568","1823","08","0","0","0","0","0","0","0","0","2","0","0","","18","2","0","00","1","40 04:51.225","5","00","76 39:24.637","9","0","0","0","36207","0","0","0","N","0","0","0","3","36504","0","","1","09","N","N","0","","0","0","0","0","0","Y","1821","0","1","0","0","0","0","0","1","0","0","N","","","","","","","","","","","","03","  ","","",""
"0831","0","0","0","0","0","0","0","0","0","4","0","","36","11","2019","2019113205","5","40.1315","-76.2165","0830","08","0","0","0","0","0","0","0","0","2","0","0","","08","1","0","00","1","40 07:53.445","1","07","76 12:59.242","0","0","0","0","36238","0","0","0","N","0","0","0","3","36238","0","","1","01","N","N","0","","0","0","0","0","0","N","0827","0","2","0","0","0","0","0","3","0","0","N","","","","","","","","","","","","03","  ","","",""
"1721","2","0","0","0","0","0","0","0","0","4","0","","36","10","2019","2019113216","6","40.0766","-76.5831","1714","08","0","0","0","0","0","0","0","0","1","0","0","0","17","1","0","01","1","40 04:35.683","3","00","76 34:59.096","0","0","0","0","36211","0","0","0","N","0","0","0","2","36504","0","","1","01","N","N","0","","0","0","0","3","3","N","1714","0","2","0","0","0","0","0","1","0","2","N","","","","","","","","","","","1456","03","  ","","",""
"2325","0","0","0","0","0","0","0","0","0","4","0","","36","11","2019","2019113339","1","40.0371","-76.4128","2317","08","0","0","0","0","0","0","0","0","2","0","0","0","23","2","2","01","2","40 02:13.582","6","00","76 24:45.905","3","0","0","0","36223","0","0","0","N","0","0","0","2","36223","0","","1","01","N","N","1","","2","0","0","3","3","Y","2317","2","2","0","0","0","0","0","1","1","2","N","","","","","","","","","","","","03","  ","","",""
"1536","0","0","0","0","0","0","0","0","0","4","0","","36","11","2019","2019113368","5","40.1611","-76.6057","1534","08","0","0","0","0","0","0","0","0","","0","0","","15","1","1","01","1","40 09:39.812","4","00","76 36:20.656","9","0","0","0","36407","0","0","0","N","0","0","0","2","36407","0","","1","09","N","N","0","","0","0","0","3","3","N","1531","0","2","0","0","0","0","0","2","0","0","N","","","","","","","","","","","1612","07","  ","","",""
"1424","3","0","0","0","0","0","0","0","0","1","0","","36","11","2019","2019113421","4","40.2422","-76.0542","1412","08","0","0","0","0","0","1","0","1","","0","0","0","14","1","1","00","1","40 14:31.850","2","00","76 03:15.273","3","0","0","0","36401","0","0","0","N","0","0","0","4","36408","0","","1","01","N","N","0","","1","0","1","3","2","N","1408","1","4","0","0","0","0","0","1","0","4","N","","","","","","","","","","","1500","03","  ","","",""
"1803","3","0","0","0","0","0","0","0","0","1","0","","36","10","2019","2019113462","5","40.0472","-76.3124","1758","08","0","0","0","0","0","0","0","0","","0","0","0","17","3","0","00","0","40 02:49.841","","00","76 18:44.612","0","0","0","0","36301","0","0","0","N","0","0","0","4","36301","0","","1","09","N","N","0","","0","0","0","0","0","","1750","0","3","0","0","0","0","0","3","0","3","N","","","","","","","","","","","","07","07","","",""
"1833","0","0","0","0","0","0","0","0","0","8","0","","36","11","2019","2019113471","5","40.0463","-76.3029","1815","08","0","0","0","0","0","0","0","0","","0","0","0","18","3","1","01","0","40 02:46.621","","00","76 18:10.343","3","0","0","0","36301","1","0","0","N","1","0","0","2","36301","0","","1","09","N","N","0","","1","0","0","3","2","","1812","1","2","0","0","0","0","0","3","1","1","N","","","","","","","","","","","","07","  ","","",""
"2033","2","0","0","0","0","0","0","0","0","6","0","","36","11","2019","2019113491","5","40.0589","-76.4631","2028","08","0","0","0","0","1","0","0","0","","0","0","0","20","2","0","00","0","40 03:32.073","","00","76 27:47.097","0","0","0","0","36239","0","0","0","N","0","0","0","3","36239","0","","1","09","N","N","0","","0","0","0","3","8","","2028","0","2","0","0","0","0","0","3","0","2","N","","","","","","","","","","","","07","07","","",""
"1404","0","0","0","0","0","0","0","0","0","4","0","","36","11","2019","2019113524","7","40.0389","-76.5105","1401","08","0","0","0","0","0","0","0","0","","0","0","","14","1","2","01","0","40 02:20.202","","00","76 30:37.819","9","0","0","0","36404","0","0","0","N","0","0","0","2","36404","0","","1","01","N","N","0","","0","0","0","3","2","","1401","0","2","0","0","0","0","0","3","0","0","N","","","","","","","","","","","","03","03","","",""
"2102","0","0","0","0","0","0","0","0","0","2","0","","36","11","2019","2019113533","5","40.1649","-76.6424","2055","08","0","0","0","0","0","0","0","0","","0","0","","20","2","0","00","2","40 09:53.480","2","00","76 38:32.723","9","0","0","0","36237","0","0","0","N","0","0","0","3","36505","0","","1","09","","","0","","0","0","0","0","0","N","2053","0","2","0","0","0","0","0","1","0","0","N","","","","","","","","","","","2157","03","  ","","",""
"2220","0","0","0","0","0","0","0","0","0","98","0","","36","10","2019","2019113539","1","40.0162","-76.3014","2211","08","0","0","0","0","0","0","0","0","","0","0","","22","6","0","00","0","40 00:58.430","","00","76 18:04.911","9","0","0","0","36240","0","0","0","N","0","0","0","2","36240","0","","1","01","N","N","0","","0","0","0","0","0","","2211","0","1","0","0","0","0","0","1","0","0","N","","","","","","","","","","","","03","03","","",""
"1023","0","0","0","0","0","0","0","0","0","1","0","55","36","11","2019","2019113543","5","40.1525","-76.1617","1015","08","0","0","0","0","0","0","0","0","","0","0","","10","1","1","00","1","40 09:09.107","1","00","76 09:42.214","9","0","0","0","36238","0","0","0","N","0","0","0","2","36238","0","","1","01","N","N","0","","0","0","0","0","0","N","1010","0","2","0","0","0","0","0","3","0","0","Y","2","1","U","","","N","Y","","","","1057","04","  ","","",""
"1246","0","0","0","0","0","0","0","0","0","1","0","","36","11","2019","2019113569","5","39.9856","-76.2846","1238","08","0","0","0","0","0","0","0","0","","0","0","","12","1","0","00","0","39 59:08.136","","00","76 17:04.448","9","0","0","0","36240","0","0","0","N","0","0","0","3","36240","0","","1","01","N","N","0","","0","0","0","3","2","","1238","0","2","0","0","0","0","0","1","0","0","N","","","","","","","","","","","","03","03","","",""
"1510","0","0","0","0","0","0","0","0","0","7","0","","36","10","2019","2019113590","1","40.2454","-76.1708","1505","08","0","0","0","1","0","0","0","0","","0","0","0","14","1","0","00","0","40 14:43.560","","00","76 10:14.720","0","0","0","0","36236","0","0","0","N","0","0","0","1","36408","0","","2","09","N","N","0","","0","0","1","0","0","","1431","0","1","0","0","1","0","0","1","0","1","N","","","","","","","","","","","","03","  ","","",""
"0722","0","0","0","0","0","0","0","0","0","4","0","","36","11","2019","2019113591","2","40.2784","-76.1273","0715","08","0","0","0","0","0","0","1","0","","0","0","0","07","1","2","01","0","40 16:42.146","","00","76 07:38.427","4","0","0","0","36236","0","0","0","N","0","0","0","2","36408","2","","1","01","N","N","0","","0","0","2","3","3","","0716","2","2","0","0","0","0","0","1","0","2","N","","","","","","","","","","","","03","  ","","",""
"1841","0","0","0","0","0","0","0","0","0","2","0","","36","11","2019","2019113626","3","40.1478","-76.0462","1836","08","0","1","0","0","0","0","0","0","","0","0","0","18","2","1","01","2","40 08:52.092","7","00","76 02:46.167","3","0","0","0","36213","0","0","0","N","0","0","0","2","36213","0","","1","01","N","N","2","","1","0","0","3","3","Y","1834","1","2","0","0","0","0","0","1","0","2","N","","","","","","","","","","","1935","03","  ","","",""
"1656","0","0","0","0","0","0","0","0","0","1","1","","36","10","2019","2019113725","3","40.079","-76.2809","1652","08","0","0","0","0","0","3","1","0","2","0","1","0","16","1","4","00","2","40 04:44.226","2","00","76 16:51.089","4","0","0","0","36101","0","0","0","N","0","0","0","8","36101","4","","1","01","N","N","1","","0","0","2","0","0","N","1648","4","4","0","0","0","0","0","3","0","4","N","","","","","","","","","","","","03","  ","","",""
"1807","1","0","0","0","0","0","0","0","0","1","0","","36","11","2019","2019113726","5","40.0637","-76.3396","1751","08","0","0","0","0","0","0","0","0","2","0","0","0","17","3","0","00","1","40 03:49.259","4","00","76 20:22.704","0","0","0","0","36101","0","0","0","N","0","0","0","2","36101","0","","1","09","N","N","1","","0","0","0","0","0","N","1748","0","2","0","0","0","0","0","3","0","2","N","","","","","","","","","","","","07","  ","","",""
"2132","0","0","0","0","0","0","0","0","0","4","0","","36","11","2019","2019113799","4","39.993","-76.2753","2127","08","0","0","0","0","0","0","0","0","","0","0","","21","3","0","02","1","39 59:34.742","4","00","76 16:31.018","9","0","0","0","36240","0","0","0","N","0","0","0","2","36240","0","","1","01","N","N","0","","0","0","0","3","3","N","2120","0","2","0","0","0","0","0","1","0","0","N","","","","","","","","","","","1005","03","03","","",""
"1831","0","0","0","0","0","0","0","0","0","4","0","","36","11","2019","2019113815","5","39.9908","-76.2402","1828","08","0","0","0","0","0","0","0","0","","0","0","","17","3","1","00","1","39 59:26.885","1","07","76 14:24.739","9","0","0","0","36240","0","0","0","N","0","0","0","3","36240","0","","1","09","N","N","0","","0","0","0","0","0","N","1730","0","2","0","0","0","0","0","1","0","0","N","","","","","","","","","","","1900","07","07","","",""