"ARRIVAL_TM","AUTOMOBILE_COUNT","BELTED_DEATH_COUNT","BELTED_SUSP_SERIOUS_INJ_COUNT","BICYCLE_COUNT","BICYCLE_DEATH_COUNT","BICYCLE_SUSP_SERIOUS_INJ_COUNT","BUS_COUNT","CHLDPAS_DEATH_COUNT","CHLDPAS_SUSP_SERIOUS_INJ_COUNT","COLLISION_TYPE","COMM_VEH_COUNT","CONS_ZONE_SPD_LIM","COUNTY","CRASH_MONTH","CRASH_YEAR","CRN","DAY_OF_WEEK","DEC_LAT","DEC_LONG","DISPATCH_TM","DISTRICT","DRIVER_COUNT_16YR","DRIVER_COUNT_17YR","DRIVER_COUNT_18YR","DRIVER_COUNT_19YR","DRIVER_COUNT_20YR","DRIVER_COUNT_50_64YR","DRIVER_COUNT_65_74YR","DRIVER_COUNT_75PLUS","EST_HRS_CLOSED","FATAL_COUNT","HEAVY_TRUCK_COUNT","HORSE_BUGGY_COUNT","HOUR_OF_DAY","ILLUMINATION","INJURY_COUNT","INTERSECT_TYPE","LANE_CLOSED","LATITUDE","LN_CLOSE_DIR","LOCATION_TYPE","LONGITUDE","MAX_SEVERITY_LEVEL","MCYCLE_DEATH_COUNT","MCYCLE_SUSP_SERIOUS_INJ_COUNT","MOTORCYCLE_COUNT","MUNICIPALITY","NONMOTR_COUNT","NONMOTR_DEATH_COUNT","NONMOTR_SUSP_SERIOUS_INJ_COUNT","NTFY_HIWY_MAINT","PED_COUNT","PED_DEATH_COUNT","PED_SUSP_SERIOUS_INJ_COUNT","PERSON_COUNT","POLICE_AGCY","POSSIBLE_INJ_COUNT","RDWY_SURF_TYPE_CD","RELATION_TO_ROAD","ROAD_CONDITION","SCH_BUS_IND","SCH_ZONE_IND","SMALL_TRUCK_COUNT","SPEC_JURIS_CD","SUSP_MINOR_INJ_COUNT","SUSP_SERIOUS_INJ_COUNT","SUV_COUNT","TCD_FUNC_CD","TCD_TYPE","TFC_DETOUR_IND","TIME_OF_DAY","TOT_INJ_COUNT","TOTAL_UNITS","UNB_DEATH_COUNT","UNB_SUSP_SERIOUS_INJ_COUNT","UNBELTED_OCC_COUNT","UNK_INJ_DEG_COUNT","UNK_INJ_PER_COUNT","URBAN_RURAL","VAN_COUNT","VEHICLE_COUNT","WORK_ZONE_IND","WORK_ZONE_LOC","WORK_ZONE_TYPE","WORKERS_PRES","WZ_CLOSE_DETOUR","WZ_FLAGGER","WZ_LAW_OFFCR_IND","WZ_LN_CLOSURE","WZ_MOVING","WZ_OTHER","WZ_SHLDER_MDN","ROADWAY_CLEARED","WEATHER1","WEATHER2","WZ_WORKERS_INJ_KILLED","SECONDARY_CRASH","INTERSECTION_RELATED"
"1858","0","0","0","0","0","0","0","0","0","1","0","","36","11","2019","2019113818","6","40.0319","-76.4915","1858","08","0","0","0","0","0","0","0","0","","0","0","","18","3","2","02","0","40 01:54.912","","00","76 29:29.493","9","0","0","0","36404","0","0","0","N","0","0","0","3","36404","0","","1","01","N","N","0","","0","0","0","0","0","N","1858","0","2","0","0","0","0","0","3","0","0","N","","","","","","","","","","","","03","03","","",""
"0620","2","0","0","0","0","0","0","0","0","1","0","","36","10","2019","2019113826","5","40.0339","-75.9867","0609","08","0","1","0","0","0","0","0","0","2","0","0","0","06","2","0","00","2","40 02:02.110","6","07","75 59:12.089","0","0","0","0","36232","0","0","0","N","0","0","0","3","68J01","0","","1","09","N","N","0","","0","0","0","0","0","Y","0602","0","2","0","0","0","0","0","1","0","2","N","","","","","","","","","","","","07","  ","","",""
"2140","2","0","0","0","0","0","0","0","0","4","0","","36","10","2019","2019113827","6","39.9615","-76.1028","2136","08","0","0","0","0","0","0","0","1","2","0","0","0","21","2","0","01","1","39 57:41.266","5","00","76 06:10.058","0","0","0","0","36226","0","0","0","N","0","0","0","2","68J01","0","","1","01","N","N","0","","0","0","0","3","3","N","2132","0","2","0","0","0","0","0","1","0","2","N","","","","","","","","","","","","03","  ","","",""
"0121","1","0","0","0","0","0","0","0","0","7","0","","36","10","2019","2019113829","2","40.1207","-75.9164","0033","08","0","0","1","0","0","0","0","0","","0","0","0","00","2","0","02","0","40 07:14.427","","00","75 54:59.193","0","0","0","0","36203","0","0","0","N","0","0","0","1","68J01","0","","4","09","N","N","0","","0","0","0","0","0","","0030","0","1","0","0","1","0","0","1","0","1","N","","","","","","","","","","","","03","  ","","",""
"0248","1","0","0","0","0","0","0","0","0","7","0","","36","10","2019","2019113830","3","40.2259","-76.0593","0229","08","0","0","0","0","0","0","0","0","","0","0","0","02","2","0","00","0","40 13:33.141","","00","76 03:33.366","0","0","0","0","36202","0","0","0","N","0","0","0","1","68J01","0","","4","09","N","N","0","","0","0","0","0","0","","0228","0","1","0","0","0","0","0","1","0","1","N","","","","","","","","","","","","07","  ","","",""
"2310","1","0","0","0","0","0","0","0","0","7","0","","36","10","2019","2019113836","3","39.7732","-76.0732","2259","08","0","0","0","0","0","0","0","0","","0","0","0","22","2","0","00","0","39 46:23.415","","00","76 04:23.384","0","0","0","0","36222","0","0","0","N","0","0","0","1","68J01","0","","4","01","N","N","0","","0","0","0","0","0","","2204","0","1","0","0","0","0","0","1","0","1","N","","","","","","","","","","","","03","  ","","",""
"0445","1","0","0","0","0","0","0","0","0","7","0","","36","10","2019","2019113839","4","40.201","-76.0173","0418","08","0","0","0","0","0","0","0","0","","0","0","0","04","3","0","01","0","40 12:03.549","","00","76 01:02.353","9","0","0","0","36202","0","0","0","N","0","0","0","1","68J01","0","","5","01","N","N","0","","0","0","0","0","0","","0415","0","1","0","0","0","0","1","1","0","1","N","","","","","","","","","","","","05","  ","","",""
"1631","0","0","0","0","0","0","0","0","0","7","0","","36","10","2019","2019113845","7","39.9024","-76.3268","1604","08","0","0","0","0","0","0","0","0","2","0","1","0","16","1","0","00","1","39 54:08.503","2","00","76 19:36.328","0","0","0","0","36224","0","0","0","N","0","0","0","2","68J01","0","","4","09","N","N","0","","0","0","0","0","0","N","1601","0","1","0","0","0","0","0","1","0","1","N","","","","","","","","","","","","07","  ","","",""
"0044","0","0","0","0","0","0","0","0","0","9","0","","36","11","2019","2019113857","4","39.9168","-76.2453","0044","08","0","0","0","0","0","0","0","0","","0","0","0","00","2","0","00","0","39 55:00.322","","00","76 14:43.106","0","0","0","0","36229","0","0","0","N","0","0","0","1","68J01","0","","1","01","N","N","0","","0","0","1","0","0","","0044","0","1","0","0","0","0","0","1","0","1","N","","","","","","","","","","","","03","  ","","",""
"0608","0","0","0","0","0","0","0","0","0","7","0","","36","11","2019","2019113969","3","40.0391","-76.4325","0601","08","0","0","0","0","0","0","0","0","","0","0","","05","1","0","00","2","40 02:20.918","6","00","76 25:56.838","9","0","0","0","36414","0","0","0","N","0","0","0","1","36239","0","","2","01","","","0","","0","0","0","0","0","Y","0558","0","3","0","0","0","0","0","3","0","0","N","","","","","","","","","","","0633","03","03","","",""
"1642","0","0","0","0","0","0","0","0","0","6","1","","36","11","2019","2019114012","3","40.0487","-76.4804","1637","08","0","0","0","0","0","0","0","0","","1","1","0","16","1","0","00","2","40 02:55.305","6","00","76 28:49.265","1","0","0","0","36239","0","0","0","N","0","0","0","3","36239","0","2","1","01","N","N","0","0","0","0","1","0","0","Y","1636","0","2","0","0","1","0","0","3","0","2","N","","","","","","","","","","","2137","03","  ","","",""
"1554","1","0","0","0","0","0","0","0","0","4","0","","36","10","2019","2019114134","4","40.0393","-76.3616","1544","08","0","0","0","0","0","1","0","0","2","0","0","0","15","1","1","00","1","40 02:21.341","4","00","76 21:41.842","3","0","0","0","36214","0","0","0","N","0","0","0","2","36214","0","","1","01","N","N","1","","1","0","0","0","0","N","1540","1","2","0","0","0","0","0","3","0","2","N","","","","","","","","","","","","03","  ","","",""
"1803","0","0","0","0","0","0","0","0","0","4","0","","36","11","2019","2019114135","6","40.1129","-76.3778","1757","08","0","0","0","0","0","1","0","0","1","0","0","","17","2","2","02","1","40 06:46.374","3","00","76 22:40.176","3","0","0","0","36214","0","0","0","N","0","0","0","2","36214","1","","1","01","N","N","0","","1","0","0","3","3","N","1755","2","2","0","0","0","0","0","3","0","0","N","","","","","","","","","","","","03","  ","","",""
"1140","3","0","0","0","0","0","0","0","0","6","0","","36","11","2019","2019114136","7","40.1621","-76.2743","1139","08","0","0","0","0","1","0","0","0","2","0","0","0","11","1","1","02","2","40 09:43.419","1","00","76 16:27.573","3","0","0","0","36235","0","0","0","N","0","0","0","4","36506","0","","1","01","N","N","0","","1","0","0","0","0","Y","1139","1","3","0","0","0","0","0","1","0","3","N","","","","","","","","","","","","03","  ","","",""
"0739","1","0","0","0","0","0","0","0","0","1","1","","36","11","2019","2019114295","3","40.0625","-76.5416","0729","08","0","1","0","0","0","1","0","0","","0","1","0","07","1","0","00","1","40 03:45.108","2","00","76 32:29.646","0","0","0","0","36211","0","0","0","N","0","0","0","2","36504","0","","1","01","N","N","0","","0","0","0","0","0","N","0727","0","2","0","0","0","0","0","1","0","2","N","","","","","","","","","","","0816","03","  ","","",""
"0857","0","0","0","0","0","0","0","0","0","4","0","","36","10","2019","2019114304","2","40.0241","-76.316","0853","08","0","0","0","0","0","0","0","0","","0","0","","08","1","0","01","0","40 01:26.922","","00","76 18:57.776","9","0","0","0","36301","0","0","0","N","0","0","0","2","36301","0","","1","01","Y","N","0","","0","0","0","3","2","N","0853","0","2","0","0","0","0","0","3","0","0","N","","","","","","","","","","","","03","  ","","",""
"1600","2","0","0","0","0","0","0","0","0","4","0","","36","11","2019","2019114323","7","40.0406","-76.2954","1532","08","0","0","0","0","1","0","1","0","","0","0","0","15","1","0","01","1","40 02:26.313","4","00","76 17:43.349","0","0","0","0","36301","0","0","0","N","0","0","0","2","36301","0","","1","01","N","N","0","","0","0","0","3","2","N","1532","0","2","0","0","0","0","0","3","0","2","N","","","","","","","","","","","1649","03","  ","","",""
"0705","0","0","0","0","0","0","0","0","0","8","0","","36","10","2019","2019114332","5","40.0389","-76.2971","0702","08","0","0","0","0","0","0","0","0","","0","0","","06","3","1","01","2","40 02:20.039","3","00","76 17:49.619","9","0","0","0","36301","0","0","0","N","0","0","0","2","36301","0","","1","09","N","N","0","","0","0","0","3","2","N","0658","0","2","0","0","0","0","0","3","0","0","N","","","","","","","","","","","0745","07","  ","","",""
"1854","1","0","0","0","0","0","0","0","0","7","0","","36","10","2019","2019114359","5","40.1047","-76.139","1826","08","0","0","0","0","0","0","0","0","","0","0","0","18","4","0","00","0","40 06:16.807","","00","76 08:20.366","0","0","0","0","36238","0","0","0","N","0","0","0","1","36238","0","","4","01","N","N","0","","0","0","0","0","0","","1825","0","1","0","0","0","0","0","3","0","1","N","","","","","","","","","","","","03","03","","",""
"1606","1","0","0","0","0","0","0","0","0","4","1","","36","10","2019","2019114477","5","40.1284","-76.2158","1600","08","0","0","0","0","0","1","0","0","","0","1","0","16","1","1","02","1","40 07:42.300","1","02","76 12:56.814","3","0","0","0","36238","0","0","0","N","0","0","0","2","36238","0","","1","01","N","N","0","","1","0","0","3","2","N","1600","1","2","0","0","0","0","0","3","0","2","N","","","","","","","","","","","1630","03","03","","",""
"1258","2","0","0","0","0","0","0","0","0","1","0","","36","11","2019","2019114486","6","40.168","-76.1989","1256","08","0","0","1","0","0","0","0","1","","0","0","0","12","1","0","00","1","40 10:04.734","1","00","76 11:56.014","0","0","0","0","36408","0","0","0","N","0","0","0","3","36408","0","","1","01","N","N","0","","0","0","1","0","0","N","1255","0","3","0","0","0","0","0","2","0","3","N","","","","","","","","","","","1310","03","  ","","",""
"1326","0","0","0","0","0","0","0","0","0","1","0","","36","11","2019","2019114520","3","40.0671","-76.3155","1320","08","0","0","0","0","0","0","0","0","","0","0","","13","1","0","00","0","40 04:01.519","","00","76 18:55.878","0","0","0","0","36101","0","0","0","N","0","0","0","2","36101","0","","1","01","N","N","0","","0","0","0","0","0","","1315","0","2","0","0","0","0","0","3","0","0","N","","","","","","","","","","","","03","  ","","",""
"0909","0","0","0","0","0","0","0","0","0","1","0","","36","11","2019","2019114521","6","40.0747","-76.3368","0901","08","0","0","0","0","0","0","0","0","1","0","0","0","08","1","1","00","1","40 04:29.093","2","00","76 20:12.481","3","0","0","0","36101","0","0","0","N","0","0","0","2","36101","0","","1","01","N","N","0","","1","0","2","0","0","N","0859","1","2","0","0","0","0","0","3","0","2","N","","","","","","","","","","","","10","  ","","",""
"1324","0","0","0","1","0","0","0","0","0","4","0","","36","11","2019","2019114522","6","40.1051","-76.3418","1313","08","0","0","0","0","0","0","0","1","","0","0","0","13","1","1","03","0","40 06:18.315","","00","76 20:30.622","3","0","0","0","36406","1","0","0","N","0","0","0","2","36101","0","","1","01","N","N","0","","1","0","1","3","3","","1312","1","2","0","0","0","0","0","3","0","1","N","","","","","","","","","","","","03","  ","","",""
"1657","0","0","0","0","0","0","0","0","0","1","0","","36","11","2019","2019114523","6","40.0379","-76.2743","1645","08","0","0","1","0","0","1","0","0","2","0","0","0","16","4","3","00","1","40 02:16.486","3","00","76 16:27.496","3","0","0","0","36220","0","0","0","N","0","0","0","4","36101","0","","1","01","N","N","0","","1","0","2","0","0","N","1642","3","3","0","0","0","2","0","3","1","3","N","","","","","","","","","","","","03","  ","","",""
"1819","1","0","0","0","0","0","0","0","0","4","0","","36","11","2019","2019114524","7","40.0756","-76.3369","1814","08","0","0","1","0","0","0","0","0","","0","0","0","17","3","0","01","0","40 04:31.844","","00","76 20:13.046","0","0","0","0","36101","0","0","0","N","0","0","0","3","36101","0","","1","01","N","N","0","","0","0","1","3","2","","1759","0","2","0","0","0","0","0","3","0","2","N","","","","","","","","","","","","03","  ","","",""
"1042","0","0","0","0","0","0","0","0","0","4","0","","36","10","2019","2019114525","4","40.038","-76.3446","1028","08","0","0","0","0","0","1","0","0","","0","0","","10","1","1","00","0","40 02:16.790","","07","76 20:40.605","3","0","0","0","36223","0","0","0","N","0","0","0","2","36214","0","","1","01","N","N","0","","1","0","0","0","0","","1025","1","2","0","0","0","0","0","1","0","0","N","","","","","","","","","","","","03","  ","","",""
"0645","1","0","0","0","0","0","0","0","0","1","0","","36","11","2019","2019114526","2","40.1001","-76.4152","0637","08","0","0","0","0","0","1","0","0","","0","0","0","06","5","0","00","0","40 06:00.500","","00","76 24:54.807","0","0","0","0","36214","0","0","0","N","0","0","0","2","36214","0","","1","01","N","N","0","","0","0","1","0","0","","0635","0","2","0","0","0","0","0","3","0","2","N","","","","","","","","","","","","03","  ","","",""
"1745","1","0","0","0","0","0","0","0","0","1","0","","36","11","2019","2019114527","2","40.0725","-76.3518","1737","08","0","0","0","0","0","0","0","0","1","0","0","0","17","2","0","00","1","40 04:21.155","2","00","76 21:06.596","0","0","0","0","36214","0","0","0","N","0","0","0","2","36214","0","","1","01","N","N","0","","0","0","1","0","0","N","1735","0","2","0","0","0","0","0","3","0","2","N","","","","","","","","","","","","03","  ","","",""
"1502","1","0","0","0","0","0","0","0","0","7","0","","36","11","2019","2019114528","3","40.0793","-76.352","1458","08","0","0","0","0","0","0","0","0","","0","0","0","14","1","0","02","0","40 04:45.580","","00","76 21:07.289","0","0","0","0","36214","0","0","0","N","0","0","0","1","36214","0","","5","01","N","N","0","","0","0","0","0","0","","1456","0","1","0","0","0","0","0","3","0","1","N","","","","","","","","","","","","03","  ","","",""
"2040","0","0","0","0","0","0","0","0","0","4","0","","36","11","2019","2019114529","7","40.1233","-76.3753","2033","08","0","0","0","0","0","0","0","0","","0","0","","20","3","1","01","0","40 07:23.702","","00","76 22:31.147","4","0","0","0","36214","0","0","0","N","0","0","0","3","36214","1","","1","01","N","N","0","","0","0","0","3","3","","2030","1","2","0","0","1","0","0","3","0","0","N","","","","","","","","","","","","03","  ","","",""
"1333","0","0","0","0","0","0","0","0","0","7","0","","36","11","2019","2019114530","2","40.0129","-76.3753","1323","08","0","0","0","0","0","0","1","0","2","0","0","0","13","1","0","00","1","40 00:46.440","5","00","76 22:30.960","0","0","0","0","36223","0","0","0","N","0","0","0","1","36223","0","","5","01","N","N","0","","0","0","1","0","0","N","1323","0","1","0","0","0","0","0","1","0","1","N","","","","","","","","","","","","03","  ","","",""
"0823","1","0","0","0","0","0","0","0","0","7","0","","36","11","2019","2019114531","5","40.0113","-76.4324","0812","08","0","0","0","0","0","0","0","0","9","0","0","0","23","2","0","00","0","40 00:40.510","","00","76 25:56.559","0","0","0","0","36223","0","0","0","N","0","0","0","1","36223","0","","5","09","N","N","0","","0","0","0","0","0","","2330","0","1","0","0","0","0","0","1","0","1","N","","","","","","","","","","","","07","05","","",""
"1910","1","0","0","0","0","0","0","0","0","7","0","","36","11","2019","2019114544","7","40.1202","-76.0179","1906","08","0","0","1","0","0","0","0","0","","0","0","0","18","2","0","00","1","40 07:12.678","3","00","76 01:04.271","0","0","0","0","36213","0","0","0","N","0","0","0","5","36213","0","","5","01","N","N","0","","0","0","0","0","0","N","1850","0","1","0","0","0","0","0","1","0","1","N","","","","","","","","","","","2000","04","  ","","",""
"1238","0","0","0","0","0","0","0","0","0","7","0","","36","10","2019","2019114550","5","40.143","-76.1968","1232","08","0","0","0","0","0","0","0","0","","0","0","","12","1","0","00","0","40 08:34.821","","00","76 11:48.313","9","0","0","0","36238","0","0","0","N","0","0","0","1","36238","0","","3","01","N","N","0","","0","0","0","0","0","","1230","0","1","0","0","0","0","0","3","0","0","N","","","","","","","","","","","","03","03","","",""
"0325","0","0","0","0","0","0","0","0","0","7","0","","36","11","2019","2019114598","3","40.1665","-76.1633","0325","08","0","0","0","0","0","0","0","0","","0","0","0","03","3","1","00","1","40 09:59.344","6","00","76 09:47.844","2","0","1","1","36218","0","0","0","N","0","0","0","1","36408","0","","5","01","N","N","0","","0","1","0","0","0","Y","0322","1","1","0","0","0","0","0","1","0","1","N","","","","","","","","","","","0900","03","03","","",""
"1840","0","0","0","0","0","0","0","0","0","7","0","","36","11","2019","2019114611","1","40.1831","-76.192","1837","08","0","0","0","0","0","0","0","0","","0","0","","18","3","2","00","2","40 10:59.127","2","00","76 11:31.315","9","0","0","0","36408","0","0","0","N","0","0","0","2","36408","0","","5","01","N","N","0","","0","0","0","0","0","Y","1835","0","1","0","0","0","0","0","2","0","0","N","","","","","","","","","","","1925","03","03","","",""
"0409","0","0","0","0","0","0","0","0","0","5","0","","36","11","2019","2019114623","1","40.0277","-76.3058","0405","08","0","0","0","0","0","0","0","0","","0","0","","04","3","0","00","1","40 01:39.629","2","00","76 18:20.830","9","0","0","0","36301","0","0","0","N","0","0","0","1","36301","0","","6","01","N","N","0","","0","0","0","0","0","N","0401","0","5","0","0","0","0","0","3","0","0","N","","","","","","","","","","","0514","03","  ","","",""
"2207","2","0","0","0","0","0","0","0","0","4","0","","36","11","2019","2019114626","1","40.1828","-76.1846","2206","08","0","0","0","0","0","0","0","0","","0","0","0","22","3","0","02","0","40 10:58.188","","00","76 11:04.638","0","0","0","0","36408","0","0","0","N","0","0","0","4","36408","0","","1","01","N","N","0","","0","0","0","3","2","","2204","0","2","0","0","0","0","0","2","0","2","N","","","","","","","","","","","","03","  ","","",""
"2155","0","0","0","0","0","0","0","0","0","5","0","","36","11","2019","2019114635","1","40.1941","-76.1987","2151","08","0","0","0","0","0","0","0","0","","0","0","","21","3","0","01","0","40 11:38.711","","00","76 11:55.459","9","0","0","0","36408","0","0","0","N","0","0","0","2","36408","0","","1","01","N","N","0","","0","0","0","3","2","","2145","0","2","0","0","0","0","0","2","0","0","N","","","","","","","","","","","","03","03","","",""
"1907","2","0","0","0","0","0","0","0","0","4","0","","36","11","2019","2019114889","2","40.0561","-76.3056","1904","08","0","1","0","0","0","0","1","0","1","0","0","0","19","3","0","01","1","40 03:21.862","2","00","76 18:20.114","0","0","0","0","36101","0","0","0","N","0","0","0","2","36101","0","","1","01","N","N","0","","0","0","0","3","2","N","1901","0","2","0","0","0","0","0","3","0","2","N","","","","","","","","","","","","03","  ","","",""
"1118","1","0","0","0","0","0","0","0","0","4","0","","36","11","2019","2019114890","5","40.0601","-76.3201","1107","08","0","0","0","0","0","0","1","0","3","0","0","0","11","1","0","01","2","40 03:36.237","1","00","76 19:12.209","0","0","0","0","36101","0","0","0","N","0","0","0","2","36101","0","","1","01","N","N","0","","0","0","1","3","2","N","1103","0","2","0","0","0","0","0","3","0","2","N","","","","","","","","","","","","07","  ","","",""
"0004","0","0","0","0","0","0","0","0","0","7","0","","36","11","2019","2019114891","3","40.0723","-76.3669","0001","08","0","0","0","0","0","0","0","0","","0","0","0","23","2","0","02","0","40 04:20.336","","00","76 22:00.894","0","0","0","0","36214","0","0","0","N","0","0","0","1","36214","0","","2","01","N","N","0","","0","0","1","0","0","","2356","0","1","0","0","0","0","0","3","0","1","N","","","","","","","","","","","","03","  ","","",""
"0633","1","0","0","0","0","0","0","0","0","9","0","","36","11","2019","2019114892","2","40.0527","-76.3816","0616","08","0","0","0","0","0","1","0","0","","0","0","0","06","2","0","00","0","40 03:09.615","","00","76 22:53.585","0","0","0","0","36214","0","0","0","N","0","0","0","1","36214","0","","1","01","N","N","0","","0","0","0","0","0","","0614","0","1","0","0","0","0","0","3","0","1","N","","","","","","","","","","","","03","  ","","",""
"1800","1","0","0","0","0","0","0","0","0","4","0","","36","11","2019","2019114893","4","40.009","-76.4293","1749","08","0","0","0","1","0","0","0","0","3","0","0","0","17","2","2","01","2","40 00:32.544","7","00","76 25:45.623","8","0","0","0","36223","0","0","0","N","0","0","0","3","36223","0","","1","01","N","N","0","","0","0","1","3","3","Y","1746","2","2","0","0","0","2","1","1","0","2","N","","","","","","","","","","","","03","  ","","",""
"2230","0","0","0","0","0","0","0","0","0","8","0","","36","10","2019","2019114894","7","40.2034","-76.2109","2226","08","0","0","0","0","0","0","0","0","2","0","0","0","22","2","1","00","2","40 12:12.099","6","00","76 12:39.301","2","0","0","0","36204","1","0","1","N","1","0","1","2","36506","0","","1","01","N","N","0","","0","1","0","0","0","Y","2226","1","2","0","0","0","0","0","1","1","1","N","","","","","","","","","","","","03","  ","","",""
"1604","0","0","0","0","0","0","0","0","0","1","0","","36","11","2019","2019114895","7","40.1668","-76.2917","1558","08","0","0","0","0","0","0","0","0","1","0","0","","15","1","1","02","1","40 10:00.616","3","00","76 17:30.030","9","0","0","0","36235","0","0","0","N","0","0","0","2","36506","0","","1","01","N","N","0","","0","0","0","0","0","N","1558","0","2","0","0","0","0","0","1","0","0","N","","","","","","","","","","","","03","  ","","",""
"1750","0","0","0","0","0","0","0","0","0","9","0","","36","11","2019","2019114896","6","40.1361","-76.3326","1742","08","0","0","0","0","0","0","0","0","","0","0","","17","2","1","00","0","40 08:09.986","","00","76 19:57.344","9","0","0","0","36227","0","0","0","N","0","0","0","1","36506","0","","1","01","N","N","0","","0","0","0","0","0","","1741","0","1","0","0","0","0","0","1","0","0","N","","","","","","","","","","","","03","  ","","",""
"1816","1","0","0","1","0","0","0","0","0","6","0","","36","11","2019","2019114897","7","40.1539","-76.2815","1809","08","0","0","0","0","0","0","1","0","","0","0","0","18","2","1","00","0","40 09:13.890","","00","76 16:53.440","3","0","0","0","36235","1","0","0","N","0","0","0","2","36506","0","","1","01","N","N","0","","1","0","0","0","0","","1808","1","2","0","0","0","0","0","1","0","1","N","","","","","","","","","","","","03","  ","","",""
"0320","0","0","0","0","0","0","0","0","0","7","0","","36","11","2019","2019114898","1","40.147","-76.2323","0315","08","0","0","0","0","0","0","0","0","","0","0","0","03","2","0","00","0","40 08:49.289","","00","76 13:56.454","0","0","0","0","36235","0","0","0","N","0","0","0","1","36506","0","","4","01","N","N","0","","0","0","1","0","0","","0311","0","1","0","0","0","0","0","1","0","1","N","","","","","","","","","","","","03","  ","","",""
"1304","0","0","0","0","0","0","0","0","0","7","0","","36","11","2019","2019114948","2","39.9991","-76.2647","1259","08","0","0","0","0","0","1","0","0","","0","0","0","12","1","0","03","0","39 59:56.924","","03","76 15:52.767","0","0","0","0","36240","0","0","0","N","0","0","0","2","36240","0","","2","01","N","N","0","","0","0","1","3","3","","1259","0","1","0","0","0","0","0","1","0","1","N","","","","","","","","","","","","03","  ","","",""
"1806","1","0","0","0","0","0","0","0","0","4","0","","36","11","2019","2019114955","2","40.1297","-76.7137","1744","08","0","0","0","0","0","0","0","0","","0","0","0","17","3","0","01","0","40 07:46.797","","00","76 42:49.338","0","0","0","0","36207","0","0","0","N","0","0","0","2","36504","0","","1","01","N","N","0","","0","0","1","3","3","","1743","0","2","0","0","0","0","0","1","0","2","N","","","","","","","","","","","","03","  ","","",""
"1813","1","0","1","0","0","0","0","0","0","1","0","","36","10","2019","2019115043","4","40.1371","-76.582","1808","08","0","0","0","0","0","0","0","0","","0","0","0","17","3","3","00","1","40 08:13.567","1","00","76 34:55.115","2","0","0","0","36225","0","0","0","N","0","0","0","3","36505","0","","1","01","N","N","0","","2","1","2","0","0","N","1752","3","3","0","0","0","0","0","2","0","3","N","","","","","","","","","","","1837","03","03","","",""
"0115","0","0","0","0","0","0","0","0","0","7","0","","36","11","2019","2019115083","6","40.0468","-76.4134","0110","08","0","0","0","0","0","0","0","0","","0","0","","01","2","2","00","2","40 02:48.322","3","00","76 24:48.167","9","0","0","0","36239","0","0","0","Y","0","0","0","3","36239","0","","2","01","N","N","0","","0","0","0","0","0","N","0110","0","3","0","0","0","0","0","3","0","0","N","","","","","","","","","","","0000","03","03","","",""
"2159","0","0","0","0","0","0","0","0","0","7","0","","36","11","2019","2019115089","5","40.0592","-76.4624","2154","08","0","0","0","0","0","0","0","0","","0","0","0","21","2","0","00","2","40 03:33.153","5","00","76 27:44.781","0","0","0","0","36239","0","0","0","N","0","0","0","1","36239","0","","5","09","N","","0","","0","0","1","3","8","Y","2154","0","1","0","0","1","0","0","3","0","1","N","","","","","","","","","","","2200","04","07","","",""
"1551","2","0","0","0","0","0","0","0","0","1","0","","36","10","2019","2019115254","3","40.04","-76.3016","1511","08","0","0","0","0","0","0","0","0","","0","0","0","15","1","0","00","0","40 02:24.078","","00","76 18:05.922","0","0","0","0","36301","0","0","0","N","0","0","0","2","36301","0","","1","01","N","N","0","","0","0","0","0","0","N","1511","0","2","0","0","0","0","0","3","0","2","N","","","","","","","","","","","","03","03","","",""
"1527","0","0","0","0","0","0","0","0","0","7","0","","36","11","2019","2019115364","1","40.224","-76.4209","1507","08","0","0","0","0","0","0","0","0","","0","0","0","15","1","0","00","0","40 13:26.387","","00","76 25:15.099","0","0","0","0","36230","0","0","0","N","0","0","0","2","68T06","0","","5","98","N","N","0","","0","0","1","0","0","","1506","0","1","0","0","0","0","0","1","0","1","N","","","","","","","","","","","","03","  ","","",""
"1424","0","0","0","0","0","0","0","0","0","4","0","","36","11","2019","2019115445","1","40.1145","-76.2443","1357","08","0","0","0","0","0","0","1","1","2","0","0","","13","1","4","00","2","40 06:52.033","2","00","76 14:39.329","4","0","0","0","36101","0","0","0","N","0","0","0","4","36101","4","","1","01","N","N","0","","0","0","0","0","0","N","1355","4","2","0","0","0","0","0","3","0","0","N","","","","","","","","","","","","03","  ","","",""
"1749","0","0","0","0","0","0","0","0","0","2","0","","36","11","2019","2019115446","5","40.0554","-76.3983","1741","08","0","0","0","0","0","0","0","0","","0","0","0","17","3","0","01","0","40 03:19.364","","00","76 23:53.869","0","0","0","0","36214","0","0","0","N","0","0","0","2","36214","0","","1","09","N","N","1","","0","0","1","3","2","","1738","0","2","0","0","0","0","0","3","0","2","N","","","","","","","","","","","","03","  ","","",""