"ARRIVAL_TM","AUTOMOBILE_COUNT","BELTED_DEATH_COUNT","BELTED_SUSP_SERIOUS_INJ_COUNT","BICYCLE_COUNT","BICYCLE_DEATH_COUNT","BICYCLE_SUSP_SERIOUS_INJ_COUNT","BUS_COUNT","CHLDPAS_DEATH_COUNT","CHLDPAS_SUSP_SERIOUS_INJ_COUNT","COLLISION_TYPE","COMM_VEH_COUNT","CONS_ZONE_SPD_LIM","COUNTY","CRASH_MONTH","CRASH_YEAR","CRN","DAY_OF_WEEK","DEC_LAT","DEC_LONG","DISPATCH_TM","DISTRICT","DRIVER_COUNT_16YR","DRIVER_COUNT_17YR","DRIVER_COUNT_18YR","DRIVER_COUNT_19YR","DRIVER_COUNT_20YR","DRIVER_COUNT_50_64YR","DRIVER_COUNT_65_74YR","DRIVER_COUNT_75PLUS","EST_HRS_CLOSED","FATAL_COUNT","HEAVY_TRUCK_COUNT","HORSE_BUGGY_COUNT","HOUR_OF_DAY","ILLUMINATION","INJURY_COUNT","INTERSECT_TYPE","LANE_CLOSED","LATITUDE","LN_CLOSE_DIR","LOCATION_TYPE","LONGITUDE","MAX_SEVERITY_LEVEL","MCYCLE_DEATH_COUNT","MCYCLE_SUSP_SERIOUS_INJ_COUNT","MOTORCYCLE_COUNT","MUNICIPALITY","NONMOTR_COUNT","NONMOTR_DEATH_COUNT","NONMOTR_SUSP_SERIOUS_INJ_COUNT","NTFY_HIWY_MAINT","PED_COUNT","PED_DEATH_COUNT","PED_SUSP_SERIOUS_INJ_COUNT","PERSON_COUNT","POLICE_AGCY","POSSIBLE_INJ_COUNT","RDWY_SURF_TYPE_CD","RELATION_TO_ROAD","ROAD_CONDITION","SCH_BUS_IND","SCH_ZONE_IND","SMALL_TRUCK_COUNT","SPEC_JURIS_CD","SUSP_MINOR_INJ_COUNT","SUSP_SERIOUS_INJ_COUNT","SUV_COUNT","TCD_FUNC_CD","TCD_TYPE","TFC_DETOUR_IND","TIME_OF_DAY","TOT_INJ_COUNT","TOTAL_UNITS","UNB_DEATH_COUNT","UNB_SUSP_SERIOUS_INJ_COUNT","UNBELTED_OCC_COUNT","UNK_INJ_DEG_COUNT","UNK_INJ_PER_COUNT","URBAN_RURAL","VAN_COUNT","VEHICLE_COUNT","WORK_ZONE_IND","WORK_ZONE_LOC","WORK_ZONE_TYPE","WORKERS_PRES","WZ_CLOSE_DETOUR","WZ_FLAGGER","WZ_LAW_OFFCR_IND","WZ_LN_CLOSURE","WZ_MOVING","WZ_OTHER","WZ_SHLDER_MDN","ROADWAY_CLEARED","WEATHER1","WEATHER2","WZ_WORKERS_INJ_KILLED","SECONDARY_CRASH","INTERSECTION_RELATED"
"1749","0","0","0","0","0","0","0","0","0","4","0","","36","11","2019","2019115447","3","40.0776","-76.2587","1744","08","0","0","0","0","0","1","0","0","2","0","0","0","17","3","0","02","1","40 04:39.294","6","00","76 15:31.416","0","0","0","0","36215","0","0","0","N","0","0","0","2","36215","0","","1","01","N","N","0","","0","0","2","3","3","N","1740","0","2","0","0","0","0","0","1","0","2","N","","","","","","","","","","","","03","  ","","",""
"2110","0","0","0","0","0","0","0","0","0","6","0","","36","11","2019","2019115651","3","40.1655","-76.1596","2108","08","0","0","0","0","0","0","0","0","","0","0","","21","2","0","01","0","40 09:55.667","","00","76 09:34.569","9","0","0","0","36218","0","0","0","N","0","0","0","4","36408","0","","1","01","N","N","0","","0","0","0","3","2","","2107","0","2","0","0","0","0","0","1","0","0","N","","","","","","","","","","","","03","  ","","",""
"1419","0","0","0","0","0","0","0","0","0","2","0","","36","11","2019","2019115663","3","40.114","-76.5207","1439","08","0","0","0","0","0","0","0","0","","0","0","","14","1","0","01","0","40 06:50.558","","00","76 31:14.611","9","0","0","0","36413","0","0","0","N","0","0","0","2","36413","0","","1","01","N","N","0","","0","0","0","3","2","","1417","0","2","0","0","0","0","0","2","0","0","N","","","","","","","","","","","","03","  ","","",""
"2252","0","0","0","0","0","0","0","0","0","7","0","","36","11","2019","2019115694","4","40.1294","-76.5006","2245","08","0","0","0","0","0","0","0","0","","0","0","","22","2","1","00","2","40 07:45.899","3","03","76 30:02.177","9","0","0","0","36225","0","0","0","N","0","0","0","1","36505","0","","3","01","N","N","0","","0","0","0","0","0","N","2250","0","1","0","0","0","0","0","2","0","0","N","","","","","","","","","","","2345","03","  ","","",""
"1941","3","0","1","0","0","0","0","0","0","5","0","","36","11","2019","2019115773","3","","","1936","08","0","0","0","0","0","1","0","0","","0","0","0","19","2","2","00","2","","4","03","","2","0","0","0","36239","0","0","0","Y","0","0","0","7","36239","0","","1","01","N","N","0","","1","1","2","0","0","N","1936","2","5","0","0","2","0","0","3","0","5","N","","","","","","","","","","","2050","03","03","","",""
"1632","1","0","0","0","0","0","0","0","0","5","0","","36","11","2019","2019116005","2","40.0372","-76.2638","1624","08","0","0","0","0","0","1","0","1","","0","0","0","16","1","0","00","0","40 02:14.067","","00","76 15:49.746","0","0","0","0","36215","0","0","0","N","0","0","0","3","36215","0","","1","01","N","N","1","","0","0","0","0","0","","1619","0","2","0","0","0","0","0","1","0","2","N","","","","","","","","","","","","03","  ","","",""
"0949","0","0","0","0","0","0","0","0","0","0","0","","36","11","2019","2019116038","4","40.1245","-76.0533","0941","08","0","0","0","0","0","0","0","0","","0","0","","09","1","1","00","0","40 07:28.300","","00","76 03:12.000","9","0","0","0","36213","0","0","0","N","0","0","0","2","36213","0","","5","01","N","N","0","","0","0","0","0","0","","0939","0","1","0","0","0","0","0","1","0","0","N","","","","","","","","","","","","03","  ","","",""
"0148","0","0","0","0","0","0","0","0","0","7","1","55","36","10","2019","2019116068","4","40.2245","-76.0995","0133","08","0","0","0","0","0","1","0","0","","0","1","0","01","2","1","00","0","40 13:28.339","","00","76 05:58.111","3","0","0","0","36210","0","0","0","N","0","0","0","1","68T06","0","","4","01","N","N","0","","1","0","0","3","8","","0131","1","1","0","0","0","0","0","1","0","1","Y","2","2","Y","N","N","Y","Y","N","N","N","","03","  ","","",""
"2150","0","0","0","0","0","0","0","0","0","9","0","","36","10","2019","2019116085","5","40.0579","-76.0567","2128","08","0","0","0","0","0","1","0","0","","0","0","0","21","2","0","00","0","40 03:28.470","","00","76 03:24.219","0","0","0","0","36221","0","0","0","N","0","0","0","1","68J01","0","","1","09","N","N","0","","0","0","1","0","0","","2116","0","1","0","0","0","0","0","1","0","1","N","","","","","","","","","","","","07","  ","","",""
"0837","0","0","0","0","0","0","0","0","0","4","0","","36","11","2019","2019116096","3","39.9794","-76.3529","0824","08","0","0","0","0","1","0","1","0","","0","0","0","08","1","0","00","0","39 58:45.977","","00","76 21:10.588","0","0","0","0","36206","0","0","0","N","0","0","0","2","68J01","0","","1","01","N","N","0","","0","0","2","0","0","","0823","0","2","0","0","0","0","0","1","0","2","N","","","","","","","","","","","","03","  ","","",""
"1142","0","0","0","0","0","0","0","0","0","7","0","","36","11","2019","2019116098","3","39.9452","-76.3675","1117","08","0","0","0","0","0","0","0","1","","0","0","0","11","1","0","00","0","39 56:42.578","","00","76 22:03.059","0","0","0","0","36206","0","0","0","N","0","0","0","1","68J01","0","","4","01","N","N","0","","0","0","1","0","0","","1115","0","1","0","0","0","0","0","1","0","1","N","","","","","","","","","","","","03","  ","","",""
"2245","1","0","0","0","0","0","0","0","0","4","0","","36","11","2019","2019116127","7","40.034","-76.0091","2231","08","0","1","0","0","0","0","0","0","3","0","0","0","22","2","1","02","2","40 02:02.329","6","00","76 00:32.617","3","0","0","0","36232","0","0","0","N","0","0","0","6","68J01","0","","1","01","N","N","1","","1","0","0","3","3","Y","2225","1","2","0","0","4","0","0","1","0","2","N","","","","","","","","","","","","03","  ","","",""
"1553","2","0","0","0","0","0","0","0","0","1","0","","36","10","2019","2019116212","5","40.0071","-76.3622","1551","08","0","0","0","0","0","0","1","0","","0","0","0","15","1","1","00","0","40 00:25.621","","00","76 21:43.764","3","0","0","0","36412","0","0","0","N","0","0","0","2","36412","0","","1","09","N","N","0","","1","0","0","0","0","","1551","1","2","0","0","0","0","0","3","0","2","N","","","","","","","","","","","","04","  ","","",""
"2300","1","0","0","0","0","0","0","0","0","7","0","","36","10","2019","2019116216","1","40.2032","-76.1569","2256","08","0","0","1","0","0","0","0","0","","0","0","0","22","3","0","00","0","40 12:11.354","","00","76 09:25.011","0","0","0","0","36210","0","0","0","N","0","0","0","1","36210","0","","5","01","N","N","0","","0","0","0","0","0","","2250","0","1","0","0","1","0","0","1","0","1","N","","","","","","","","","","","","03","  ","","",""
"2045","0","0","0","0","0","0","0","0","0","1","0","","36","11","2019","2019116217","7","40.2328","-76.1331","2041","08","0","0","0","0","0","0","0","0","2","0","0","","20","3","0","00","1","40 13:58.100","1","00","76 07:58.998","9","0","0","0","36405","0","0","0","N","0","0","0","1","36210","0","","6","01","N","N","0","","0","0","0","0","0","N","2041","0","2","0","0","0","0","0","1","0","0","N","","","","","","","","","","","","03","  ","","",""
"1810","0","0","0","0","0","0","0","0","0","1","0","","36","10","2019","2019116218","5","40.2225","-76.0968","1808","08","0","0","0","0","0","0","0","0","","0","0","","17","1","1","01","0","40 13:20.882","","00","76 05:48.548","9","0","0","0","36210","0","0","0","N","0","0","0","2","36210","0","","1","01","N","N","0","","0","0","0","0","0","","1730","0","2","0","0","0","0","0","1","0","0","N","","","","","","","","","","","","03","  ","","",""
"2106","0","0","0","0","0","0","0","0","0","7","0","","36","11","2019","2019116219","1","40.2179","-76.0999","2103","08","0","0","0","0","0","0","0","0","","0","0","","21","2","0","02","0","40 13:04.422","","00","76 05:59.492","0","0","0","0","36210","0","0","0","N","0","0","0","1","36210","0","","4","01","N","N","0","","0","0","0","3","3","","2102","0","1","0","0","0","0","0","1","0","0","N","","","","","","","","","","","","03","  ","","",""
"1200","1","0","3","0","0","0","0","0","0","1","3","65","36","11","2019","2019116222","4","40.2128","-76.1003","1157","08","0","0","0","0","0","1","0","0","3","0","3","0","11","1","3","00","2","40 12:46.068","2","00","76 06:01.182","2","0","0","0","36210","0","0","0","N","0","0","0","6","36210","0","","1","01","N","N","0","","0","3","1","3","8","Y","1155","3","5","0","0","1","0","0","1","0","5","Y","2","2","Y","","","N","Y","","","","","03","  ","","",""
"0907","0","0","0","0","0","0","0","0","0","7","0","","36","11","2019","2019116223","6","40.2194","-76.0757","0903","08","0","0","0","0","0","0","0","0","1","0","0","","09","1","0","00","2","40 13:09.800","6","00","76 04:32.500","0","0","0","0","36210","0","0","0","N","0","0","0","1","36210","0","","5","01","N","N","0","","0","0","0","0","0","N","0902","0","1","0","0","0","0","0","1","0","0","N","","","","","","","","","","","","03","  ","","",""
"0600","1","0","1","0","0","0","0","0","0","2","0","","36","11","2019","2019116224","3","40.2117","-76.13","0557","08","0","0","0","0","0","1","0","0","1","0","0","0","05","3","2","00","1","40 12:42.197","2","00","76 07:48.026","2","0","0","0","36210","0","0","0","N","0","0","0","2","36210","0","","1","09","N","N","1","","1","1","0","0","0","N","0555","2","2","0","0","0","0","0","1","0","2","N","","","","","","","","","","","","07","  ","","",""
"0730","0","0","0","0","0","0","0","0","0","7","0","","36","11","2019","2019116225","3","40.2429","-76.1322","0715","08","0","0","0","0","0","0","0","0","","0","0","","07","1","0","00","0","40 14:34.556","","00","76 07:56.057","9","0","0","0","36210","0","0","0","N","0","0","0","1","36210","0","","5","09","N","N","0","","0","0","0","0","0","","0715","0","1","0","0","0","0","0","1","0","0","N","","","","","","","","","","","","07","  ","","",""
"1934","2","0","0","0","0","0","0","0","0","2","0","","36","11","2019","2019116226","4","40.0512","-76.3082","1928","08","0","0","0","0","0","0","0","0","","0","0","0","19","3","0","00","0","40 03:04.361","","00","76 18:29.472","0","0","0","0","36301","0","0","0","N","0","0","0","1","36301","0","","6","01","N","N","0","","0","0","1","0","0","","1928","0","3","0","0","0","0","0","3","0","3","N","","","","","","","","","","","","03","03","","",""
"1108","2","0","0","0","0","0","0","0","0","4","0","","36","11","2019","2019116238","7","40.0364","-76.3054","1104","08","0","0","0","0","0","0","1","1","","0","0","0","10","1","1","01","1","40 02:10.973","7","00","76 18:19.330","4","0","0","0","36301","0","0","0","N","0","0","0","2","36301","1","","1","01","N","N","0","","0","0","0","3","2","Y","1056","1","2","0","0","0","0","0","3","0","2","N","","","","","","","","","","","1140","03","03","","",""
"1653","1","0","0","0","0","0","0","0","0","4","0","","36","10","2019","2019116255","4","40.0346","-76.3023","1653","08","0","0","0","0","0","0","0","0","","0","0","0","16","1","0","01","0","40 02:04.434","","00","76 18:08.381","0","0","0","0","36301","0","0","0","N","0","0","0","5","36301","0","","1","01","N","N","0","","0","0","1","3","3","N","1653","0","2","0","0","0","0","0","3","0","2","N","","","","","","","","","","","","03","03","","",""
"1724","0","0","0","0","0","0","0","0","0","98","0","","36","11","2019","2019116314","2","40.1279","-76.5105","1712","08","0","0","0","0","0","0","0","0","","0","0","","17","2","0","00","0","40 07:40.558","","00","76 30:37.799","9","0","0","0","36225","0","0","0","N","0","0","0","1","36505","0","","1","01","N","N","0","","0","0","0","0","0","N","1705","0","1","0","0","0","0","0","2","0","0","N","","","","","","","","","","","","03","03","","",""
"0142","0","0","0","0","0","0","0","0","0","7","0","","36","11","2019","2019116477","1","40.0695","-76.3076","0142","08","0","0","0","0","0","0","0","0","2","0","0","","01","3","1","01","1","40 04:10.226","4","00","76 18:28.241","3","0","0","0","36101","0","0","0","N","0","0","0","1","36101","0","","4","01","N","N","0","","1","0","0","3","2","N","0142","1","1","0","0","1","0","0","3","0","0","N","","","","","","","","","","","","03","  ","","",""
"0521","0","0","0","0","0","0","0","0","0","7","0","","36","11","2019","2019116478","1","40.0387","-76.3324","0518","08","0","0","0","0","0","0","0","0","","0","0","","05","3","1","00","0","40 02:19.424","","00","76 19:56.731","3","0","0","0","36220","0","0","0","N","0","0","0","1","36101","0","","5","01","N","N","0","","1","0","0","0","0","","0516","1","1","0","0","0","0","0","3","0","0","N","","","","","","","","","","","","03","  ","","",""
"1737","0","0","0","0","0","0","0","0","0","1","0","","36","11","2019","2019116479","4","40.0388","-76.3315","1737","08","0","1","0","0","0","1","0","0","3","0","0","","17","3","0","00","2","40 02:19.566","6","00","76 19:53.306","9","0","0","0","36220","0","0","0","N","0","0","0","5","36101","0","","1","01","N","N","0","","0","0","0","0","0","Y","1736","0","4","0","0","0","0","2","3","0","0","N","","","","","","","","","","","","03","  ","","",""
"1834","1","0","0","0","0","0","0","0","0","4","0","","36","11","2019","2019116480","4","40.0698","-76.3168","1829","08","0","1","0","0","0","0","0","0","2","0","0","0","18","3","1","01","1","40 04:11.407","2","00","76 19:01.471","3","0","0","0","36101","0","0","0","N","0","0","0","4","36101","0","","1","01","N","N","0","","1","0","1","3","2","N","1827","1","2","0","0","0","0","0","3","0","2","N","","","","","","","","","","","","03","  ","","",""
"1802","0","0","0","0","0","0","0","0","0","4","0","","36","11","2019","2019116481","4","40.0752","-76.4081","1758","08","0","0","0","0","0","2","0","0","","0","0","","17","2","1","01","0","40 04:30.775","","00","76 24:29.114","3","0","0","0","36214","0","0","0","N","0","0","0","2","36214","0","","1","01","N","N","0","","1","0","0","3","3","","1756","1","2","0","0","0","0","0","3","0","0","N","","","","","","","","","","","","03","  ","","",""
"1100","1","0","0","0","0","0","0","0","0","7","0","","36","11","2019","2019116482","3","40.022","-76.191","1048","08","0","0","0","0","0","0","0","0","","0","0","0","10","1","0","00","0","40 01:19.315","","00","76 11:27.511","0","0","0","0","36215","0","0","0","N","0","0","0","1","36215","0","","5","01","N","N","0","","0","0","0","0","0","","1046","0","1","0","0","0","0","0","1","0","1","N","","","","","","","","","","","","03","  ","","",""
"0938","1","0","0","0","0","0","0","0","0","1","0","","36","11","2019","2019116483","7","40.0389","-76.1868","0932","08","0","0","0","0","0","0","0","0","","0","0","0","09","1","0","00","0","40 02:19.964","","00","76 11:12.403","0","0","0","0","36215","0","0","0","N","0","0","0","3","36215","0","","1","01","N","N","0","","0","0","1","0","0","","0931","0","2","0","0","0","0","0","1","0","2","N","","","","","","","","","","","","03","  ","","",""
"0800","0","0","0","0","0","0","0","0","0","4","0","","36","11","2019","2019116484","4","40.0315","-76.2382","0759","08","0","0","0","0","0","0","1","0","2","0","0","","07","1","0","01","2","40 01:50.123","3","00","76 14:03.641","0","0","0","0","36215","0","0","0","N","0","0","0","2","36215","0","","1","01","N","N","0","","0","0","0","3","2","N","0749","0","2","0","0","0","0","0","1","0","0","N","","","","","","","","","","","","03","  ","","",""
"0945","2","0","0","0","0","0","0","0","0","4","0","","36","09","2019","2019116485","7","40.0094","-76.3917","0937","08","0","0","0","0","0","0","0","0","2","0","0","0","09","1","0","02","1","40 00:33.688","7","00","76 23:30.133","0","0","0","0","36223","0","0","0","N","0","0","0","4","36223","0","","1","01","N","N","0","","0","0","0","3","3","N","0934","0","2","0","0","0","0","0","1","0","2","N","","","","","","","","","","","","03","  ","","",""
"1944","1","0","0","0","0","0","0","0","0","4","0","","36","11","2019","2019116486","3","39.9915","-76.3831","1940","08","0","0","0","0","0","0","0","1","2","0","0","0","19","2","2","02","2","39 59:29.568","7","00","76 22:59.269","8","0","0","0","36223","0","0","0","N","0","0","0","5","36223","0","","1","01","N","N","0","","0","0","1","0","0","Y","1938","2","2","0","0","0","2","2","1","0","2","N","","","","","","","","","","","","03","  ","","",""
"2030","1","0","0","0","0","0","0","0","0","4","0","","36","11","2019","2019116487","3","40.006","-76.3708","2018","08","0","0","0","0","0","0","0","0","2","0","0","0","20","3","1","00","2","40 00:21.489","6","00","76 22:14.838","3","0","0","0","36223","0","0","0","N","0","0","0","1","36223","0","","5","01","N","N","0","","1","0","1","0","0","Y","2018","1","2","0","0","0","0","0","1","0","2","N","","","","","","","","","","","","03","  ","","",""
"0054","0","0","0","0","0","0","0","0","0","7","0","","36","10","2019","2019116488","1","40.2158","-76.4325","0047","08","0","0","0","0","0","0","0","0","","0","0","0","00","2","0","00","0","40 12:56.896","","00","76 25:56.993","0","0","0","0","36230","0","0","0","N","0","0","0","2","36410","0","","4","09","N","N","0","","0","0","0","0","0","","0046","0","1","0","0","0","0","0","1","1","1","N","","","","","","","","","","","","07","  ","","",""
"1726","2","0","0","0","0","0","0","0","0","4","0","","36","11","2019","2019116489","1","40.1235","-76.4771","1217","08","0","0","0","0","0","1","0","0","2","0","0","0","12","1","2","01","1","40 07:24.634","5","00","76 28:37.435","8","0","0","0","36230","0","0","0","N","0","0","0","3","36410","0","","1","01","N","N","0","","0","0","0","3","2","N","1216","2","2","0","0","0","2","1","1","0","2","N","","","","","","","","","","","","03","  ","","",""
"0759","0","0","0","0","0","0","0","0","0","1","0","","36","11","2019","2019116490","2","40.1181","-76.4566","0752","08","0","0","0","0","0","1","0","0","2","0","0","","07","1","1","00","1","40 07:05.149","3","00","76 27:23.654","3","0","0","0","36230","0","0","0","N","0","0","0","3","36410","0","","1","01","N","N","0","","1","0","0","0","0","N","0742","1","3","0","0","0","0","0","1","0","0","N","","","","","","","","","","","","03","  ","","",""
"1418","0","0","0","0","0","0","0","0","0","4","1","","36","11","2019","2019116491","3","40.2203","-76.4404","1413","08","0","0","0","0","0","0","0","0","1","0","1","0","14","1","1","01","1","40 13:12.958","6","00","76 26:25.539","3","0","0","0","36230","0","0","0","N","0","0","0","2","36410","0","","1","01","N","N","1","","1","0","0","3","3","N","1412","1","2","0","0","0","0","0","1","0","2","N","","","","","","","","","","","","03","  ","","",""
"1730","0","0","0","0","0","0","0","0","0","9","0","","36","11","2019","2019116492","5","40.1833","-76.4648","1721","08","0","0","0","0","0","0","0","0","1","0","0","","17","2","0","00","1","40 10:59.920","1","00","76 27:53.450","9","0","0","0","36230","0","0","0","N","0","0","0","1","36410","0","","1","09","N","N","0","","0","0","0","0","0","N","1721","0","1","0","0","0","0","0","1","0","0","N","","","","","","","","","","","","07","  ","","",""
"2127","0","0","0","0","0","0","0","0","0","2","0","","36","11","2019","2019116493","5","40.1248","-76.4684","2110","08","0","1","0","0","0","0","0","0","2","0","0","","21","2","0","00","1","40 07:29.203","4","02","76 28:06.092","0","0","0","0","36230","0","0","0","N","0","0","0","3","36410","0","","1","09","N","N","0","","0","0","0","0","0","N","2110","0","2","0","0","0","0","0","1","0","0","N","","","","","","","","","","","","07","  ","","",""
"1332","0","0","0","0","0","0","0","0","0","7","0","","36","11","2019","2019116494","2","40.1276","-76.4751","1329","08","0","0","0","0","0","0","0","0","","0","0","","13","1","1","00","0","40 07:39.370","","00","76 28:30.206","9","0","0","0","36230","0","0","0","N","0","0","0","1","36410","0","","5","01","N","N","0","","0","0","0","0","0","","1328","0","1","0","0","0","0","0","1","0","0","N","","","","","","","","","","","","03","  ","","",""
"0700","0","0","0","0","0","0","0","0","0","9","0","","36","11","2019","2019116495","3","40.1998","-76.4271","0653","08","0","0","0","0","0","0","0","0","","0","0","0","06","5","0","00","0","40 11:59.138","","00","76 25:37.620","0","0","0","0","36230","0","0","0","N","0","0","0","1","36410","0","","1","09","N","N","0","","0","0","1","0","0","","0651","0","1","0","0","0","0","0","1","0","1","N","","","","","","","","","","","","07","  ","","",""
"1735","0","0","0","0","0","0","0","0","0","4","0","","36","11","2019","2019116496","1","40.1654","-76.2885","1727","08","1","0","0","0","0","0","0","1","","0","0","","17","4","1","01","0","40 09:55.568","","00","76 17:18.702","3","0","0","0","36235","0","0","0","N","0","0","0","4","36506","0","","1","01","N","N","0","","1","0","0","3","3","","1725","1","2","0","0","0","0","0","1","0","0","N","","","","","","","","","","","","03","  ","","",""
"1045","0","0","0","0","0","0","0","0","0","1","0","","36","11","2019","2019116497","2","40.1745","-76.3671","1027","08","0","0","0","0","0","1","0","0","2","0","0","0","10","1","0","00","1","40 10:28.164","6","00","76 22:01.724","0","0","0","0","36227","0","0","0","N","0","0","0","2","36506","0","","1","01","N","N","2","","0","0","0","0","0","N","1027","0","2","0","0","0","0","0","1","0","2","N","","","","","","","","","","","","03","  ","","",""
"1405","0","0","0","0","0","0","0","0","0","6","0","","36","11","2019","2019116498","2","40.1288","-76.3118","1352","08","0","0","0","0","0","0","2","0","2","0","0","","13","1","2","02","2","40 07:43.586","7","00","76 18:42.454","3","0","0","0","36235","0","0","0","N","0","0","0","2","36506","0","","1","01","N","N","0","","2","0","0","3","2","Y","1352","2","2","0","0","0","0","0","1","0","0","N","","","","","","","","","","","","03","  ","","",""
"2142","1","0","0","0","0","0","0","0","0","9","0","","36","11","2019","2019116499","4","40.15","-76.2674","2135","08","0","0","0","0","0","0","0","0","2","0","0","0","21","2","0","00","1","40 08:59.909","3","00","76 16:02.551","0","0","0","0","36235","0","0","0","N","0","0","0","1","36506","0","","1","01","N","N","0","","0","0","0","0","0","N","2135","0","1","0","0","0","0","0","1","0","1","N","","","","","","","","","","","","03","  ","","",""
"1358","3","0","0","0","0","0","0","0","0","4","0","","36","09","2019","2019116543","1","39.845","-76.3027","1338","08","0","0","0","0","0","3","0","0","2","0","0","0","13","1","1","01","1","39 50:41.842","6","00","76 18:09.849","3","0","0","0","36224","0","0","0","N","0","0","0","3","68J01","0","","1","01","N","N","0","","1","0","0","3","3","N","1335","1","3","0","0","0","0","0","1","0","3","N","","","","","","","","","","","","03","  ","","",""
"0648","1","0","0","0","0","0","0","0","0","1","0","55","36","10","2019","2019116545","5","40.1484","-76.1807","0647","08","0","0","1","0","0","1","0","0","1","0","0","0","06","5","0","00","1","40 08:54.093","1","00","76 10:50.619","0","0","0","0","36238","0","0","0","N","0","0","0","4","68J01","0","","1","01","N","N","2","","0","0","1","0","0","N","0645","0","4","0","0","0","0","0","3","0","4","Y","2","1","Y","N","N","Y","Y","N","N","N","","03","  ","","",""
"1350","1","1","0","0","0","0","0","0","0","4","0","","36","10","2019","2019116546","6","40.1759","-76.0509","1329","08","0","0","0","0","0","0","1","1","3","1","0","0","12","1","3","00","2","40 10:33.137","5","07","76 03:03.408","1","0","0","0","36213","0","0","0","N","0","0","0","4","68J01","0","2","1","01","N","N","0","0","3","0","1","0","0","Y","1236","3","2","0","0","0","0","0","1","0","2","N","","","","","","","","","","","","03","  ","","",""
"1757","1","0","0","0","0","0","0","0","0","2","0","","36","10","2019","2019116549","1","40.0201","-76.0037","1741","08","0","0","0","0","0","1","0","0","2","0","0","1","17","1","0","00","2","40 01:12.240","5","00","76 00:13.430","0","0","0","0","36232","2","0","0","N","0","0","0","4","68J01","0","","1","09","N","N","0","","0","0","0","0","0","Y","1731","0","2","0","0","0","0","0","1","0","1","N","","","","","","","","","","","","07","  ","","",""
"0738","2","0","0","0","0","0","0","0","0","1","0","","36","10","2019","2019116550","3","40.1224","-76.2228","0714","08","0","0","1","0","0","0","1","0","","0","0","0","06","1","1","00","0","40 07:20.778","","00","76 13:22.068","3","0","0","0","36238","0","0","0","N","0","0","0","3","68J01","0","","1","09","N","N","1","","1","0","0","0","0","","0655","1","3","0","0","0","0","0","3","0","3","N","","","","","","","","","","","","07","  ","","",""
"1432","2","0","0","0","0","0","0","0","0","1","0","","36","10","2019","2019116556","6","39.7604","-76.1755","1422","08","0","0","0","0","0","1","0","0","","0","0","0","14","1","1","00","0","39 45:37.578","","00","76 10:31.936","3","0","0","0","36219","0","0","0","N","0","0","0","4","68J01","0","","1","01","N","N","0","","1","0","0","0","0","","1421","1","2","0","0","0","0","0","1","0","2","N","","","","","","","","","","","","03","  ","","",""
"1213","1","0","0","0","0","0","0","0","0","0","0","","36","10","2019","2019116558","1","39.9115","-76.1099","1150","08","0","0","1","0","0","0","0","0","2","0","0","0","11","1","0","00","1","39 54:41.376","4","00","76 06:35.716","0","0","0","0","36216","0","0","0","N","0","0","0","1","68J01","0","","1","08","N","N","0","","0","0","0","0","0","N","1146","0","1","0","0","0","0","0","1","0","1","N","","","","","","","","","","","","07","  ","","",""
"0744","1","0","0","0","0","0","0","0","0","0","0","","36","11","2019","2019116563","6","39.8291","-76.1881","0621","08","0","0","0","0","0","0","0","0","3","0","0","0","06","2","0","00","1","39 49:44.790","3","00","76 11:16.987","0","0","0","0","36212","0","0","0","N","0","0","0","1","68J01","0","","1","08","N","N","0","","0","0","0","0","0","N","0614","0","1","0","0","0","0","0","1","0","1","N","","","","","","","","","","","","07","  ","","",""
"0815","1","0","0","0","0","0","0","0","0","9","0","","36","11","2019","2019116564","6","40.2038","-76.0176","0750","08","0","0","0","0","0","0","0","0","","0","0","0","07","5","0","02","0","40 12:13.761","","00","76 01:03.525","0","0","0","0","36202","0","0","0","N","0","0","0","1","68J01","0","","1","01","N","N","0","","0","0","0","0","0","","0735","0","1","0","0","0","0","0","1","0","1","N","","","","","","","","","","","","03","  ","","",""
"1532","1","0","0","0","0","0","0","0","0","7","0","","36","11","2019","2019116566","6","40.2178","-76.2688","1517","08","0","0","0","0","0","0","1","0","","0","0","0","14","1","0","00","0","40 13:04.114","","03","76 16:07.519","0","0","0","0","36217","0","0","0","Y","0","0","0","1","68J01","0","","5","01","N","N","0","","0","0","0","0","0","","1436","0","1","0","0","0","0","0","1","0","1","N","","","","","","","","","","","","03","  ","","",""
"1644","0","0","0","0","0","0","0","0","0","1","0","","36","11","2019","2019116575","5","40.0022","-76.091","1614","08","0","0","0","0","0","0","0","1","","0","0","0","16","4","1","00","0","40 00:07.889","","00","76 05:27.556","4","0","0","0","36226","0","0","0","N","0","0","0","3","68J01","1","","1","09","N","N","1","","0","0","1","0","0","","1609","1","2","0","0","0","0","0","1","0","2","N","","","","","","","","","","","","07","  ","","",""
"1137","0","0","0","0","0","0","0","0","0","6","0","","36","11","2019","2019116579","1","39.928","-76.253","1128","08","0","0","0","0","0","0","0","1","1","0","0","","11","1","4","01","1","39 55:40.897","2","00","76 15:10.965","3","0","0","0","36229","0","0","0","N","0","0","0","7","68J01","0","","1","01","N","N","0","","4","0","0","3","3","N","1123","4","2","0","0","0","0","0","1","0","0","N","","","","","","","","","","","","03","  ","","",""