"ARRIVAL_TM","AUTOMOBILE_COUNT","BELTED_DEATH_COUNT","BELTED_SUSP_SERIOUS_INJ_COUNT","BICYCLE_COUNT","BICYCLE_DEATH_COUNT","BICYCLE_SUSP_SERIOUS_INJ_COUNT","BUS_COUNT","CHLDPAS_DEATH_COUNT","CHLDPAS_SUSP_SERIOUS_INJ_COUNT","COLLISION_TYPE","COMM_VEH_COUNT","CONS_ZONE_SPD_LIM","COUNTY","CRASH_MONTH","CRASH_YEAR","CRN","DAY_OF_WEEK","DEC_LAT","DEC_LONG","DISPATCH_TM","DISTRICT","DRIVER_COUNT_16YR","DRIVER_COUNT_17YR","DRIVER_COUNT_18YR","DRIVER_COUNT_19YR","DRIVER_COUNT_20YR","DRIVER_COUNT_50_64YR","DRIVER_COUNT_65_74YR","DRIVER_COUNT_75PLUS","EST_HRS_CLOSED","FATAL_COUNT","HEAVY_TRUCK_COUNT","HORSE_BUGGY_COUNT","HOUR_OF_DAY","ILLUMINATION","INJURY_COUNT","INTERSECT_TYPE","LANE_CLOSED","LATITUDE","LN_CLOSE_DIR","LOCATION_TYPE","LONGITUDE","MAX_SEVERITY_LEVEL","MCYCLE_DEATH_COUNT","MCYCLE_SUSP_SERIOUS_INJ_COUNT","MOTORCYCLE_COUNT","MUNICIPALITY","NONMOTR_COUNT","NONMOTR_DEATH_COUNT","NONMOTR_SUSP_SERIOUS_INJ_COUNT","NTFY_HIWY_MAINT","PED_COUNT","PED_DEATH_COUNT","PED_SUSP_SERIOUS_INJ_COUNT","PERSON_COUNT","POLICE_AGCY","POSSIBLE_INJ_COUNT","RDWY_SURF_TYPE_CD","RELATION_TO_ROAD","ROAD_CONDITION","SCH_BUS_IND","SCH_ZONE_IND","SMALL_TRUCK_COUNT","SPEC_JURIS_CD","SUSP_MINOR_INJ_COUNT","SUSP_SERIOUS_INJ_COUNT","SUV_COUNT","TCD_FUNC_CD","TCD_TYPE","TFC_DETOUR_IND","TIME_OF_DAY","TOT_INJ_COUNT","TOTAL_UNITS","UNB_DEATH_COUNT","UNB_SUSP_SERIOUS_INJ_COUNT","UNBELTED_OCC_COUNT","UNK_INJ_DEG_COUNT","UNK_INJ_PER_COUNT","URBAN_RURAL","VAN_COUNT","VEHICLE_COUNT","WORK_ZONE_IND","WORK_ZONE_LOC","WORK_ZONE_TYPE","WORKERS_PRES","WZ_CLOSE_DETOUR","WZ_FLAGGER","WZ_LAW_OFFCR_IND","WZ_LN_CLOSURE","WZ_MOVING","WZ_OTHER","WZ_SHLDER_MDN","ROADWAY_CLEARED","WEATHER1","WEATHER2","WZ_WORKERS_INJ_KILLED","SECONDARY_CRASH","INTERSECTION_RELATED"
"1938","0","0","0","0","0","0","0","0","0","9","0","","36","11","2019","2019116580","2","39.9477","-76.2297","1925","08","0","0","0","0","0","0","0","0","","0","0","0","19","2","0","00","0","39 56:51.891","","00","76 13:47.069","0","0","0","0","36233","0","0","0","N","0","0","0","2","68J01","0","","1","01","N","N","1","","0","0","0","0","0","","1923","0","1","0","0","0","0","0","1","0","1","N","","","","","","","","","","","","03","  ","","",""
"1717","0","0","0","0","0","0","0","0","0","9","0","","36","11","2019","2019116656","5","39.9628","-76.2887","1742","08","0","0","0","0","0","1","0","0","","0","0","0","17","2","0","00","0","39 57:45.968","","00","76 17:19.223","0","0","0","0","36228","0","0","0","N","0","0","0","1","36228","0","","1","01","N","N","0","","0","0","1","0","0","","1717","0","1","0","0","1","0","0","1","0","1","N","","","","","","","","","","","","03","  ","","",""
"1158","0","0","0","0","0","0","0","0","0","1","0","","36","11","2019","2019116683","4","40.0435","-76.3218","1146","08","0","0","0","0","0","0","0","0","","0","0","","11","1","0","01","0","40 02:36.596","","00","76 19:18.652","9","0","0","0","36301","0","0","0","N","0","0","0","2","36301","0","","1","01","N","N","0","","0","0","0","3","3","","1146","0","2","0","0","0","0","0","3","0","0","N","","","","","","","","","","","","03","03","","",""
"1652","2","0","0","0","0","0","0","0","0","4","0","","36","11","2019","2019116686","6","39.9824","-76.1728","1650","08","0","0","1","0","0","1","0","0","1","0","0","0","16","1","0","00","1","39 58:56.741","6","00","76 10:21.946","0","0","0","0","36417","0","0","0","N","0","0","0","2","36417","0","","1","01","N","N","0","","0","0","0","0","0","N","1646","0","2","0","0","2","0","0","1","0","2","N","","","","","","","","","","","","03","  ","","",""
"1311","0","0","0","0","0","0","0","0","0","8","0","","36","11","2019","2019116696","4","40.0429","-76.3046","1307","08","0","0","0","0","0","0","0","0","","0","0","","13","1","1","01","0","40 02:34.358","","00","76 18:16.407","9","0","0","0","36301","0","0","0","N","0","0","0","2","36301","0","","1","01","N","N","0","","0","0","0","3","2","","1307","0","2","0","0","0","0","0","3","0","0","N","","","","","","","","","","","","03","03","","",""
"1126","0","0","0","0","0","0","0","0","0","4","0","","36","11","2019","2019116706","5","39.993","-76.2753","1123","08","0","0","0","0","0","0","0","0","","0","0","","11","1","0","02","1","39 59:34.742","2","00","76 16:31.018","9","0","0","0","36240","0","0","0","N","0","0","0","2","36240","0","","1","01","N","N","0","","0","0","0","0","0","N","1123","0","2","0","0","0","0","0","1","0","0","N","","","","","","","","","","","1215","03","  ","","",""
"1618","0","0","0","0","0","0","0","0","0","0","0","","36","11","2019","2019116840","5","39.9871","-76.2797","1612","08","0","0","0","0","0","0","0","0","","0","0","","16","1","0","00","2","39 59:13.700","5","00","76 16:47.000","9","0","0","0","36240","0","0","0","N","0","0","0","1","36240","0","","1","01","N","N","0","","0","0","0","3","2","Y","1612","0","1","0","0","0","0","0","1","0","0","N","","","","","","","","","","","1715","03","  ","","",""
"2110","2","0","0","0","0","0","0","0","0","4","0","","36","11","2019","2019116903","3","40.1063","-76.3544","2107","08","0","0","0","0","1","0","0","0","1","0","0","0","21","3","1","01","1","40 06:22.809","2","00","76 21:16.002","8","0","0","0","36406","0","0","0","N","0","0","0","3","36101","0","","1","01","N","N","0","","0","0","0","3","2","N","2105","1","2","0","0","0","1","0","3","0","2","N","","","","","","","","","","","","03","  ","","",""
"1437","0","0","0","0","0","0","0","0","0","1","0","","36","11","2019","2019116904","2","40.07","-76.3078","1433","08","0","0","0","0","0","0","0","1","2","0","0","0","14","1","0","00","1","40 04:12.035","2","00","76 18:28.202","0","0","0","0","36101","0","0","0","N","0","0","0","2","36101","0","","1","01","N","N","1","","0","0","1","0","0","N","1431","0","2","0","0","0","0","0","3","0","2","N","","","","","","","","","","","","03","  ","","",""
"0650","2","0","0","0","0","0","0","0","0","1","0","","36","11","2019","2019116905","3","40.06","-76.2777","0645","08","0","0","0","0","0","0","0","0","","0","0","0","06","1","0","06","0","40 03:34.642","","02","76 16:41.660","0","0","0","0","36101","0","0","0","N","0","0","0","3","36101","0","","1","09","N","N","0","","0","0","0","0","0","","0643","0","2","0","0","0","0","0","3","0","2","N","","","","","","","","","","","","07","  ","","",""
"0723","0","0","0","1","0","0","0","0","0","5","0","","36","11","2019","2019116906","5","40.1505","-76.3128","0723","08","0","0","0","0","0","1","0","0","","0","0","0","07","5","1","02","0","40 09:01.908","","00","76 18:46.112","3","0","0","0","36409","1","0","0","N","0","0","0","3","36409","0","","1","01","N","N","0","","1","0","1","0","0","","0723","1","2","0","0","0","0","0","3","0","1","N","","","","","","","","","","","","03","  ","","",""
"1602","0","0","0","0","0","0","0","0","0","98","0","","36","09","2019","2019116934","7","40.039","-76.5105","1559","08","0","0","0","0","0","1","0","0","","0","0","0","15","1","1","01","1","40 02:20.317","1","08","76 30:37.949","8","0","0","1","36404","0","0","0","N","0","0","0","2","36404","0","","1","04","N","N","0","","0","0","0","3","2","N","1557","1","1","0","0","0","1","0","3","0","1","N","","","","","","","","","","","1620","03","03","","",""
"0318","0","0","0","0","0","0","0","0","0","6","0","","36","11","2019","2019117063","1","40.1111","-76.5063","0317","08","0","0","0","0","0","0","0","0","3","0","0","","03","3","0","01","1","40 06:39.858","2","00","76 30:22.538","9","0","0","0","36413","0","0","0","N","0","0","0","2","36413","0","","1","01","N","N","0","","0","0","0","3","3","Y","0314","0","2","0","0","0","0","0","2","0","0","N","","","","","","","","","","","","03","  ","","",""
"1818","0","0","0","0","0","0","0","0","0","4","0","","36","09","2019","2019117068","5","40.0383","-76.5097","1814","08","0","0","0","0","0","0","0","1","","0","0","0","18","1","0","00","0","40 02:17.775","","01","76 30:34.846","0","0","0","0","36404","0","0","0","N","0","0","0","1","36404","0","","4","09","N","N","1","","0","0","0","0","0","","1810","0","1","0","0","0","0","0","3","0","1","N","","","","","","","","","","","","04","  ","","",""
"1438","1","0","0","0","0","0","0","0","0","3","0","","36","11","2019","2019117114","6","40.0396","-76.2952","1432","08","0","0","0","0","0","0","0","0","","0","0","0","14","1","2","00","2","40 02:22.493","5","00","76 17:42.670","4","0","0","0","36301","0","0","0","N","0","0","0","3","36301","2","","1","01","N","N","1","","0","0","0","0","0","Y","1431","2","2","0","0","0","0","0","3","0","2","N","","","","","","","","","","","1500","03","03","","",""
"1734","0","0","0","0","0","0","0","0","0","4","0","","36","11","2019","2019117131","6","40.1713","-76.1238","1721","08","0","0","0","0","0","0","0","0","","0","0","","17","2","0","01","0","40 10:16.682","","00","76 07:25.649","9","0","0","0","36218","0","0","0","N","0","0","0","2","36408","0","","1","01","N","N","0","","0","0","0","0","0","","1719","0","2","0","0","0","0","0","1","0","0","N","","","","","","","","","","","","03","03","","",""
"1259","0","0","0","0","0","0","0","0","0","8","0","","36","11","2019","2019117166","7","40.1797","-76.1788","1257","08","0","0","0","0","0","0","0","0","","0","0","","12","1","1","01","1","40 10:46.795","3","00","76 10:43.582","9","0","0","0","36408","0","0","0","N","0","0","0","2","36408","0","","1","01","N","N","0","","0","0","0","3","2","Y","1257","0","2","0","0","0","0","0","2","0","0","N","","","","","","","","","","","1320","03","03","","",""
"1301","0","0","0","0","0","0","0","0","0","4","0","","36","11","2019","2019117167","6","40.036","-76.3082","1254","08","0","0","0","0","0","0","0","0","","0","0","","12","1","0","01","1","40 02:09.771","3","00","76 18:29.474","9","0","0","0","36301","0","0","0","N","0","0","0","2","36301","0","","1","01","N","N","0","","0","0","0","3","3","Y","1254","0","2","0","0","0","0","0","3","0","0","N","","","","","","","","","","","1333","03","03","","",""
"1316","0","0","0","0","0","0","0","0","0","98","0","","36","11","2019","2019117213","7","40.04","-76.5113","1316","08","0","0","0","0","0","0","0","0","","0","0","","13","1","1","00","1","40 02:24.251","2","00","76 30:40.746","9","0","0","0","36239","0","0","0","N","0","0","0","1","36239","0","","1","01","N","N","0","","0","0","0","0","0","N","1316","0","1","0","0","0","0","0","3","0","0","N","","","","","","","","","","","1330","03","03","","",""
"1755","1","0","0","0","0","0","0","0","0","1","0","","36","11","2019","2019117249","2","40.0763","-76.2965","1755","08","0","0","0","0","0","1","0","0","2","0","0","0","17","2","0","00","1","40 04:34.688","2","00","76 17:47.493","0","0","0","0","36101","0","0","0","N","0","0","0","2","36101","0","","1","01","N","N","1","","0","0","0","0","0","N","1749","0","2","0","0","0","0","0","3","0","2","N","","","","","","","","","","","","03","  ","","",""
"1525","2","0","0","0","0","0","0","0","0","4","0","","36","11","2019","2019117250","5","40.066","-76.307","1523","08","0","0","1","0","0","0","0","1","2","0","0","0","15","1","5","00","1","40 03:57.658","1","00","76 18:25.349","3","0","0","0","36101","0","0","0","N","0","0","0","6","36101","0","","1","01","N","N","0","","2","0","0","0","0","N","1518","5","2","0","0","2","3","1","3","0","2","N","","","","","","","","","","","","03","  ","","",""
"1745","1","0","0","0","0","0","0","0","0","1","0","","36","11","2019","2019117251","6","40.0929","-76.2625","1710","08","0","0","0","0","0","0","0","0","1","0","0","0","17","4","1","00","1","40 05:34.266","2","00","76 15:45.074","3","0","0","0","36101","0","0","0","N","0","0","0","3","36101","0","","1","01","N","N","1","","1","0","1","0","0","N","1707","1","3","0","0","0","0","0","3","0","3","N","","","","","","","","","","","","03","  ","","",""
"0318","0","0","0","0","0","0","0","0","0","98","0","","36","11","2019","2019117384","7","40.1349","-76.5752","0313","08","0","0","0","0","0","0","0","0","","0","0","","03","2","0","02","0","40 08:05.648","","00","76 34:30.620","9","0","0","0","36225","0","0","0","N","0","0","0","2","36505","0","","1","01","N","N","0","","0","0","0","0","0","N","0312","0","1","0","0","0","0","0","2","0","0","N","","","","","","","","","","","","03","03","","",""
"0816","0","0","0","0","0","0","0","0","0","1","0","","36","11","2019","2019117530","6","40.1787","-76.6009","0809","08","0","0","0","0","0","0","0","0","","0","0","","08","1","0","00","1","40 10:43.305","2","00","76 36:03.157","9","0","0","0","36225","0","0","0","N","0","0","0","2","36505","0","","1","01","N","N","0","","0","0","0","0","0","N","0806","0","2","0","0","0","0","0","2","0","0","N","","","","","","","","","","","0830","03","03","","",""
"1146","1","0","0","0","0","0","0","0","0","4","0","","36","11","2019","2019117538","1","40.0348","-76.5033","1142","08","0","0","0","0","0","0","0","1","","0","0","0","11","1","2","02","0","40 02:05.449","","00","76 30:11.780","8","0","0","0","36404","0","0","0","N","0","0","0","3","36404","0","","1","01","N","N","0","","0","0","1","3","3","N","1142","2","2","0","0","0","2","0","3","0","2","N","","","","","","","","","","","","03","03","","",""
"0810","1","0","0","0","0","0","0","0","0","1","0","","36","10","2019","2019117541","3","40.1193","-76.0517","0805","08","0","0","0","0","0","0","1","0","","0","0","0","08","1","1","02","2","40 07:09.487","6","00","76 03:06.220","3","0","0","0","36213","0","0","0","N","0","0","0","2","36213","0","","1","01","N","N","0","","1","0","0","0","0","Y","0800","1","2","0","0","0","0","0","1","1","2","N","","","","","","","","","","","0939","03","03","","",""
"1017","2","0","0","0","0","0","0","0","0","1","0","","36","11","2019","2019117563","4","40.0683","-76.2889","1009","08","0","0","0","0","0","0","1","0","","0","0","0","10","1","0","00","0","40 04:06.016","","00","76 17:20.134","0","0","0","0","36101","0","0","0","N","0","0","0","2","36101","0","","1","01","N","N","0","","0","0","0","0","0","","1008","0","2","0","0","0","0","0","3","0","2","N","","","","","","","","","","","","03","  ","","",""
"1159","0","0","0","0","0","0","1","0","0","1","1","","36","11","2019","2019117564","6","40.0819","-76.3407","1155","08","0","0","0","0","0","0","0","1","2","0","0","0","11","1","1","00","2","40 04:54.807","2","00","76 20:26.581","4","0","0","0","36101","0","0","0","N","0","0","0","15","36101","1","","1","01","N","N","0","","0","0","2","0","0","N","1152","1","3","0","0","0","0","0","3","0","3","N","","","","","","","","","","","","03","  ","","",""
"1226","2","0","0","0","0","0","0","0","0","1","0","","36","11","2019","2019117565","6","40.095","-76.3048","1222","08","0","0","0","0","0","1","2","0","2","0","0","0","12","1","2","00","2","40 05:42.077","1","07","76 18:17.456","3","0","0","0","36101","0","0","0","N","0","0","0","4","36101","0","","1","01","N","N","1","","2","0","0","0","0","N","1221","2","3","0","0","0","0","0","3","0","3","N","","","","","","","","","","","","03","  ","","",""
"1445","0","0","0","0","0","0","0","0","0","4","0","","36","11","2019","2019117566","6","40.0423","-76.279","1439","08","0","0","0","0","0","0","0","0","1","0","0","","14","1","1","02","1","40 02:32.253","6","00","76 16:44.477","9","0","0","0","36220","0","0","0","N","0","0","0","2","36101","0","","1","01","N","N","0","","0","0","0","0","0","Y","1438","0","2","0","0","0","0","0","3","0","0","N","","","","","","","","","","","","03","  ","","",""
"1519","2","0","0","0","0","0","0","0","0","4","0","","36","11","2019","2019117567","7","40.0788","-76.337","1519","08","1","0","0","1","0","0","0","0","","0","0","0","15","1","0","00","0","40 04:43.680","","07","76 20:13.160","0","0","0","0","36101","0","0","0","N","0","0","0","7","36101","0","","1","01","N","N","0","","0","0","0","0","0","","1515","0","2","0","0","0","0","0","3","0","2","N","","","","","","","","","","","","03","  ","","",""
"1706","0","0","0","0","0","0","0","0","0","4","0","","36","11","2019","2019117568","6","40.0752","-76.4081","1702","08","0","0","0","0","0","1","0","0","2","0","0","","17","4","2","01","2","40 04:30.775","7","00","76 24:29.114","3","0","0","0","36214","0","0","0","N","0","0","0","2","36214","0","","1","01","N","N","0","","2","0","0","3","3","Y","1700","2","2","0","0","0","0","0","3","0","0","N","","","","","","","","","","","","03","  ","","",""
"1846","0","0","0","0","0","0","0","0","0","98","0","","36","11","2019","2019117720","7","40.1651","-76.2109","1840","08","0","0","0","0","0","0","0","0","","0","0","","18","2","0","00","0","40 09:54.391","","00","76 12:39.344","9","0","0","0","36218","0","0","0","N","0","0","0","2","36408","0","","1","01","Y","N","0","","0","0","0","0","0","","1838","0","1","0","0","0","0","0","1","0","0","N","","","","","","","","","","","","03","03","","",""
"1800","0","0","0","0","0","0","0","0","0","4","0","","36","11","2019","2019117736","1","40.0389","-76.5105","1752","08","0","0","0","0","0","0","0","0","","0","0","","17","3","0","01","0","40 02:20.202","","00","76 30:37.819","9","0","0","0","36404","0","0","0","N","0","0","0","2","36404","0","","1","01","N","N","0","","0","0","0","1","2","","1745","0","2","0","0","0","0","0","3","0","0","N","","","","","","","","","","","","03","  ","","",""
"1853","2","0","0","0","0","0","0","0","0","2","0","","36","11","2019","2019117744","7","40.1462","-76.634","1853","08","0","0","0","0","0","0","0","0","","0","0","0","18","2","2","00","2","40 08:46.145","7","00","76 38:02.492","2","0","0","0","36237","0","0","0","N","0","0","0","2","36505","0","","1","01","N","N","0","","1","1","0","0","0","Y","1853","2","2","0","1","2","0","0","1","0","2","N","","","","","","","","","","","2255","03","03","","",""
"1127","0","0","0","0","0","0","0","0","0","4","0","","36","11","2019","2019117758","1","40.0442","-76.2921","1126","08","0","0","0","0","0","0","0","0","","0","0","","11","1","1","01","1","40 02:39.112","4","00","76 17:31.624","9","0","0","0","36301","0","0","0","N","0","0","0","2","36301","0","","1","01","N","N","0","","0","0","0","3","2","N","1126","0","2","0","0","0","0","0","3","0","0","N","","","","","","","","","","","1140","03","03","","",""
"2108","0","0","0","0","0","0","0","0","0","7","0","","36","10","2019","2019117793","4","40.1562","-76.2053","2107","08","0","0","0","0","0","0","0","0","1","0","0","","20","3","1","00","1","40 09:22.499","1","00","76 12:19.011","9","0","0","0","36402","0","0","0","N","0","0","0","1","36402","0","","4","09","N","N","0","","0","0","0","0","0","Y","2028","0","2","0","0","0","0","0","2","0","0","N","","","","","","","","","","","9999","07","  ","","",""
"0701","0","0","0","0","0","0","0","0","0","98","0","","36","11","2019","2019117798","2","39.9592","-76.245","0649","08","0","0","0","0","0","0","0","0","","0","0","","06","1","0","00","0","39 57:33.272","","00","76 14:41.921","9","0","0","0","36240","0","0","0","N","0","0","0","1","36240","0","","1","09","N","N","0","","0","0","0","0","0","","0648","0","1","0","0","0","0","0","1","0","0","N","","","","","","","","","","","","07","  ","","",""
"1414","0","0","0","0","0","0","0","0","0","4","0","","36","11","2019","2019117841","5","40.1317","-76.2175","1407","08","0","0","0","0","0","0","0","0","","0","0","","14","1","0","00","1","40 07:54.008","3","07","76 13:03.004","9","0","0","0","36238","0","0","0","N","0","0","0","2","36238","0","","1","01","N","N","0","","0","0","0","0","0","N","1407","0","2","0","0","0","0","0","3","0","0","N","","","","","","","","","","","1430","03","  ","","",""
"1700","0","0","0","0","0","0","0","0","0","4","0","","36","11","2019","2019117941","1","40.0014","-76.2109","1654","08","0","0","0","0","0","0","0","0","","0","0","","16","6","0","03","0","40 00:05.160","","00","76 12:39.249","9","0","0","0","36240","0","0","0","N","0","0","0","4","36240","0","","1","09","N","N","0","","0","0","0","3","3","","1654","0","2","0","0","0","0","0","1","0","0","N","","","","","","","","","","","","07","  ","","",""
"1330","2","0","0","0","0","0","0","0","0","1","1","","36","10","2019","2019117955","5","40.1424","-76.6535","1322","08","0","0","0","0","0","1","0","0","","0","0","0","13","1","0","00","1","40 08:32.792","1","00","76 39:12.774","0","0","0","0","36237","0","0","0","N","0","0","0","1","36505","0","","1","09","N","N","0","","0","0","0","0","0","N","1320","0","2","0","0","0","0","0","1","0","2","N","","","","","","","","","","","1420","07","  ","","",""
"2144","2","0","0","0","0","0","0","0","0","4","0","","36","11","2019","2019117960","5","40.1832","-76.1918","2140","08","0","1","0","0","0","0","0","0","","0","0","0","21","3","0","01","0","40 10:59.536","","00","76 11:30.551","0","0","0","0","36408","0","0","0","N","0","0","0","2","36408","0","","1","01","N","N","0","","0","0","0","3","2","","2139","0","2","0","0","0","0","0","2","0","2","N","","","","","","","","","","","","03","03","","",""
"0922","0","0","0","0","0","0","0","0","0","7","0","","36","11","2019","2019117978","7","40.0688","-76.2882","0918","08","0","0","0","0","0","0","0","0","2","0","0","0","09","1","1","00","1","40 04:07.575","2","02","76 17:17.564","3","0","0","0","36101","0","0","0","N","0","0","0","1","36101","0","","5","01","N","N","1","","1","0","0","0","0","N","0916","1","1","0","0","0","0","0","3","0","1","N","","","","","","","","","","","","03","  ","","",""
"0703","1","0","0","0","0","0","0","0","0","1","0","","36","11","2019","2019117979","2","40.0685","-76.3077","0659","08","0","0","0","0","0","0","1","0","1","0","0","0","06","1","0","01","1","40 04:06.605","3","00","76 18:27.559","0","0","0","0","36101","0","0","0","N","0","0","0","3","36101","0","","1","01","N","N","0","","0","0","1","3","4","N","0657","0","2","0","0","0","0","0","3","0","2","N","","","","","","","","","","","","03","  ","","",""
"1514","0","0","0","0","0","0","0","0","0","0","0","","36","10","2019","2019117980","3","40.0289","-76.2348","1511","08","0","0","0","0","0","0","0","0","","0","0","","15","1","1","00","0","40 01:44.000","","07","76 14:05.100","9","0","0","0","36215","0","0","0","N","0","0","0","1","36215","0","","5","01","N","N","0","","0","0","0","3","3","","1509","0","2","0","0","0","0","0","1","0","0","N","","","","","","","","","","","","03","  ","","",""
"1331","0","0","0","0","0","0","0","0","0","1","0","","36","10","2019","2019117981","1","40.0295","-76.2293","1328","08","0","0","0","0","0","0","0","0","","0","0","0","13","1","1","00","0","40 01:46.373","","00","76 13:45.337","3","0","0","0","36215","0","0","0","N","0","0","0","5","36215","0","","1","01","N","N","0","","1","0","2","0","0","","1327","1","2","0","0","0","0","0","1","0","2","N","","","","","","","","","","","","03","  ","","",""
"1739","0","0","0","0","0","0","0","0","0","4","0","","36","11","2019","2019117982","4","40.0496","-76.2272","1736","08","1","0","0","0","0","0","0","0","2","0","0","","17","3","0","02","2","40 02:58.466","7","00","76 13:37.953","0","0","0","0","36215","0","0","0","N","0","0","0","2","36215","0","","1","01","N","N","0","","0","0","0","3","3","Y","1732","0","2","0","0","0","0","0","1","0","0","N","","","","","","","","","","","","03","  ","","",""
"1909","0","0","0","0","0","0","0","0","0","9","0","","36","11","2019","2019117983","4","40.0169","-76.2334","1905","08","0","0","0","0","0","0","0","0","","0","0","0","19","2","0","00","0","40 01:00.913","","00","76 14:00.292","0","0","0","0","36215","0","0","0","N","0","0","0","1","36215","0","","1","01","N","N","0","","0","0","1","0","0","","1903","0","1","0","0","0","0","0","1","0","1","N","","","","","","","","","","","","03","  ","","",""
"0842","0","0","0","0","0","0","0","0","0","4","0","","36","11","2019","2019117984","5","40.049","-76.25","0834","08","0","0","0","0","0","0","0","0","1","0","0","","08","1","1","00","1","40 02:56.450","2","07","76 14:59.940","3","0","0","0","36215","0","0","0","N","0","0","0","2","36215","0","","1","01","N","N","0","","1","0","0","3","3","N","0830","1","2","0","0","0","0","0","1","0","0","N","","","","","","","","","","","","03","  ","","",""
"1940","1","0","0","0","0","0","0","0","0","9","0","","36","11","2019","2019117985","6","40.0062","-76.3742","1929","08","0","0","0","0","0","0","0","1","","0","0","0","19","2","0","00","0","40 00:22.226","","00","76 22:27.191","0","0","0","0","36223","0","0","0","N","0","0","0","1","36223","0","","1","01","N","N","0","","0","0","0","0","0","","1923","0","1","0","0","0","0","0","1","0","1","N","","","","","","","","","","","","03","  ","","",""
"1747","0","0","0","0","0","0","0","0","0","1","0","","36","11","2019","2019117986","1","40.0397","-76.3646","1742","08","0","0","0","0","0","0","0","0","1","0","0","","17","3","0","00","1","40 02:22.934","3","00","76 21:52.722","9","0","0","0","36223","0","0","0","N","0","0","0","2","36223","0","","1","01","N","N","0","","0","0","0","3","2","N","1742","0","2","0","0","0","0","0","1","0","0","N","","","","","","","","","","","","03","  ","","",""
"1233","1","0","0","0","0","0","0","0","0","6","0","","36","11","2019","2019117988","6","40.0418","-76.3085","1223","08","0","0","0","0","0","0","0","0","2","0","0","0","12","1","0","00","1","40 02:30.617","2","00","76 18:30.609","0","0","0","0","36301","0","0","0","N","0","0","0","1","36301","0","","6","01","N","N","0","","0","0","1","0","0","N","1223","0","3","0","0","0","0","0","3","1","3","N","","","","","","","","","","","","03","  ","","",""
"1047","0","0","0","0","0","0","0","0","0","5","0","","36","11","2019","2019118019","3","40.0359","-76.5018","1045","08","0","0","0","0","0","0","0","0","","0","0","","10","1","1","00","0","40 02:09.272","","00","76 30:06.648","9","0","0","0","36404","0","0","0","N","0","0","0","2","36404","0","","1","01","N","N","0","","0","0","0","0","0","","1045","0","2","0","0","0","0","0","3","0","0","N","","","","","","","","","","","","03","03","","",""
"1407","0","0","0","0","0","0","0","0","0","4","1","","36","10","2019","2019118048","4","39.9603","-76.0388","1350","08","0","0","0","0","0","0","0","1","3","0","1","0","13","1","1","02","2","39 57:36.946","7","00","76 02:19.557","3","0","0","0","36231","0","0","0","N","0","0","0","2","68J01","0","","1","09","N","N","1","","1","0","0","3","3","Y","1344","1","2","0","0","1","0","0","1","0","2","N","","","","","","","","","","","","07","  ","","",""
"2219","1","0","0","0","0","0","0","0","0","4","0","","36","10","2019","2019118052","6","39.7621","-76.1773","2159","08","0","0","0","0","0","1","0","0","2","0","0","0","21","2","2","00","2","39 45:43.728","5","00","76 10:38.290","3","0","0","0","36219","0","0","0","N","0","0","0","3","68J01","1","","1","01","N","N","0","","1","0","1","0","0","Y","2156","2","2","0","0","0","0","0","1","0","2","N","","","","","","","","","","","","03","  ","","",""
"1134","2","0","0","0","0","0","0","0","0","4","0","","36","10","2019","2019118056","1","40.0357","-76.0987","1116","08","0","0","0","0","0","0","0","0","","0","0","0","11","1","0","00","0","40 02:08.622","","00","76 05:55.277","0","0","0","0","36221","0","0","0","N","0","0","0","3","68J01","0","","1","09","N","N","0","","0","0","0","0","0","","1114","0","2","0","0","0","0","0","1","0","2","N","","","","","","","","","","","","07","  ","","",""
"0205","1","0","0","0","0","0","0","0","0","7","0","","36","10","2019","2019118063","4","40.145","-75.9041","0139","08","0","1","0","0","0","0","0","0","3","0","0","0","01","2","1","00","2","40 08:41.987","5","00","75 54:14.875","3","0","0","0","36203","0","0","0","N","0","0","0","2","68J01","0","","4","01","N","N","0","","1","0","0","0","0","N","0138","1","1","0","0","0","0","0","1","0","1","N","","","","","","","","","","","","05","  ","","",""
"1418","2","0","0","0","0","0","0","0","0","1","0","","36","10","2019","2019118073","2","40.0347","-75.9946","1404","08","0","0","1","0","0","0","0","0","1","0","0","0","13","1","0","00","1","40 02:04.816","6","00","75 59:40.647","0","0","0","0","36232","0","0","0","N","0","0","0","2","68J01","0","","1","01","N","N","0","","0","0","0","0","0","Y","1359","0","2","0","0","0","0","0","1","0","2","N","","","","","","","","","","","","03","  ","","",""
"1235","0","0","0","0","0","0","0","0","0","7","0","","36","10","2019","2019118075","3","40.2257","-76.0597","1209","08","0","0","0","0","0","0","0","0","1","0","0","0","12","1","1","00","1","40 13:32.640","2","00","76 03:34.891","3","0","0","0","36202","0","0","0","N","0","0","0","1","68J01","0","","4","01","N","N","0","","1","0","1","0","0","N","1208","1","1","0","0","0","0","0","1","0","1","N","","","","","","","","","","","","03","  ","","",""
"1904","0","0","0","0","0","0","0","0","0","4","0","","36","10","2019","2019118085","5","40.0105","-76.1324","1852","08","0","0","0","0","0","0","2","0","","0","0","","18","3","0","01","0","40 00:37.874","","00","76 07:56.531","0","0","0","0","36226","0","0","0","N","0","0","0","2","68J01","0","","1","01","N","N","0","","0","0","0","0","0","","1845","0","2","0","0","0","0","0","1","0","0","N","","","","","","","","","","","","03","  ","","",""