"ARRIVAL_TM","AUTOMOBILE_COUNT","BELTED_DEATH_COUNT","BELTED_SUSP_SERIOUS_INJ_COUNT","BICYCLE_COUNT","BICYCLE_DEATH_COUNT","BICYCLE_SUSP_SERIOUS_INJ_COUNT","BUS_COUNT","CHLDPAS_DEATH_COUNT","CHLDPAS_SUSP_SERIOUS_INJ_COUNT","COLLISION_TYPE","COMM_VEH_COUNT","CONS_ZONE_SPD_LIM","COUNTY","CRASH_MONTH","CRASH_YEAR","CRN","DAY_OF_WEEK","DEC_LAT","DEC_LONG","DISPATCH_TM","DISTRICT","DRIVER_COUNT_16YR","DRIVER_COUNT_17YR","DRIVER_COUNT_18YR","DRIVER_COUNT_19YR","DRIVER_COUNT_20YR","DRIVER_COUNT_50_64YR","DRIVER_COUNT_65_74YR","DRIVER_COUNT_75PLUS","EST_HRS_CLOSED","FATAL_COUNT","HEAVY_TRUCK_COUNT","HORSE_BUGGY_COUNT","HOUR_OF_DAY","ILLUMINATION","INJURY_COUNT","INTERSECT_TYPE","LANE_CLOSED","LATITUDE","LN_CLOSE_DIR","LOCATION_TYPE","LONGITUDE","MAX_SEVERITY_LEVEL","MCYCLE_DEATH_COUNT","MCYCLE_SUSP_SERIOUS_INJ_COUNT","MOTORCYCLE_COUNT","MUNICIPALITY","NONMOTR_COUNT","NONMOTR_DEATH_COUNT","NONMOTR_SUSP_SERIOUS_INJ_COUNT","NTFY_HIWY_MAINT","PED_COUNT","PED_DEATH_COUNT","PED_SUSP_SERIOUS_INJ_COUNT","PERSON_COUNT","POLICE_AGCY","POSSIBLE_INJ_COUNT","RDWY_SURF_TYPE_CD","RELATION_TO_ROAD","ROAD_CONDITION","SCH_BUS_IND","SCH_ZONE_IND","SMALL_TRUCK_COUNT","SPEC_JURIS_CD","SUSP_MINOR_INJ_COUNT","SUSP_SERIOUS_INJ_COUNT","SUV_COUNT","TCD_FUNC_CD","TCD_TYPE","TFC_DETOUR_IND","TIME_OF_DAY","TOT_INJ_COUNT","TOTAL_UNITS","UNB_DEATH_COUNT","UNB_SUSP_SERIOUS_INJ_COUNT","UNBELTED_OCC_COUNT","UNK_INJ_DEG_COUNT","UNK_INJ_PER_COUNT","URBAN_RURAL","VAN_COUNT","VEHICLE_COUNT","WORK_ZONE_IND","WORK_ZONE_LOC","WORK_ZONE_TYPE","WORKERS_PRES","WZ_CLOSE_DETOUR","WZ_FLAGGER","WZ_LAW_OFFCR_IND","WZ_LN_CLOSURE","WZ_MOVING","WZ_OTHER","WZ_SHLDER_MDN","ROADWAY_CLEARED","WEATHER1","WEATHER2","WZ_WORKERS_INJ_KILLED","SECONDARY_CRASH","INTERSECTION_RELATED"
"2250","1","0","0","0","0","0","0","0","0","9","0","","36","11","2019","2019118091","6","39.9251","-76.0681","2235","08","0","0","0","0","0","1","0","0","","0","0","0","22","2","0","00","0","39 55:30.261","","00","76 04:05.138","0","0","0","0","36201","0","0","0","N","0","0","0","1","68J01","0","","1","01","N","N","0","","0","0","0","0","0","","2233","0","1","0","0","0","0","0","1","0","1","N","","","","","","","","","","","","03","  ","","",""
"0349","1","0","0","0","0","0","0","0","0","7","0","","36","11","2019","2019118094","7","40.2067","-76.2602","0252","08","0","0","0","0","0","0","0","0","2","0","0","0","02","2","0","02","2","40 12:24.268","5","00","76 15:36.642","0","0","0","0","36204","0","0","0","N","0","0","0","2","68J01","0","","5","01","N","N","0","","0","0","0","0","0","N","0243","0","1","0","0","0","0","0","1","0","1","N","","","","","","","","","","","","03","  ","","",""
"1815","2","0","0","0","0","0","0","0","0","2","0","","36","11","2019","2019118099","1","40.0352","-76.0257","1808","08","0","0","0","0","0","1","0","0","2","0","0","0","18","2","3","00","2","40 02:06.861","6","00","76 01:32.516","3","0","0","0","36232","0","0","0","N","0","0","0","6","68J01","0","","1","01","N","N","0","","3","0","1","0","0","Y","1800","3","3","0","0","0","0","0","1","0","3","N","","","","","","","","","","","","03","  ","","",""
"0517","0","0","0","0","0","0","0","0","0","2","0","","36","11","2019","2019118110","3","39.8595","-76.2235","0500","08","0","0","0","0","0","1","0","0","1","0","0","0","04","2","0","00","1","39 51:34.319","1","00","76 13:24.681","0","0","0","0","36208","0","0","0","N","0","0","0","3","68J01","0","","1","01","N","N","3","","0","0","0","0","0","N","0458","0","3","0","0","0","0","0","1","0","3","N","","","","","","","","","","","","03","  ","","",""
"1344","0","0","0","0","0","0","0","0","0","4","0","","36","11","2019","2019118133","6","39.7941","-76.2219","1332","08","0","0","0","0","0","1","0","0","1","0","0","0","13","1","1","01","1","39 47:38.821","2","00","76 13:18.796","3","0","0","0","36208","0","0","0","N","0","0","0","2","68J01","0","","1","01","N","N","0","","1","0","0","0","0","N","1330","1","2","0","0","0","0","1","1","2","2","N","","","","","","","","","","","","03","  ","","",""
"1726","0","0","0","0","0","0","0","0","0","1","0","","36","11","2019","2019118175","4","40.149","-75.9092","1724","08","0","0","1","0","0","0","0","0","2","0","0","0","17","2","0","00","1","40 08:56.325","4","00","75 54:32.941","0","0","0","0","36203","0","0","0","N","0","0","0","2","68J01","0","","1","01","N","N","1","","0","0","1","0","0","N","1722","0","2","0","0","0","0","0","1","0","2","N","","","","","","","","","","","","03","  ","","",""
"1834","2","0","0","0","0","0","0","0","0","9","0","","36","11","2019","2019118218","6","39.7971","-76.1849","1832","08","0","0","0","0","1","0","0","0","1","0","0","0","18","2","0","00","1","39 47:49.464","2","00","76 11:05.667","0","0","0","0","36219","0","0","0","N","0","0","0","3","68J01","0","","1","01","N","N","0","","0","0","0","0","0","N","1829","0","2","0","0","0","0","0","1","0","2","N","","","","","","","","","","","","03","  ","","",""
"0741","0","0","0","0","0","0","0","0","0","1","0","","36","11","2019","2019118231","7","39.9631","-75.9974","0716","08","0","0","0","0","0","0","0","0","","0","0","","07","1","0","01","1","39 57:47.302","3","00","75 59:50.526","9","0","0","0","36231","0","0","0","N","0","0","0","2","68J01","0","","1","01","N","N","0","","0","0","0","3","2","N","0710","0","2","0","0","0","0","0","1","0","0","N","","","","","","","","","","","0825","03","03","","",""
"1857","0","0","0","0","0","0","0","0","0","98","0","","36","11","2019","2019118247","7","39.971","-76.0054","1828","08","0","0","0","0","0","0","0","0","","0","0","","18","1","0","00","0","39 58:15.649","","00","76 00:19.599","9","0","0","0","36231","0","0","0","N","0","0","0","1","68J01","0","","1","01","N","N","0","","0","0","0","0","0","","1828","0","1","0","0","0","0","0","1","0","0","N","","","","","","","","","","","","03","  ","","",""
"0453","0","0","0","0","0","0","0","0","0","5","0","","36","11","2019","2019118268","5","40.1282","-76.5102","0444","08","0","0","0","0","0","0","0","0","","0","0","","04","5","0","00","0","40 07:41.524","","00","76 30:36.880","9","0","0","0","36225","0","0","0","N","0","0","0","2","36505","0","","1","01","N","N","0","","0","0","0","0","0","","0443","0","2","0","0","0","0","0","2","0","0","N","","","","","","","","","","","","03","  ","","",""
"1710","1","0","0","0","0","0","0","0","0","1","0","","36","11","2019","2019118273","2","40.1213","-76.0388","1707","08","0","0","0","0","0","2","0","0","","0","0","0","17","4","2","02","2","40 07:16.519","6","00","76 02:19.591","3","0","0","0","36213","0","0","0","N","0","0","0","3","36213","0","","1","01","N","N","0","","1","0","1","3","2","Y","1705","2","3","0","0","0","1","0","1","1","3","N","","","","","","","","","","","1808","03","03","","",""
"2008","0","0","0","0","0","0","0","0","0","1","0","","36","11","2019","2019118306","4","40.1142","-76.5314","2051","08","0","0","0","0","0","0","0","0","","0","0","","20","3","0","00","0","40 06:51.100","","00","76 31:53.200","9","0","0","0","36413","0","0","0","N","0","0","0","1","36413","0","","1","01","N","N","0","","0","0","0","0","0","","2003","0","2","0","0","0","0","0","2","0","0","N","","","","","","","","","","","","03","  ","","",""
"1639","0","0","0","0","0","0","0","0","0","1","0","","36","11","2019","2019118307","4","40.2397","-76.0819","1634","08","0","0","0","0","0","0","0","1","1","0","0","","16","4","0","00","1","40 14:22.980","4","00","76 04:54.886","0","0","0","0","36210","0","0","0","N","0","0","0","2","36210","0","","1","01","N","N","0","","0","0","0","0","0","N","1632","0","2","0","0","0","0","0","1","0","0","N","","","","","","","","","","","","03","  ","","",""
"1041","2","0","0","0","0","0","0","0","0","4","0","","36","11","2019","2019118308","4","40.2276","-76.0892","1041","08","0","0","0","0","0","0","1","0","1","0","0","0","10","1","0","00","1","40 13:39.211","2","00","76 05:20.961","0","0","0","0","36210","0","0","0","N","0","0","0","3","36210","0","","1","01","N","N","0","","0","0","0","0","0","N","1039","0","2","0","0","0","0","0","1","0","2","N","","","","","","","","","","","","03","  ","","",""
"1911","0","0","0","0","0","0","0","0","0","1","0","","36","11","2019","2019118309","7","40.2562","-76.089","1906","08","0","0","0","0","0","0","0","0","","0","0","","19","2","0","00","0","40 15:22.318","","07","76 05:20.332","9","0","0","0","36210","0","0","0","N","0","0","0","2","36210","0","","1","01","N","N","0","","0","0","0","0","0","","1903","0","2","0","0","0","0","0","1","0","0","N","","","","","","","","","","","","03","  ","","",""
"0156","0","0","0","0","0","0","0","0","0","5","0","","36","11","2019","2019118311","1","40.2166","-76.1156","0150","08","0","0","0","0","0","0","0","0","","0","0","","01","3","0","00","0","40 12:59.610","","00","76 06:56.180","9","0","0","0","36210","0","0","0","N","0","0","0","1","36210","0","","2","01","N","N","0","","0","0","0","0","0","","0145","0","3","0","0","0","0","0","1","0","0","N","","","","","","","","","","","","03","  ","","",""
"0627","1","0","0","0","0","0","0","0","0","4","0","","36","11","2019","2019118312","2","40.2298","-76.0828","0623","08","0","0","0","0","0","0","0","0","","0","0","0","06","3","1","00","0","40 13:47.243","","00","76 04:57.933","3","0","0","0","36210","0","0","0","N","0","0","0","3","36210","0","","1","01","N","N","1","","1","0","0","0","0","","0623","1","2","0","0","0","0","0","1","0","2","N","","","","","","","","","","","","03","  ","","",""
"0813","0","0","0","0","0","0","0","0","0","1","0","","36","11","2019","2019118313","2","40.2114","-76.1037","0805","08","0","0","0","0","0","1","0","0","","0","0","","08","1","0","00","0","40 12:41.136","","00","76 06:13.212","0","0","0","0","36210","0","0","0","N","0","0","0","2","36210","0","","1","01","N","N","0","","0","0","0","0","0","","0805","0","2","0","0","0","0","0","1","0","0","N","","","","","","","","","","","","03","  ","","",""
"2040","0","0","0","0","0","0","0","0","0","9","0","","36","11","2019","2019118314","2","40.2191","-76.1048","2038","08","0","0","0","0","0","0","0","0","","0","0","0","20","3","0","00","0","40 13:08.666","","00","76 06:17.316","0","0","0","0","36210","0","0","0","N","0","0","0","1","36210","0","","1","01","N","N","0","","0","0","1","0","0","","2038","0","1","0","0","0","0","0","1","0","1","N","","","","","","","","","","","","03","  ","","",""
"1051","0","0","0","0","0","0","0","0","0","7","0","","36","11","2019","2019118403","3","39.9981","-76.2902","1049","08","0","0","0","0","0","0","0","0","","0","0","","10","1","1","00","0","39 59:53.214","","00","76 17:24.667","9","0","0","0","36240","0","0","0","Y","0","0","0","1","36240","0","","2","01","N","N","0","","0","0","0","0","0","","1049","0","1","0","0","0","0","0","1","0","0","N","","","","","","","","","","","","03","  ","","",""
"0753","0","0","0","0","0","0","0","0","0","4","0","","36","11","2019","2019118474","5","40.1318","-75.9733","0719","08","0","0","0","1","0","1","0","0","","0","0","","07","1","0","00","0","40 07:54.387","","07","75 58:23.763","0","0","0","0","36203","0","0","0","N","0","0","0","2","68J01","0","","1","01","N","N","0","","0","0","0","0","0","","0713","0","2","0","0","0","0","0","1","0","0","N","","","","","","","","","","","","03","  ","","",""
"1723","1","0","0","0","0","0","0","0","0","4","0","","36","11","2019","2019118532","2","40.0363","-76.4554","1713","08","0","0","0","0","0","0","0","0","","0","0","0","17","4","0","01","0","40 02:10.903","","00","76 27:18.690","0","0","0","0","36239","0","0","0","N","0","0","0","2","36239","0","","1","01","N","N","0","","0","0","1","3","2","N","1713","0","2","0","0","0","0","0","3","0","2","N","","","","","","","","","","","","03","03","","",""
"1241","0","0","0","0","0","0","0","0","0","4","0","","36","10","2019","2019118539","3","40.1427","-76.6537","1232","08","0","0","0","0","0","0","0","0","","0","0","","12","1","0","01","1","40 08:33.672","2","00","76 39:13.209","9","0","0","0","36237","0","0","0","N","0","0","0","2","36505","0","","1","01","N","N","0","","0","0","0","3","3","N","1232","0","2","0","0","0","0","0","1","0","0","N","","","","","","","","","","","1313","03","03","","",""
"0829","2","0","0","0","0","0","0","0","0","1","0","","36","11","2019","2019118591","5","40.0564","-76.3059","0816","08","0","0","0","0","0","0","1","0","","0","0","0","08","1","2","00","0","40 03:23.190","","00","76 18:21.310","8","0","0","0","36101","0","0","0","N","0","0","0","3","36101","0","","1","01","N","N","0","","0","0","0","3","2","","0811","2","2","0","0","0","2","0","3","0","2","N","","","","","","","","","","","","03","  ","","",""
"0934","1","0","0","0","0","0","0","0","0","1","0","","36","11","2019","2019118592","2","40.0844","-76.3437","0927","08","0","0","0","0","0","0","0","1","2","0","0","0","09","1","1","00","1","40 05:03.946","2","00","76 20:37.368","3","0","0","0","36101","0","0","0","N","0","0","0","2","36101","0","","1","01","N","N","0","","1","0","1","3","2","N","0925","1","2","0","0","0","0","0","3","0","2","N","","","","","","","","","","","","03","  ","","",""
"0720","0","0","0","0","0","0","0","0","0","4","0","","36","11","2019","2019118593","3","40.0348","-76.3245","0712","08","0","0","0","0","0","0","1","0","1","0","0","","07","1","0","02","1","40 02:05.326","1","00","76 19:28.020","0","0","0","0","36220","0","0","0","N","0","0","0","2","36101","0","","1","01","N","N","0","","0","0","0","0","0","N","0709","0","4","0","0","0","0","0","3","0","0","N","","","","","","","","","","","","03","  ","","",""
"1250","0","0","0","0","0","0","0","0","0","1","0","","36","11","2019","2019118594","4","40.0239","-76.2409","1246","08","0","0","0","0","0","0","0","0","2","0","0","","12","1","0","00","2","40 01:25.920","1","00","76 14:27.395","0","0","0","0","36215","0","0","0","N","0","0","0","4","36215","0","","1","01","N","N","0","","0","0","0","0","0","N","1243","0","3","0","0","0","0","0","1","0","0","N","","","","","","","","","","","","03","  ","","",""
"1229","2","0","0","0","0","0","0","0","0","1","0","","36","11","2019","2019118595","2","40.0844","-76.2234","1223","08","0","0","0","0","0","0","0","0","","0","0","0","12","1","1","00","0","40 05:03.741","","00","76 13:24.103","3","0","0","0","36234","0","0","0","N","0","0","0","3","36215","0","","1","01","N","N","0","","1","0","0","0","0","","1219","1","3","0","0","0","0","0","1","1","3","N","","","","","","","","","","","","03","  ","","",""
"0248","0","0","0","0","0","0","0","0","0","4","0","","36","10","2019","2019118596","1","39.998","-76.4731","0240","08","0","0","0","0","0","0","0","0","3","0","0","","02","2","1","09","1","39 59:52.867","2","00","76 28:23.201","9","0","0","0","36223","0","0","0","N","0","0","0","1","36223","0","","5","09","N","N","0","","0","0","0","0","0","N","0238","0","3","0","0","0","0","0","1","0","0","N","","","","","","","","","","","","07","  ","","",""
"0903","0","0","0","0","0","0","0","0","0","1","0","","36","11","2019","2019118597","5","40.0104","-76.4315","0847","08","0","0","0","0","0","0","0","0","3","0","0","0","08","1","0","00","1","40 00:37.556","5","00","76 25:53.391","0","0","0","0","36223","0","0","0","N","0","0","0","5","36223","0","","1","01","N","N","2","","0","0","1","0","0","N","0845","0","3","0","0","0","0","0","1","0","3","N","","","","","","","","","","","","03","  ","","",""
"0549","0","0","0","0","0","0","1","0","0","1","1","","36","10","2019","2019118675","5","40.0656","-75.9746","0526","08","0","0","0","0","0","0","0","0","","0","0","0","05","2","0","00","0","40 03:56.100","","00","75 58:28.400","0","0","0","0","36232","0","0","0","N","0","0","0","1","68J01","0","","5","09","Y","N","0","","0","0","1","0","0","","0524","0","2","0","0","0","0","0","1","0","2","N","","","","","","","","","","","","07","  ","","",""
"1230","0","0","0","0","0","0","0","0","0","7","0","","36","10","2019","2019118676","5","39.9312","-76.2532","1216","08","0","0","0","0","0","0","1","0","2","0","0","0","12","1","0","00","1","39 55:52.494","2","00","76 15:11.486","0","0","0","0","36229","0","0","0","Y","0","0","0","1","68J01","0","","4","09","N","N","1","","0","0","0","0","0","N","1214","0","1","0","0","0","0","0","1","0","1","N","","","","","","","","","","","","07","  ","","",""
"2305","1","0","0","0","0","0","0","0","0","7","0","","36","10","2019","2019118690","5","39.9509","-76.0805","2245","08","0","0","0","0","1","0","0","0","","0","0","0","22","2","0","00","0","39 57:03.340","","00","76 04:49.900","0","0","0","0","36201","0","0","0","N","0","0","0","1","68J01","0","","5","08","N","N","0","","0","0","0","0","0","","2243","0","1","0","0","0","0","0","1","0","1","N","","","","","","","","","","","","07","  ","","",""
"0331","0","0","0","0","0","0","0","0","0","7","0","","36","11","2019","2019118691","6","39.8945","-76.1735","0310","08","0","0","0","0","0","0","0","0","","0","0","0","03","3","0","00","0","39 53:40.110","","00","76 10:24.420","0","0","0","0","36416","0","0","0","N","0","0","0","1","68J01","0","","4","09","N","N","0","","0","0","1","0","0","","0307","0","1","0","0","0","0","0","1","0","1","N","","","","","","","","","","","","03","  ","","",""
"0551","0","0","0","0","0","0","0","0","0","6","1","","36","11","2019","2019118700","5","39.9267","-76.2561","0535","08","0","0","0","0","0","1","0","0","2","0","1","0","05","2","1","00","1","39 55:36.200","6","00","76 15:22.100","4","0","0","0","36229","0","0","0","Y","0","0","0","2","68J01","1","","1","01","N","N","1","","0","0","0","0","0","Y","0532","1","2","0","0","1","0","0","1","0","2","N","","","","","","","","","","","","03","  ","","",""
"1656","0","0","0","0","0","0","0","0","0","4","0","","36","11","2019","2019118705","1","40.1519","-75.9014","1647","08","0","0","0","0","0","0","0","1","1","0","0","0","16","4","0","01","1","40 09:06.964","4","00","75 54:04.897","0","0","0","0","36203","0","0","0","N","0","0","0","3","68J01","0","","1","01","N","N","1","","0","0","1","3","2","N","1643","0","2","0","0","0","0","0","1","0","2","N","","","","","","","","","","","","03","  ","","",""
"1506","0","0","0","0","0","0","0","0","0","1","0","55","36","11","2019","2019118714","3","40.1408","-76.202","1506","08","0","0","0","0","0","0","0","0","","0","0","","15","1","0","00","0","40 08:26.852","","00","76 12:07.166","9","0","0","0","36238","0","0","0","N","0","0","0","2","68J01","0","","1","01","N","N","0","","0","0","0","3","8","","1506","0","2","0","0","0","0","0","3","0","0","Y","2","1","Y","N","N","Y","Y","N","N","N","","03","  ","","",""
"1956","0","0","0","0","0","0","0","0","0","98","0","","36","11","2019","2019118750","2","39.9371","-76.255","1942","08","0","0","0","0","0","0","0","0","","0","0","","19","2","0","00","1","39 56:13.463","2","00","76 15:17.893","9","0","0","0","36229","0","0","0","N","0","0","0","1","68J01","0","","1","01","N","N","0","","0","0","0","0","0","N","1935","0","1","0","0","0","0","0","1","0","0","N","","","","","","","","","","","1935","03","  ","","",""
"1843","0","0","0","0","0","0","0","0","0","4","0","","36","11","2019","2019118780","3","40.0369","-76.4525","1833","08","0","0","0","0","0","0","0","0","","0","0","","18","3","0","00","1","40 02:12.780","4","07","76 27:08.876","9","0","0","0","36239","0","0","0","N","0","0","0","3","36239","0","","1","01","N","N","0","","0","0","0","2","3","N","1833","0","2","0","0","0","0","0","3","0","0","N","","","","","","","","","","","1915","03","  ","","",""
"0630","0","0","0","0","0","0","0","0","0","4","0","","36","11","2019","2019118840","2","40.0498","-76.3175","0622","08","0","0","0","0","0","0","0","0","","0","0","","06","3","1","01","1","40 02:59.122","2","00","76 19:02.958","9","0","0","0","36301","0","0","0","N","0","0","0","2","36301","0","","1","01","N","N","0","","0","0","0","3","2","Y","0620","0","2","0","0","0","0","0","3","0","0","N","","","","","","","","","","","0650","03","03","","",""
"0724","0","0","0","0","0","0","0","0","0","4","0","","36","11","2019","2019118864","4","40.1805","-76.2111","0720","08","0","0","0","0","0","0","0","0","","0","0","","07","1","1","01","1","40 10:49.758","3","00","76 12:39.923","9","0","0","0","36218","0","0","0","N","0","0","0","4","36408","0","","1","01","N","N","0","","0","0","0","3","3","N","0719","0","2","0","0","0","0","0","1","0","0","N","","","","","","","","","","","0750","03","03","","",""
"1022","0","0","0","0","0","0","0","0","0","5","0","","36","11","2019","2019119052","1","40.0094","-76.3085","1013","08","0","0","0","0","0","1","0","0","1","0","0","","10","1","1","00","1","40 00:33.900","5","07","76 18:30.500","3","0","0","0","36220","0","0","0","N","0","0","0","1","36101","0","","1","01","N","N","0","","1","0","0","0","0","N","1001","1","2","0","0","0","0","0","3","0","0","N","","","","","","","","","","","","03","  ","","",""
"1449","1","0","0","0","0","0","0","0","0","7","0","","36","11","2019","2019119053","1","40.0689","-76.3073","1446","08","0","0","0","0","0","0","0","0","2","0","0","0","14","1","0","00","1","40 04:08.061","3","00","76 18:26.230","0","0","0","0","36101","0","0","0","N","0","0","0","1","36101","0","","5","01","N","N","0","","0","0","0","0","0","N","1444","0","1","0","0","0","0","0","3","0","1","N","","","","","","","","","","","","03","  ","","",""
"1617","0","0","0","0","0","0","0","0","0","4","0","","36","11","2019","2019119055","1","40.0658","-76.3138","1617","08","0","0","1","0","0","0","1","0","1","0","0","","16","4","0","01","1","40 03:56.700","3","07","76 18:49.500","0","0","0","0","36101","0","0","0","N","0","0","0","2","36101","0","","1","01","N","N","0","","0","0","0","3","3","N","1612","0","2","0","0","0","0","0","3","0","0","N","","","","","","","","","","","","03","  ","","",""
"1620","0","0","0","0","0","0","0","0","0","1","0","","36","11","2019","2019119056","6","40.0612","-76.3546","1612","08","0","0","0","0","1","0","0","0","2","0","0","","16","1","1","00","1","40 03:40.491","4","00","76 21:16.611","3","0","0","0","36214","0","0","0","N","0","0","0","4","36214","0","","1","01","N","N","0","","1","0","0","0","0","N","1611","1","3","0","0","0","0","0","3","0","0","N","","","","","","","","","","","","03","  ","","",""
"0753","0","0","0","0","0","0","0","0","0","1","0","","36","11","2019","2019119057","4","40.0976","-76.4053","0745","08","0","0","0","0","0","0","0","0","1","0","0","","07","1","1","00","1","40 05:51.256","3","00","76 24:19.094","3","0","0","0","36214","0","0","0","N","0","0","0","3","36214","0","","1","01","N","N","0","","1","0","0","0","0","Y","0743","1","3","0","0","0","0","0","3","0","0","N","","","","","","","","","","","","03","  ","","",""
"0258","1","0","0","0","0","0","0","0","0","7","0","","36","11","2019","2019119058","6","39.9937","-76.3707","0251","08","0","0","0","0","0","0","0","0","","0","0","0","02","3","0","02","0","39 59:37.450","","00","76 22:14.619","9","0","0","0","36223","0","0","0","N","0","0","0","1","36223","0","","5","01","N","N","0","","0","0","0","3","3","","0249","0","1","0","0","0","0","1","1","0","1","N","","","","","","","","","","","","03","  ","","",""
"0445","1","0","0","0","0","0","0","0","0","7","0","","36","10","2019","2019119059","4","40.1982","-76.4208","0435","08","0","0","0","0","0","0","0","0","1","0","0","0","04","2","0","00","1","40 11:53.455","2","00","76 25:14.758","0","0","0","0","36230","0","0","0","N","0","0","0","1","36410","0","","4","09","N","N","0","","0","0","0","0","0","N","0433","0","1","0","0","0","0","0","1","0","1","N","","","","","","","","","","","","03","  ","","",""
"1542","1","0","1","0","0","0","0","0","0","4","1","","36","10","2019","2019119060","5","40.1818","-76.4945","1535","08","0","0","0","0","1","1","0","0","4","0","1","0","15","1","1","01","2","40 10:54.338","7","00","76 29:40.023","2","0","0","0","36230","0","0","0","N","0","0","0","2","36410","0","","1","01","N","N","0","","0","1","0","3","3","Y","1534","1","2","0","0","0","0","1","1","0","2","N","","","","","","","","","","","","03","  ","","",""
"1211","0","0","0","0","0","0","0","0","0","4","0","","36","11","2019","2019119061","7","40.1248","-76.4684","1207","08","0","0","1","0","0","0","0","0","2","0","0","","12","1","0","00","2","40 07:29.205","6","02","76 28:06.082","0","0","0","0","36230","0","0","0","N","0","0","0","2","36410","0","","1","01","N","N","0","","0","0","0","0","0","Y","1202","0","2","0","0","0","0","0","1","0","0","N","","","","","","","","","","","","03","  ","","",""
"1605","2","0","0","0","0","0","0","0","0","1","0","","36","11","2019","2019119062","4","40.1708","-76.3836","1603","08","0","0","0","0","0","0","0","1","2","0","0","0","16","1","1","00","1","40 10:15.013","3","00","76 23:01.009","4","0","0","0","36227","0","0","0","N","0","0","0","3","36506","1","","1","01","N","N","0","","0","0","0","0","0","Y","1603","1","2","0","0","0","0","0","1","0","2","N","","","","","","","","","","","","03","  ","","",""
"2351","2","0","0","0","0","0","0","0","0","4","0","","36","11","2019","2019119063","7","40.1668","-76.2917","2351","08","0","0","1","0","0","0","1","0","2","0","0","0","23","2","0","02","1","40 10:00.616","3","00","76 17:30.030","0","0","0","0","36235","0","0","0","N","0","0","0","2","36506","0","","1","01","N","N","0","","0","0","0","0","0","Y","2351","0","2","0","0","0","0","0","1","0","2","N","","","","","","","","","","","","03","  ","","",""
"0018","1","0","0","0","0","0","0","0","0","7","0","","36","11","2019","2019119064","2","40.1668","-76.2917","0017","08","0","0","0","0","0","0","0","0","","0","0","0","00","3","0","02","0","40 10:00.616","","00","76 17:30.030","0","0","0","0","36235","0","0","0","N","0","0","0","1","36506","0","","5","01","N","N","0","","0","0","0","0","0","","0016","0","1","0","0","0","0","0","1","0","1","N","","","","","","","","","","","","03","  ","","",""
"1807","1","0","0","0","0","0","0","0","0","1","0","","36","11","2019","2019119234","6","40.1289","-76.2195","1752","08","0","0","0","0","0","1","0","0","","0","0","0","17","3","0","00","0","40 07:44.211","","00","76 13:10.360","0","0","0","0","36238","0","0","0","N","0","0","0","2","36238","0","","1","01","N","N","0","","0","0","1","0","0","","1748","0","2","0","0","0","0","0","3","0","2","N","","","","","","","","","","","","03","  ","","",""
"0759","1","0","0","0","0","0","0","0","0","1","0","","36","11","2019","2019119323","5","40.1982","-76.2032","0759","08","0","0","0","0","0","1","0","1","","0","0","0","07","1","0","02","1","40 11:53.672","3","00","76 12:11.357","0","0","0","0","36408","0","0","0","N","0","0","0","2","36408","0","","1","01","N","N","0","","0","0","0","0","0","N","0753","0","2","0","0","0","0","0","2","1","2","N","","","","","","","","","","","0836","03","03","","",""
"1123","1","0","0","0","0","0","0","0","0","8","0","","36","11","2019","2019119339","5","40.0299","-76.2948","1121","08","0","0","0","0","0","0","0","0","","0","0","0","11","1","1","01","0","40 01:47.729","","00","76 17:41.305","3","0","0","0","36301","1","0","0","N","1","0","0","2","36301","0","","1","01","N","N","0","","1","0","0","3","2","","1121","1","2","0","0","0","0","0","3","0","1","N","","","","","","","","","","","","03","03","","",""
"0437","0","0","0","0","0","0","0","0","0","1","0","","36","11","2019","2019119420","6","39.7729","-76.0728","0413","08","0","0","0","0","0","0","0","0","","0","0","","04","6","1","00","0","39 46:22.346","","00","76 04:22.244","9","0","0","0","36222","0","0","0","N","0","0","0","3","68J01","0","","1","01","N","N","0","","0","0","0","0","0","","0410","0","2","0","0","0","0","0","1","0","0","N","","","","","","","","","","","","03","03","","",""
"1028","1","0","0","0","0","0","0","0","0","4","1","","36","11","2019","2019119421","6","39.975","-76.0418","1016","08","0","0","0","0","0","0","0","1","1","0","1","0","10","1","0","02","1","39 58:29.967","6","00","76 02:30.317","0","0","0","0","36231","0","0","0","N","0","0","0","2","68J01","0","","1","01","N","N","0","","0","0","0","3","3","N","1012","0","2","0","0","0","0","0","1","0","2","N","","","","","","","","","","","","03","  ","","",""
"1709","1","0","0","0","0","0","0","0","0","4","0","","36","11","2019","2019119440","2","39.9879","-76.1268","1705","08","0","0","0","0","0","1","0","0","","0","0","0","17","4","0","00","1","39 59:16.350","5","00","76 07:36.310","0","0","0","0","36226","0","0","0","N","0","0","0","3","68J01","0","","1","01","N","N","1","","0","0","0","0","0","N","1700","0","2","0","0","0","0","0","1","0","2","N","","","","","","","","","","","1830","03","03","","",""