"ARRIVAL_TM","AUTOMOBILE_COUNT","BELTED_DEATH_COUNT","BELTED_SUSP_SERIOUS_INJ_COUNT","BICYCLE_COUNT","BICYCLE_DEATH_COUNT","BICYCLE_SUSP_SERIOUS_INJ_COUNT","BUS_COUNT","CHLDPAS_DEATH_COUNT","CHLDPAS_SUSP_SERIOUS_INJ_COUNT","COLLISION_TYPE","COMM_VEH_COUNT","CONS_ZONE_SPD_LIM","COUNTY","CRASH_MONTH","CRASH_YEAR","CRN","DAY_OF_WEEK","DEC_LAT","DEC_LONG","DISPATCH_TM","DISTRICT","DRIVER_COUNT_16YR","DRIVER_COUNT_17YR","DRIVER_COUNT_18YR","DRIVER_COUNT_19YR","DRIVER_COUNT_20YR","DRIVER_COUNT_50_64YR","DRIVER_COUNT_65_74YR","DRIVER_COUNT_75PLUS","EST_HRS_CLOSED","FATAL_COUNT","HEAVY_TRUCK_COUNT","HORSE_BUGGY_COUNT","HOUR_OF_DAY","ILLUMINATION","INJURY_COUNT","INTERSECT_TYPE","LANE_CLOSED","LATITUDE","LN_CLOSE_DIR","LOCATION_TYPE","LONGITUDE","MAX_SEVERITY_LEVEL","MCYCLE_DEATH_COUNT","MCYCLE_SUSP_SERIOUS_INJ_COUNT","MOTORCYCLE_COUNT","MUNICIPALITY","NONMOTR_COUNT","NONMOTR_DEATH_COUNT","NONMOTR_SUSP_SERIOUS_INJ_COUNT","NTFY_HIWY_MAINT","PED_COUNT","PED_DEATH_COUNT","PED_SUSP_SERIOUS_INJ_COUNT","PERSON_COUNT","POLICE_AGCY","POSSIBLE_INJ_COUNT","RDWY_SURF_TYPE_CD","RELATION_TO_ROAD","ROAD_CONDITION","SCH_BUS_IND","SCH_ZONE_IND","SMALL_TRUCK_COUNT","SPEC_JURIS_CD","SUSP_MINOR_INJ_COUNT","SUSP_SERIOUS_INJ_COUNT","SUV_COUNT","TCD_FUNC_CD","TCD_TYPE","TFC_DETOUR_IND","TIME_OF_DAY","TOT_INJ_COUNT","TOTAL_UNITS","UNB_DEATH_COUNT","UNB_SUSP_SERIOUS_INJ_COUNT","UNBELTED_OCC_COUNT","UNK_INJ_DEG_COUNT","UNK_INJ_PER_COUNT","URBAN_RURAL","VAN_COUNT","VEHICLE_COUNT","WORK_ZONE_IND","WORK_ZONE_LOC","WORK_ZONE_TYPE","WORKERS_PRES","WZ_CLOSE_DETOUR","WZ_FLAGGER","WZ_LAW_OFFCR_IND","WZ_LN_CLOSURE","WZ_MOVING","WZ_OTHER","WZ_SHLDER_MDN","ROADWAY_CLEARED","WEATHER1","WEATHER2","WZ_WORKERS_INJ_KILLED","SECONDARY_CRASH","INTERSECTION_RELATED"
"0735","1","0","0","0","0","0","0","0","0","7","0","","36","11","2019","2019119509","5","40.0705","-76.3293","0729","08","0","0","0","0","1","0","0","0","2","0","0","0","06","1","0","00","1","40 04:13.850","3","00","76 19:45.640","0","0","0","0","36101","0","0","0","N","0","0","0","1","36101","0","","4","01","N","N","0","","0","0","0","0","0","N","0625","0","1","0","0","0","0","0","3","0","1","N","","","","","","","","","","","","03","  ","","",""
"0625","1","0","0","0","0","0","0","0","0","7","0","","36","11","2019","2019119510","2","40.1654","-76.083","0613","08","0","0","0","0","0","0","0","0","","0","0","0","06","5","0","00","0","40 09:55.580","","00","76 04:58.870","0","0","0","0","36209","0","0","0","N","0","0","0","1","36415","0","","5","01","N","N","0","","0","0","0","0","0","","0609","0","1","0","0","0","0","0","1","0","1","N","","","","","","","","","","","","03","  ","","",""
"0412","0","0","0","0","0","0","0","0","0","5","0","","36","11","2019","2019119511","2","40.1012","-76.0938","0410","08","0","0","0","0","0","0","0","0","1","0","0","0","04","3","0","00","1","40 06:04.255","4","00","76 05:37.839","0","0","0","0","36415","1","0","0","N","0","0","0","2","36415","0","","2","01","N","N","1","","0","0","1","0","0","Y","0410","0","2","0","0","0","0","0","1","0","2","N","","","","","","","","","","","","03","  ","","",""
"0028","0","0","0","0","0","0","0","0","0","0","0","","36","11","2019","2019119512","4","40.096","-76.0795","0021","08","0","0","0","0","0","0","0","0","2","0","0","","00","2","1","00","1","40 05:45.472","2","00","76 04:46.364","3","0","0","0","36209","0","0","0","N","0","0","0","1","36415","0","","5","01","N","N","0","","1","0","0","0","0","Y","0018","1","1","0","0","0","0","0","1","0","0","N","","","","","","","","","","","","03","  ","","",""
"1714","0","0","0","0","0","0","0","0","0","4","0","","36","11","2019","2019119513","4","40.1737","-76.3384","1714","08","0","0","0","0","0","0","0","0","","0","0","","17","4","0","01","0","40 10:25.161","","00","76 20:18.094","9","0","0","0","36227","0","0","0","N","0","0","0","2","36506","0","","1","01","N","N","0","","0","0","0","3","3","","1712","0","2","0","0","0","0","0","1","0","0","N","","","","","","","","","","","","03","  ","","",""
"1753","2","0","0","0","0","0","0","0","0","4","0","","36","11","2019","2019119662","3","40.0668","-76.3437","1744","08","0","1","0","1","0","0","0","0","","0","0","0","17","3","0","00","1","40 04:00.607","1","00","76 20:37.148","0","0","0","0","36301","0","0","0","N","0","0","0","2","36301","0","","1","01","N","N","0","","0","0","0","3","2","N","1742","0","2","0","0","0","0","0","3","0","2","N","","","","","","","","","","","1854","03","  ","","",""
"1344","2","0","0","0","0","0","0","0","0","4","0","","36","11","2019","2019119669","3","40.0346","-76.3023","1344","08","0","0","0","0","0","0","0","0","","0","0","0","13","1","0","10","0","40 02:04.434","","00","76 18:08.381","0","0","0","0","36301","0","0","0","N","0","0","0","3","36301","0","","1","01","N","N","0","","0","0","0","3","3","","1304","0","2","0","0","0","0","0","3","0","2","N","","","","","","","","","","","","03","03","","",""
"1203","0","0","0","0","0","0","0","0","0","7","0","","36","11","2019","2019119708","6","40.2787","-76.1229","1158","08","0","0","0","0","0","0","0","0","","0","0","0","11","1","0","00","2","40 16:43.318","5","00","76 07:22.468","0","0","0","0","36236","0","0","0","N","0","0","0","1","36408","0","","5","01","N","N","1","","0","0","0","0","0","Y","1155","0","1","0","0","0","0","0","1","0","1","N","","","","","","","","","","","1800","04","04","","",""
"1141","1","0","0","0","0","0","0","0","0","7","0","","36","11","2019","2019119742","6","39.9911","-76.2603","1138","08","0","0","0","0","1","0","0","0","","0","0","0","11","1","2","02","0","39 59:28.076","","00","76 15:37.017","4","0","0","0","36240","0","0","0","N","0","0","0","2","36240","2","","4","09","N","N","0","","0","0","0","0","0","","1137","2","1","0","0","0","0","0","1","0","1","N","","","","","","","","","","","","07","  ","","",""
"1757","2","0","0","0","0","0","0","0","0","9","0","","36","11","2019","2019119790","6","39.9892","-75.9908","1748","08","0","0","0","0","0","0","1","0","","0","0","0","17","2","0","00","0","39 59:21.135","","00","75 59:26.791","0","0","0","0","36232","0","0","0","N","0","0","0","3","68J01","0","","1","01","N","N","0","","0","0","0","0","0","","1734","0","2","0","0","0","0","0","1","0","2","N","","","","","","","","","","","","03","  ","","",""
"1350","1","0","0","0","0","0","0","0","0","1","0","","36","11","2019","2019119812","4","39.9218","-76.1905","1332","08","0","0","0","0","0","0","0","1","2","0","0","0","13","1","0","00","1","39 55:18.611","1","00","76 11:25.671","0","0","0","0","36229","0","0","0","N","0","0","0","2","68J01","0","","1","01","N","N","0","","0","0","0","0","0","N","1327","0","2","0","0","0","0","0","1","1","2","N","","","","","","","","","","","","03","  ","","",""
"1211","0","0","0","0","0","0","0","0","0","7","0","","36","11","2019","2019119824","6","40.0591","-76.4629","1206","08","0","0","0","0","0","0","0","0","","0","0","0","12","1","0","03","0","40 03:32.814","","00","76 27:46.398","0","0","0","0","36239","0","0","0","N","0","0","0","1","36239","0","","5","09","N","N","0","","0","0","0","0","0","","1206","0","1","0","0","0","0","0","3","1","1","N","","","","","","","","","","","","07","07","","",""
"1501","0","0","0","0","0","0","0","0","0","4","0","","36","11","2019","2019119843","3","40.0314","-76.3065","1457","08","0","0","0","0","0","0","0","0","","0","0","","14","1","1","01","1","40 01:52.926","1","00","76 18:23.456","9","0","0","0","36301","0","0","0","N","0","0","0","2","36301","0","","1","01","N","N","0","","0","0","0","3","3","N","1456","0","2","0","0","0","0","0","3","0","0","N","","","","","","","","","","","1512","03","  ","","",""
"1050","1","0","0","0","0","0","0","0","0","7","0","","36","11","2019","2019119900","4","40.1116","-76.244","1045","08","0","0","0","0","0","1","1","0","2","0","0","0","10","1","3","00","2","40 06:41.668","1","00","76 14:38.441","3","0","0","0","36101","0","0","0","N","0","0","0","3","36101","0","","5","01","N","N","1","","3","0","0","0","0","N","1044","3","2","0","0","0","0","0","3","0","2","N","","","","","","","","","","","","03","  ","","",""
"1305","0","0","0","0","0","0","0","0","0","4","0","","36","11","2019","2019119901","5","40.0782","-76.272","1257","08","0","0","0","0","0","0","1","1","","0","0","","12","1","0","01","0","40 04:41.516","","00","76 16:19.199","0","0","0","0","36101","0","0","0","N","0","0","0","2","36101","0","","1","01","N","N","0","","0","0","0","3","3","","1255","0","2","0","0","0","0","0","3","0","0","N","","","","","","","","","","","","03","  ","","",""
"1850","0","0","0","0","0","0","0","0","0","1","0","","36","11","2019","2019119902","1","40.0407","-76.3641","1841","08","0","0","0","0","1","0","0","0","2","0","0","","18","3","1","00","1","40 02:26.479","2","00","76 21:50.639","3","0","0","0","36214","0","0","0","N","0","0","0","2","36214","0","","1","01","N","N","0","","1","0","0","0","0","N","1837","1","2","0","0","0","0","0","3","0","0","N","","","","","","","","","","","","03","  ","","",""
"2020","3","0","0","0","0","0","0","0","0","4","0","","36","11","2019","2019119903","4","40.0503","-76.3948","2012","08","0","0","0","0","0","0","0","0","1","0","0","0","20","3","1","01","2","40 03:01.141","3","00","76 23:41.283","3","0","0","0","36214","0","0","0","N","0","0","0","6","36214","0","","1","01","N","N","0","","1","0","0","3","2","N","2010","1","3","0","0","2","0","0","3","0","3","N","","","","","","","","","","","","03","  ","","",""
"0823","2","0","0","0","0","0","0","0","0","1","0","","36","11","2019","2019119904","5","40.1079","-76.3547","0816","08","0","0","0","0","0","0","0","0","","0","0","0","08","1","0","00","0","40 06:28.320","","00","76 21:16.868","0","0","0","0","36214","0","0","0","N","0","0","0","2","36214","0","","1","01","N","N","0","","0","0","0","0","0","","0810","0","2","0","0","0","0","0","3","0","2","N","","","","","","","","","","","","03","  ","","",""
"1208","4","0","0","0","0","0","0","0","0","2","0","","36","11","2019","2019119905","5","40.1233","-76.3755","1207","08","0","0","0","0","0","1","0","0","3","0","0","0","12","1","5","00","2","40 07:24.061","5","00","76 22:31.843","3","0","0","0","36214","0","0","0","N","0","0","0","6","36214","1","","1","01","N","N","0","","4","0","0","0","0","Y","1200","5","4","0","0","0","0","0","3","0","4","N","","","","","","","","","","","","03","  ","","",""
"1745","2","0","0","0","0","0","0","0","0","4","0","","36","11","2019","2019119906","5","40.0655","-76.4111","1734","08","0","0","0","0","0","1","0","0","","0","0","0","17","3","0","01","0","40 03:55.969","","00","76 24:40.065","0","0","0","0","36214","0","0","0","N","0","0","0","2","36214","0","","1","01","N","N","0","","0","0","0","3","3","","1728","0","2","0","0","0","0","0","3","0","2","N","","","","","","","","","","","","03","  ","","",""
"1821","0","0","0","0","0","0","0","0","0","1","0","","36","11","2019","2019119907","5","40.0409","-76.364","1814","08","0","0","0","0","0","0","1","0","2","0","0","","18","3","0","00","2","40 02:27.222","2","00","76 21:50.457","0","0","0","0","36214","0","0","0","N","0","0","0","4","36214","0","","1","01","N","N","0","","0","0","0","0","0","N","1809","0","4","0","0","0","0","0","3","0","0","N","","","","","","","","","","","","03","  ","","",""
"1800","0","0","0","0","0","0","0","0","0","4","0","","36","11","2019","2019119908","4","40.1845","-76.3872","1745","08","0","0","0","0","0","0","0","0","2","0","0","","17","2","0","02","1","40 11:04.250","1","00","76 23:14.064","9","0","0","0","36227","0","0","0","N","0","0","0","2","36506","0","","1","01","N","N","0","","0","0","0","3","3","Y","1745","0","2","0","0","0","0","0","1","0","0","N","","","","","","","","","","","","03","  ","","",""
"1759","0","0","0","0","0","0","0","0","0","7","0","","36","10","2019","2019119947","7","39.8145","-76.3262","1742","08","0","0","0","0","0","0","0","0","2","0","0","0","17","1","0","00","1","39 48:52.059","3","03","76 19:34.401","0","0","0","0","36224","0","0","0","N","0","0","0","1","68J01","0","","2","01","N","N","0","","0","0","1","0","0","N","1732","0","1","0","0","0","0","0","1","0","1","N","","","","","","","","","","","","03","  ","","",""
"2214","2","0","0","0","0","0","0","0","0","4","0","","36","10","2019","2019119999","3","40.1231","-76.231","2208","08","0","0","0","0","0","1","0","0","","0","0","0","22","2","2","00","0","40 07:22.996","","00","76 13:51.433","3","0","0","0","36238","0","0","0","N","0","0","0","2","36238","0","","1","01","N","N","0","","2","0","0","0","0","","2205","2","2","0","0","0","0","0","3","0","2","N","","","","","","","","","","","","03","03","","",""
"1855","2","0","0","0","0","0","0","0","0","1","0","","36","11","2019","2019120002","6","40.1477","-76.6035","1853","08","0","0","0","0","0","0","0","0","","0","0","0","18","3","0","00","0","40 08:51.785","","00","76 36:12.582","0","0","0","0","36407","0","0","0","N","0","0","0","3","36407","0","","1","01","N","N","0","","0","0","0","0","0","","1851","0","2","0","0","0","0","0","2","0","2","N","","","","","","","","","","","","03","  ","","",""
"0720","1","0","0","0","0","0","0","0","0","4","0","","36","10","2019","2019120034","3","40.033","-76.506","0715","08","0","0","1","0","0","2","0","0","","0","0","0","07","5","0","01","1","40 01:58.979","3","00","76 30:21.554","0","0","0","0","36404","0","0","0","N","0","0","0","3","36404","0","","1","09","N","N","0","","0","0","1","0","0","Y","0715","0","3","0","0","0","0","0","3","1","3","N","","","","","","","","","","","0800","07","04","","",""
"1602","1","0","0","0","0","0","0","0","0","7","0","","36","11","2019","2019120071","6","40.0744","-76.5516","1558","08","0","0","0","0","0","0","0","0","","0","0","0","15","1","1","00","0","40 04:27.740","","00","76 33:05.891","3","0","0","0","36211","0","0","0","N","0","0","0","1","36504","0","","5","01","N","N","0","","1","0","0","0","0","","1555","1","1","0","0","1","0","0","1","0","1","N","","","","","","","","","","","","03","  ","","",""
"0930","0","0","0","0","0","0","0","0","0","4","0","","36","11","2019","2019120101","7","40.0491","-76.3057","0923","08","0","0","0","0","0","0","0","0","","0","0","","09","1","1","01","2","40 02:56.518","2","00","76 18:20.618","9","0","0","0","36301","0","0","0","N","0","0","0","3","36301","0","","1","01","N","N","0","","0","0","0","3","3","Y","0920","0","2","0","0","0","0","0","3","0","0","N","","","","","","","","","","","1030","03","  ","","",""
"1610","1","0","0","0","0","0","0","0","0","7","0","","36","11","2019","2019120107","6","40.2596","-76.1827","1604","08","0","1","0","0","0","0","0","0","","0","0","0","16","1","0","00","1","40 15:34.702","1","00","76 10:57.727","0","0","0","0","36236","0","0","0","N","0","0","0","1","36408","0","","5","01","N","N","0","","0","0","0","0","0","N","1600","0","1","0","0","0","0","0","1","0","1","N","","","","","","","","","","","1640","03","03","","",""
"1746","1","1","0","0","0","0","0","0","0","6","0","","36","10","2019","2019120143","6","40.1336","-75.9609","1739","08","0","0","0","0","0","2","0","0","3","1","0","0","17","1","6","02","2","40 08:01.011","6","00","75 57:39.245","1","0","0","0","36203","0","0","0","N","0","0","0","8","68J01","1","2","1","01","N","N","0","0","3","2","2","0","0","Y","1737","6","3","0","2","2","0","0","1","0","3","N","","","","","","","","","","","","03","  ","","",""
"1358","0","0","0","0","0","0","0","0","0","4","0","","36","11","2019","2019120183","7","40.0687","-76.3429","1325","08","0","0","0","0","0","0","0","0","","0","0","","13","1","2","01","1","40 04:07.251","2","00","76 20:34.310","9","0","0","0","36301","0","0","0","N","0","0","0","2","36301","0","","1","01","N","N","0","","0","0","0","3","2","N","1325","0","2","0","0","0","0","0","3","0","0","N","","","","","","","","","","","1400","03","  ","","",""
"1706","3","0","0","0","0","0","0","0","0","1","0","","36","11","2019","2019120211","3","40.053","-76.2738","1700","08","0","0","0","0","0","0","0","0","3","0","0","0","16","1","1","00","2","40 03:10.918","4","00","76 16:25.675","8","0","0","0","36101","3","0","0","N","0","0","0","4","36101","0","","1","01","N","N","0","","0","0","0","0","0","Y","1657","1","3","0","0","0","1","0","3","0","3","N","","","","","","","","","","","","03","  ","","",""
"1738","1","0","0","0","0","0","0","0","0","4","0","","36","11","2019","2019120212","3","40.0641","-76.3056","1735","08","0","0","0","0","0","2","0","0","","0","0","0","17","3","0","02","0","40 03:50.734","","00","76 18:20.061","0","0","0","0","36101","0","0","0","N","0","0","0","2","36101","0","","1","01","N","N","0","","0","0","1","0","0","","1727","0","2","0","0","0","0","0","3","0","2","N","","","","","","","","","","","","03","  ","","",""
"0820","1","0","0","0","0","0","0","0","0","7","0","","36","11","2019","2019120213","6","40.0248","-76.3316","0817","08","0","0","0","0","0","0","0","0","3","0","0","0","08","1","3","00","2","40 01:29.120","4","00","76 19:53.840","3","0","0","0","36220","0","0","0","N","0","0","0","3","36101","0","","5","01","N","N","0","","3","0","0","0","0","Y","0815","3","1","0","0","0","0","0","3","0","1","N","","","","","","","","","","","","03","  ","","",""
"0013","2","0","0","0","0","0","0","0","0","4","0","","36","11","2019","2019120292","7","40.0251","-76.3177","0011","08","0","0","0","0","0","0","0","0","","0","0","0","00","3","2","01","1","40 01:30.485","1","00","76 19:03.655","3","0","0","0","36301","0","0","0","N","0","0","0","4","36301","0","","1","01","N","N","0","","2","0","0","3","3","N","0009","2","2","0","0","0","0","1","3","0","2","N","","","","","","","","","","","0125","03","03","","",""
"1749","0","0","0","0","0","0","0","0","0","98","0","","36","11","2019","2019120300","5","39.9739","-76.2471","1744","08","0","0","0","0","0","0","0","0","","0","0","","17","2","0","00","0","39 58:25.989","","00","76 14:49.524","9","0","0","0","36240","0","0","0","N","0","0","0","1","36240","0","","1","01","N","N","0","","0","0","0","0","0","","1742","0","1","0","0","0","0","0","1","0","0","N","","","","","","","","","","","","03","03","","",""
"1715","1","0","0","0","0","0","0","0","0","1","0","","36","11","2019","2019120305","7","39.9901","-76.2651","1712","08","0","0","0","0","0","1","0","0","","0","0","0","17","3","1","02","1","39 59:24.536","1","00","76 15:54.473","8","0","0","0","36240","0","0","0","N","0","0","0","4","36240","0","","1","01","N","N","0","","0","0","0","3","3","N","1710","1","2","0","0","0","1","0","1","1","2","N","","","","","","","","","","","1804","04","04","","",""
"2017","0","0","0","0","0","0","0","0","0","4","0","","36","11","2019","2019120327","6","","","2002","08","0","0","0","0","0","0","0","0","","0","0","","19","3","0","01","1","","2","07","","9","0","0","0","36301","0","0","0","N","0","0","0","2","36301","0","","1","01","N","N","0","","0","0","0","0","0","N","1908","0","2","0","0","0","0","0","3","0","0","N","","","","","","","","","","","2040","03","  ","","",""
"0907","0","0","0","0","0","0","0","0","0","4","0","","36","11","2019","2019120378","7","39.9922","-76.2857","0902","08","0","0","0","0","0","1","0","0","","0","0","0","08","1","0","01","1","39 59:32.071","6","00","76 17:09.342","0","0","0","0","36240","0","0","0","N","0","0","0","3","36240","0","","1","01","N","N","0","","0","0","2","3","2","Y","0855","0","2","0","0","0","0","0","1","0","2","N","","","","","","","","","","","0944","03","  ","","",""
"1520","1","0","1","0","0","0","0","0","0","6","0","","36","11","2019","2019120381","6","40.1599","-76.1411","1513","08","0","0","0","0","0","0","0","1","","0","0","0","15","1","2","00","1","40 09:35.523","6","00","76 08:27.791","2","0","0","0","36218","0","0","0","N","0","0","0","5","36408","0","","1","01","N","N","0","","1","1","1","0","0","N","1512","2","2","0","0","0","0","0","1","0","2","N","","","","","","","","","","","1630","03","03","","",""
"0948","0","0","0","0","0","0","0","0","0","4","0","","36","10","2019","2019120395","5","40.0393","-76.3081","0944","08","0","0","0","0","0","0","0","0","","0","0","0","09","1","0","01","1","40 02:21.538","4","00","76 18:29.063","0","0","0","0","36301","0","0","0","N","0","0","0","2","36301","0","","1","01","N","N","0","","0","0","1","3","2","Y","0944","0","2","0","0","0","0","0","3","1","2","N","","","","","","","","","","","1030","03","  ","","",""
"0811","0","0","0","0","0","0","0","0","0","4","0","","36","11","2019","2019120406","6","40.0241","-76.316","0808","08","0","0","1","0","0","1","0","0","","0","0","0","07","1","0","10","0","40 01:26.922","","07","76 18:57.776","0","0","0","0","36301","0","0","0","N","0","0","0","2","36301","0","","4","01","N","N","1","","0","0","1","0","0","","0732","0","2","0","0","0","0","0","3","0","2","N","","","","","","","","","","","","03","03","","",""
"0757","0","0","0","0","0","0","0","0","0","7","0","","36","11","2019","2019120411","1","40.0515","-76.29","0728","08","0","0","0","0","0","0","0","0","","0","0","","06","1","0","02","0","40 03:05.315","","00","76 17:24.091","9","0","0","0","36301","0","0","0","N","0","0","0","1","36301","0","","4","09","N","N","0","","0","0","0","3","2","","0627","0","1","0","0","0","0","0","3","0","0","N","","","","","","","","","","","","07","  ","","",""
"0914","1","0","0","0","0","0","0","0","0","7","0","","36","11","2019","2019120416","1","40.1449","-76.641","0909","08","1","0","0","0","0","0","0","0","","0","0","0","09","1","0","00","1","40 08:41.484","4","00","76 38:27.762","0","0","0","0","36237","0","0","0","N","0","0","0","2","36505","0","","2","07","N","N","0","","0","0","0","0","0","N","0908","0","1","0","0","0","0","0","1","0","1","N","","","","","","","","","","","0955","10","  ","","",""
"0922","0","0","0","0","0","0","0","0","0","7","0","","36","11","2019","2019120426","1","40.1692","-76.6054","0919","08","0","0","0","0","0","0","0","0","","0","0","","09","1","0","00","0","40 10:09.048","","00","76 36:19.564","9","0","0","0","36225","0","0","0","N","0","0","0","1","36505","0","","5","07","N","N","0","","0","0","0","0","0","","0919","0","1","0","0","0","0","0","2","0","0","N","","","","","","","","","","","","10","  ","","",""
"0222","1","0","0","0","0","0","0","0","0","7","0","","36","11","2019","2019120441","6","40.1719","-75.9762","0213","08","0","0","0","0","0","0","0","0","","0","0","0","02","2","1","00","0","40 10:18.811","","00","75 58:34.253","3","0","0","0","36202","0","0","0","N","0","0","0","1","68T06","0","","4","09","N","N","0","","1","0","0","0","0","","0213","1","1","0","0","0","0","0","1","0","1","N","","","","","","","","","","","","03","  ","","",""
"0945","0","0","0","0","0","0","0","0","0","7","0","","36","11","2019","2019120497","1","40.1346","-76.6037","0930","08","0","0","0","0","0","0","0","0","","0","0","","09","1","1","00","0","40 08:04.600","","00","76 36:13.170","9","0","0","0","36237","0","0","0","N","0","0","0","1","36505","0","","2","07","N","N","0","","0","0","0","0","0","","0927","0","1","0","0","0","0","0","1","0","0","N","","","","","","","","","","","","10","  ","","",""
"1307","1","0","0","0","0","0","0","0","0","7","0","","36","11","2019","2019120501","1","40.0916","-76.0154","1307","08","0","1","0","0","0","0","0","0","","0","0","0","13","1","1","00","2","40 05:29.816","6","00","76 00:55.288","4","0","0","0","36213","0","0","0","N","0","0","0","1","36213","1","","5","06","N","N","0","","0","0","0","0","0","N","1304","1","1","0","0","0","0","0","1","0","1","N","","","","","","","","","","","1350","03","  ","","",""
"1557","2","0","0","0","0","0","0","0","0","1","0","","36","11","2019","2019120556","2","40.0782","-76.3383","1547","08","0","0","0","0","0","0","0","0","","0","0","0","15","1","0","00","0","40 04:41.528","","00","76 20:17.913","0","0","0","0","36101","0","0","0","N","0","0","0","2","36101","0","","1","01","N","N","0","","0","0","0","0","0","","1545","0","2","0","0","0","0","0","3","0","2","N","","","","","","","","","","","","03","  ","","",""
"0804","0","0","0","0","0","0","0","0","0","4","0","","36","11","2019","2019120557","7","40.0685","-76.3074","0801","08","0","0","0","0","0","0","0","0","2","0","0","0","08","1","0","01","1","40 04:06.605","1","00","76 18:27.559","0","0","0","0","36101","0","0","0","N","0","0","0","2","36101","0","","1","01","N","N","0","","0","0","1","3","2","N","0800","0","2","0","0","0","0","0","3","1","2","N","","","","","","","","","","","","03","  ","","",""
"1215","0","0","0","0","0","0","0","0","0","0","0","","36","11","2019","2019120558","7","40.0775","-76.3466","1208","08","0","0","0","0","0","0","0","0","1","0","0","","12","1","0","00","1","40 04:39.019","2","00","76 20:47.741","9","0","0","0","36101","0","0","0","N","0","0","0","1","36101","0","","1","01","N","N","0","","0","0","0","0","0","N","1205","0","1","0","0","0","0","0","3","0","0","N","","","","","","","","","","","","03","  ","","",""
"1603","2","0","0","0","0","0","0","0","0","1","0","","36","11","2019","2019120559","7","40.0697","-76.2876","1552","08","0","0","1","0","0","0","0","0","","0","0","0","15","1","0","00","0","40 04:11.002","","00","76 17:15.274","0","0","0","0","36101","0","0","0","N","0","0","0","2","36101","0","","1","01","N","N","0","","0","0","0","0","0","","1550","0","2","0","0","0","0","0","3","0","2","N","","","","","","","","","","","","03","  ","","",""
"2236","2","0","0","0","0","0","0","0","0","5","0","","36","11","2019","2019120575","6","39.9944","-76.2875","2232","08","0","0","0","1","1","0","0","0","","0","0","0","22","3","0","01","1","39 59:39.869","1","00","76 17:14.854","0","0","0","0","36240","0","0","0","N","0","0","0","3","36240","0","","1","01","N","N","0","","0","0","0","3","3","Y","2230","0","2","0","0","0","0","0","1","0","2","N","","","","","","","","","","","2348","04","04","","",""
"2154","2","0","0","0","0","0","0","0","0","4","0","","36","11","2019","2019120657","6","40.038","-76.3057","2144","08","0","0","0","0","0","1","0","1","","0","0","0","21","3","0","01","1","40 02:16.664","4","00","76 18:20.416","0","0","0","0","36301","0","0","0","N","0","0","0","2","36301","0","","1","01","N","N","0","","0","0","0","3","2","Y","2135","0","2","0","0","0","0","0","3","0","2","N","","","","","","","","","","","2215","03","03","","",""
"2005","0","0","0","0","0","0","0","0","0","7","0","","36","11","2019","2019120669","6","40.1138","-76.4899","2028","08","0","1","0","0","0","0","0","0","1","0","0","","20","2","0","00","2","40 06:49.810","5","00","76 29:23.570","0","0","0","0","36413","0","0","0","N","0","0","0","1","36413","0","","5","01","N","N","0","","0","0","0","0","0","Y","2000","0","1","0","0","0","0","0","2","0","0","N","","","","","","","","","","","","03","  ","","",""
"2309","1","0","0","0","0","0","0","0","0","7","0","","36","11","2019","2019120702","1","40.031","-76.3209","2306","08","0","0","0","0","0","0","0","0","","0","0","0","23","3","2","00","0","40 01:51.430","","00","76 19:15.123","4","0","0","0","36301","0","0","0","N","0","0","0","2","36301","2","","5","01","N","N","0","","0","0","0","3","2","","2305","2","1","0","0","2","0","0","3","0","1","N","","","","","","","","","","","","03","04","","",""
"1727","0","0","0","0","0","0","0","0","0","6","0","","36","07","2019","2019120773","3","39.9731","-76.3082","1722","08","0","0","0","0","0","0","0","0","","0","0","0","17","1","0","00","0","39 58:23.151","","00","76 18:29.635","0","0","0","0","36228","0","0","0","N","0","0","0","3","36228","0","","1","01","N","N","0","","0","0","2","0","0","","1725","0","2","0","0","0","0","0","1","0","2","N","","","","","","","","","","","","03","  ","","",""
"1904","0","0","0","0","0","0","0","0","0","7","0","","36","07","2019","2019120774","2","39.9755","-76.2893","1930","08","0","0","0","0","0","0","0","0","","0","0","0","18","1","0","00","0","39 58:31.954","","00","76 17:21.386","0","0","0","0","36228","0","0","0","N","0","0","0","1","36228","0","","9","01","N","N","0","","0","0","1","0","0","","1802","0","1","0","0","1","0","0","1","0","1","N","","","","","","","","","","","","03","  ","","",""
"1628","2","0","0","0","0","0","0","0","0","4","0","","36","11","2019","2019120775","6","39.9679","-76.3224","1622","08","0","0","0","0","0","1","0","0","1","0","0","0","16","1","2","01","2","39 58:04.314","4","00","76 19:20.496","3","0","0","0","36228","0","0","0","N","0","0","0","2","36228","0","","1","01","N","N","0","","2","0","0","3","3","Y","1621","2","2","0","0","0","0","0","1","0","2","N","","","","","","","","","","","","03","  ","","",""
"2045","0","0","0","0","0","0","0","0","0","0","0","","36","11","2019","2019120781","6","39.9826","-76.3259","2035","08","0","0","0","0","0","0","0","0","3","0","0","0","20","2","0","00","2","39 58:57.345","6","00","76 19:33.213","0","0","0","0","36228","0","0","0","N","0","0","0","1","36228","0","","1","01","N","N","0","","0","0","0","0","0","Y","2030","0","1","0","0","0","0","0","1","0","1","N","","","","","","","","","","","","03","  ","","",""