"ARRIVAL_TM","AUTOMOBILE_COUNT","BELTED_DEATH_COUNT","BELTED_SUSP_SERIOUS_INJ_COUNT","BICYCLE_COUNT","BICYCLE_DEATH_COUNT","BICYCLE_SUSP_SERIOUS_INJ_COUNT","BUS_COUNT","CHLDPAS_DEATH_COUNT","CHLDPAS_SUSP_SERIOUS_INJ_COUNT","COLLISION_TYPE","COMM_VEH_COUNT","CONS_ZONE_SPD_LIM","COUNTY","CRASH_MONTH","CRASH_YEAR","CRN","DAY_OF_WEEK","DEC_LAT","DEC_LONG","DISPATCH_TM","DISTRICT","DRIVER_COUNT_16YR","DRIVER_COUNT_17YR","DRIVER_COUNT_18YR","DRIVER_COUNT_19YR","DRIVER_COUNT_20YR","DRIVER_COUNT_50_64YR","DRIVER_COUNT_65_74YR","DRIVER_COUNT_75PLUS","EST_HRS_CLOSED","FATAL_COUNT","HEAVY_TRUCK_COUNT","HORSE_BUGGY_COUNT","HOUR_OF_DAY","ILLUMINATION","INJURY_COUNT","INTERSECT_TYPE","LANE_CLOSED","LATITUDE","LN_CLOSE_DIR","LOCATION_TYPE","LONGITUDE","MAX_SEVERITY_LEVEL","MCYCLE_DEATH_COUNT","MCYCLE_SUSP_SERIOUS_INJ_COUNT","MOTORCYCLE_COUNT","MUNICIPALITY","NONMOTR_COUNT","NONMOTR_DEATH_COUNT","NONMOTR_SUSP_SERIOUS_INJ_COUNT","NTFY_HIWY_MAINT","PED_COUNT","PED_DEATH_COUNT","PED_SUSP_SERIOUS_INJ_COUNT","PERSON_COUNT","POLICE_AGCY","POSSIBLE_INJ_COUNT","RDWY_SURF_TYPE_CD","RELATION_TO_ROAD","ROAD_CONDITION","SCH_BUS_IND","SCH_ZONE_IND","SMALL_TRUCK_COUNT","SPEC_JURIS_CD","SUSP_MINOR_INJ_COUNT","SUSP_SERIOUS_INJ_COUNT","SUV_COUNT","TCD_FUNC_CD","TCD_TYPE","TFC_DETOUR_IND","TIME_OF_DAY","TOT_INJ_COUNT","TOTAL_UNITS","UNB_DEATH_COUNT","UNB_SUSP_SERIOUS_INJ_COUNT","UNBELTED_OCC_COUNT","UNK_INJ_DEG_COUNT","UNK_INJ_PER_COUNT","URBAN_RURAL","VAN_COUNT","VEHICLE_COUNT","WORK_ZONE_IND","WORK_ZONE_LOC","WORK_ZONE_TYPE","WORKERS_PRES","WZ_CLOSE_DETOUR","WZ_FLAGGER","WZ_LAW_OFFCR_IND","WZ_LN_CLOSURE","WZ_MOVING","WZ_OTHER","WZ_SHLDER_MDN","ROADWAY_CLEARED","WEATHER1","WEATHER2","WZ_WORKERS_INJ_KILLED","SECONDARY_CRASH","INTERSECTION_RELATED"
"1635","0","0","0","0","0","0","0","0","0","4","0","","36","11","2019","2019120958","2","40.016","-76.3061","1627","08","1","0","0","0","0","0","0","1","2","0","0","0","16","1","0","02","1","40 00:57.640","2","00","76 18:21.983","0","0","0","0","36220","0","0","0","N","0","0","0","3","36101","0","","1","01","N","N","0","","0","0","2","3","3","N","1620","0","2","0","0","0","0","0","3","0","2","N","","","","","","","","","","","","05","  ","","",""
"1751","4","0","0","0","0","0","0","0","0","1","0","","36","11","2019","2019120959","6","40.0679","-76.2982","1749","08","0","0","1","0","0","0","1","0","2","0","0","0","17","3","2","00","1","40 04:04.432","3","00","76 17:53.641","3","0","0","0","36101","0","0","0","N","0","0","0","6","36101","0","","1","01","N","N","0","","2","0","0","0","0","N","1747","2","4","0","0","0","0","0","3","0","4","N","","","","","","","","","","","","03","  ","","",""
"2344","1","0","0","0","0","0","0","0","0","4","0","","36","11","2019","2019120960","7","40.0712","-76.3333","2340","08","0","0","0","0","0","0","0","0","","0","0","0","23","3","0","00","0","40 04:16.438","","00","76 19:59.795","0","0","0","0","36101","0","0","0","N","0","0","0","2","36101","0","","1","09","N","N","0","","0","0","1","0","0","","2337","0","2","0","0","0","0","0","3","0","2","N","","","","","","","","","","","","07","  ","","",""
"1905","0","0","0","0","0","0","0","0","0","4","0","","36","11","2019","2019120961","1","40.0691","-76.3569","1903","08","0","0","0","1","0","0","0","1","2","0","0","0","19","3","2","01","2","40 04:08.816","5","00","76 21:24.786","3","0","0","0","36214","0","0","0","N","0","0","0","4","36214","0","","1","01","N","N","0","","2","0","2","3","2","Y","1902","2","2","0","0","0","0","0","3","0","2","N","","","","","","","","","","","","03","  ","","",""
"1242","0","0","0","0","0","0","0","0","0","4","1","","36","11","2019","2019120962","5","40.0306","-76.2343","1237","08","0","0","0","0","0","1","0","0","","0","1","0","12","1","0","05","0","40 01:50.123","","00","76 14:03.641","0","0","0","0","36215","0","0","0","N","0","0","0","2","36215","0","","1","01","N","N","0","","0","0","1","3","2","","1236","0","2","0","0","0","0","0","1","0","2","N","","","","","","","","","","","","03","  ","","",""
"1711","2","0","0","0","0","0","0","0","0","4","0","","36","11","2019","2019120963","2","40.0403","-76.245","1707","08","0","0","1","0","0","0","0","0","2","0","0","0","17","3","2","02","1","40 02:25.231","4","00","76 14:41.992","3","0","0","0","36215","0","0","0","N","0","0","0","2","36215","1","","1","01","N","N","0","","1","0","0","0","0","Y","1704","2","2","0","0","0","0","0","1","0","2","N","","","","","","","","","","","","03","  ","","",""
"2032","1","0","0","0","0","0","0","0","0","1","0","","36","11","2019","2019120964","4","40.0406","-76.2528","2031","08","0","0","0","0","0","0","0","0","2","0","0","0","20","3","2","01","1","40 02:26.267","3","00","76 15:10.183","3","0","0","0","36215","0","0","0","N","0","0","0","2","36215","0","","1","01","N","N","0","","2","0","1","3","2","Y","2030","2","2","0","0","0","0","0","1","0","2","N","","","","","","","","","","","","03","  ","","",""
"2302","1","0","0","0","0","0","0","0","0","7","0","","36","11","2019","2019120965","6","40.0889","-76.1801","2302","08","0","0","0","0","0","0","0","0","2","0","0","0","23","3","0","02","2","40 05:20.180","2","00","76 10:48.323","0","0","0","0","36234","0","0","0","N","0","0","0","1","36215","0","","4","01","N","N","0","","0","0","0","0","0","N","2302","0","1","0","0","0","0","0","1","0","1","N","","","","","","","","","","","","03","  ","","",""
"1551","1","0","0","0","0","0","0","0","0","1","0","","36","11","2019","2019120966","7","40.0167","-76.1637","1542","08","0","0","0","0","0","0","1","0","","0","0","0","15","1","0","00","0","40 01:00.094","","00","76 09:49.329","0","0","0","0","36215","0","0","0","N","0","0","0","6","36215","0","","1","01","N","N","0","","0","0","2","0","0","","1540","0","3","0","0","0","0","0","1","0","3","N","","","","","","","","","","","","03","  ","","",""
"1154","1","0","0","0","0","0","0","0","0","4","0","","36","11","2019","2019120967","7","40.2039","-76.3488","1150","08","0","0","0","0","0","0","0","1","","0","0","0","11","1","0","05","0","40 12:13.895","","00","76 20:55.788","0","0","0","0","36227","0","0","0","N","0","0","0","4","36506","0","","1","01","N","N","1","","0","0","0","3","3","","1142","0","2","0","0","0","0","0","1","0","2","N","","","","","","","","","","","","03","  ","","",""
"0729","1","0","0","0","0","0","1","0","0","4","1","","36","11","2019","2019120968","6","40.1333","-76.3992","0716","08","0","1","0","0","0","1","0","0","2","0","0","0","07","5","0","01","1","40 07:59.880","5","00","76 23:57.080","0","0","0","0","36227","0","0","0","N","0","0","0","8","36506","0","","1","01","Y","N","0","","0","0","0","3","3","N","0712","0","2","0","0","1","0","0","1","0","2","N","","","","","","","","","","","","03","  ","","",""
"1106","0","0","0","0","0","0","0","0","0","7","0","","36","11","2019","2019120969","1","40.1357","-76.2908","1102","08","0","0","0","0","0","0","0","0","2","0","0","0","10","1","0","00","1","40 08:08.530","2","00","76 17:26.950","0","0","0","0","36235","0","0","0","N","0","0","0","1","36506","0","","4","07","N","N","0","","0","0","1","0","0","N","1051","0","1","0","0","0","0","0","1","0","1","N","","","","","","","","","","","","10","  ","","",""
"2040","1","0","0","0","0","0","0","0","0","9","0","","36","11","2019","2019121048","1","40.2396","-76.2567","2033","08","0","0","0","0","1","0","0","0","","0","0","0","20","2","0","00","0","40 14:22.437","","00","76 15:24.202","0","0","0","0","36204","0","0","0","N","0","0","0","1","68T06","0","","1","01","N","N","0","","0","0","0","0","0","","2033","0","1","0","0","0","0","0","1","0","1","N","","","","","","","","","","","","03","  ","","",""
"1626","1","0","0","0","0","0","0","0","0","7","0","","36","11","2019","2019121065","6","39.9918","-76.023","1606","08","0","0","0","0","0","0","0","0","","0","0","0","16","1","0","00","0","39 59:30.470","","00","76 01:22.680","0","0","0","0","36232","0","0","0","N","0","0","0","2","68J01","0","","4","01","N","N","0","","0","0","0","0","0","","1606","0","1","0","0","0","0","0","1","0","1","N","","","","","","","","","","","","03","  ","","",""
"0644","1","0","0","0","0","0","0","0","0","8","0","","36","11","2019","2019121093","6","39.9641","-76.1117","0636","08","0","0","0","0","0","1","0","0","","0","0","0","06","2","1","00","0","39 57:50.671","","00","76 06:42.064","8","0","0","0","36226","1","0","0","N","1","0","0","2","68J01","0","","1","01","N","N","0","","0","0","0","0","0","","0633","1","2","0","0","0","1","0","1","0","1","N","","","","","","","","","","","","03","  ","","",""
"1101","1","0","0","0","0","0","0","0","0","98","0","","36","11","2019","2019121095","6","40.2326","-76.1275","1055","08","0","0","0","0","0","0","0","0","","0","0","0","10","1","0","00","0","40 13:57.348","","00","76 07:39.035","0","0","0","0","36210","0","0","0","N","0","0","0","1","68T06","0","","5","09","N","N","0","","0","0","0","0","0","","1050","0","1","0","0","0","0","0","1","0","1","N","","","","","","","","","","","","07","  ","","",""
"1125","1","0","0","0","0","0","0","0","0","4","0","","36","11","2019","2019121101","7","39.9945","-76.0291","1117","08","0","0","0","0","0","0","0","0","2","0","0","0","11","1","0","01","1","39 59:40.359","4","00","76 01:44.728","0","0","0","0","36232","0","0","0","N","0","0","0","2","68J01","0","","1","01","N","N","0","","0","0","1","3","2","N","1115","0","2","0","0","0","0","0","1","0","2","N","","","","","","","","","","","","03","  ","","",""
"0222","1","0","0","0","0","0","0","0","0","1","0","","36","11","2019","2019121108","1","40.137","-76.2077","0209","08","0","0","0","0","0","0","0","0","","0","0","0","02","2","1","00","2","40 08:13.198","2","00","76 12:27.827","8","0","0","0","36238","0","0","0","N","0","0","0","4","68J01","0","","1","09","N","N","0","","0","0","0","0","0","Y","0205","1","2","0","0","1","1","1","3","0","2","N","","","","","","","","","","","0310","07","  ","","",""
"1512","0","0","0","0","0","0","0","0","0","1","0","","36","11","2019","2019121155","5","40.1885","-76.1819","1507","08","0","0","0","0","0","1","1","0","","0","0","0","15","1","1","01","1","40 11:18.675","1","00","76 10:54.803","4","0","0","0","36408","0","0","0","N","0","0","0","3","36408","1","","1","01","N","N","1","","0","0","0","3","2","N","1505","1","2","0","0","0","0","0","2","1","2","N","","","","","","","","","","","1548","03","03","","",""
"0637","0","0","0","0","0","0","0","0","0","4","0","","36","11","2019","2019121195","3","40.0461","-76.3052","0635","08","0","0","0","0","0","0","0","0","","0","0","","06","5","0","01","1","40 02:45.784","2","00","76 18:18.607","9","0","0","0","36301","0","0","0","N","0","0","0","2","36301","0","","1","01","N","N","0","","0","0","0","3","2","N","0623","0","2","0","0","0","0","0","3","0","0","N","","","","","","","","","","","0730","03","  ","","",""
"1214","0","0","0","0","0","0","0","0","0","1","0","","36","11","2019","2019121199","2","39.9964","-76.2891","1209","08","0","0","0","0","0","0","1","0","","0","0","0","12","1","0","00","0","39 59:47.075","","00","76 17:20.864","0","0","0","0","36240","0","0","0","N","0","0","0","2","36240","0","","1","01","N","N","0","","0","0","1","0","0","","1209","0","2","0","0","0","0","0","1","1","2","N","","","","","","","","","","","","03","  ","","",""
"1715","0","0","0","0","0","0","0","0","0","1","0","","36","11","2019","2019121278","5","40.1287","-76.5218","1708","08","0","0","0","0","0","0","0","0","","0","0","","17","2","0","00","0","40 07:43.390","","00","76 31:18.309","9","0","0","0","36225","0","0","0","N","0","0","0","4","36505","0","","1","01","N","N","0","","0","0","0","0","0","N","1708","0","4","0","0","0","0","0","2","0","0","N","","","","","","","","","","","","03","03","","",""
"1645","0","0","0","0","0","0","0","0","0","1","0","","36","11","2019","2019121732","5","40.1092","-76.4974","1642","08","0","0","0","0","0","0","0","0","1","0","0","","16","4","0","00","1","40 06:33.067","6","00","76 29:50.460","9","0","0","0","36413","0","0","0","N","0","0","0","2","36413","0","","1","01","N","N","0","","0","0","0","0","0","Y","1642","0","2","0","0","0","0","0","2","0","0","N","","","","","","","","","","","","03","  ","","",""
"0802","0","0","0","0","0","0","0","0","0","1","0","","36","11","2019","2019121766","2","40.0633","-76.3395","0755","08","0","0","0","0","0","0","0","0","","0","0","0","07","1","1","00","0","40 03:47.899","","00","76 20:22.282","3","0","0","0","36101","0","0","0","N","0","0","0","3","36101","0","","1","01","N","N","0","","1","0","2","0","0","","0751","1","2","0","0","0","0","0","3","0","2","N","","","","","","","","","","","","03","  ","","",""
"1006","2","0","0","0","0","0","0","0","0","4","0","","36","11","2019","2019121767","2","40.0536","-76.3086","1002","08","0","0","0","1","0","0","0","0","2","0","0","0","09","1","2","01","2","40 03:12.990","4","00","76 18:31.101","3","0","0","0","36101","0","0","0","N","0","0","0","3","36101","0","","1","01","N","N","0","","2","0","0","3","2","N","0959","2","2","0","0","0","0","0","3","0","2","N","","","","","","","","","","","","03","  ","","",""
"1722","0","0","0","0","0","0","0","0","0","1","0","","36","11","2019","2019121768","2","40.0705","-76.3189","1715","08","0","0","0","0","0","2","0","0","2","0","0","0","17","3","1","00","1","40 04:13.646","3","02","76 19:08.165","4","0","0","0","36101","0","0","0","N","0","0","0","4","36101","1","","1","01","N","N","1","","0","0","2","0","0","N","1714","1","3","0","0","0","0","0","3","0","3","N","","","","","","","","","","","","03","  ","","",""
"1740","2","0","0","0","0","0","0","0","0","4","0","","36","11","2019","2019121769","2","40.0534","-76.3598","1730","08","0","0","0","0","1","0","1","0","","0","0","0","17","3","0","02","0","40 03:12.101","","07","76 21:35.305","0","0","0","0","36214","0","0","0","N","0","0","0","3","36214","0","","1","01","N","N","0","","0","0","0","0","0","","1725","0","2","0","0","0","0","0","3","0","2","N","","","","","","","","","","","","03","  ","","",""
"2346","0","0","0","0","0","0","0","0","0","7","0","","36","11","2019","2019121990","6","39.8973","-76.1632","2343","08","0","0","0","0","0","1","0","0","1","0","0","0","22","3","0","00","1","39 53:50.287","4","07","76 09:47.491","0","0","0","0","36416","0","0","0","N","0","0","0","2","36416","0","","4","01","N","N","0","","0","0","1","0","0","Y","2229","0","1","0","0","0","0","0","1","0","1","N","","","","","","","","","","","","03","  ","","",""
"0721","1","0","0","0","0","0","0","0","0","7","0","","36","11","2019","2019122010","4","39.9706","-76.2732","0712","08","1","0","0","0","0","0","0","0","","0","0","0","07","1","0","01","0","39 58:14.143","","00","76 16:23.462","0","0","0","0","36240","0","0","0","N","0","0","0","2","36240","0","","2","01","N","N","0","","0","0","0","3","2","","0710","0","1","0","0","0","0","0","1","0","1","N","","","","","","","","","","","","03","  ","","",""
"0840","0","0","0","0","0","0","0","0","0","1","0","","36","11","2019","2019122040","4","40.0509","-76.3251","0833","08","0","0","0","0","0","0","0","0","2","0","0","","08","1","1","00","1","40 03:03.380","1","00","76 19:30.240","4","0","0","0","36101","0","0","0","N","0","0","0","1","36101","1","","2","01","N","N","0","","0","0","0","0","0","N","0831","1","2","0","0","0","0","0","3","0","0","N","","","","","","","","","","","","03","  ","","",""
"0754","1","0","0","0","0","0","0","0","0","1","0","","36","11","2019","2019122041","5","40.1062","-76.251","0745","08","0","0","0","0","0","1","0","0","2","0","0","0","07","5","0","00","1","40 06:22.412","2","00","76 15:03.707","0","0","0","0","36101","0","0","0","N","0","0","0","2","36101","0","","1","01","N","N","0","","0","0","1","0","0","N","0743","0","2","0","0","0","0","0","3","0","2","N","","","","","","","","","","","","03","  ","","",""
"1424","0","0","0","0","0","0","0","0","0","4","0","","36","11","2019","2019122042","5","40.0695","-76.3076","1410","08","0","0","0","0","1","0","0","0","2","0","0","","14","1","0","01","1","40 04:10.082","2","00","76 18:27.453","0","0","0","0","36101","0","0","0","N","0","0","0","2","36101","0","","1","01","N","N","0","","0","0","0","2","2","N","1410","0","2","0","0","0","0","0","3","0","0","N","","","","","","","","","","","","03","  ","","",""
"1648","1","0","0","0","0","0","1","0","0","4","1","","36","11","2019","2019122043","5","40.06","-76.2775","1645","08","0","0","0","0","0","0","2","0","3","0","0","0","16","4","2","01","1","40 03:35.749","3","00","76 16:39.355","3","0","0","0","36101","0","0","0","N","0","0","0","3","36101","0","","1","01","Y","N","0","","2","0","0","3","2","N","1642","2","2","0","0","0","0","0","3","0","2","N","","","","","","","","","","","","03","  ","","",""
"1830","2","0","0","0","0","0","0","0","0","1","0","","36","11","2019","2019122044","5","40.0698","-76.3137","1813","08","0","0","1","0","0","1","0","0","","0","0","0","17","3","0","00","0","40 04:11.228","","00","76 18:49.153","0","0","0","0","36101","0","0","0","N","0","0","0","2","36101","0","","1","01","N","N","0","","0","0","0","0","0","","1740","0","2","0","0","0","0","0","3","0","2","N","","","","","","","","","","","","03","  ","","",""
"1812","1","0","0","0","0","0","0","0","0","4","0","","36","11","2019","2019122045","7","40.0699","-76.313","1804","08","0","0","0","0","0","0","0","0","","0","0","0","17","2","0","00","0","40 04:11.516","","00","76 18:46.768","0","0","0","0","36101","0","0","0","N","0","0","0","2","36101","0","","1","09","N","N","0","","0","0","0","0","0","","1749","0","2","0","0","0","0","0","3","1","2","N","","","","","","","","","","","","07","  ","","",""
"1248","0","0","0","0","0","0","0","0","0","1","0","","36","11","2019","2019122046","1","40.0601","-76.2779","1242","08","0","0","0","0","0","0","0","0","","0","0","","12","1","1","00","0","40 03:36.491","","02","76 16:40.452","3","0","0","0","36101","0","0","0","N","0","0","0","2","36101","0","","1","09","N","N","0","","1","0","0","0","0","","1239","1","2","0","0","0","0","0","3","0","0","N","","","","","","","","","","","","03","  ","","",""
"1823","1","0","0","0","0","0","0","0","0","4","0","","36","11","2019","2019122047","3","40.0146","-76.3261","1816","08","0","0","0","0","0","1","0","0","","0","0","0","17","2","0","02","0","40 00:52.712","","00","76 19:33.907","0","0","0","0","36220","0","0","0","N","0","0","0","2","36101","0","","1","01","N","N","0","","0","0","1","3","3","","1742","0","2","0","0","0","0","0","3","0","2","N","","","","","","","","","","","","03","  ","","",""
"0211","0","0","0","0","0","0","0","0","0","7","0","","36","11","2019","2019122048","5","40.0827","-76.3872","0210","08","0","0","0","0","0","0","0","0","","0","0","","02","3","0","02","0","40 04:57.665","","00","76 23:13.991","0","0","0","0","36214","0","0","0","N","0","0","0","1","36214","0","","4","01","N","N","0","","0","0","0","3","3","","0200","0","1","0","0","0","0","0","3","0","0","N","","","","","","","","","","","","03","  ","","",""
"0748","0","0","0","0","0","0","0","0","0","4","0","","36","11","2019","2019122049","2","40.0823","-76.3976","0740","08","0","0","0","0","0","0","0","0","","0","0","","07","1","0","02","0","40 04:56.251","","00","76 23:51.349","9","0","0","0","36214","0","0","0","N","0","0","0","2","36214","0","","1","01","N","N","0","","0","0","0","3","3","","0720","0","2","0","0","0","0","1","3","0","0","N","","","","","","","","","","","","03","  ","","",""
"1630","0","0","0","0","0","0","0","0","0","5","0","","36","11","2019","2019122050","6","40.0677","-76.3578","1630","08","0","0","1","0","0","0","0","0","","0","0","","16","4","0","02","0","40 04:03.677","","00","76 21:28.078","0","0","0","0","36214","0","0","0","N","0","0","0","4","36214","0","","1","01","N","N","0","","0","0","0","0","0","","1625","0","2","0","0","0","0","0","3","0","0","N","","","","","","","","","","","","03","  ","","",""
"1029","0","0","0","0","0","0","0","0","0","4","0","","36","11","2019","2019122051","1","40.1018","-76.4273","1020","08","0","0","0","0","0","0","0","0","","0","0","","10","1","1","02","0","40 06:06.300","","00","76 25:38.357","4","0","0","0","36214","0","0","0","N","0","0","0","3","36214","1","","1","07","N","N","0","","0","0","0","3","3","","1015","1","2","0","0","0","0","0","3","0","0","N","","","","","","","","","","","","10","  ","","",""
"1733","2","0","0","0","0","0","0","0","0","1","0","","36","11","2019","2019122052","6","40.0781","-76.2557","1726","08","0","0","0","0","0","1","0","0","2","0","0","0","17","2","1","00","1","40 04:41.155","4","00","76 15:20.567","3","0","0","0","36215","0","0","0","N","0","0","0","4","36215","0","","1","01","N","N","1","","1","0","0","0","0","N","1720","1","3","0","0","0","0","0","1","0","3","N","","","","","","","","","","","","03","  ","","",""
"0042","2","0","0","0","0","0","0","0","0","1","0","","36","11","2019","2019122053","3","40.074","-76.2041","0034","08","0","0","0","0","0","1","0","0","1","0","0","0","00","2","0","02","1","40 04:26.574","2","00","76 12:14.922","0","0","0","0","36234","0","0","0","N","0","0","0","2","36215","0","","1","01","N","N","0","","0","0","0","3","3","N","0031","0","2","0","0","0","0","0","1","0","2","N","","","","","","","","","","","","03","  ","","",""
"1814","2","0","0","0","0","0","0","0","0","4","0","","36","11","2019","2019122054","3","40.0921","-76.1558","1801","08","0","0","0","0","0","0","1","1","2","0","0","0","18","3","1","02","2","40 05:31.525","6","00","76 09:20.788","3","0","0","0","36234","0","0","0","N","0","0","0","2","36215","0","","1","01","N","N","0","","1","0","0","3","3","Y","1800","1","2","0","0","0","0","0","1","0","2","N","","","","","","","","","","","","03","  ","","",""
"0630","0","0","0","0","0","0","0","0","0","5","0","","36","11","2019","2019122065","4","40.1843","-76.1279","0625","08","0","0","0","0","0","0","0","0","","0","0","","06","2","0","00","0","40 11:03.522","","00","76 07:40.426","9","0","0","0","36218","0","0","0","N","0","0","0","2","36408","0","","1","01","N","N","0","","0","0","0","0","0","","0622","0","2","0","0","0","0","0","1","0","0","N","","","","","","","","","","","","03","03","","",""
"1132","0","0","0","0","0","0","0","0","0","4","0","","36","11","2019","2019122085","4","39.9862","-76.282","1124","08","0","0","0","0","0","1","0","1","","0","0","0","11","1","0","00","0","39 59:10.480","","00","76 16:55.064","0","0","0","0","36240","0","0","0","N","0","0","0","2","36240","0","","1","01","N","N","0","","0","0","2","0","0","","1124","0","2","0","0","0","0","0","1","0","2","N","","","","","","","","","","","","04","  ","","",""
"1725","0","0","0","0","0","0","0","0","0","1","0","","36","11","2019","2019122100","3","40.0578","-76.3168","1715","08","0","0","0","0","0","0","0","0","","0","0","","17","3","1","00","1","40 03:28.209","1","00","76 19:00.368","9","0","0","0","36301","0","0","0","Y","0","0","0","2","36301","0","","1","01","N","N","0","","0","0","0","0","0","N","1714","0","2","0","0","0","0","0","3","0","0","N","","","","","","","","","","","1730","03","03","","",""
"1334","0","0","0","0","0","0","0","0","0","1","0","","36","11","2019","2019122181","6","40.0046","-76.3571","1332","08","0","0","0","0","0","0","0","0","","0","0","","13","1","0","00","2","40 00:16.708","1","00","76 21:25.541","9","0","0","0","36412","0","0","0","N","0","0","0","2","36412","0","","1","01","N","N","0","","0","0","0","0","0","Y","1330","0","2","0","0","0","0","0","3","0","0","N","","","","","","","","","","","1415","04","  ","","",""
"0741","2","0","0","0","0","0","0","0","0","4","0","","36","11","2019","2019122223","4","40.0719","-76.2535","0730","08","0","1","0","0","0","0","0","0","1","0","0","0","07","1","1","00","1","40 04:18.810","1","07","76 15:12.570","4","0","0","0","36215","0","0","0","N","0","0","0","2","36215","1","","1","01","N","N","0","","0","0","0","0","0","N","0730","1","2","0","0","0","0","0","1","0","2","N","","","","","","","","","","","","03","  ","","",""
"1458","0","0","0","0","0","0","0","0","0","5","0","","36","11","2019","2019122224","6","40.0308","-76.2358","1452","08","0","0","0","0","0","0","0","0","","0","0","","14","1","0","00","0","40 01:50.903","","00","76 14:08.877","9","0","0","0","36215","0","0","0","N","0","0","0","2","36215","0","","1","01","N","N","0","","0","0","0","0","0","","1450","0","2","0","0","0","0","0","1","0","0","N","","","","","","","","","","","","03","  ","","",""
"1448","1","0","0","1","0","0","0","0","0","8","0","","36","11","2019","2019122226","7","40.0631","-76.1569","1442","08","0","0","0","0","0","1","0","0","1","0","0","0","14","1","1","01","1","40 03:47.080","6","00","76 09:24.814","4","0","0","0","36234","1","0","0","N","0","0","0","4","36215","1","","1","01","N","N","0","","0","0","0","3","3","N","1440","1","2","0","0","0","0","0","1","0","1","N","","","","","","","","","","","","03","  ","","",""
"1335","0","0","0","0","0","0","0","0","0","4","0","","36","11","2019","2019122227","4","40.1584","-76.2992","1330","08","0","0","0","0","0","0","0","0","","0","0","","13","1","0","02","0","40 09:30.265","","00","76 17:57.055","0","0","0","0","36409","0","0","0","N","0","0","0","3","36409","0","","1","01","N","N","0","","0","0","0","3","3","","1329","0","2","0","0","1","0","0","3","0","0","N","","","","","","","","","","","","03","  ","","",""
"1837","0","0","0","0","0","0","0","0","0","4","0","","36","11","2019","2019122229","1","40.1117","-76.4517","1833","08","0","0","0","0","0","0","0","0","2","0","0","0","18","3","0","01","1","40 06:42.218","3","00","76 27:05.960","0","0","0","0","36230","0","0","0","N","0","0","0","2","36410","0","","1","01","N","N","1","","0","0","1","3","2","N","1831","0","2","0","0","0","0","0","1","0","2","N","","","","","","","","","","","","03","  ","","",""
"1828","2","0","0","0","0","0","0","0","0","2","0","","36","11","2019","2019122230","4","40.1709","-76.3999","1820","08","0","0","0","0","0","1","1","0","","0","0","0","18","2","0","02","0","40 10:15.238","","00","76 23:59.610","0","0","0","0","36230","0","0","0","N","0","0","0","2","36410","0","","1","01","N","N","0","","0","0","0","3","3","","1818","0","2","0","0","0","0","0","1","0","2","N","","","","","","","","","","","","03","  ","","",""
"1028","0","0","0","0","0","0","0","0","0","7","0","","36","11","2019","2019122231","1","40.1505","-76.4633","1014","08","0","0","0","0","0","0","0","0","","0","0","0","10","1","0","00","0","40 09:01.870","","00","76 27:47.890","0","0","0","0","36230","0","0","0","N","0","0","0","1","36410","0","","5","07","N","N","1","","0","0","0","0","0","","1013","0","1","0","0","0","0","0","1","0","1","N","","","","","","","","","","","","10","  ","","",""
"1907","0","0","0","0","0","0","0","0","0","4","0","","36","11","2019","2019122232","1","40.1441","-76.42","1903","08","0","1","0","0","0","0","0","0","","0","0","","19","2","1","01","0","40 08:38.763","","00","76 25:12.095","3","0","0","0","36230","0","0","0","N","0","0","0","2","36410","0","","1","01","N","N","0","","1","0","0","3","2","","1901","1","2","0","0","0","0","0","1","0","0","N","","","","","","","","","","","","03","  ","","",""
"1643","0","0","0","0","0","0","0","0","0","4","0","","36","11","2019","2019122250","4","40.1466","-76.5981","1638","08","0","0","0","0","0","0","0","0","","0","0","","16","4","1","01","0","40 08:47.939","","00","76 35:53.109","9","0","0","0","36407","0","0","0","N","0","0","0","2","36407","0","","1","01","N","N","0","","0","0","0","3","3","","1636","0","2","0","0","0","0","0","2","0","0","N","","","","","","","","","","","","03","  ","","",""
"0530","1","0","0","0","0","0","0","0","0","7","0","","36","11","2019","2019122307","2","40.1761","-76.1153","0523","08","0","0","0","0","0","0","0","0","","0","0","0","05","5","1","00","1","40 10:33.947","5","00","76 06:54.920","8","0","0","0","36218","0","0","0","N","0","0","0","1","36408","0","","2","02","N","N","0","","0","0","0","0","0","N","0521","1","1","0","0","0","1","0","1","0","1","N","","","","","","","","","","","0550","03","  ","","",""
"0633","1","0","0","0","0","0","0","0","0","4","0","","36","11","2019","2019122314","3","40.2137","-76.1264","0629","08","0","1","0","0","0","1","0","0","","0","0","0","06","2","0","00","0","40 12:49.342","","00","76 07:35.108","0","0","0","0","36210","0","0","0","N","0","0","0","3","36210","0","","1","01","N","N","0","","0","0","1","3","2","","0629","0","2","0","0","0","0","0","1","0","2","N","","","","","","","","","","","","03","  ","","",""