"ARRIVAL_TM","AUTOMOBILE_COUNT","BELTED_DEATH_COUNT","BELTED_SUSP_SERIOUS_INJ_COUNT","BICYCLE_COUNT","BICYCLE_DEATH_COUNT","BICYCLE_SUSP_SERIOUS_INJ_COUNT","BUS_COUNT","CHLDPAS_DEATH_COUNT","CHLDPAS_SUSP_SERIOUS_INJ_COUNT","COLLISION_TYPE","COMM_VEH_COUNT","CONS_ZONE_SPD_LIM","COUNTY","CRASH_MONTH","CRASH_YEAR","CRN","DAY_OF_WEEK","DEC_LAT","DEC_LONG","DISPATCH_TM","DISTRICT","DRIVER_COUNT_16YR","DRIVER_COUNT_17YR","DRIVER_COUNT_18YR","DRIVER_COUNT_19YR","DRIVER_COUNT_20YR","DRIVER_COUNT_50_64YR","DRIVER_COUNT_65_74YR","DRIVER_COUNT_75PLUS","EST_HRS_CLOSED","FATAL_COUNT","HEAVY_TRUCK_COUNT","HORSE_BUGGY_COUNT","HOUR_OF_DAY","ILLUMINATION","INJURY_COUNT","INTERSECT_TYPE","LANE_CLOSED","LATITUDE","LN_CLOSE_DIR","LOCATION_TYPE","LONGITUDE","MAX_SEVERITY_LEVEL","MCYCLE_DEATH_COUNT","MCYCLE_SUSP_SERIOUS_INJ_COUNT","MOTORCYCLE_COUNT","MUNICIPALITY","NONMOTR_COUNT","NONMOTR_DEATH_COUNT","NONMOTR_SUSP_SERIOUS_INJ_COUNT","NTFY_HIWY_MAINT","PED_COUNT","PED_DEATH_COUNT","PED_SUSP_SERIOUS_INJ_COUNT","PERSON_COUNT","POLICE_AGCY","POSSIBLE_INJ_COUNT","RDWY_SURF_TYPE_CD","RELATION_TO_ROAD","ROAD_CONDITION","SCH_BUS_IND","SCH_ZONE_IND","SMALL_TRUCK_COUNT","SPEC_JURIS_CD","SUSP_MINOR_INJ_COUNT","SUSP_SERIOUS_INJ_COUNT","SUV_COUNT","TCD_FUNC_CD","TCD_TYPE","TFC_DETOUR_IND","TIME_OF_DAY","TOT_INJ_COUNT","TOTAL_UNITS","UNB_DEATH_COUNT","UNB_SUSP_SERIOUS_INJ_COUNT","UNBELTED_OCC_COUNT","UNK_INJ_DEG_COUNT","UNK_INJ_PER_COUNT","URBAN_RURAL","VAN_COUNT","VEHICLE_COUNT","WORK_ZONE_IND","WORK_ZONE_LOC","WORK_ZONE_TYPE","WORKERS_PRES","WZ_CLOSE_DETOUR","WZ_FLAGGER","WZ_LAW_OFFCR_IND","WZ_LN_CLOSURE","WZ_MOVING","WZ_OTHER","WZ_SHLDER_MDN","ROADWAY_CLEARED","WEATHER1","WEATHER2","WZ_WORKERS_INJ_KILLED","SECONDARY_CRASH","INTERSECTION_RELATED"
"1218","1","0","0","0","0","0","0","0","0","4","1","","36","11","2019","2019122315","4","40.2266","-76.0914","1214","08","0","0","0","1","0","0","0","0","1","0","1","0","12","1","0","02","1","40 13:35.639","2","00","76 05:28.927","0","0","0","0","36210","0","0","0","N","0","0","0","2","36210","0","","1","01","N","N","0","","0","0","0","3","3","N","1214","0","2","0","0","0","0","0","1","0","2","N","","","","","","","","","","","","03","  ","","",""
"0650","1","0","0","0","0","0","0","0","0","4","0","","36","11","2019","2019122317","5","40.2137","-76.1264","0645","08","0","0","0","0","0","1","0","0","2","0","0","0","06","1","0","01","1","40 12:49.356","7","00","76 07:35.127","0","0","0","0","36210","0","0","0","N","0","0","0","2","36210","0","","1","01","N","N","1","","0","0","0","3","2","N","0643","0","2","0","0","2","0","0","1","0","2","N","","","","","","","","","","","","03","  ","","",""
"0906","0","0","0","0","0","0","0","0","0","7","0","","36","11","2019","2019122318","1","40.237","-76.1011","0903","08","0","0","1","0","0","0","0","0","","0","0","","09","1","0","00","0","40 14:13.190","","00","76 06:04.000","0","0","0","0","36210","0","0","0","N","0","0","0","2","36210","0","","5","09","N","N","0","","0","0","0","0","0","","0903","0","1","0","0","0","0","0","1","0","0","N","","","","","","","","","","","","07","  ","","",""
"0226","0","0","0","0","0","0","0","0","0","7","0","","36","11","2019","2019122320","7","40.2078","-76.1397","0222","08","0","0","0","0","0","0","0","0","","0","0","","02","2","0","00","0","40 12:28.217","","00","76 08:22.742","9","0","0","0","36210","0","0","0","Y","0","0","0","1","36210","0","","4","01","N","N","0","","0","0","0","0","0","","0221","0","1","0","0","0","0","0","1","0","0","N","","","","","","","","","","","","03","  ","","",""
"2043","0","0","0","0","0","0","0","0","0","7","0","","36","11","2019","2019122336","3","40.2103","-76.1065","2042","08","0","0","0","0","0","0","0","0","","0","0","","20","2","0","00","0","40 12:37.017","","00","76 06:23.321","0","0","0","0","36210","0","0","0","N","0","0","0","1","36210","0","","1","01","N","N","0","","0","0","0","0","0","","2040","0","1","0","0","0","0","0","1","0","0","N","","","","","","","","","","","","03","  ","","",""
"0356","0","0","0","0","0","0","0","0","0","7","0","","36","11","2019","2019122352","1","40.0334","-76.3048","0359","08","0","0","0","0","0","0","0","0","","0","0","","03","3","0","02","2","40 02:00.239","1","00","76 18:17.396","9","0","0","0","36301","0","0","0","N","0","0","0","1","36301","0","","5","09","N","N","0","","0","0","0","3","2","Y","0356","0","1","0","0","0","0","0","3","0","0","N","","","","","","","","","","","0448","07","  ","","",""
"1058","0","0","0","0","0","0","0","0","0","8","0","","36","11","2019","2019122394","1","40.0683","-76.3199","1049","08","0","0","0","0","0","0","0","0","","0","0","","10","1","1","00","0","40 04:05.700","","07","76 19:11.700","9","0","0","0","36301","0","0","0","N","0","0","0","2","36301","0","","1","06","N","N","0","","0","0","0","0","0","","1037","0","2","0","0","0","0","0","3","0","0","N","","","","","","","","","","","","10","  ","","",""
"1103","1","0","0","0","0","0","0","0","0","5","0","","36","11","2019","2019122410","5","39.9813","-76.282","1059","08","0","0","0","0","1","0","0","0","","0","0","0","10","1","2","01","2","39 58:52.515","2","00","76 16:55.238","3","0","0","0","36240","0","0","0","N","0","0","0","4","36240","0","","1","01","N","N","0","","2","0","1","0","0","Y","1052","2","2","0","0","0","0","1","1","0","2","N","","","","","","","","","","","1140","03","  ","","",""
"1255","0","0","0","0","0","0","0","0","0","4","1","","36","10","2019","2019122477","6","40.1052","-76.2001","1248","08","0","0","0","0","0","0","1","0","","0","1","0","12","1","1","01","2","40 06:18.605","5","00","76 12:00.298","3","0","0","0","36238","0","0","0","N","0","0","0","2","36238","0","","1","01","N","N","0","","1","0","0","3","3","Y","1245","1","2","0","0","0","0","0","3","1","2","N","","","","","","","","","","","1328","03","03","","",""
"1442","2","0","0","0","0","0","0","0","0","4","0","","36","11","2019","2019122480","2","40.1328","-76.2181","1440","08","0","1","0","0","0","1","0","0","","0","0","0","14","1","0","00","1","40 07:58.019","3","00","76 13:05.243","0","0","0","0","36238","0","0","0","N","0","0","0","2","36238","0","","1","01","N","N","0","","0","0","0","0","0","Y","1440","0","2","0","0","0","0","0","3","0","2","N","","","","","","","","","","","1517","03","03","","",""
"1448","0","0","0","0","0","0","0","0","0","4","0","","36","11","2019","2019122511","4","40.0278","-76.3262","1446","08","0","0","0","0","0","1","1","0","2","0","0","","14","1","3","02","1","40 01:39.968","6","07","76 19:34.314","3","0","0","0","36220","0","0","0","N","0","0","0","3","36101","0","","1","01","N","N","0","","1","0","0","3","2","N","1445","3","2","0","0","0","2","0","3","0","0","N","","","","","","","","","","","","03","  ","","",""
"2001","2","0","0","0","0","0","0","0","0","2","0","","36","11","2019","2019122512","4","40.1555","-76.3072","1959","08","0","0","0","0","1","1","0","0","2","0","0","0","19","3","0","01","2","40 09:19.746","6","00","76 18:26.032","0","0","0","0","36409","0","0","0","N","0","0","0","3","36409","0","","1","01","N","N","0","","0","0","1","3","2","Y","1957","0","3","0","0","0","0","0","3","0","3","N","","","","","","","","","","","","03","  ","","",""
"0109","0","0","0","0","0","0","0","0","0","7","0","","36","11","2019","2019122574","5","40.2413","-76.1231","0104","08","0","0","0","0","0","0","0","0","1","0","0","","01","2","0","00","1","40 14:28.631","1","00","76 07:23.239","9","0","0","0","36210","0","0","0","N","0","0","0","1","36210","0","","2","01","N","N","0","","0","0","0","0","0","Y","0104","0","1","0","0","0","0","0","1","0","0","N","","","","","","","","","","","","03","  ","","",""
"1413","2","0","0","0","0","0","0","0","0","1","0","","36","11","2019","2019122576","5","40.2157","-76.0926","1409","08","0","0","0","0","0","1","0","0","","0","0","0","14","1","0","07","0","40 12:53.932","","02","76 05:39.585","0","0","0","0","36210","0","0","0","N","0","0","0","2","36210","0","","1","01","N","N","0","","0","0","0","3","2","","1406","0","2","0","0","0","0","0","1","0","2","N","","","","","","","","","","","","03","  ","","",""
"2005","0","0","0","0","0","0","0","0","0","7","0","","36","11","2019","2019122579","5","40.1786","-76.588","1958","08","0","0","0","1","0","0","0","0","","0","0","0","19","2","1","00","2","40 10:43.118","5","00","76 35:16.706","2","0","0","0","36225","0","0","0","N","0","0","0","4","36505","0","","4","01","N","N","1","","0","1","0","0","0","Y","1957","1","1","0","1","4","0","0","2","0","1","N","","","","","","","","","","","2151","03","03","","",""
"2101","0","0","0","0","0","0","0","0","0","4","0","","36","11","2019","2019122582","1","40.04","-76.3177","2055","08","0","0","0","0","0","0","0","0","","0","0","","20","3","0","10","2","40 02:23.823","1","00","76 19:03.806","9","0","0","0","36301","0","0","0","N","0","0","0","5","36301","0","","1","01","N","N","0","","0","0","0","3","3","Y","2053","0","4","0","0","0","0","0","3","0","0","N","","","","","","","","","","","2204","03","03","","",""
"1312","1","0","0","0","0","0","0","0","0","8","0","","36","11","2019","2019122614","4","40.0376","-76.3176","1307","08","0","0","0","0","0","0","0","0","","0","0","0","13","1","1","00","2","40 02:15.431","3","00","76 19:03.440","2","0","0","0","36301","1","0","1","N","1","0","1","3","36301","0","","1","01","N","N","0","","0","1","0","0","0","Y","1306","1","2","0","0","0","0","0","3","0","1","N","","","","","","","","","","","1345","03","03","","",""
"1727","2","0","0","0","0","0","0","0","0","1","0","","36","11","2019","2019122729","7","40.0849","-76.339","1718","08","0","0","0","0","0","0","0","0","1","0","0","0","17","2","1","00","1","40 05:05.470","4","00","76 20:20.360","8","0","0","0","36101","0","0","0","N","0","0","0","2","36101","0","","1","09","N","N","0","","0","0","0","0","0","N","1714","1","2","0","0","0","1","0","3","0","2","N","","","","","","","","","","","","07","  ","","",""
"2325","1","0","0","0","0","0","0","0","0","7","0","","36","11","2019","2019122730","1","40.1061","-76.2934","2321","08","0","0","0","0","0","0","0","0","2","0","0","0","23","2","0","00","1","40 06:21.797","3","00","76 17:36.271","0","0","0","0","36101","0","0","0","N","0","0","0","1","36101","0","","5","01","N","N","0","","0","0","0","0","0","N","2321","0","1","0","0","0","0","0","3","0","1","N","","","","","","","","","","","","03","  ","","",""
"1242","0","0","0","0","0","0","0","0","0","4","0","","36","11","2019","2019122731","3","40.1233","-76.3753","1237","08","0","0","0","0","0","0","1","1","2","0","0","0","12","1","1","01","1","40 07:23.702","4","00","76 22:31.147","3","0","0","0","36214","0","0","0","N","0","0","0","3","36214","0","","1","01","N","N","1","","1","0","2","3","3","Y","1230","1","3","0","0","0","0","0","3","0","3","N","","","","","","","","","","","","03","  ","","",""
"1333","0","0","0","0","0","0","0","0","0","4","0","","36","11","2019","2019122732","4","40.0373","-76.4082","1328","08","0","0","0","0","0","0","0","1","2","0","0","","13","1","0","01","1","40 02:14.320","4","00","76 24:29.684","0","0","0","0","36214","0","0","0","N","0","0","0","2","36214","0","","1","01","N","N","0","","0","0","0","3","2","N","1325","0","2","0","0","0","0","0","3","0","0","N","","","","","","","","","","","","03","  ","","",""
"1252","2","0","0","0","0","0","0","0","0","1","0","","36","11","2019","2019122733","5","40.0893","-76.3805","1245","08","0","0","0","0","0","0","0","0","","0","0","0","12","1","0","01","0","40 05:21.426","","03","76 22:49.716","0","0","0","0","36214","0","0","0","N","0","0","0","2","36214","0","","1","01","N","N","0","","0","0","0","3","2","","1244","0","2","0","0","0","0","0","3","0","2","N","","","","","","","","","","","","03","  ","","",""
"0303","0","0","0","0","0","0","0","0","0","7","0","","36","11","2019","2019122734","7","40.0218","-76.3786","0229","08","0","0","0","0","0","0","0","0","","0","0","","00","6","0","02","0","40 01:18.382","","00","76 22:43.068","0","0","0","0","36223","0","0","0","N","0","0","0","1","36223","0","","5","01","N","N","0","","0","0","0","3","2","","0015","0","1","0","0","0","0","0","1","0","0","N","","","","","","","","","","","","03","  ","","",""
"2106","1","0","0","0","0","0","0","0","0","0","0","","36","11","2019","2019122735","7","40.009","-76.4293","2058","08","0","0","0","0","0","1","0","0","2","0","0","0","20","2","2","01","2","40 00:32.544","5","00","76 25:45.623","3","0","0","0","36223","0","0","0","N","0","0","0","2","36223","0","","5","09","N","N","0","","2","0","0","0","0","Y","2056","2","1","0","0","0","0","0","1","0","1","N","","","","","","","","","","","","07","  ","","",""
"1504","1","0","0","0","0","0","0","0","0","1","0","","36","11","2019","2019122736","2","40.1078","-76.0715","1503","08","0","1","0","0","1","0","0","0","1","0","0","0","15","1","1","00","1","40 06:27.908","6","00","76 04:17.482","4","0","0","0","36415","0","0","0","N","0","0","0","3","36415","1","","1","01","N","N","0","","0","0","1","0","0","Y","1502","1","2","0","0","0","0","0","1","0","2","N","","","","","","","","","","","","03","  ","","",""
"1137","0","0","0","0","0","0","0","0","0","7","0","","36","11","2019","2019122737","1","40.1764","-76.3641","1133","08","0","0","0","0","0","0","0","0","","0","0","0","10","1","0","00","0","40 10:35.043","","00","76 21:50.879","0","0","0","0","36227","0","0","0","N","0","0","0","1","36506","0","","4","06","N","N","1","","0","0","0","0","0","","1059","0","1","0","0","0","0","0","1","0","1","N","","","","","","","","","","","","10","  ","","",""
"0722","1","0","0","0","0","0","0","0","0","7","0","","36","11","2019","2019122738","2","40.2692","-76.2441","0713","08","0","0","0","0","0","0","0","0","","0","0","0","07","1","0","00","0","40 16:09.107","","00","76 14:38.676","0","0","0","0","36204","0","0","0","N","0","0","0","1","36506","0","","5","02","N","N","0","","0","0","0","0","0","","0711","0","1","0","0","0","0","0","1","0","1","N","","","","","","","","","","","","03","  ","","",""
"1951","0","0","0","0","0","0","0","0","0","4","0","","36","11","2019","2019122739","4","40.1921","-76.3571","1947","08","0","0","0","0","0","0","0","0","1","0","0","0","19","2","0","00","2","40 11:31.570","5","00","76 21:25.490","0","0","0","0","36227","1","0","0","N","0","0","0","2","36506","0","","4","01","N","N","2","","0","0","0","0","0","Y","1946","0","2","0","0","0","0","0","1","0","2","N","","","","","","","","","","","","03","  ","","",""
"2153","1","0","0","0","0","0","0","0","0","7","0","","36","11","2019","2019122828","6","40.0226","-76.2661","2146","08","0","0","0","0","0","1","0","0","","0","0","0","21","3","2","01","2","40 01:21.181","2","00","76 15:57.879","3","0","0","0","36240","0","0","0","N","0","0","0","2","36240","0","","2","01","N","N","0","","2","0","0","3","3","N","2146","2","1","0","0","0","0","0","1","0","1","N","","","","","","","","","","","2244","04","  ","","",""
"2155","1","0","0","0","0","0","0","0","0","7","0","","36","11","2019","2019122830","6","40.0094","-76.2663","2153","08","0","0","0","1","0","0","0","0","","0","0","0","21","2","0","00","1","40 00:33.683","5","00","76 15:58.713","0","0","0","0","36240","0","0","0","N","0","0","0","3","36240","0","","5","01","N","N","0","","0","0","0","0","0","N","2145","0","1","0","0","0","0","0","1","0","1","N","","","","","","","","","","","2250","03","03","","",""
"0215","1","0","0","0","0","0","0","0","0","7","0","","36","11","2019","2019122842","7","40.1645","-76.598","0102","08","0","0","0","0","0","1","0","0","","0","0","0","00","3","0","00","0","40 09:52.154","","00","76 35:52.856","0","0","0","0","36407","0","0","0","N","0","0","0","1","36407","0","","5","01","N","N","0","","0","0","0","0","0","","0057","0","1","0","0","0","0","0","2","0","1","N","","","","","","","","","","","","03","  ","","",""
"1022","0","0","0","0","0","0","0","0","0","1","0","","36","11","2019","2019122850","3","40.1309","-76.2172","1015","08","0","0","0","0","0","0","0","0","","0","0","0","10","1","1","01","0","40 07:51.556","","00","76 13:01.609","3","0","0","0","36238","0","0","0","N","0","0","0","2","36238","0","","1","01","N","N","1","","1","0","1","3","4","N","1015","1","2","0","0","0","0","0","3","0","2","N","","","","","","","","","","","","03","  ","","",""
"1728","1","0","0","0","0","0","0","0","0","1","0","","36","11","2019","2019122923","6","39.9953","-76.2046","1721","08","0","0","1","0","0","0","0","0","","0","0","0","17","2","0","00","2","39 59:42.962","5","00","76 12:16.558","0","0","0","0","36240","0","0","0","N","0","0","0","3","36240","0","","1","01","N","N","0","","0","0","1","0","0","Y","1719","0","2","0","0","0","0","0","1","0","2","N","","","","","","","","","","","1815","03","  ","","",""
"1611","2","0","0","0","0","0","0","0","0","6","0","","36","11","2019","2019122927","5","40.0271","-76.4706","1604","08","0","0","0","0","0","0","0","0","","0","0","0","16","1","0","00","2","40 01:37.665","6","00","76 28:14.080","0","0","0","0","36239","0","0","0","N","0","0","0","1","36239","0","","1","01","N","N","0","","0","0","0","0","0","Y","1604","0","2","0","0","0","0","0","3","0","2","N","","","","","","","","","","","1650","98","98","","",""
"0923","0","0","0","1","0","0","0","0","0","4","0","","36","11","2019","2019122945","2","40.0951","-76.3289","0921","08","0","0","0","0","0","0","1","0","","0","0","0","09","1","1","01","0","40 05:42.190","","00","76 19:44.077","3","0","0","0","36101","1","0","0","N","0","0","0","3","36101","0","","1","01","N","N","0","","1","0","1","3","2","","0919","1","2","0","0","0","0","0","3","0","1","N","","","","","","","","","","","","03","  ","","",""
"1726","0","0","0","0","0","0","0","0","0","7","0","","36","11","2019","2019122946","2","40.004","-76.3354","1712","08","0","0","0","0","0","1","0","0","2","0","0","0","17","2","0","00","2","40 00:14.426","6","00","76 20:07.297","0","0","0","0","36220","0","0","0","N","0","0","0","1","36101","0","","2","01","N","N","1","","0","0","0","0","0","Y","1710","0","1","0","0","0","0","0","3","0","1","N","","","","","","","","","","","","03","  ","","",""
"1746","1","0","0","0","0","0","0","0","0","1","0","","36","11","2019","2019122947","2","40.0276","-76.3265","1741","08","0","0","0","0","0","0","0","0","3","0","0","0","17","3","0","00","1","40 01:39.361","4","00","76 19:35.358","0","0","0","0","36220","0","0","0","N","0","0","0","3","36101","0","","1","01","N","N","0","","0","0","1","0","0","N","1729","0","2","0","0","0","0","0","3","0","2","N","","","","","","","","","","","","03","  ","","",""
"1913","1","0","0","0","0","0","0","0","0","7","0","","36","11","2019","2019122948","3","40.0531","-76.3851","1907","08","0","0","0","0","0","0","0","0","1","0","0","0","19","2","2","00","2","40 03:11.168","4","00","76 23:06.377","3","0","0","0","36214","0","0","0","Y","0","0","0","3","36214","0","","2","01","N","N","0","","2","0","1","0","0","N","1906","2","2","0","0","0","0","0","3","0","2","N","","","","","","","","","","","","03","  ","","",""
"1938","0","0","0","0","0","0","0","0","0","4","0","","36","11","2019","2019122949","5","40.1564","-76.3023","1934","08","0","0","0","0","0","0","0","0","1","0","0","","19","3","0","02","2","40 09:22.979","5","00","76 18:08.140","9","0","0","0","36409","0","0","0","N","0","0","0","3","36409","0","","1","01","N","N","0","","0","0","0","3","3","Y","1934","0","2","0","0","0","0","0","3","0","0","N","","","","","","","","","","","","03","  ","","",""
"1432","0","0","0","0","0","0","0","0","0","1","0","","36","11","2019","2019123008","7","40.1685","-76.1671","1427","08","0","0","0","0","0","0","0","0","","0","0","","14","1","2","00","0","40 10:06.724","","00","76 10:01.685","9","0","0","0","36408","0","0","0","N","0","0","0","3","36408","0","","1","01","N","N","0","","0","0","0","3","2","","1425","0","3","0","0","0","0","0","2","0","0","N","","","","","","","","","","","","03","03","","",""
"0129","2","0","0","0","0","0","0","0","0","4","0","","36","12","2019","2019123020","1","40.0427","-76.3066","0126","08","0","0","0","0","0","0","0","0","","0","0","0","01","3","0","01","2","40 02:33.734","1","00","76 18:23.723","0","0","0","0","36301","0","0","0","N","0","0","0","4","36301","0","","1","01","N","N","0","","0","0","0","3","2","Y","0122","0","2","0","0","0","0","0","3","0","2","N","","","","","","","","","","","0220","03","  ","","",""
"1807","0","0","0","0","0","0","0","0","0","1","0","","36","11","2019","2019123023","6","40.1313","-76.2144","1755","08","0","0","0","0","0","0","0","0","","0","0","","17","1","0","07","0","40 07:52.814","","02","76 12:51.828","9","0","0","0","36238","0","0","0","N","0","0","0","2","36238","0","","1","01","N","N","0","","0","0","0","0","0","N","1755","0","2","0","0","0","0","0","3","0","0","N","","","","","","","","","","","","03","  ","","",""
"0227","2","0","0","0","0","0","0","0","0","4","0","","36","12","2019","2019123025","1","40.0332","-76.3173","0224","08","0","0","0","0","0","0","0","0","","0","0","0","02","3","0","00","1","40 01:59.698","2","00","76 19:02.199","0","0","0","0","36301","0","0","0","N","0","0","0","1","36301","0","","1","01","N","N","0","","0","0","1","0","0","Y","0219","0","3","0","0","0","0","0","3","0","3","N","","","","","","","","","","","0307","03","03","","",""
"1630","1","0","0","0","0","0","0","0","0","4","0","","36","11","2019","2019123046","3","40.1445","-76.21","1630","08","1","0","0","0","0","0","0","0","","0","0","0","16","4","0","01","0","40 08:40.211","","00","76 12:36.127","0","0","0","0","36238","0","0","0","N","0","0","0","3","36238","0","","1","01","N","N","0","","0","0","1","3","3","","1630","0","2","0","0","0","0","0","3","0","2","N","","","","","","","","","","","","03","  ","","",""
"0748","2","0","0","0","0","0","0","0","0","1","0","","36","11","2019","2019123065","3","40.1281","-76.2174","0747","08","0","0","0","0","0","0","0","0","","0","0","0","07","1","2","06","1","40 07:41.319","2","02","76 13:02.652","3","0","0","0","36238","0","0","0","N","0","0","0","2","36238","1","","1","01","N","N","0","","1","0","0","0","0","N","0742","2","2","0","0","0","0","0","3","0","2","N","","","","","","","","","","","0815","03","  ","","",""
"1822","1","0","0","0","0","0","0","0","0","1","0","","36","11","2019","2019123161","3","40.1892","-76.5627","1812","08","0","0","0","0","0","0","0","0","","0","0","0","18","2","0","00","0","40 11:21.269","","00","76 33:45.887","0","0","0","0","36225","0","0","0","N","0","0","0","3","36505","0","","1","01","N","N","0","","0","0","1","0","0","N","1812","0","2","0","0","0","0","0","2","0","2","N","","","","","","","","","","","","03","  ","","",""
"1805","1","0","0","0","0","0","0","0","0","1","0","","36","11","2019","2019123187","5","40.0692","-76.3083","1746","08","0","0","0","0","0","0","1","0","","0","0","0","17","4","0","00","0","40 04:09.189","","00","76 18:29.871","0","0","0","0","36101","0","0","0","N","0","0","0","2","36101","0","","1","01","N","N","0","","0","0","1","0","0","","1700","0","2","0","0","0","0","0","3","0","2","N","","","","","","","","","","","","03","  ","","",""
"1600","3","0","0","0","0","0","0","0","0","1","0","","36","11","2019","2019123188","2","40.0549","-76.3228","1549","08","0","0","0","0","0","0","0","1","","0","0","0","15","1","0","00","0","40 03:17.620","","00","76 19:22.037","0","0","0","0","36101","0","0","0","N","0","0","0","3","36101","0","","1","01","N","N","0","","0","0","0","0","0","","1545","0","3","0","0","0","0","0","3","0","3","N","","","","","","","","","","","","03","  ","","",""
"1308","0","0","0","0","0","0","0","0","0","0","0","","36","11","2019","2019123189","6","40.0524","-76.3228","1308","08","0","0","0","0","0","0","0","0","1","0","0","","13","1","0","00","1","40 03:08.701","4","00","76 19:21.946","9","0","0","0","36101","0","0","0","N","0","0","0","1","36101","0","","1","01","N","N","0","","0","0","0","0","0","N","1308","0","1","0","0","0","0","0","3","0","0","N","","","","","","","","","","","","03","  ","","",""
"1347","0","0","0","0","0","0","0","0","0","4","0","","36","11","2019","2019123190","6","40.036","-76.3292","1344","08","0","0","0","0","0","0","0","0","2","0","0","","13","1","0","01","1","40 02:09.765","3","00","76 19:45.256","9","0","0","0","36220","0","0","0","N","0","0","0","3","36101","0","","1","01","N","N","0","","0","0","0","3","3","N","1336","0","2","0","0","0","0","0","3","0","0","N","","","","","","","","","","","","03","  ","","",""
"1700","0","0","0","0","0","0","0","0","0","1","0","","36","11","2019","2019123191","6","40.0702","-76.3151","1649","08","0","0","0","0","0","1","0","0","","0","0","0","16","3","0","00","0","40 04:12.605","","03","76 18:54.517","0","0","0","0","36101","0","0","0","N","0","0","0","2","36101","0","","1","01","N","N","0","","0","0","1","0","0","","1645","0","2","0","0","0","0","0","3","1","2","N","","","","","","","","","","","","03","  ","","",""
"1108","1","0","0","0","0","0","0","0","0","4","0","","36","11","2019","2019123192","6","40.0943","-76.1129","1108","08","0","0","0","0","0","1","1","0","","0","0","0","11","1","0","01","0","40 05:39.530","","00","76 06:46.425","0","0","0","0","36209","0","0","0","N","0","0","0","4","36415","0","","1","01","N","N","0","","0","0","1","3","2","","1108","0","2","0","0","0","0","0","1","0","2","N","","","","","","","","","","","","03","  ","","",""
"2223","0","0","0","0","0","0","0","0","0","4","0","","36","11","2019","2019123200","6","40.0295","-76.3129","2219","08","0","0","0","0","0","0","0","0","","0","0","","22","3","0","00","1","40 01:46.251","4","00","76 18:46.567","9","0","0","0","36301","0","0","0","N","0","0","0","3","36301","0","","1","01","N","N","0","","0","0","0","0","0","Y","2217","0","3","0","0","0","0","0","3","0","0","N","","","","","","","","","","","2310","03","03","","",""
"1718","1","0","0","0","0","0","0","0","0","4","0","","36","12","2019","2019123208","1","40.0157","-76.3496","1715","08","0","0","0","0","0","0","0","0","","0","0","0","17","3","0","01","0","40 00:56.470","","00","76 20:58.524","0","0","0","0","36412","0","0","0","N","0","0","0","2","36412","0","","1","09","N","N","1","","0","0","0","3","2","","1712","0","2","0","0","0","0","0","3","0","2","N","","","","","","","","","","","","07","07","","",""
"2116","3","0","0","0","0","0","0","0","0","1","0","","36","12","2019","2019123310","1","40.0373","-76.3116","2109","08","0","1","0","0","0","0","0","0","","0","0","0","21","3","1","00","1","40 02:14.392","3","00","76 18:41.594","4","0","0","0","36301","0","0","0","N","0","0","0","1","36301","1","","4","09","N","N","0","","0","0","0","0","0","N","2109","1","3","0","0","0","0","0","3","0","3","N","","","","","","","","","","","2210","07","  ","","",""
"1033","2","0","0","0","0","0","0","0","0","4","0","","36","11","2019","2019123350","4","40.1694","-76.1978","1031","08","0","0","0","0","0","0","0","0","","0","0","0","10","1","2","01","0","40 10:09.748","","00","76 11:51.952","4","0","0","0","36408","0","0","0","N","0","0","0","4","36408","2","","1","01","N","N","0","","0","0","0","3","2","","1029","2","2","0","0","0","0","0","2","0","2","N","","","","","","","","","","","","03","03","","",""
"1850","1","0","0","0","0","0","0","0","0","4","0","","36","12","2019","2019123281","1","40.0519","-76.4306","1843","08","0","0","0","0","0","0","1","0","","0","0","0","18","3","1","01","2","40 03:06.739","7","00","76 25:50.203","8","0","0","0","36239","0","0","0","N","0","0","0","3","36239","0","","1","09","N","N","0","","0","0","1","3","3","Y","1843","1","2","0","0","0","1","0","3","0","2","N","","","","","","","","","","","1945","07","07","","",""
"2023","3","0","0","0","0","0","0","0","0","4","0","","36","12","2019","2019123296","1","40.0314","-76.3065","2021","08","0","0","0","0","0","0","0","0","","0","0","0","20","3","1","01","1","40 01:52.926","2","00","76 18:23.456","4","0","0","0","36301","0","0","0","N","0","0","0","3","36301","1","","1","09","N","N","0","","0","0","0","3","3","Y","2021","1","3","0","0","0","0","1","3","0","3","N","","","","","","","","","","","2043","07","  ","","",""
"2315","2","0","0","0","0","0","0","0","0","1","0","","36","12","2019","2019123317","1","40.0441","-76.3089","2315","08","0","0","0","0","1","1","0","0","","0","0","0","23","3","0","01","1","40 02:38.765","2","00","76 18:32.003","0","0","0","0","36301","0","0","0","N","0","0","0","2","36301","0","","1","09","N","N","0","","0","0","0","3","2","N","2315","0","2","0","0","0","0","0","3","0","2","N","","","","","","","","","","","2350","07","07","","",""
"1832","1","0","0","0","0","0","0","0","0","1","0","","36","11","2019","2019123355","6","40.0978","-76.5156","1822","08","0","1","1","0","0","0","0","0","","0","0","0","18","2","0","02","1","40 05:52.065","6","00","76 30:56.259","0","0","0","0","36211","0","0","0","N","0","0","0","2","36504","0","","1","01","N","N","1","","0","0","0","0","0","N","1815","0","2","0","0","0","0","0","1","0","2","N","","","","","","","","","","","1942","03","03","","",""