"ARRIVAL_TM","AUTOMOBILE_COUNT","BELTED_DEATH_COUNT","BELTED_SUSP_SERIOUS_INJ_COUNT","BICYCLE_COUNT","BICYCLE_DEATH_COUNT","BICYCLE_SUSP_SERIOUS_INJ_COUNT","BUS_COUNT","CHLDPAS_DEATH_COUNT","CHLDPAS_SUSP_SERIOUS_INJ_COUNT","COLLISION_TYPE","COMM_VEH_COUNT","CONS_ZONE_SPD_LIM","COUNTY","CRASH_MONTH","CRASH_YEAR","CRN","DAY_OF_WEEK","DEC_LAT","DEC_LONG","DISPATCH_TM","DISTRICT","DRIVER_COUNT_16YR","DRIVER_COUNT_17YR","DRIVER_COUNT_18YR","DRIVER_COUNT_19YR","DRIVER_COUNT_20YR","DRIVER_COUNT_50_64YR","DRIVER_COUNT_65_74YR","DRIVER_COUNT_75PLUS","EST_HRS_CLOSED","FATAL_COUNT","HEAVY_TRUCK_COUNT","HORSE_BUGGY_COUNT","HOUR_OF_DAY","ILLUMINATION","INJURY_COUNT","INTERSECT_TYPE","LANE_CLOSED","LATITUDE","LN_CLOSE_DIR","LOCATION_TYPE","LONGITUDE","MAX_SEVERITY_LEVEL","MCYCLE_DEATH_COUNT","MCYCLE_SUSP_SERIOUS_INJ_COUNT","MOTORCYCLE_COUNT","MUNICIPALITY","NONMOTR_COUNT","NONMOTR_DEATH_COUNT","NONMOTR_SUSP_SERIOUS_INJ_COUNT","NTFY_HIWY_MAINT","PED_COUNT","PED_DEATH_COUNT","PED_SUSP_SERIOUS_INJ_COUNT","PERSON_COUNT","POLICE_AGCY","POSSIBLE_INJ_COUNT","RDWY_SURF_TYPE_CD","RELATION_TO_ROAD","ROAD_CONDITION","SCH_BUS_IND","SCH_ZONE_IND","SMALL_TRUCK_COUNT","SPEC_JURIS_CD","SUSP_MINOR_INJ_COUNT","SUSP_SERIOUS_INJ_COUNT","SUV_COUNT","TCD_FUNC_CD","TCD_TYPE","TFC_DETOUR_IND","TIME_OF_DAY","TOT_INJ_COUNT","TOTAL_UNITS","UNB_DEATH_COUNT","UNB_SUSP_SERIOUS_INJ_COUNT","UNBELTED_OCC_COUNT","UNK_INJ_DEG_COUNT","UNK_INJ_PER_COUNT","URBAN_RURAL","VAN_COUNT","VEHICLE_COUNT","WORK_ZONE_IND","WORK_ZONE_LOC","WORK_ZONE_TYPE","WORKERS_PRES","WZ_CLOSE_DETOUR","WZ_FLAGGER","WZ_LAW_OFFCR_IND","WZ_LN_CLOSURE","WZ_MOVING","WZ_OTHER","WZ_SHLDER_MDN","ROADWAY_CLEARED","WEATHER1","WEATHER2","WZ_WORKERS_INJ_KILLED","SECONDARY_CRASH","INTERSECTION_RELATED"
"0701","2","0","0","0","0","0","0","0","0","4","0","","36","12","2019","2019123374","2","40.04","-76.3016","0700","08","0","0","0","0","0","1","0","0","","0","0","0","06","5","1","01","2","40 02:24.024","1","00","76 18:05.860","8","0","0","0","36301","0","0","0","N","0","0","0","2","36301","0","","1","09","N","N","0","","0","0","0","3","2","N","0658","1","2","0","0","0","1","0","3","0","2","N","","","","","","","","","","","0740","07","  ","","",""
"0953","1","0","0","0","0","0","0","0","0","1","0","","36","11","2019","2019123411","3","40.1159","-76.3057","0949","08","0","0","1","0","0","1","0","0","1","0","0","0","09","1","0","00","2","40 06:57.164","2","00","76 18:20.396","0","0","0","0","36101","0","0","0","N","0","0","0","4","36101","0","","1","01","N","N","0","","0","0","1","0","0","N","0946","0","3","0","0","0","0","0","3","1","3","N","","","","","","","","","","","","03","  ","","",""
"1938","0","0","0","0","0","0","0","0","0","1","0","","36","11","2019","2019123412","7","40.0574","-76.2815","1928","08","0","0","0","0","0","0","0","0","2","0","0","","19","3","0","00","1","40 03:26.631","4","00","76 16:53.505","9","0","0","0","36101","0","0","0","N","0","0","0","1","36101","0","","2","01","N","N","0","","0","0","0","0","0","N","1927","0","3","0","0","0","0","0","3","0","0","N","","","","","","","","","","","","03","  ","","",""
"2203","2","0","0","0","0","0","0","0","0","4","0","","36","11","2019","2019123413","7","40.0953","-76.4103","2159","08","0","0","2","0","0","0","0","0","2","0","0","0","21","3","0","01","2","40 05:43.016","6","00","76 24:37.175","0","0","0","0","36214","0","0","0","N","0","0","0","3","36214","0","","1","01","N","N","0","","0","0","0","3","2","Y","2159","0","2","0","0","0","0","0","3","0","2","N","","","","","","","","","","","","03","  ","","",""
"0608","1","0","0","0","0","0","0","0","0","4","0","","36","12","2019","2019123414","2","40.0761","-76.106","0604","08","0","0","0","0","1","0","0","0","1","0","0","0","06","2","0","02","1","40 04:33.941","5","00","76 06:21.772","0","0","0","0","36209","0","0","0","N","0","0","0","2","36415","0","","1","09","N","N","0","","0","0","1","3","3","N","0604","0","2","0","0","0","0","0","1","0","2","N","","","","","","","","","","","","98","  ","","",""
"0357","1","0","0","0","0","0","0","0","0","7","0","","36","11","2019","2019123415","5","40.1404","-76.3827","0350","08","0","0","0","0","0","0","0","0","","0","0","0","03","3","0","00","0","40 08:25.318","","00","76 22:57.714","0","0","0","0","36227","0","0","0","N","0","0","0","1","36506","0","","4","01","N","N","0","","0","0","0","0","0","","0350","0","1","0","0","0","0","0","1","0","1","N","","","","","","","","","","","","03","  ","","",""
"1852","0","0","0","0","0","0","0","0","0","1","0","","36","11","2019","2019123538","5","40.1281","-76.5107","1817","08","0","0","0","0","0","0","0","0","","0","0","","18","2","1","00","0","40 07:41.313","","00","76 30:38.533","9","0","0","0","36225","0","0","0","N","0","0","0","10","36505","0","","1","01","N","N","0","","0","0","0","0","0","N","1815","0","4","0","0","0","0","0","2","0","0","N","","","","","","","","","","","","03","  ","","",""
"0835","1","0","0","0","0","0","0","0","0","4","0","","36","11","2019","2019123579","6","40.1063","-76.3218","0825","08","0","0","0","0","0","0","0","0","1","0","0","0","08","1","0","01","1","40 06:22.525","4","00","76 19:18.628","0","0","0","0","36101","0","0","0","N","0","0","0","4","36101","0","","1","01","N","N","1","","0","0","0","3","2","N","0824","0","2","0","0","0","0","0","3","0","2","N","","","","","","","","","","","","03","  ","","",""
"0716","1","0","0","0","0","0","0","0","0","7","0","","36","12","2019","2019123580","2","40.0771","-76.3088","0716","08","0","0","0","0","0","0","0","0","","0","0","0","06","5","0","00","0","40 04:37.529","","00","76 18:31.727","0","0","0","0","36101","0","0","0","N","0","0","0","1","36101","0","","4","09","N","N","0","","0","0","0","0","0","","0640","0","1","0","0","0","0","0","3","0","1","N","","","","","","","","","","","","07","  ","","",""
"1117","1","0","0","0","0","0","0","0","0","4","0","","36","11","2019","2019123581","7","40.0392","-76.3088","1116","08","0","0","0","0","0","1","0","0","1","0","0","0","11","1","0","01","1","40 02:21.253","5","00","76 18:31.645","0","0","0","0","36301","0","0","0","N","0","0","0","5","36301","0","","1","01","N","N","0","","0","0","1","3","3","N","1112","0","2","0","0","0","0","0","3","0","2","N","","","","","","","","","","","","03","  ","","",""
"1924","1","0","0","0","0","0","0","0","0","7","0","","36","11","2019","2019123582","3","40.0939","-76.497","1911","08","0","0","0","0","0","0","0","0","","0","0","0","18","2","0","00","0","40 05:38.023","","00","76 29:49.368","9","0","0","0","36230","0","0","0","N","0","0","0","1","36410","0","","5","01","N","N","0","","0","0","0","0","0","","1854","0","1","0","0","0","0","1","1","0","1","N","","","","","","","","","","","","03","  ","","",""
"0738","1","0","0","0","0","0","0","0","0","7","0","","36","11","2019","2019123583","6","40.1521","-76.4864","0733","08","0","0","0","0","0","1","0","0","","0","0","0","07","5","0","02","0","40 09:07.580","","00","76 29:10.982","0","0","0","0","36230","0","0","0","N","0","0","0","2","36410","0","","4","01","N","N","0","","0","0","0","9","3","","0732","0","1","0","0","0","0","0","1","0","1","N","","","","","","","","","","","","03","  ","","",""
"0753","0","0","0","0","0","0","0","0","0","1","0","","36","11","2019","2019123584","2","40.1213","-76.4623","0742","08","0","0","0","0","0","0","0","0","2","0","0","","07","1","0","00","1","40 07:16.513","4","00","76 27:44.414","9","0","0","0","36230","0","0","0","N","0","0","0","2","36410","0","","1","09","N","N","0","","0","0","0","0","0","N","0739","0","2","0","0","0","0","0","1","0","0","N","","","","","","","","","","","","03","  ","","",""
"0915","0","0","0","0","0","0","0","0","0","4","0","","36","11","2019","2019123585","7","40.1638","-76.4558","0908","08","0","0","0","0","0","0","1","0","2","0","0","0","09","1","2","01","1","40 09:49.725","4","00","76 27:20.835","8","0","0","0","36230","0","0","0","N","0","0","0","2","36410","0","","1","01","N","N","0","","0","0","2","3","3","N","0907","2","2","0","0","1","2","0","1","0","2","N","","","","","","","","","","","","03","  ","","",""
"1806","2","0","0","0","0","0","0","0","0","4","0","","36","12","2019","2019123586","1","40.2","-76.421","1759","08","0","0","0","1","0","0","0","0","2","0","0","0","17","2","1","01","1","40 11:59.848","6","00","76 25:15.755","4","0","0","0","36230","0","0","0","N","0","0","0","4","36410","1","","1","08","N","N","0","","0","0","0","3","3","N","1759","1","2","0","0","0","0","0","1","0","2","N","","","","","","","","","","","","07","  ","","",""
"1958","2","0","0","0","0","0","0","0","0","4","0","","36","12","2019","2019123793","2","40.0418","-76.3224","1949","08","0","0","0","0","0","1","0","0","","0","0","0","19","3","0","01","1","40 02:30.638","2","00","76 19:20.776","0","0","0","0","36301","0","0","0","N","0","0","0","3","36301","0","","1","09","N","N","0","","0","0","0","3","2","Y","1949","0","2","0","0","0","0","0","3","0","2","N","","","","","","","","","","","2047","07","  ","","",""
"1731","1","0","0","0","0","0","0","0","0","1","0","","36","12","2019","2019123845","2","40.0389","-76.4553","1721","08","1","0","0","0","0","0","0","0","","0","0","0","17","4","0","00","2","40 02:20.098","2","03","76 27:19.012","0","0","0","0","36239","0","0","0","N","0","0","0","7","36239","0","","1","01","","","0","","0","0","2","0","0","N","1721","0","3","0","0","0","0","0","3","0","3","N","","","","","","","","","","","1820","04","98","","",""
"1058","1","0","0","0","0","0","0","0","0","1","0","","36","11","2019","2019124116","1","40.0844","-76.2711","1055","08","0","0","0","0","0","0","0","1","","0","0","0","10","1","1","01","0","40 05:03.688","","00","76 16:16.120","3","0","0","0","36101","0","0","0","N","0","0","0","3","36101","0","","1","06","N","N","0","","1","0","1","3","3","","1053","1","2","0","0","0","0","0","3","0","2","N","","","","","","","","","","","","10","  ","","",""
"1346","0","0","0","0","0","0","0","0","0","8","0","","36","12","2019","2019124117","2","40.1007","-76.3542","1345","08","0","0","0","0","0","0","1","0","","0","0","0","13","1","1","00","0","40 06:02.451","","00","76 21:15.047","8","0","0","0","36406","1","0","0","N","1","0","0","2","36101","0","","1","01","N","N","0","","0","0","1","0","0","","1343","1","2","0","0","0","1","0","3","0","1","N","","","","","","","","","","","","03","  ","","",""
"1725","1","0","0","0","0","0","0","0","0","4","0","","36","12","2019","2019124118","2","40.068","-76.3159","1718","08","0","0","0","0","0","1","1","0","2","0","0","0","17","3","0","01","1","40 04:04.711","1","00","76 18:57.625","0","0","0","0","36101","0","0","0","N","0","0","0","3","36101","0","","1","01","N","N","0","","0","0","1","3","2","N","1705","0","2","0","0","0","0","0","3","0","2","N","","","","","","","","","","","","03","  ","","",""
"1242","2","0","0","0","0","0","0","0","0","4","0","","36","11","2019","2019124119","4","40.0577","-76.3544","1240","08","0","0","0","0","0","1","1","0","","0","0","0","12","1","0","01","0","40 03:27.716","","00","76 21:15.753","0","0","0","0","36214","0","0","0","N","0","0","0","2","36214","0","","1","01","N","N","0","","0","0","0","3","3","","1235","0","2","0","0","0","0","0","3","0","2","N","","","","","","","","","","","","03","  ","","",""
"1753","1","0","0","0","0","0","0","0","0","4","0","","36","12","2019","2019124120","2","40.1041","-76.0845","1750","08","0","0","0","0","0","1","0","1","2","0","0","0","17","3","0","02","1","40 06:14.710","4","00","76 05:04.321","0","0","0","0","36415","0","0","0","N","0","0","0","2","36415","0","","1","01","N","N","0","","0","0","0","3","2","N","1750","0","2","0","0","0","0","0","1","1","2","N","","","","","","","","","","","","03","  ","","",""
"1724","0","0","0","0","0","0","0","0","0","1","0","","36","11","2019","2019124121","3","40.1426","-76.2948","1715","08","0","0","0","0","0","0","0","0","","0","0","","17","2","0","00","0","40 08:33.410","","00","76 17:41.440","9","0","0","0","36235","0","0","0","N","0","0","0","2","36506","0","","1","01","N","N","0","","0","0","0","0","0","","1711","0","2","0","0","0","0","0","1","0","0","N","","","","","","","","","","","","03","  ","","",""
"1034","1","0","0","0","0","0","0","0","0","7","0","","36","11","2019","2019124309","1","40.0656","-76.448","1026","08","0","0","0","0","0","0","0","0","","0","0","0","10","1","1","00","2","40 03:56.042","6","00","76 26:52.853","3","0","0","0","36239","0","0","0","N","0","0","0","2","36239","0","","4","09","N","N","0","","1","0","0","0","0","Y","1026","1","1","0","0","1","0","0","3","0","1","N","","","","","","","","","","","1100","02","  ","","",""
"1724","0","0","0","0","0","0","1","0","0","1","1","","36","11","2019","2019124318","3","40.0412","-76.2896","1717","08","0","0","0","0","0","1","0","0","","0","0","0","17","3","1","02","0","40 02:28.418","","00","76 17:22.609","3","0","0","0","36301","0","0","0","N","0","0","0","5","36301","0","","1","01","N","N","0","","1","0","0","3","3","","1710","1","2","0","0","1","0","0","3","1","2","N","","","","","","","","","","","","03","  ","","",""
"1043","1","0","0","0","0","0","0","0","0","7","0","","36","09","2019","2019124531","5","40.0724","-76.5795","1040","08","0","0","0","0","0","0","0","0","","0","0","0","10","1","0","00","2","40 04:20.806","5","00","76 34:46.174","9","0","0","0","36211","0","0","0","N","0","0","0","2","36504","0","","4","01","N","","0","","0","0","1","0","0","Y","1039","0","2","0","0","0","0","1","1","0","2","N","","","","","","","","","","","1428","03","  ","","",""
"0414","1","0","0","0","0","0","0","0","0","7","0","","36","12","2019","2019124562","1","40.1659","-76.1704","0406","08","0","0","0","0","0","0","0","0","","0","0","0","04","2","0","00","2","40 09:57.076","5","00","76 10:13.354","0","0","0","0","36408","0","0","0","N","0","0","0","1","36408","0","","2","01","N","N","0","","0","0","0","0","0","Y","0406","0","1","0","0","0","0","0","2","0","1","N","","","","","","","","","","","1000","03","  ","","",""
"1922","1","0","0","0","0","0","0","0","0","4","0","","36","12","2019","2019124597","3","40.0352","-76.3355","1917","08","0","0","0","0","0","0","0","0","","0","0","0","19","2","0","01","0","40 02:06.795","","00","76 20:07.713","0","0","0","0","36220","0","0","0","N","0","0","0","3","36101","0","","1","01","N","N","0","","0","0","1","3","3","","1915","0","2","0","0","0","0","0","3","0","2","N","","","","","","","","","","","","03","  ","","",""
"0558","0","0","0","0","0","0","0","0","0","7","0","","36","12","2019","2019124598","4","40.0537","-76.3066","0546","08","0","0","0","0","0","0","0","0","1","0","0","0","05","2","0","00","2","40 03:13.368","3","00","76 18:23.602","0","0","0","0","36101","0","0","0","N","0","0","0","1","36101","0","","5","09","N","N","0","","0","0","1","0","0","N","0544","0","1","0","0","0","0","0","3","0","1","N","","","","","","","","","","","","03","  ","","",""
"0713","1","0","0","0","0","0","0","0","0","1","1","","36","11","2019","2019124599","4","40.0812","-76.2385","0707","08","0","0","0","0","0","0","0","1","","0","1","0","07","1","1","00","0","40 04:52.482","","00","76 14:18.579","3","0","0","0","36234","0","0","0","N","0","0","0","2","36215","0","","1","01","N","N","0","","1","0","0","0","0","","0704","1","2","0","0","1","0","0","1","0","2","N","","","","","","","","","","","","03","  ","","",""
"0800","1","0","0","0","0","0","0","0","0","3","0","","36","11","2019","2019124600","7","40.0383","-76.2645","0757","08","0","0","0","0","0","0","0","0","","0","0","0","07","1","0","02","0","40 02:17.858","","00","76 15:52.246","0","0","0","0","36215","0","0","0","N","0","0","0","2","36215","0","","1","01","N","N","0","","0","0","0","0","0","","0753","0","2","0","0","0","0","0","1","1","2","N","","","","","","","","","","","","03","  ","","",""
"0919","0","0","0","0","0","0","0","0","0","4","0","","36","11","2019","2019124601","7","40.029","-76.2355","0910","08","0","0","0","0","0","0","0","1","2","0","0","","09","1","0","00","1","40 01:44.332","6","07","76 14:07.854","0","0","0","0","36215","0","0","0","N","0","0","0","3","36215","0","","1","01","N","N","0","","0","0","0","0","0","N","0903","0","2","0","0","0","0","0","1","0","0","N","","","","","","","","","","","","03","  ","","",""
"1109","1","0","0","0","0","0","0","0","0","1","0","","36","11","2019","2019124602","1","40.0755","-76.2057","1108","08","0","0","1","0","0","0","0","0","2","0","0","0","10","1","2","00","2","40 04:31.932","2","00","76 12:20.425","4","0","0","0","36234","0","0","0","N","0","0","0","6","36215","2","","1","06","N","N","0","","0","0","1","0","0","N","1048","2","2","0","0","0","0","0","1","0","2","N","","","","","","","","","","","","10","  ","","",""
"1512","0","0","0","0","0","0","0","0","0","7","0","","36","11","2019","2019124603","3","40.0377","-76.2713","1509","08","0","0","0","0","0","1","0","0","","0","0","0","15","1","1","00","0","40 02:15.830","","00","76 16:16.726","3","0","0","0","36215","0","0","0","N","0","0","0","1","36215","0","","5","01","N","N","0","","1","0","1","0","0","","1507","1","1","0","0","0","0","0","1","0","1","N","","","","","","","","","","","","03","  ","","",""
"1433","2","0","0","0","0","0","0","0","0","4","0","","36","11","2019","2019124604","6","40.0332","-76.2462","1428","08","0","0","0","1","0","0","0","0","","0","0","0","14","1","0","02","0","40 01:59.920","","00","76 14:46.284","0","0","0","0","36215","0","0","0","N","0","0","0","3","36215","0","","1","01","N","N","0","","0","0","0","3","3","","1427","0","2","0","0","0","0","0","1","0","2","N","","","","","","","","","","","","03","  ","","",""
"1516","1","0","0","0","0","0","0","0","0","2","0","","36","11","2019","2019124605","6","40.0332","-76.2462","1516","08","0","0","0","1","0","0","0","0","2","0","0","0","15","1","1","02","2","40 01:59.689","4","00","76 14:46.257","3","0","0","0","36215","0","0","0","N","0","0","0","2","36215","0","","1","01","N","N","0","","1","0","1","0","0","N","1516","1","2","0","0","0","0","0","1","0","2","N","","","","","","","","","","","","03","  ","","",""
"0723","1","0","0","0","0","0","0","0","0","7","0","","36","12","2019","2019124606","1","40.0403","-76.245","0717","08","0","0","0","0","0","0","0","0","2","0","0","0","07","1","0","00","1","40 02:25.226","3","00","76 14:41.850","0","0","0","0","36215","0","0","0","N","0","0","0","1","36215","0","","4","09","N","N","0","","0","0","0","0","0","N","0717","0","1","0","0","0","0","0","1","0","1","N","","","","","","","","","","","","03","  ","","",""
"1706","0","0","0","0","0","0","0","0","0","1","0","","36","12","2019","2019124608","2","40.0816","-76.2358","1703","08","0","0","0","0","0","2","0","0","2","0","0","0","17","4","0","00","1","40 04:53.693","3","00","76 14:09.055","0","0","0","0","36234","0","0","0","N","0","0","0","3","36215","0","","1","01","N","N","2","","0","0","0","3","2","Y","1703","0","3","0","0","0","0","0","1","1","3","N","","","","","","","","","","","","03","  ","","",""
"1116","3","0","0","0","0","0","0","0","0","4","0","","36","12","2019","2019124651","4","40.1318","-76.2176","1113","08","0","0","0","0","1","0","0","1","","0","0","0","11","1","0","00","2","40 07:54.388","3","07","76 13:03.220","0","0","0","0","36238","0","0","0","N","0","0","0","4","36238","0","","1","01","N","N","0","","0","0","0","0","0","Y","1113","0","3","0","0","0","0","0","3","0","3","N","","","","","","","","","","","1144","03","  ","","",""
"1730","2","0","0","0","0","0","0","0","0","1","0","","36","12","2019","2019124729","4","40.1669","-76.1997","1725","08","0","0","0","0","0","0","0","0","","0","0","0","17","3","0","00","0","40 10:00.778","","00","76 11:59.006","0","0","0","0","36408","0","0","0","N","0","0","0","2","36408","0","","1","09","N","N","0","","0","0","0","0","0","","1722","0","2","0","0","0","0","0","2","0","2","N","","","","","","","","","","","","07","  ","","",""
"1620","0","0","0","0","0","0","0","0","0","4","0","","36","11","2019","2019124749","6","40.1631","-76.1508","1617","08","0","0","0","0","0","0","0","0","","0","0","","16","4","0","02","0","40 09:47.213","","02","76 09:02.972","9","0","0","0","36218","0","0","0","N","0","0","0","5","36408","0","","1","01","","","0","","0","0","0","0","0","N","1612","0","2","0","0","0","0","0","1","0","0","N","","","","","","","","","","","","03","03","","",""
"1707","2","0","0","0","0","0","0","0","0","1","0","","36","12","2019","2019124753","4","40.1532","-76.6015","1705","08","0","0","0","0","0","1","0","0","","0","0","0","17","3","1","01","2","40 09:11.695","1","00","76 36:05.317","3","0","0","0","36407","0","0","0","N","0","0","0","2","36407","0","","1","09","N","N","0","","1","0","0","3","2","Y","1703","1","2","0","0","0","0","0","2","0","2","N","","","","","","","","","","","1743","07","  ","","",""
"1654","2","0","0","0","0","0","0","0","0","4","0","","36","12","2019","2019124797","4","39.9751","-76.2473","1644","08","0","0","0","0","0","1","0","1","","0","0","0","16","2","0","01","0","39 58:30.378","","00","76 14:50.447","0","0","0","0","36240","0","0","0","N","0","0","0","3","36240","0","","1","09","N","N","0","","0","0","0","3","2","","1644","0","2","0","0","0","0","0","1","0","2","N","","","","","","","","","","","","07","  ","","",""
"0758","2","0","0","0","0","0","0","0","0","2","0","","36","12","2019","2019124816","5","40.1655","-76.1596","0822","08","0","0","0","0","0","1","0","0","1","0","0","0","07","1","0","02","1","40 09:55.667","3","00","76 09:34.569","0","0","0","0","36218","0","0","0","N","0","0","0","2","36408","0","","1","01","N","N","0","","0","0","0","0","0","N","0754","0","2","0","0","2","0","0","1","0","2","N","","","","","","","","","","","","03","  ","","",""
"0041","0","0","0","0","0","0","0","0","0","7","0","","36","10","2019","2019124854","4","40.158","-76.0546","0007","08","0","0","0","0","0","0","0","0","","0","0","0","00","3","0","02","0","40 09:28.816","","00","76 03:16.416","9","0","0","0","36418","0","0","0","Y","0","0","0","1","68J01","0","","4","01","N","N","1","","0","0","0","3","3","","0001","0","1","0","0","0","0","1","1","0","1","N","","","","","","","","","","","","03","  ","","",""
"0541","0","0","0","0","0","0","0","0","0","4","1","","36","10","2019","2019124856","5","40.1298","-76.2166","0532","08","0","0","0","0","0","0","0","0","1","0","1","0","05","2","0","01","2","40 07:47.418","1","00","76 12:59.627","0","0","0","0","36238","0","0","0","N","0","0","0","2","68J01","0","","1","09","N","N","1","","0","0","0","3","2","N","0526","0","2","0","0","0","0","0","3","0","2","N","","","","","","","","","","","","07","  ","","",""
"0752","1","0","0","0","0","0","0","0","0","1","0","","36","11","2019","2019124862","5","39.9241","-76.2499","0733","08","0","1","0","0","0","0","1","0","","0","0","0","07","1","1","00","0","39 55:26.850","","00","76 14:59.724","3","0","0","0","36229","0","0","0","N","0","0","0","3","68J01","0","","1","01","N","N","0","","1","0","1","0","0","","0723","1","2","0","0","0","0","0","1","0","2","N","","","","","","","","","","","","03","  ","","",""
"1115","2","0","0","0","0","0","0","0","0","1","0","","36","11","2019","2019124864","1","40.0096","-76.1878","1115","08","0","0","0","0","1","0","0","0","","0","0","0","11","1","0","00","0","40 00:34.729","","00","76 11:16.041","0","0","0","0","36215","0","0","0","N","0","0","0","2","68J01","0","","1","01","N","N","0","","0","0","0","0","0","","1114","0","2","0","0","0","0","0","1","0","2","N","","","","","","","","","","","","03","  ","","",""
"1714","2","0","0","0","0","0","0","0","0","2","0","","36","12","2019","2019125019","4","40.0515","-76.3039","1709","08","0","0","0","0","0","0","0","0","","0","0","0","17","3","2","01","2","40 03:05.223","1","00","76 18:13.881","3","0","0","0","36301","0","0","0","N","0","0","0","6","36301","1","","1","09","N","N","0","","1","0","0","3","2","Y","1708","2","2","0","0","0","0","0","3","0","2","N","","","","","","","","","","","1814","07","  ","","",""
"1540","2","0","0","0","0","0","0","0","0","1","0","","36","11","2019","2019125046","6","40.0629","-76.3404","1533","08","0","0","0","0","0","0","0","0","2","0","0","0","15","1","0","00","1","40 03:46.677","3","00","76 20:23.856","0","0","0","0","36101","0","0","0","N","0","0","0","7","36101","0","","1","01","N","N","0","","0","0","0","0","0","N","1531","0","2","0","0","0","0","0","3","0","2","N","","","","","","","","","","","","03","  ","","",""
"2206","1","0","0","0","0","0","0","0","0","5","0","","36","11","2019","2019125047","7","40.0167","-76.3177","2201","08","0","0","0","0","0","0","0","0","3","0","0","0","21","3","0","00","1","40 01:00.260","1","00","76 19:03.750","0","0","0","0","36220","0","0","0","N","0","0","0","1","36101","0","","2","09","N","N","0","","0","0","3","0","0","N","2156","0","4","0","0","0","0","0","3","0","4","N","","","","","","","","","","","","03","  ","","",""
"1502","1","0","0","0","0","0","0","0","0","1","0","","36","12","2019","2019125048","1","40.0758","-76.337","1451","08","0","0","0","1","0","0","0","0","2","0","0","0","14","1","0","00","1","40 04:32.970","1","00","76 20:13.070","0","0","0","0","36101","0","0","0","N","0","0","0","7","36101","0","","1","09","N","N","0","","0","0","1","0","0","N","1447","0","3","0","0","0","0","0","3","1","3","N","","","","","","","","","","","","07","  ","","",""
"1216","1","0","0","0","0","0","0","0","0","1","0","","36","12","2019","2019125049","4","40.0768","-76.3375","1210","08","0","0","0","0","0","0","0","0","2","0","0","0","12","1","1","02","2","40 04:36.108","2","02","76 20:15.197","3","0","0","0","36101","0","0","0","N","0","0","0","3","36101","0","","1","01","N","N","1","","1","0","1","3","2","N","1208","1","3","0","0","0","0","0","3","0","3","N","","","","","","","","","","","","03","  ","","",""
"1522","1","0","0","0","0","0","0","0","0","4","0","","36","10","2019","2019125050","4","40.0315","-76.2382","1516","08","0","0","0","0","0","1","1","0","","0","0","0","15","1","0","02","0","40 01:50.356","","00","76 14:03.582","0","0","0","0","36215","0","0","0","N","0","0","0","2","36215","0","","1","01","N","N","0","","0","0","1","3","2","","1512","0","2","0","0","0","0","0","1","0","2","N","","","","","","","","","","","","03","  ","","",""
"1954","0","0","0","0","0","0","0","0","0","4","0","","36","11","2019","2019125051","6","40.1451","-76.294","1952","08","0","0","0","1","0","0","0","0","2","0","0","","19","3","2","02","1","40 08:42.306","5","00","76 17:38.349","3","0","0","0","36409","0","0","0","N","0","0","0","3","36409","0","","1","01","N","N","0","","1","0","0","0","0","N","1951","2","2","0","0","1","1","1","3","0","0","N","","","","","","","","","","","","03","  ","","",""
"0615","1","0","0","0","0","0","0","0","0","7","0","","36","12","2019","2019125092","5","40.0569","-76.2796","0610","08","0","0","0","0","0","0","0","0","","0","0","0","06","2","0","00","2","40 03:24.800","5","00","76 16:46.400","0","0","0","0","36301","0","0","0","N","0","0","0","1","36301","0","","5","09","N","N","0","","0","0","0","0","0","Y","0609","0","1","0","0","0","0","0","3","0","1","N","","","","","","","","","","","0710","03","  ","","",""
"1040","0","0","0","0","0","0","0","0","0","7","0","","36","11","2019","2019125125","3","39.9179","-76.0388","0952","08","0","0","0","0","0","0","0","0","3","0","0","0","09","1","1","00","2","39 55:04.456","5","00","76 02:19.703","3","0","0","0","36231","0","0","0","N","0","0","0","1","68J01","0","","4","01","N","N","0","","1","0","1","0","0","Y","0949","1","1","0","0","1","0","0","1","0","1","N","","","","","","","","","","","","03","  ","","",""
"2153","0","0","0","0","0","0","0","0","0","7","0","","36","11","2019","2019125133","4","39.851","-76.2184","2145","08","0","0","0","0","0","0","0","0","","0","0","0","21","3","0","00","2","39 51:03.717","6","00","76 13:06.407","0","0","0","0","36212","0","0","0","N","0","0","0","1","68J01","0","","4","01","N","N","1","","0","0","0","0","0","Y","2100","0","1","0","0","0","0","0","1","0","1","N","","","","","","","","","","","2300","03","  ","","",""
"0024","1","0","0","0","0","0","0","0","0","7","0","","36","12","2019","2019125181","5","40.0399","-76.3039","0023","08","0","0","0","0","0","0","0","0","","0","0","0","00","3","1","00","1","40 02:23.500","2","00","76 18:14.100","4","0","0","0","36301","0","0","0","N","0","0","0","1","36301","1","","1","09","N","N","0","","0","0","0","0","0","N","0020","1","1","0","0","0","0","0","3","0","1","N","","","","","","","","","","","0102","03","  ","","",""