"ARRIVAL_TM","AUTOMOBILE_COUNT","BELTED_DEATH_COUNT","BELTED_SUSP_SERIOUS_INJ_COUNT","BICYCLE_COUNT","BICYCLE_DEATH_COUNT","BICYCLE_SUSP_SERIOUS_INJ_COUNT","BUS_COUNT","CHLDPAS_DEATH_COUNT","CHLDPAS_SUSP_SERIOUS_INJ_COUNT","COLLISION_TYPE","COMM_VEH_COUNT","CONS_ZONE_SPD_LIM","COUNTY","CRASH_MONTH","CRASH_YEAR","CRN","DAY_OF_WEEK","DEC_LAT","DEC_LONG","DISPATCH_TM","DISTRICT","DRIVER_COUNT_16YR","DRIVER_COUNT_17YR","DRIVER_COUNT_18YR","DRIVER_COUNT_19YR","DRIVER_COUNT_20YR","DRIVER_COUNT_50_64YR","DRIVER_COUNT_65_74YR","DRIVER_COUNT_75PLUS","EST_HRS_CLOSED","FATAL_COUNT","HEAVY_TRUCK_COUNT","HORSE_BUGGY_COUNT","HOUR_OF_DAY","ILLUMINATION","INJURY_COUNT","INTERSECT_TYPE","LANE_CLOSED","LATITUDE","LN_CLOSE_DIR","LOCATION_TYPE","LONGITUDE","MAX_SEVERITY_LEVEL","MCYCLE_DEATH_COUNT","MCYCLE_SUSP_SERIOUS_INJ_COUNT","MOTORCYCLE_COUNT","MUNICIPALITY","NONMOTR_COUNT","NONMOTR_DEATH_COUNT","NONMOTR_SUSP_SERIOUS_INJ_COUNT","NTFY_HIWY_MAINT","PED_COUNT","PED_DEATH_COUNT","PED_SUSP_SERIOUS_INJ_COUNT","PERSON_COUNT","POLICE_AGCY","POSSIBLE_INJ_COUNT","RDWY_SURF_TYPE_CD","RELATION_TO_ROAD","ROAD_CONDITION","SCH_BUS_IND","SCH_ZONE_IND","SMALL_TRUCK_COUNT","SPEC_JURIS_CD","SUSP_MINOR_INJ_COUNT","SUSP_SERIOUS_INJ_COUNT","SUV_COUNT","TCD_FUNC_CD","TCD_TYPE","TFC_DETOUR_IND","TIME_OF_DAY","TOT_INJ_COUNT","TOTAL_UNITS","UNB_DEATH_COUNT","UNB_SUSP_SERIOUS_INJ_COUNT","UNBELTED_OCC_COUNT","UNK_INJ_DEG_COUNT","UNK_INJ_PER_COUNT","URBAN_RURAL","VAN_COUNT","VEHICLE_COUNT","WORK_ZONE_IND","WORK_ZONE_LOC","WORK_ZONE_TYPE","WORKERS_PRES","WZ_CLOSE_DETOUR","WZ_FLAGGER","WZ_LAW_OFFCR_IND","WZ_LN_CLOSURE","WZ_MOVING","WZ_OTHER","WZ_SHLDER_MDN","ROADWAY_CLEARED","WEATHER1","WEATHER2","WZ_WORKERS_INJ_KILLED","SECONDARY_CRASH","INTERSECTION_RELATED"
"0720","1","0","0","0","0","0","0","0","0","4","0","","36","12","2019","2019125269","6","40.0524","-76.3064","0715","08","0","0","0","0","0","1","0","1","","0","0","0","07","1","1","01","1","40 03:08.585","2","00","76 18:22.989","8","0","0","0","36301","0","0","0","N","0","0","0","3","36301","0","","1","01","N","N","1","","0","0","1","3","2","N","0715","1","3","0","0","0","1","0","3","0","3","N","","","","","","","","","","","0822","03","03","","",""
"1515","0","0","0","0","0","0","0","0","0","4","0","","36","12","2019","2019125305","3","40.0452","-76.3139","1508","08","0","0","0","0","0","0","1","1","","0","0","0","14","1","0","01","1","40 02:42.759","2","00","76 18:50.122","0","0","0","0","36301","0","0","0","N","0","0","0","2","36301","0","","1","01","N","N","0","","0","0","1","3","3","N","1413","0","2","0","0","0","0","0","3","1","2","N","","","","","","","","","","","1556","03","03","","",""
"1943","0","0","0","0","0","0","0","0","0","4","0","","36","12","2019","2019125449","1","40.0702","-76.3151","1935","08","0","0","0","0","0","0","0","0","2","0","0","0","19","3","1","00","1","40 04:12.565","4","00","76 18:54.237","4","0","0","0","36101","0","0","0","N","0","0","0","8","36101","1","","1","02","N","N","0","","0","0","2","0","0","N","1933","1","2","0","0","0","0","0","3","0","2","N","","","","","","","","","","","","07","  ","","",""
"0736","1","0","0","0","0","0","0","0","0","7","0","","36","12","2019","2019125450","5","40.0084","-76.3035","0726","08","0","0","0","0","0","0","0","0","","0","0","0","07","5","0","00","0","40 00:30.307","","00","76 18:12.527","0","0","0","0","36220","0","0","0","N","0","0","0","2","36101","0","","5","09","N","N","0","","0","0","0","0","0","","0723","0","1","0","0","0","0","0","3","0","1","N","","","","","","","","","","","","03","  ","","",""
"1254","1","0","0","0","0","0","0","0","0","4","0","","36","12","2019","2019125451","5","40.0561","-76.2988","1251","08","0","0","0","0","0","1","0","0","2","0","0","0","12","1","0","01","1","40 03:21.855","1","00","76 17:55.661","0","0","0","0","36101","0","0","0","N","0","0","0","2","36101","0","","1","01","N","N","0","","0","0","1","3","3","N","1249","0","2","0","0","0","0","0","3","0","2","N","","","","","","","","","","","","03","  ","","",""
"1714","1","0","0","0","0","0","0","0","0","1","0","","36","12","2019","2019125452","5","40.0694","-76.3094","1655","08","0","0","0","1","0","1","0","0","","0","0","0","16","3","0","00","0","40 04:09.755","","00","76 18:33.965","0","0","0","0","36101","0","0","0","N","0","0","0","3","36101","0","","1","01","N","N","1","","0","0","0","0","0","","1650","0","2","0","0","2","0","0","3","0","2","N","","","","","","","","","","","","03","  ","","",""
"2353","1","0","0","0","0","0","0","0","0","7","0","","36","12","2019","2019125454","4","40.0619","-76.3839","2353","08","0","0","0","0","1","0","0","0","","0","0","0","23","2","0","00","0","40 03:42.720","","00","76 23:01.980","0","0","0","0","36214","0","0","0","N","0","0","0","1","36214","0","","5","09","N","N","0","","0","0","0","0","0","","2350","0","1","0","0","0","0","0","3","0","1","N","","","","","","","","","","","","03","  ","","",""
"1708","0","0","0","0","0","0","0","0","0","8","0","","36","11","2019","2019125455","4","40.143","-76.3044","1702","08","0","0","0","0","0","0","0","0","","0","0","","16","3","1","00","0","40 08:34.900","","07","76 18:15.700","9","0","0","0","36409","0","0","0","N","0","0","0","2","36409","0","","5","01","N","N","0","","0","0","0","0","0","","1659","0","2","0","0","0","0","0","3","0","0","N","","","","","","","","","","","","03","  ","","",""
"1146","1","0","0","0","0","0","0","0","0","4","1","","36","11","2019","2019125513","4","39.9391","-76.256","1140","08","0","0","0","0","0","1","0","1","3","1","1","0","11","1","0","01","2","39 56:20.761","7","00","76 15:21.439","1","0","0","0","36229","0","0","0","N","0","0","0","2","68J01","0","2","1","01","N","N","0","0","0","0","0","3","3","Y","1138","0","2","1","0","1","0","0","1","0","2","N","","","","","","","","","","","","03","  ","","",""
"1737","0","0","0","0","0","0","0","0","0","98","0","","36","11","2019","2019125529","7","39.935","-76.2542","1729","08","0","0","0","0","0","0","0","1","","0","0","0","17","2","0","00","0","39 56:05.889","","00","76 15:15.141","0","0","0","0","36229","0","0","0","N","0","0","0","1","68J01","0","","1","01","N","N","0","","0","0","1","0","0","","1726","0","1","0","0","0","0","0","1","0","1","N","","","","","","","","","","","","03","  ","","",""
"1759","0","0","0","0","0","0","0","0","0","5","0","","36","11","2019","2019125530","7","39.9275","-76.1977","1746","08","0","0","0","0","0","0","0","0","","0","0","","17","2","0","02","0","39 55:38.852","","00","76 11:51.823","9","0","0","0","36233","0","0","0","N","0","0","0","2","68J01","0","","1","01","N","N","0","","0","0","0","0","0","","1735","0","2","0","0","0","0","0","1","0","0","N","","","","","","","","","","","","03","03","","",""
"1137","1","0","0","0","0","0","0","0","0","7","0","","36","12","2019","2019125532","1","39.9446","-76.1307","1114","08","0","0","0","0","0","0","0","0","","0","0","0","11","1","0","00","0","39 56:40.630","","00","76 07:50.400","0","0","0","0","36216","0","0","0","N","0","0","0","1","68J01","0","","4","09","N","N","0","","0","0","0","0","0","","1111","0","1","0","0","0","0","0","1","0","1","N","","","","","","","","","","","","06","  ","","",""
"0701","0","0","0","0","0","0","0","0","0","7","0","","36","12","2019","2019125538","4","40.1717","-75.9416","0616","08","0","0","0","0","1","0","0","0","","0","0","0","05","2","0","00","0","40 10:18.100","","00","75 56:29.800","0","0","0","0","36203","0","0","0","Y","0","0","0","1","68J01","0","","4","09","N","N","1","","0","0","0","0","0","","0556","0","1","0","0","1","0","0","1","0","1","N","","","","","","","","","","","","04","  ","","",""
"0634","0","0","0","0","0","0","0","0","0","7","0","","36","12","2019","2019125544","5","40.0527","-75.9908","0605","08","0","1","0","0","0","0","0","0","","0","0","0","05","2","0","00","0","40 03:09.710","","00","75 59:26.750","0","0","0","0","36232","0","0","0","N","0","0","0","1","68J01","0","","5","02","N","N","0","","0","0","1","0","0","","0558","0","1","0","0","0","0","0","1","0","1","N","","","","","","","","","","","","03","03","","",""
"0233","1","0","0","0","0","0","0","0","0","1","0","","36","11","2019","2019125552","1","40.0556","-76.5715","0231","08","0","0","0","0","0","0","0","0","","0","0","0","02","3","0","00","2","40 03:20.148","6","00","76 34:17.246","0","0","0","0","36411","0","0","0","N","0","0","0","1","36504","0","","2","01","N","N","0","","0","0","1","0","0","Y","0205","0","2","0","0","0","0","0","1","0","2","N","","","","","","","","","","","0330","03","03","","",""
"2043","0","0","0","0","0","0","0","0","0","0","0","","36","09","2019","2019125555","3","40.0941","-76.6599","2040","08","0","0","0","0","0","0","0","0","","0","0","0","20","3","1","03","2","40 05:38.725","5","00","76 39:35.690","4","0","0","1","36207","0","0","0","N","0","0","0","1","36504","1","","1","03","N","N","0","","0","0","0","0","0","Y","2035","1","1","0","0","0","0","0","1","0","1","N","","","","","","","","","","","2100","03","03","","",""
"2359","1","0","0","0","0","0","0","0","0","7","0","","36","12","2019","2019125579","5","40.1892","-76.5744","2358","08","0","0","0","0","0","0","0","0","","0","0","0","23","2","0","00","1","40 11:21.100","3","00","76 34:27.700","0","0","0","0","36225","0","0","0","N","0","0","0","1","36505","0","","5","01","N","N","0","","0","0","0","0","0","N","2350","0","1","0","0","0","0","0","2","0","1","N","","","","","","","","","","","0045","03","03","","",""
"2224","3","0","0","0","0","0","0","0","0","4","0","","36","12","2019","2019125592","3","40.0424","-76.2938","2224","08","0","0","0","0","0","1","0","0","","0","0","0","22","3","0","01","2","40 02:32.780","2","00","76 17:37.618","0","0","0","0","36301","0","0","0","N","0","0","0","2","36301","0","","1","01","N","N","0","","0","0","1","3","3","Y","2224","0","4","0","0","0","0","0","3","0","4","N","","","","","","","","","","","2316","03","03","","",""
"1734","3","0","0","0","0","0","0","0","0","1","0","","36","12","2019","2019125612","6","40.158","-76.6124","1731","08","0","1","0","0","0","0","0","0","","0","0","0","17","3","1","00","2","40 09:28.768","5","00","76 36:44.569","3","0","0","0","36407","0","0","0","N","0","0","0","4","36407","0","","1","01","N","N","0","","1","0","0","0","0","Y","1731","1","3","0","0","0","0","1","2","0","3","N","","","","","","","","","","","1750","03","  ","","",""
"2326","0","0","0","0","0","0","0","0","0","5","0","","36","10","2019","2019125613","4","39.9818","-76.1903","2321","08","0","0","0","0","0","0","0","0","2","0","0","","23","3","0","00","2","39 58:54.566","6","00","76 11:25.194","0","0","0","0","36417","0","0","0","N","0","0","0","1","36417","0","","4","01","N","N","0","","0","0","0","0","0","Y","2320","0","2","0","0","0","0","0","1","0","0","N","","","","","","","","","","","","03","  ","","",""
"1132","0","0","0","0","0","0","0","0","0","7","0","","36","11","2019","2019125655","1","39.9052","-76.1465","1107","08","0","0","0","0","0","0","0","0","","0","0","0","10","1","0","00","1","39 54:18.710","2","00","76 08:47.410","0","0","0","0","36416","0","0","0","N","0","0","0","2","68J01","0","","4","07","N","N","1","","0","0","0","0","0","N","1025","0","1","0","0","0","0","0","1","0","1","N","","","","","","","","","","","1025","10","04","","",""
"0806","2","0","0","0","0","0","0","0","0","1","0","","36","12","2019","2019125691","2","40.1791","-76.1778","0805","08","0","0","0","0","0","0","0","1","","0","0","0","08","1","0","00","0","40 10:44.616","","07","76 10:40.082","0","0","0","0","36408","0","0","0","N","0","0","0","1","36408","0","","6","01","N","N","0","","0","0","0","0","0","","0805","0","2","0","0","0","0","0","2","0","2","N","","","","","","","","","","","","03","03","","",""
"2231","2","0","0","0","0","0","0","0","0","4","0","","36","12","2019","2019125708","6","40.0336","-76.3111","2231","08","0","0","0","0","0","0","0","0","","0","0","0","22","2","0","01","1","40 02:00.920","1","00","76 18:39.974","0","0","0","0","36301","0","0","0","N","0","0","0","4","36301","0","","1","01","N","N","0","","0","0","0","1","3","Y","2229","0","2","0","0","0","0","0","3","0","2","N","","","","","","","","","","","2318","03","03","","",""
"0007","0","0","0","0","0","0","0","0","0","1","2","","36","12","2019","2019125721","3","40.069","-76.3069","0002","08","0","0","0","0","0","1","0","0","3","0","2","0","00","3","1","00","1","40 04:08.478","4","00","76 18:24.699","3","0","0","0","36101","0","0","0","N","0","0","0","2","36101","0","","4","09","N","N","0","","1","0","0","0","0","N","0001","1","2","0","0","0","0","0","3","0","2","N","","","","","","","","","","","","10","  ","","",""
"0455","0","0","0","0","0","0","0","0","0","1","0","","36","12","2019","2019125742","7","40.0388","-76.4741","0446","08","0","0","0","0","0","0","0","0","","0","0","0","04","2","0","00","0","40 02:19.546","","00","76 28:26.633","0","0","0","0","36239","0","0","0","N","0","0","0","3","36239","0","","1","01","N","N","1","","0","0","0","0","0","N","0446","0","2","0","0","0","0","0","3","1","2","N","","","","","","","","","","","","03","03","","",""
"0240","0","0","0","0","0","0","0","0","0","8","0","","36","12","2019","2019125821","7","40.1735","-76.1759","0139","08","0","0","1","0","0","0","0","0","","0","0","0","99","2","1","00","0","40 10:24.600","","00","76 10:33.300","8","0","0","0","36408","1","0","0","N","1","0","0","2","36408","0","","1","01","N","N","0","","0","0","1","0","0","","9999","1","2","0","0","0","1","0","2","0","1","N","","","","","","","","","","","","03","  ","","",""
"1716","1","0","0","0","0","0","0","0","0","1","0","","36","12","2019","2019125881","7","40.0317","-76.4769","1708","08","0","0","0","0","0","1","0","0","","0","0","0","17","3","0","00","1","40 01:54.276","3","00","76 28:36.902","0","0","0","0","36239","0","0","0","N","0","0","0","4","36239","0","","1","01","N","N","0","","0","0","1","3","2","N","1706","0","2","0","0","0","0","0","3","0","2","N","","","","","","","","","","","1753","03","  ","","",""
"1203","2","0","1","0","0","0","0","0","0","4","0","","36","11","2019","2019125931","1","40.1718","-76.5993","1158","08","0","0","0","0","0","1","0","1","","0","0","0","11","1","2","02","2","40 10:18.540","1","00","76 35:57.487","2","0","0","0","36225","0","0","0","N","0","0","0","2","36505","1","","1","01","N","N","0","","0","1","0","3","3","Y","1156","2","2","0","0","0","0","0","2","0","2","N","","","","","","","","","","","1230","03","  ","","",""
"1540","0","0","0","0","0","0","0","0","0","4","0","","36","11","2019","2019125952","7","40.0687","-76.3429","1540","08","0","0","0","0","0","0","0","0","","0","0","","15","1","0","02","1","40 04:07.251","1","07","76 20:34.310","9","0","0","0","36301","0","0","0","N","0","0","0","3","36301","0","","1","01","N","N","0","","0","0","0","3","2","Y","1540","0","3","0","0","0","0","0","3","0","0","N","","","","","","","","","","","1640","03","03","","",""
"0717","2","0","0","0","0","0","0","0","0","4","0","","36","12","2019","2019125958","4","39.9946","-76.2866","0707","08","0","0","0","0","0","2","0","0","","0","0","0","07","5","0","02","1","39 59:40.650","2","00","76 17:11.853","0","0","0","0","36240","0","0","0","N","0","0","0","2","36240","0","","1","09","N","N","0","","0","0","0","3","3","N","0700","0","2","0","0","0","0","0","1","0","2","N","","","","","","","","","","","0800","04","  ","","",""
"1737","0","0","0","0","0","0","0","0","0","1","0","","36","12","2019","2019126040","3","40.0803","-76.2941","1734","08","0","0","0","1","0","1","0","0","2","0","0","0","17","3","0","02","1","40 04:48.941","2","00","76 17:38.805","0","0","0","0","36101","0","0","0","N","0","0","0","4","36101","0","","1","01","N","N","0","","0","0","2","0","0","N","1731","0","2","0","0","0","0","0","3","0","2","N","","","","","","","","","","","","03","  ","","",""
"0718","0","0","0","0","0","0","0","0","0","8","0","","36","12","2019","2019126041","6","40.0578","-76.2806","0712","08","0","0","0","0","0","0","0","0","","0","0","0","07","1","1","00","0","40 03:27.900","","00","76 16:50.170","3","0","0","0","36101","1","0","0","N","1","0","0","2","36101","0","","1","01","N","N","0","","1","0","1","0","0","","0710","1","2","0","0","0","0","0","3","0","1","N","","","","","","","","","","","","03","  ","","",""
"1657","2","0","0","0","0","0","0","0","0","1","0","","36","12","2019","2019126042","6","40.0632","-76.2813","1644","08","0","0","1","0","0","1","0","0","2","0","0","0","16","3","0","00","1","40 03:47.387","4","00","76 16:52.516","0","0","0","0","36101","0","0","0","N","0","0","0","7","36101","0","","1","01","N","N","0","","0","0","2","0","0","N","1642","0","4","0","0","0","0","0","3","0","4","N","","","","","","","","","","","","03","  ","","",""
"1716","1","0","0","0","0","0","0","0","0","1","0","","36","12","2019","2019126043","7","40.0606","-76.3063","1709","08","0","0","1","0","0","0","0","0","2","0","0","0","17","3","0","01","2","40 03:38.254","1","00","76 18:22.514","0","0","0","0","36101","0","0","0","N","0","0","0","3","36101","0","","1","01","N","N","0","","0","0","2","3","2","N","1706","0","3","0","0","0","0","0","3","0","3","N","","","","","","","","","","","","03","  ","","",""
"1412","2","0","0","0","0","0","0","0","0","1","0","","36","11","2019","2019126059","4","40.2159","-76.0902","1409","08","0","0","0","0","0","0","0","0","1","0","0","0","14","1","0","01","1","40 12:57.811","4","00","76 05:24.253","0","0","0","0","36210","0","0","0","N","0","0","0","2","36210","0","","1","01","N","N","0","","0","0","0","3","2","N","1408","0","2","0","0","0","0","0","1","0","2","N","","","","","","","","","","","","03","  ","","",""
"1515","0","0","0","0","0","0","0","0","0","0","1","","36","12","2019","2019126062","5","40.2171","-76.091","1515","08","0","0","0","0","0","0","0","0","1","0","1","0","15","1","0","01","1","40 13:02.105","2","02","76 05:27.302","0","0","0","0","36210","0","0","0","N","0","0","0","1","36210","0","","2","01","N","N","0","","0","0","0","3","2","N","1514","0","1","0","0","0","0","0","1","0","1","N","","","","","","","","","","","","03","  ","","",""
"1514","0","0","0","0","0","0","0","0","0","7","0","","36","11","2019","2019126114","4","40.1121","-76.1409","1506","08","0","0","0","0","0","0","0","0","","0","0","0","15","1","1","00","0","40 06:43.449","","00","76 08:27.341","3","0","0","1","36238","0","0","0","Y","0","0","0","1","36238","0","","5","01","N","N","0","","1","0","0","0","0","","1500","1","1","0","0","0","0","0","3","0","1","N","","","","","","","","","","","","03","03","","",""
"2245","4","0","0","0","0","0","0","0","0","4","0","","36","11","2019","2019126119","4","40.0512","-76.3062","2242","08","0","0","0","0","0","1","1","0","","0","0","0","22","3","4","01","2","40 03:04.433","2","00","76 18:22.148","3","0","0","0","36301","0","0","0","N","0","0","0","6","36301","0","","1","01","N","N","0","","4","0","1","3","3","Y","2241","4","5","0","0","0","0","0","3","0","5","N","","","","","","","","","","","2348","03","  ","","",""
"1705","0","0","0","0","0","0","0","0","0","1","0","","36","11","2019","2019126121","7","40.1261","-76.2145","1701","08","0","0","0","0","0","0","0","0","","0","0","","17","4","1","00","0","40 07:34.010","","00","76 12:52.289","9","0","0","0","36238","0","0","0","N","0","0","0","2","36238","0","","1","01","N","N","0","","0","0","0","0","0","N","1700","0","2","0","0","0","0","0","3","0","0","N","","","","","","","","","","","","03","03","","",""
"1513","1","0","0","0","0","0","0","0","0","7","0","","36","12","2019","2019126144","1","40.1238","-76.1736","1500","08","0","1","0","0","0","0","0","0","","0","0","0","15","1","0","00","1","40 07:25.793","3","00","76 10:24.846","0","0","0","0","36238","0","0","0","N","0","0","0","2","36238","0","","4","01","N","N","0","","0","0","0","0","0","N","1500","0","1","0","0","0","0","0","3","0","1","N","","","","","","","","","","","1703","03","  ","","",""
"1759","1","0","0","0","0","0","0","0","0","4","0","","36","12","2019","2019126171","1","40.0525","-76.2996","1751","08","0","0","0","0","1","0","0","0","","0","0","0","17","3","2","01","1","40 03:08.931","5","00","76 17:58.394","3","0","0","0","36301","0","0","0","N","0","0","0","4","36301","0","","1","09","N","N","0","","2","0","1","3","3","Y","1751","2","2","0","0","0","0","0","3","0","2","N","","","","","","","","","","","1832","07","  ","","",""
"0839","2","0","0","0","0","0","0","0","0","4","0","","36","12","2019","2019126182","2","40.0591","-76.4629","0839","08","0","0","0","0","0","0","2","0","","0","0","0","08","1","1","03","0","40 03:32.814","","00","76 27:46.398","4","0","0","0","36239","0","0","0","N","0","0","0","2","36239","1","","1","09","N","N","0","","0","0","0","0","0","N","0839","1","2","0","0","0","0","0","3","0","2","N","","","","","","","","","","","","07","04","","",""
"1051","2","0","0","0","0","0","0","0","0","0","0","","36","12","2019","2019126348","5","40.058","-76.2736","1050","08","0","0","0","0","0","1","0","0","","0","0","0","10","1","0","00","0","40 03:28.915","","00","76 16:24.805","0","0","0","0","36101","0","0","0","N","0","0","0","3","36101","0","","1","01","N","N","0","","0","0","0","0","0","","1047","0","2","0","0","0","0","0","3","0","2","N","","","","","","","","","","","","03","  ","","",""
"1705","1","0","0","0","0","0","0","0","0","4","0","","36","12","2019","2019126349","6","40.0789","-76.3272","1700","08","0","0","1","0","0","1","0","0","","0","0","0","16","3","0","02","0","40 04:44.107","","00","76 19:37.860","0","0","0","0","36101","0","0","0","N","0","0","0","2","36101","0","","1","01","N","N","0","","0","0","1","3","3","","1634","0","2","0","0","0","0","0","3","0","2","N","","","","","","","","","","","","03","  ","","",""
"2042","0","0","0","0","0","0","0","0","0","4","0","","36","12","2019","2019126350","6","40.0825","-76.3082","2040","08","0","0","0","0","0","1","0","0","2","0","0","0","20","3","0","02","1","40 04:56.997","1","00","76 18:29.692","0","0","0","0","36101","0","0","0","N","0","0","0","2","36101","0","","1","01","N","N","1","","0","0","1","3","3","N","2037","0","2","0","0","0","0","0","3","0","2","N","","","","","","","","","","","","03","  ","","",""
"1906","1","0","0","0","0","0","0","0","0","1","0","","36","12","2019","2019126351","1","40.0684","-76.3162","1900","08","0","0","0","0","0","0","0","0","1","0","0","0","18","3","1","00","2","40 04:06.071","2","00","76 18:58.333","3","0","0","0","36101","0","0","0","N","0","0","0","5","36101","0","","1","01","N","N","0","","1","0","1","3","2","N","1858","1","2","0","0","0","0","0","3","0","2","N","","","","","","","","","","","","03","  ","","",""
"2243","1","0","0","0","0","0","0","0","0","7","0","","36","11","2019","2019126352","4","40.0829","-76.2321","2241","08","0","0","0","0","0","0","0","0","","0","0","0","22","2","0","00","0","40 04:58.475","","00","76 13:55.580","0","0","0","0","36234","0","0","0","N","0","0","0","1","36215","0","","2","01","N","N","0","","0","0","0","0","0","","2237","0","1","0","0","0","0","0","1","0","1","N","","","","","","","","","","","","03","  ","","",""
"1859","0","0","0","0","0","0","0","0","0","4","0","","36","12","2019","2019126353","2","40.1041","-76.0845","1857","08","0","0","0","0","0","0","0","0","2","0","0","0","18","3","0","02","1","40 06:14.710","7","00","76 05:04.321","0","0","0","0","36415","0","0","0","N","0","0","0","4","36415","0","","1","01","N","N","0","","0","0","2","3","2","Y","1855","0","2","0","0","0","0","0","1","0","2","N","","","","","","","","","","","","03","  ","","",""
"1735","2","0","0","0","0","0","0","0","0","4","0","","36","12","2019","2019126354","6","40.1028","-76.0775","1730","08","0","0","0","0","0","1","0","1","2","0","0","0","17","3","0","01","1","40 06:09.921","6","00","76 04:39.151","0","0","0","0","36415","0","0","0","N","0","0","0","3","36415","0","","1","01","N","N","0","","0","0","0","3","3","Y","1730","0","2","0","0","1","0","0","1","0","2","N","","","","","","","","","","","","03","  ","","",""
"1005","2","0","0","0","0","0","0","0","0","4","0","","36","12","2019","2019126719","2","40.0435","-76.298","1001","08","0","0","0","0","0","0","1","0","","0","0","0","10","1","3","01","2","40 02:36.541","7","00","76 17:52.639","4","0","0","0","36301","0","0","0","N","0","0","0","3","36301","2","","1","09","N","N","0","","0","0","0","3","2","Y","1000","3","2","0","0","0","1","0","3","0","2","N","","","","","","","","","","","1100","03","07","","",""
"0712","1","0","0","0","0","0","0","0","0","4","0","","36","12","2019","2019126772","2","40.1968","-76.1692","0709","08","0","0","0","0","0","1","0","0","","0","0","0","07","1","1","01","1","40 11:48.459","1","00","76 10:08.984","3","0","0","0","36218","0","0","0","N","0","0","0","2","36408","0","","1","09","N","N","1","","1","0","0","3","2","N","0707","1","2","0","0","0","0","0","1","0","2","N","","","","","","","","","","","0743","07","04","","",""
"1603","2","0","0","0","0","0","0","0","0","4","0","","36","12","2019","2019126779","2","40.0461","-76.3042","1600","08","0","0","0","0","0","1","0","0","","0","0","0","15","8","0","02","0","40 02:46.118","","00","76 18:15.022","0","0","0","0","36301","0","0","0","N","0","0","0","2","36301","0","","1","09","N","N","0","","0","0","0","3","3","","1557","0","2","0","0","0","0","0","3","0","2","N","","","","","","","","","","","","07","07","","",""
"0813","3","0","0","0","0","0","0","0","0","7","0","","36","12","2019","2019126782","3","40.2145","-76.5056","0804","08","0","0","0","1","0","0","0","0","","0","0","0","08","1","2","00","2","40 12:52.099","2","00","76 30:20.130","8","0","0","0","36225","0","0","0","N","0","0","0","3","36505","0","","2","09","N","N","0","","0","0","0","0","0","Y","0801","2","3","0","0","0","2","0","2","0","3","N","","","","","","","","","","","0858","07","  ","","",""
"0842","0","0","0","0","0","0","0","0","0","4","0","","36","12","2019","2019126783","2","40.2007","-76.1718","0837","08","0","0","0","0","0","0","0","0","","0","0","0","08","1","0","01","0","40 12:02.510","","00","76 10:18.574","0","0","0","0","36218","0","0","0","N","0","0","0","2","36408","0","","1","09","N","N","1","","0","0","1","3","3","","0835","0","2","0","0","0","0","0","1","0","2","N","","","","","","","","","","","","07","04","","",""
"0641","1","0","0","0","0","0","0","0","0","7","0","","36","12","2019","2019126890","3","40.0436","-76.2973","0635","08","0","0","0","0","0","0","0","0","","0","0","0","06","5","0","00","2","40 02:37.008","4","00","76 17:50.173","0","0","0","0","36301","0","0","0","N","0","0","0","1","36301","0","","5","09","N","N","0","","0","0","0","0","0","Y","0632","0","1","0","0","0","0","0","3","0","1","N","","","","","","","","","","","0930","07","04","","",""
"1340","0","0","0","0","0","0","0","0","0","2","0","","36","12","2019","2019126919","3","40.0508","-76.4575","1333","08","0","0","0","0","0","0","2","0","","0","0","0","13","1","3","02","2","40 03:02.964","5","00","76 27:26.839","3","0","0","0","36239","0","0","0","N","0","0","0","3","36239","0","","1","09","N","N","0","","3","0","2","3","3","Y","1333","3","2","0","0","0","0","0","3","0","2","N","","","","","","","","","","","1429","07","  ","","",""
"0804","0","0","0","0","0","0","0","0","0","7","0","","36","12","2019","2019126926","6","40.1202","-76.5616","0750","08","0","0","0","0","0","0","0","0","","0","0","0","07","1","0","00","0","40 07:12.767","","00","76 33:41.867","0","0","0","0","36211","0","0","0","N","0","0","0","1","36504","0","","5","01","N","N","1","","0","0","0","0","0","N","0750","0","1","0","0","0","0","0","1","0","1","N","","","","","","","","","","","","03","03","","",""
"1929","1","0","0","0","0","0","0","0","0","1","0","","36","12","2019","2019126959","5","40.1062","-76.3281","1924","08","0","0","0","1","0","1","0","0","2","0","0","0","19","2","2","02","1","40 06:22.330","4","00","76 19:40.982","4","0","0","0","36101","0","0","0","N","0","0","0","3","36101","2","","1","01","N","N","0","","0","0","1","0","0","N","1923","2","2","0","0","0","0","0","3","0","2","N","","","","","","","","","","","","03","  ","","",""
"2053","0","0","0","0","0","0","0","0","0","9","0","","36","12","2019","2019126960","5","40.0625","-76.2805","2044","08","0","0","0","0","0","0","1","0","","0","0","0","20","3","0","00","0","40 03:44.929","","00","76 16:49.674","0","0","0","0","36101","0","0","0","N","0","0","0","1","36101","0","","1","01","N","N","0","","0","0","1","0","0","","2042","0","1","0","0","0","0","0","3","0","1","N","","","","","","","","","","","","03","  ","","",""
"0810","2","0","0","0","0","0","0","0","0","1","0","","36","12","2019","2019126961","2","40.0635","-76.282","0802","08","0","1","0","0","1","0","0","0","","0","0","0","07","1","2","00","0","40 03:48.712","","00","76 16:55.287","3","0","0","0","36101","0","0","0","N","0","0","0","3","36101","0","","1","09","N","N","0","","2","0","0","0","0","","0759","2","2","0","0","0","0","0","3","0","2","N","","","","","","","","","","","","07","  ","","",""