"ARRIVAL_TM","AUTOMOBILE_COUNT","BELTED_DEATH_COUNT","BELTED_SUSP_SERIOUS_INJ_COUNT","BICYCLE_COUNT","BICYCLE_DEATH_COUNT","BICYCLE_SUSP_SERIOUS_INJ_COUNT","BUS_COUNT","CHLDPAS_DEATH_COUNT","CHLDPAS_SUSP_SERIOUS_INJ_COUNT","COLLISION_TYPE","COMM_VEH_COUNT","CONS_ZONE_SPD_LIM","COUNTY","CRASH_MONTH","CRASH_YEAR","CRN","DAY_OF_WEEK","DEC_LAT","DEC_LONG","DISPATCH_TM","DISTRICT","DRIVER_COUNT_16YR","DRIVER_COUNT_17YR","DRIVER_COUNT_18YR","DRIVER_COUNT_19YR","DRIVER_COUNT_20YR","DRIVER_COUNT_50_64YR","DRIVER_COUNT_65_74YR","DRIVER_COUNT_75PLUS","EST_HRS_CLOSED","FATAL_COUNT","HEAVY_TRUCK_COUNT","HORSE_BUGGY_COUNT","HOUR_OF_DAY","ILLUMINATION","INJURY_COUNT","INTERSECT_TYPE","LANE_CLOSED","LATITUDE","LN_CLOSE_DIR","LOCATION_TYPE","LONGITUDE","MAX_SEVERITY_LEVEL","MCYCLE_DEATH_COUNT","MCYCLE_SUSP_SERIOUS_INJ_COUNT","MOTORCYCLE_COUNT","MUNICIPALITY","NONMOTR_COUNT","NONMOTR_DEATH_COUNT","NONMOTR_SUSP_SERIOUS_INJ_COUNT","NTFY_HIWY_MAINT","PED_COUNT","PED_DEATH_COUNT","PED_SUSP_SERIOUS_INJ_COUNT","PERSON_COUNT","POLICE_AGCY","POSSIBLE_INJ_COUNT","RDWY_SURF_TYPE_CD","RELATION_TO_ROAD","ROAD_CONDITION","SCH_BUS_IND","SCH_ZONE_IND","SMALL_TRUCK_COUNT","SPEC_JURIS_CD","SUSP_MINOR_INJ_COUNT","SUSP_SERIOUS_INJ_COUNT","SUV_COUNT","TCD_FUNC_CD","TCD_TYPE","TFC_DETOUR_IND","TIME_OF_DAY","TOT_INJ_COUNT","TOTAL_UNITS","UNB_DEATH_COUNT","UNB_SUSP_SERIOUS_INJ_COUNT","UNBELTED_OCC_COUNT","UNK_INJ_DEG_COUNT","UNK_INJ_PER_COUNT","URBAN_RURAL","VAN_COUNT","VEHICLE_COUNT","WORK_ZONE_IND","WORK_ZONE_LOC","WORK_ZONE_TYPE","WORKERS_PRES","WZ_CLOSE_DETOUR","WZ_FLAGGER","WZ_LAW_OFFCR_IND","WZ_LN_CLOSURE","WZ_MOVING","WZ_OTHER","WZ_SHLDER_MDN","ROADWAY_CLEARED","WEATHER1","WEATHER2","WZ_WORKERS_INJ_KILLED","SECONDARY_CRASH","INTERSECTION_RELATED"
"1635","2","0","0","0","0","0","0","0","0","1","0","","36","12","2019","2019126962","1","40.0946","-76.4084","1627","08","0","0","1","0","0","0","0","0","2","0","0","0","16","3","1","02","1","40 05:40.581","3","00","76 24:30.262","8","0","0","0","36214","0","0","0","N","0","0","0","3","36214","0","","1","09","N","N","0","","0","0","0","0","0","N","1625","1","2","0","0","0","1","0","3","0","2","N","","","","","","","","","","","","07","  ","","",""
"1736","2","0","0","0","0","0","0","0","0","1","0","","36","12","2019","2019126963","2","40.0355","-76.2431","1733","08","0","0","0","0","0","0","0","1","1","0","0","0","17","3","0","00","1","40 02:07.691","3","00","76 14:35.168","0","0","0","0","36215","0","0","0","N","0","0","0","4","36215","0","","1","01","N","N","0","","0","0","1","0","0","N","1731","0","3","0","0","0","0","0","1","0","3","N","","","","","","","","","","","","03","  ","","",""
"1816","1","0","0","0","0","0","0","0","0","4","0","","36","12","2019","2019126964","6","40.0631","-76.1569","1808","08","0","0","0","0","0","0","0","0","","0","0","0","18","2","0","01","0","40 03:47.080","","00","76 09:24.814","0","0","0","0","36234","0","0","0","N","0","0","0","2","36215","0","","1","09","N","N","0","","0","0","1","3","3","","1808","0","2","0","0","0","0","0","1","0","2","N","","","","","","","","","","","","03","  ","","",""
"1511","1","0","0","0","0","0","0","0","0","7","0","","36","12","2019","2019126965","2","40.0151","-76.1553","1459","08","0","0","0","0","0","0","1","0","1","0","0","0","14","1","1","00","1","40 00:54.190","4","00","76 09:19.126","3","0","0","0","36215","0","0","0","N","0","0","0","1","36215","0","","5","09","N","N","0","","1","0","0","0","0","N","1457","1","1","0","0","0","0","0","1","0","1","N","","","","","","","","","","","","07","  ","","",""
"0751","0","0","0","0","0","0","0","0","0","1","0","","36","11","2019","2019127045","4","39.9453","-76.1504","0735","08","0","0","0","0","0","1","0","0","2","0","0","","07","1","0","00","1","39 56:43.142","2","00","76 09:01.362","0","0","0","0","36233","0","0","0","N","0","0","0","2","68J01","0","","1","01","N","N","0","","0","0","0","0","0","N","0725","0","2","0","0","0","0","0","1","0","0","N","","","","","","","","","","","","03","  ","","",""
"2330","2","0","0","0","0","0","0","0","0","1","0","","36","11","2019","2019127073","7","40.2232","-76.2735","2304","08","0","1","0","0","0","1","0","0","","0","0","0","23","2","0","00","0","40 13:23.592","","07","76 16:24.768","0","0","0","0","36217","0","0","0","N","0","0","0","3","68J01","0","","1","09","N","N","0","","0","0","0","0","0","","2303","0","2","0","0","2","0","0","1","0","2","N","","","","","","","","","","","","07","  ","","",""
"0220","2","0","0","0","0","0","0","0","0","1","0","","36","11","2019","2019127074","1","40.1415","-76.2011","0206","08","0","0","0","0","1","0","0","0","","0","0","0","02","2","0","00","2","40 08:29.336","2","00","76 12:03.806","9","0","0","0","36238","0","0","0","N","0","0","0","4","68J01","0","","1","09","N","N","0","","0","0","0","0","0","Y","0205","0","2","0","0","0","0","3","3","0","2","N","","","","","","","","","","","0310","07","  ","","",""
"1203","0","0","0","0","0","0","0","0","0","5","0","","36","11","2019","2019127080","4","40.0529","-76.0935","1151","08","1","0","0","0","0","0","1","0","","0","0","0","11","1","0","02","1","40 03:10.504","3","00","76 05:36.445","0","0","0","0","36221","0","0","0","N","0","0","0","2","68J01","0","","1","01","N","N","2","","0","0","0","0","0","N","1149","0","2","0","0","1","0","0","1","0","2","N","","","","","","","","","","","1233","03","  ","","",""
"0424","1","0","0","0","0","0","0","0","0","7","0","","36","12","2019","2019127127","6","39.9834","-76.1681","0413","08","0","0","0","0","0","0","0","0","","0","0","0","04","3","0","00","0","39 59:00.094","","00","76 10:05.148","0","0","0","0","36233","0","0","0","N","0","0","0","1","68J01","0","","4","01","N","N","0","","0","0","0","0","0","","0409","0","1","0","0","0","0","0","1","0","1","N","","","","","","","","","","","","03","  ","","",""
"2128","1","0","0","0","0","0","0","0","0","4","0","","36","12","2019","2019127221","3","40.0886","-76.4516","2122","08","0","0","0","0","0","0","0","1","","0","0","0","21","2","3","02","2","40 05:19.104","7","00","76 27:05.752","3","0","0","0","36239","0","0","0","N","0","0","0","3","36239","0","","1","09","N","N","0","","3","0","1","3","3","Y","2122","3","2","0","0","0","0","0","3","0","2","N","","","","","","","","","","","2214","07","10","","",""
"1722","0","0","0","0","0","0","0","0","0","4","0","","36","11","2019","2019127223","6","40.1641","-76.1539","1718","08","0","0","0","0","0","0","0","0","","0","0","","17","3","2","00","0","40 09:50.768","","07","76 09:13.863","9","0","0","0","36218","0","0","0","N","0","0","0","2","36408","0","","1","01","N","N","0","","0","0","0","3","2","N","1712","0","2","0","0","0","0","0","1","0","0","N","","","","","","","","","","","","03","03","","",""
"0831","1","0","0","0","0","0","0","0","0","7","0","","36","12","2019","2019127240","7","40.104","-76.5331","0823","08","0","0","0","0","0","1","0","0","","0","0","0","08","1","1","00","2","40 06:14.259","5","00","76 31:59.156","3","0","0","0","36211","0","0","0","N","0","0","0","1","36504","0","","5","01","N","N","0","","1","0","0","0","0","Y","0821","1","1","0","0","0","0","0","1","0","1","N","","","","","","","","","","","1800","03","  ","","",""
"1716","0","0","0","0","0","0","0","0","0","4","0","","36","12","2019","2019127245","2","40.1052","-76.1677","1651","08","0","0","0","0","0","0","1","0","","0","0","0","16","2","0","02","0","40 06:18.763","","00","76 10:03.611","0","0","0","0","36238","0","0","0","N","0","0","0","2","36238","0","","1","09","N","N","1","","0","0","1","3","3","","1651","0","2","0","0","0","0","0","3","0","2","N","","","","","","","","","","","","07","  ","","",""
"1524","0","0","0","0","0","0","0","0","0","4","0","","36","12","2019","2019127261","3","40.0263","-76.3071","1516","08","0","0","1","0","0","0","0","0","","0","0","0","15","1","1","02","1","40 01:34.568","4","00","76 18:25.614","4","0","0","0","36301","0","0","0","N","0","0","0","2","36301","1","","1","01","N","N","0","","0","0","2","3","3","Y","1516","1","2","0","0","0","0","0","3","0","2","N","","","","","","","","","","","1613","03","03","","",""
"0731","1","0","0","0","0","0","0","0","0","7","0","","36","12","2019","2019127263","4","40.0566","-76.4617","0723","08","0","1","0","0","0","0","0","0","","0","0","0","07","1","0","00","2","40 03:23.581","6","00","76 27:42.146","0","0","0","0","36239","0","0","0","N","0","0","0","1","36239","0","","4","06","N","N","0","","0","0","0","0","0","N","0723","0","1","0","0","0","0","0","3","0","1","N","","","","","","","","","","","0736","04","10","","",""
"0813","1","0","0","0","0","0","0","0","0","4","0","","36","12","2019","2019127277","4","40.035","-76.3205","0808","08","0","0","0","0","0","1","0","0","","0","0","0","08","1","1","01","2","40 02:05.841","7","00","76 19:13.871","8","0","0","0","36301","0","0","0","N","0","0","0","2","36301","0","","1","09","N","N","0","","0","0","1","3","3","Y","0807","1","2","0","0","0","1","0","3","0","2","N","","","","","","","","","","","0900","04","03","","",""
"1530","0","0","0","0","0","0","0","0","0","1","0","","36","11","2019","2019127363","3","39.8816","-76.1588","1500","08","0","1","0","0","0","1","0","0","","0","0","0","14","1","0","00","1","39 52:53.599","2","00","76 09:31.746","0","0","0","0","36212","0","0","0","N","0","0","0","2","68J01","0","","1","01","N","N","1","","0","0","1","0","0","N","1459","0","2","0","0","0","0","0","1","0","2","N","","","","","","","","","","","0100","03","  ","","",""
"1828","0","0","0","0","0","0","0","0","0","1","1","","36","11","2019","2019127367","4","39.9915","-76.0173","1823","08","0","0","0","0","0","1","0","0","","0","1","0","18","3","0","00","1","39 59:29.468","3","00","76 01:02.135","0","0","0","0","36232","0","0","0","N","0","0","0","2","68J01","0","","1","09","N","N","0","","0","0","1","0","0","N","1823","0","2","0","0","0","0","0","1","0","2","N","","","","","","","","","","","0100","04","  ","","",""
"0453","0","0","0","0","0","0","0","0","0","7","0","","36","12","2019","2019127391","5","39.9268","-76.013","0433","08","0","0","0","1","0","0","0","0","","0","0","0","04","2","0","00","1","39 55:36.413","6","00","76 00:46.716","0","0","0","0","36231","0","0","0","N","0","0","0","1","68J01","0","","2","09","N","N","0","","0","0","1","0","0","Y","0432","0","1","0","0","0","0","0","1","0","1","N","","","","","","","","","","","0000","03","  ","","",""
"1155","1","0","0","0","0","0","0","0","0","1","0","","36","12","2019","2019127427","4","40.0879","-76.4202","1152","08","0","0","0","1","0","1","0","0","","0","0","0","11","1","1","00","1","40 05:16.354","1","00","76 25:12.841","3","0","0","0","36239","0","0","0","N","0","0","0","2","36239","0","","1","01","N","N","0","","1","0","1","0","0","Y","1152","1","2","0","0","0","0","0","3","0","2","N","","","","","","","","","","","1250","03","  ","","",""
"1142","1","0","0","0","0","0","0","0","0","4","0","","36","12","2019","2019127441","4","40.0627","-76.4281","1141","08","0","0","0","1","0","0","0","1","","0","0","0","11","1","1","02","2","40 03:45.558","4","00","76 25:41.201","8","0","0","0","36239","0","0","0","N","0","0","0","2","36239","0","","1","01","N","N","0","","0","0","1","3","3","N","1136","1","2","0","0","0","1","0","3","0","2","N","","","","","","","","","","","1231","03","  ","","",""
"1205","1","0","0","0","0","0","0","0","0","1","0","","36","12","2019","2019127485","7","40.06","-76.32","1155","08","0","0","0","0","0","0","0","0","2","0","0","0","11","1","1","00","1","40 03:36.011","1","00","76 19:11.886","8","0","0","0","36101","0","0","0","N","0","0","0","5","36101","0","","1","01","N","N","1","","0","0","0","0","0","N","1147","1","2","0","0","0","1","0","3","0","2","N","","","","","","","","","","","","03","  ","","",""
"1503","2","0","0","0","0","0","0","0","0","4","0","","36","12","2019","2019127486","2","40.0534","-76.3104","1451","08","0","0","0","0","0","0","0","0","","0","0","0","14","1","2","02","0","40 03:12.446","","00","76 18:36.775","3","0","0","0","36101","0","0","0","N","0","0","0","4","36101","0","","1","09","N","N","0","","2","0","0","0","0","","1446","2","2","0","0","0","0","0","3","0","2","N","","","","","","","","","","","","07","  ","","",""
"1716","1","0","1","0","0","0","0","0","0","1","0","","36","12","2019","2019127487","3","40.0737","-76.3358","1709","08","0","0","0","0","0","0","0","0","1","0","0","0","17","2","1","00","2","40 04:25.194","1","00","76 20:08.936","2","0","0","0","36101","0","0","0","N","0","0","0","5","36101","0","","1","09","N","N","0","","0","1","2","0","0","N","1706","1","3","0","0","0","0","0","3","0","3","N","","","","","","","","","","","","07","  ","","",""
"1222","0","0","0","0","0","0","0","0","0","1","0","","36","12","2019","2019127488","6","40.0942","-76.3777","1215","08","0","0","0","0","0","0","0","0","","0","0","0","12","1","0","01","0","40 05:38.962","","00","76 22:39.699","0","0","0","0","36214","0","0","0","N","0","0","0","2","36214","0","","1","01","N","N","0","","0","0","2","3","2","","1214","0","2","0","0","0","0","0","3","0","2","N","","","","","","","","","","","","03","  ","","",""
"0627","0","0","0","0","0","0","0","0","0","5","1","","36","12","2019","2019127489","2","40.0982","-76.409","0558","08","0","0","0","0","0","1","0","0","","0","1","0","05","2","0","00","0","40 05:53.653","","00","76 24:32.519","9","0","0","0","36214","0","0","0","N","0","0","0","2","36214","0","","1","09","N","N","1","","0","0","0","0","0","","0550","0","2","0","0","0","0","1","3","0","2","N","","","","","","","","","","","","07","  ","","",""
"0940","1","0","0","0","0","0","0","0","0","0","0","","36","12","2019","2019127490","3","40.0889","-76.3806","0934","08","0","0","0","0","0","0","1","0","","0","0","0","09","1","0","00","0","40 05:20.096","","01","76 22:50.021","0","0","0","0","36214","0","0","0","N","0","0","0","1","36214","0","","1","09","N","N","0","","0","0","0","0","0","","0930","0","1","0","0","0","0","0","3","0","1","N","","","","","","","","","","","","07","  ","","",""
"1148","0","0","0","0","0","0","0","0","0","4","1","","36","12","2019","2019127491","3","40.1101","-76.413","1137","08","0","0","0","0","0","0","1","0","2","0","1","0","11","1","1","00","2","40 06:36.310","5","00","76 24:46.780","3","0","0","0","36214","0","0","0","N","0","0","0","4","36214","0","","1","08","N","N","0","","1","0","1","0","0","Y","1135","1","2","0","0","0","0","0","3","0","2","N","","","","","","","","","","","","07","  ","","",""
"1241","0","0","0","0","0","0","0","0","0","7","0","","36","12","2019","2019127492","3","40.0592","-76.4044","1234","08","0","0","0","0","0","1","0","0","2","0","0","0","12","1","0","00","1","40 03:33.130","1","00","76 24:15.718","0","0","0","0","36214","0","0","0","N","0","0","0","1","36214","0","","2","09","N","N","0","","0","0","1","0","0","N","1231","0","1","0","0","0","0","0","3","0","1","N","","","","","","","","","","","","07","  ","","",""
"2133","1","0","0","0","0","0","0","0","0","4","0","","36","12","2019","2019127493","3","40.1082","-76.4183","2127","08","0","0","0","0","0","0","1","0","","0","0","0","21","3","0","00","0","40 06:29.350","","00","76 25:05.830","0","0","0","0","36214","0","0","0","N","0","0","0","3","36214","0","","1","09","N","N","0","","0","0","1","3","3","","2120","0","2","0","0","0","0","0","3","0","2","N","","","","","","","","","","","","07","  ","","",""
"2124","2","0","0","0","0","0","0","0","0","4","0","","36","12","2019","2019127494","3","40.0936","-76.3558","2124","08","0","0","1","0","0","0","0","0","","0","0","0","21","3","0","01","0","40 05:37.039","","00","76 21:20.797","0","0","0","0","36214","0","0","0","N","0","0","0","2","36214","0","","1","09","N","N","0","","0","0","0","3","3","","2120","0","2","0","0","0","0","0","3","0","2","N","","","","","","","","","","","","07","  ","","",""
"1525","1","0","0","0","0","0","0","0","0","7","0","","36","12","2019","2019127495","3","40.1391","-76.3523","1520","08","0","0","0","0","0","0","0","0","1","0","0","0","15","1","1","00","2","40 08:20.825","5","00","76 21:08.350","8","0","0","0","36227","0","0","0","N","0","0","0","1","36506","0","","4","01","N","N","0","","0","0","0","0","0","Y","1520","1","1","0","0","0","1","0","1","0","1","N","","","","","","","","","","","","03","  ","","",""
"1726","1","0","0","0","0","0","0","0","0","4","0","","36","12","2019","2019127496","3","40.1663","-76.3081","1713","08","0","0","0","0","0","1","0","0","","0","0","0","17","3","1","01","0","40 09:58.838","","00","76 18:29.140","3","0","0","0","36235","0","0","0","N","0","0","0","3","36506","0","","1","01","N","N","1","","1","0","0","3","2","","1713","1","2","0","0","0","0","0","1","0","2","N","","","","","","","","","","","","03","03","","",""
"0720","2","0","0","0","0","0","0","0","0","4","0","","36","12","2019","2019127497","6","40.1487","-76.3807","0714","08","0","0","0","0","0","0","0","0","","0","0","0","07","1","0","00","0","40 08:55.174","","00","76 22:50.385","0","0","0","0","36227","0","0","0","N","0","0","0","2","36506","0","","1","01","N","N","0","","0","0","0","0","0","","0711","0","2","0","0","0","0","0","1","0","2","N","","","","","","","","","","","","03","  ","","",""
"1934","1","0","0","0","0","0","0","0","0","7","0","","36","12","2019","2019127498","6","40.1711","-76.3602","1931","08","0","0","0","0","0","0","0","0","","0","0","0","19","2","0","00","0","40 10:15.950","","00","76 21:36.760","0","0","0","0","36227","0","0","0","N","0","0","0","1","36506","0","","4","01","N","N","0","","0","0","0","0","0","","1929","0","1","0","0","0","0","0","1","0","1","N","","","","","","","","","","","","03","  ","","",""
"1858","1","0","0","0","0","0","0","0","0","4","0","","36","11","2019","2019127563","6","39.9865","-76.0182","1858","08","0","0","0","0","0","1","0","0","","0","0","1","18","2","0","02","1","39 59:11.345","2","00","76 01:05.555","0","0","0","0","36232","1","0","0","N","0","0","0","2","68J01","0","","1","01","N","N","0","","0","0","0","0","0","N","1854","0","2","0","0","0","0","0","1","0","1","N","","","","","","","","","","","2000","03","  ","","",""
"1040","1","0","0","0","0","0","0","0","0","4","1","","36","12","2019","2019127580","6","39.9855","-76.0178","1017","08","0","0","0","0","0","1","0","0","","0","1","0","10","1","1","01","2","39 59:07.866","4","00","76 01:04.009","3","0","0","0","36232","0","0","0","N","0","0","0","2","68J01","0","","1","01","N","N","0","","1","0","0","3","2","Y","1014","1","2","0","0","0","0","0","1","0","2","N","","","","","","","","","","","1140","03","03","","",""
"0030","2","0","0","0","0","0","0","0","0","5","0","","36","12","2019","2019127584","7","40.2375","-76.0443","0016","08","0","0","0","0","0","0","0","0","","0","0","0","00","2","0","00","0","40 14:14.956","","00","76 02:39.558","0","0","0","0","36202","0","0","0","Y","0","0","0","4","68J01","0","","1","01","N","N","0","","0","0","0","0","0","","0003","0","2","0","0","0","0","0","1","0","2","N","","","","","","","","","","","","03","03","","",""
"2153","0","0","0","0","0","0","0","0","0","7","1","","36","12","2019","2019127593","1","40.2088","-76.0236","2145","08","0","0","0","0","0","0","0","0","","0","1","0","21","2","2","00","0","40 12:31.701","","00","76 01:24.939","4","0","0","0","36202","0","0","0","N","0","0","0","2","68T06","1","","5","01","N","N","0","","0","0","0","0","0","","2143","2","1","0","0","1","1","0","1","0","1","N","","","","","","","","","","","","03","  ","","",""
"1644","1","0","0","0","0","0","0","0","0","1","1","","36","12","2019","2019127604","2","40.004","-76.1007","1641","08","0","0","0","0","0","0","0","0","","0","1","0","16","2","0","00","0","40 00:14.304","","00","76 06:02.695","0","0","0","0","36226","0","0","0","N","0","0","0","2","68J01","0","","1","09","N","N","0","","0","0","0","0","0","","1639","0","2","0","0","0","0","0","1","0","2","N","","","","","","","","","","","","07","  ","","",""
"1820","2","0","0","0","0","0","0","0","0","4","0","","36","12","2019","2019127626","1","40.0251","-76.3177","1817","08","0","0","0","0","0","1","0","0","","0","0","0","18","3","1","01","1","40 01:30.485","4","00","76 19:03.655","4","0","0","0","36301","0","0","0","Y","0","0","0","2","36301","1","","1","01","N","N","0","","0","0","0","3","3","Y","1817","1","2","0","0","0","0","0","3","0","2","N","","","","","","","","","","","1845","03","98","","",""
"1936","2","0","0","0","0","0","0","0","0","1","0","","36","12","2019","2019127638","4","40.0319","-76.471","1847","08","0","0","1","0","0","1","0","0","","0","0","0","18","3","0","02","1","40 01:54.857","4","00","76 28:15.714","0","0","0","0","36239","0","0","0","N","0","0","0","2","36239","0","","1","01","N","N","0","","0","0","0","0","0","N","1847","0","2","0","0","0","0","0","3","0","2","N","","","","","","","","","","","2022","03","  ","","",""
"2244","5","0","0","0","0","0","0","0","0","5","0","","36","12","2019","2019127676","4","40.0334","-76.3147","2235","08","0","0","0","0","0","0","0","0","","0","0","0","22","3","0","00","2","40 02:00.112","4","00","76 18:52.844","0","0","0","0","36301","0","0","0","N","0","0","0","1","36301","0","","1","01","N","N","0","","0","0","0","0","0","Y","2235","0","5","0","0","0","0","0","3","0","5","N","","","","","","","","","","","2325","03","03","","",""
"2101","1","0","0","0","0","0","0","0","0","7","0","","36","12","2019","2019127685","3","40.015","-76.2572","2057","08","0","0","0","0","0","0","0","0","","0","0","0","20","6","0","00","2","40 00:53.948","6","00","76 15:25.750","0","0","0","0","36240","0","0","0","N","0","0","0","1","36240","0","","5","09","N","N","0","","0","0","0","0","0","Y","2054","0","1","0","0","0","0","0","1","0","1","N","","","","","","","","","","","2156","07","  ","","",""
"1516","2","0","0","0","0","0","0","0","0","1","0","","36","12","2019","2019127689","6","40.2275","-76.1168","1511","08","0","0","0","0","0","1","0","0","1","0","0","0","15","1","1","00","1","40 13:39.110","4","00","76 07:00.490","3","0","0","0","36210","0","0","0","N","0","0","0","2","36210","0","","1","09","N","N","0","","1","0","0","3","8","N","1510","1","2","0","0","0","0","0","1","0","2","N","","","","","","","","","","","","07","  ","","",""
"1302","0","0","0","0","0","0","0","0","0","5","1","","36","12","2019","2019127698","4","40.1703","-76.1491","1257","08","0","0","0","0","0","1","0","0","","0","1","0","12","1","0","00","1","40 10:12.983","1","00","76 08:56.584","0","0","0","0","36218","1","0","0","N","0","0","0","2","36408","0","","2","01","N","N","1","","0","0","0","0","0","N","1257","0","2","0","0","0","0","0","1","0","2","N","","","","","","","","","","","1441","03","03","","",""
"1338","1","0","0","0","0","0","0","0","0","5","1","","36","12","2019","2019127713","6","40.1642","-76.1511","1334","08","0","0","0","0","0","0","0","0","","0","1","0","13","1","0","00","1","40 09:51.116","1","00","76 09:03.914","0","0","0","0","36218","0","0","0","Y","0","0","0","1","36408","0","","1","01","N","N","0","","0","0","0","0","0","N","1334","0","2","0","0","0","0","0","1","0","2","N","","","","","","","","","","","1451","03","03","","",""
"0818","2","0","0","0","0","0","0","0","0","4","0","","36","12","2019","2019127746","5","40.1519","-76.6081","0816","08","0","0","1","0","0","0","0","0","","0","0","0","08","1","0","00","1","40 09:06.800","1","00","76 36:29.200","0","0","0","0","36407","0","0","0","N","0","0","0","2","36407","0","","1","01","N","N","0","","0","0","0","0","0","Y","0816","0","2","0","0","0","0","0","2","0","2","N","","","","","","","","","","","0916","03","03","","",""
"0908","2","0","0","0","0","0","0","0","0","1","0","","36","12","2019","2019127759","5","40.1353","-76.2118","0902","08","0","0","0","0","0","2","0","0","","0","0","0","09","1","2","00","1","40 08:07.145","2","00","76 12:42.634","3","0","0","0","36238","0","0","0","N","0","0","0","2","36238","0","","1","01","N","N","0","","2","0","0","0","0","N","0900","2","2","0","0","0","0","0","3","0","2","N","","","","","","","","","","","0920","03","  ","","",""
"0015","0","0","0","0","0","0","0","0","0","98","0","","36","12","2019","2019127816","1","40.2352","-76.2996","0005","08","0","0","0","0","0","1","0","0","","0","0","0","00","2","0","00","0","40 14:06.548","","00","76 17:58.523","0","0","0","0","36217","0","0","0","N","0","0","0","2","68T06","0","","1","01","N","N","0","","0","0","1","0","0","","0005","0","2","0","0","0","0","0","1","1","2","N","","","","","","","","","","","","03","  ","","",""
"1133","1","0","0","0","0","0","0","0","0","7","0","","36","12","2019","2019127819","1","40.1878","-76.0007","1123","08","0","0","0","0","0","0","0","0","","0","0","0","11","1","0","00","0","40 11:16.095","","00","76 00:02.446","0","0","0","0","36202","0","0","0","N","0","0","0","1","68T06","0","","2","09","N","N","0","","0","0","0","0","0","","1123","0","1","0","0","0","0","0","1","0","1","N","","","","","","","","","","","","09","07","","",""
"2016","1","0","0","0","0","0","0","0","0","1","0","","36","12","2019","2019127826","3","40.2276","-76.3747","1957","08","0","0","0","0","0","1","1","0","","0","0","0","19","2","0","00","1","40 13:39.476","3","00","76 22:28.761","0","0","0","0","36217","0","0","0","N","0","0","0","2","68T06","0","","1","01","N","N","0","","0","0","1","0","0","N","1957","0","2","0","0","0","0","0","1","0","2","N","","","","","","","","","","","2130","03","  ","","",""
"0904","0","0","0","0","0","0","0","0","0","98","0","","36","12","2019","2019127833","5","40.2414","-76.1434","0904","08","0","0","0","0","0","0","0","0","","0","0","0","09","1","0","00","0","40 14:29.203","","00","76 08:36.221","0","0","0","0","36236","0","0","0","N","0","0","0","1","68T06","0","","1","01","N","N","0","","0","0","1","0","0","","0903","0","1","0","0","0","0","0","1","0","1","N","","","","","","","","","","","","03","  ","","",""
"1645","1","0","0","0","0","0","0","0","0","98","0","","36","12","2019","2019127835","5","40.2346","-76.3127","1628","08","0","0","0","0","0","0","0","0","","0","0","0","16","4","0","00","0","40 14:04.597","","00","76 18:45.734","0","0","0","0","36217","0","0","0","N","0","0","0","1","68T06","0","","1","01","N","N","0","","0","0","0","0","0","","1628","0","1","0","0","0","0","0","1","0","1","N","","","","","","","","","","","","03","  ","","",""
"1252","1","0","0","0","0","0","0","0","0","4","0","","36","12","2019","2019127882","2","40.1636","-76.1524","1247","08","0","0","0","0","0","0","0","0","","0","0","0","12","1","1","01","0","40 09:48.894","","02","76 09:08.473","4","0","0","0","36218","0","0","0","N","0","0","0","2","36408","1","","1","01","N","N","1","","0","0","0","3","2","","1247","1","2","0","0","0","0","0","1","0","2","N","","","","","","","","","","","","03","  ","","",""
"1456","1","0","0","0","0","0","0","0","0","4","0","","36","12","2019","2019127890","5","40.1214","-76.0326","1452","08","0","0","0","0","0","0","0","0","","0","0","0","14","1","0","00","0","40 07:17.031","","07","76 01:57.225","0","0","0","0","36213","0","0","0","N","0","0","0","2","36213","0","","1","01","N","N","0","","0","0","1","0","0","","1449","0","2","0","0","0","0","0","1","0","2","N","","","","","","","","","","","","03","03","","",""
"0424","0","0","0","0","0","0","0","0","0","7","0","","36","12","2019","2019127922","4","40.0672","-76.2882","0419","08","0","0","0","0","0","0","0","0","","0","0","0","04","3","0","06","0","40 04:02.026","","00","76 17:17.533","0","0","0","0","36101","0","0","0","N","0","0","0","1","36101","0","","5","09","N","N","1","","0","0","0","0","0","","0417","0","1","0","0","0","0","0","3","0","1","N","","","","","","","","","","","","10","  ","","",""
"1836","1","0","0","0","0","0","0","0","0","9","0","","36","12","2019","2019127923","7","40.0788","-76.3428","1826","08","0","0","0","0","1","0","0","0","2","0","0","0","18","2","0","00","1","40 04:43.701","4","00","76 20:33.977","0","0","0","0","36101","0","0","0","N","0","0","0","1","36101","0","","1","01","N","N","0","","0","0","0","0","0","N","1821","0","1","0","0","0","0","0","3","0","1","N","","","","","","","","","","","","03","  ","","",""
"1557","1","0","0","0","0","0","0","0","0","4","0","","36","12","2019","2019127924","7","40.1467","-76.2948","1554","08","0","0","0","0","0","0","0","1","2","0","0","0","15","1","1","01","2","40 08:48.029","2","00","76 17:41.344","3","0","0","0","36409","0","0","0","N","0","0","0","11","36409","0","","1","01","N","N","1","","1","0","1","3","3","N","1553","1","3","0","0","1","0","0","3","0","3","N","","","","","","","","","","","","03","  ","","",""