"ARRIVAL_TM","AUTOMOBILE_COUNT","BELTED_DEATH_COUNT","BELTED_SUSP_SERIOUS_INJ_COUNT","BICYCLE_COUNT","BICYCLE_DEATH_COUNT","BICYCLE_SUSP_SERIOUS_INJ_COUNT","BUS_COUNT","CHLDPAS_DEATH_COUNT","CHLDPAS_SUSP_SERIOUS_INJ_COUNT","COLLISION_TYPE","COMM_VEH_COUNT","CONS_ZONE_SPD_LIM","COUNTY","CRASH_MONTH","CRASH_YEAR","CRN","DAY_OF_WEEK","DEC_LAT","DEC_LONG","DISPATCH_TM","DISTRICT","DRIVER_COUNT_16YR","DRIVER_COUNT_17YR","DRIVER_COUNT_18YR","DRIVER_COUNT_19YR","DRIVER_COUNT_20YR","DRIVER_COUNT_50_64YR","DRIVER_COUNT_65_74YR","DRIVER_COUNT_75PLUS","EST_HRS_CLOSED","FATAL_COUNT","HEAVY_TRUCK_COUNT","HORSE_BUGGY_COUNT","HOUR_OF_DAY","ILLUMINATION","INJURY_COUNT","INTERSECT_TYPE","LANE_CLOSED","LATITUDE","LN_CLOSE_DIR","LOCATION_TYPE","LONGITUDE","MAX_SEVERITY_LEVEL","MCYCLE_DEATH_COUNT","MCYCLE_SUSP_SERIOUS_INJ_COUNT","MOTORCYCLE_COUNT","MUNICIPALITY","NONMOTR_COUNT","NONMOTR_DEATH_COUNT","NONMOTR_SUSP_SERIOUS_INJ_COUNT","NTFY_HIWY_MAINT","PED_COUNT","PED_DEATH_COUNT","PED_SUSP_SERIOUS_INJ_COUNT","PERSON_COUNT","POLICE_AGCY","POSSIBLE_INJ_COUNT","RDWY_SURF_TYPE_CD","RELATION_TO_ROAD","ROAD_CONDITION","SCH_BUS_IND","SCH_ZONE_IND","SMALL_TRUCK_COUNT","SPEC_JURIS_CD","SUSP_MINOR_INJ_COUNT","SUSP_SERIOUS_INJ_COUNT","SUV_COUNT","TCD_FUNC_CD","TCD_TYPE","TFC_DETOUR_IND","TIME_OF_DAY","TOT_INJ_COUNT","TOTAL_UNITS","UNB_DEATH_COUNT","UNB_SUSP_SERIOUS_INJ_COUNT","UNBELTED_OCC_COUNT","UNK_INJ_DEG_COUNT","UNK_INJ_PER_COUNT","URBAN_RURAL","VAN_COUNT","VEHICLE_COUNT","WORK_ZONE_IND","WORK_ZONE_LOC","WORK_ZONE_TYPE","WORKERS_PRES","WZ_CLOSE_DETOUR","WZ_FLAGGER","WZ_LAW_OFFCR_IND","WZ_LN_CLOSURE","WZ_MOVING","WZ_OTHER","WZ_SHLDER_MDN","ROADWAY_CLEARED","WEATHER1","WEATHER2","WZ_WORKERS_INJ_KILLED","SECONDARY_CRASH","INTERSECTION_RELATED"
"1441","2","0","0","0","0","0","0","0","0","1","0","","36","12","2019","2019127925","4","40.152","-76.3138","1439","08","0","2","1","0","0","0","0","0","","0","0","0","14","1","0","02","0","40 09:07.207","","00","76 18:49.539","0","0","0","0","36409","0","0","0","N","0","0","0","3","36409","0","","1","01","N","N","0","","0","0","1","0","0","","1437","0","3","0","0","0","0","0","3","0","3","N","","","","","","","","","","","","03","  ","","",""
"1719","3","0","0","0","0","0","0","0","0","4","0","","36","12","2019","2019127974","4","40.1464","-76.2097","1715","08","0","0","0","0","0","0","1","0","","0","0","0","17","3","1","00","2","40 08:46.907","5","00","76 12:34.924","4","0","0","0","36238","1","0","0","N","0","0","0","5","36238","1","","1","01","N","N","0","","0","0","1","0","0","Y","1715","1","4","0","0","0","0","0","3","0","4","N","","","","","","","","","","","1757","03","03","","",""
"0310","0","0","0","0","0","0","0","0","0","7","0","","36","12","2019","2019128057","5","40.1798","-76.2156","0306","08","0","0","0","0","0","0","0","0","","0","0","0","03","2","0","00","0","40 10:47.107","","00","76 12:56.181","0","0","0","0","36218","0","0","0","N","0","0","0","1","36408","0","","4","01","N","N","0","","0","0","1","0","0","","0304","0","1","0","0","0","0","0","1","0","1","N","","","","","","","","","","","","03","  ","","",""
"1750","1","0","0","0","0","0","0","0","0","1","0","","36","12","2019","2019128121","5","40.1873","-76.1844","1742","08","0","0","0","0","0","0","0","0","","0","0","0","17","3","0","00","0","40 11:14.357","","00","76 11:03.736","0","0","0","0","36408","0","0","0","N","0","0","0","1","36408","0","","1","01","N","N","0","","0","0","0","0","0","","1742","0","2","0","0","0","0","0","2","0","2","N","","","","","","","","","","","","03","  ","","",""
"1630","1","0","0","0","0","0","0","0","0","8","0","","36","12","2019","2019128122","3","40.0411","-76.3063","1629","08","0","0","0","0","0","0","1","0","","0","0","0","16","1","1","01","0","40 02:27.991","","00","76 18:22.594","3","0","0","0","36301","1","0","0","N","1","0","0","2","36301","0","","1","09","N","N","0","","1","0","0","3","2","","1629","1","2","0","0","0","0","0","3","0","1","N","","","","","","","","","","","","07","04","","",""
"0952","2","0","0","0","0","0","0","0","0","4","0","","36","12","2019","2019128155","5","40.1592","-76.6253","0946","08","0","0","0","0","0","0","1","0","","0","0","0","09","1","1","02","0","40 09:33.004","","00","76 37:31.165","8","0","0","0","36237","0","0","0","N","0","0","0","3","36505","0","","1","01","N","N","0","","0","0","0","3","3","N","0946","1","2","0","0","0","1","0","1","0","2","N","","","","","","","","","","","","03","03","","",""
"1226","1","0","0","0","0","0","0","0","0","7","0","","36","12","2019","2019128166","6","40.1589","-76.5486","1223","08","0","0","0","0","0","1","0","0","","0","0","0","12","1","1","00","0","40 09:32.126","","00","76 32:54.945","4","0","0","0","36225","0","0","0","N","0","0","0","1","36505","1","","2","09","N","N","0","","0","0","0","0","0","","1220","1","1","0","0","0","0","0","2","0","1","N","","","","","","","","","","","","07","  ","","",""
"2037","2","0","0","0","0","0","0","0","0","4","0","","36","12","2019","2019128278","5","40.0606","-76.2768","2031","08","1","0","0","0","0","0","0","0","2","0","0","0","20","3","0","07","2","40 03:38.104","3","02","76 16:36.712","0","0","0","0","36101","0","0","0","N","0","0","0","2","36101","0","","1","01","N","N","0","","0","0","0","3","4","Y","2027","0","2","0","0","0","0","0","3","0","2","N","","","","","","","","","","","","03","  ","","",""
"1641","1","0","0","0","0","0","0","0","0","1","1","","36","12","2019","2019128279","4","40.0615","-76.3511","1633","08","0","0","0","0","0","2","0","0","2","0","1","0","16","1","1","00","1","40 03:41.452","4","00","76 21:04.082","8","0","0","0","36214","0","0","0","N","0","0","0","3","36214","0","","1","01","N","N","0","","0","0","1","0","0","N","1630","1","3","0","0","0","1","0","3","0","3","N","","","","","","","","","","","","03","  ","","",""
"1723","0","0","1","0","0","0","0","0","0","1","0","","36","12","2019","2019128338","4","40.0738","-76.3319","1716","08","0","0","0","0","0","1","0","0","3","0","0","0","17","3","1","00","1","40 04:25.671","4","00","76 19:54.967","2","0","0","0","36101","0","0","0","N","0","0","0","3","36101","0","","1","09","N","N","0","","0","1","3","0","0","N","1715","1","3","0","0","0","0","0","3","0","3","N","","","","","","","","","","","","10","  ","","",""
"0747","2","0","0","0","0","0","0","0","0","1","0","","36","12","2019","2019128339","2","40.0775","-76.3378","0741","08","0","0","0","0","0","1","0","0","","0","0","0","07","1","1","07","0","40 04:39.201","","02","76 20:16.161","4","0","0","0","36101","0","0","0","N","0","0","0","2","36101","1","","1","09","N","N","0","","0","0","0","3","4","","0738","1","2","0","0","0","0","0","3","0","2","N","","","","","","","","","","","","03","  ","","",""
"1609","1","0","0","0","0","0","0","0","0","1","0","","36","12","2019","2019128340","2","40.0602","-76.2775","1604","08","0","0","0","0","0","0","0","0","2","0","0","0","15","1","0","00","1","40 03:36.711","3","00","76 16:39.051","0","0","0","0","36101","0","0","0","N","0","0","0","2","36101","0","","1","09","N","N","0","","0","0","1","0","0","N","1559","0","2","0","0","0","0","0","3","0","2","N","","","","","","","","","","","","07","  ","","",""
"0758","1","0","0","0","0","0","0","0","0","1","0","","36","12","2019","2019128341","3","40.0998","-76.258","0746","08","0","0","0","1","0","1","0","0","","0","0","0","07","5","0","00","0","40 05:59.392","","00","76 15:28.699","0","0","0","0","36101","0","0","0","N","0","0","0","2","36101","0","","1","09","N","N","0","","0","0","1","0","0","","0743","0","2","0","0","0","0","0","3","0","2","N","","","","","","","","","","","","03","  ","","",""
"0929","1","0","0","0","0","0","0","0","0","1","0","","36","12","2019","2019128342","3","40.0682","-76.3076","0927","08","0","0","0","0","0","1","0","0","2","0","0","0","09","1","1","00","1","40 04:05.679","2","00","76 18:27.350","3","0","0","0","36101","0","0","0","N","0","0","0","2","36101","0","","1","09","N","N","0","","1","0","1","0","0","N","0924","1","2","0","0","0","0","0","3","0","2","N","","","","","","","","","","","","07","  ","","",""
"1025","0","0","0","0","0","0","0","0","0","4","0","","36","12","2019","2019128343","3","40.0279","-76.3259","1018","08","0","0","0","0","0","0","1","1","","0","0","0","10","1","0","00","0","40 01:40.575","","07","76 19:33.303","0","0","0","0","36220","0","0","0","N","0","0","0","2","36101","0","","1","09","N","N","0","","0","0","2","0","0","","1016","0","2","0","0","0","0","0","3","0","2","N","","","","","","","","","","","","07","  ","","",""
"1451","1","0","0","0","0","0","0","0","0","1","0","","36","12","2019","2019128344","3","40.0698","-76.2876","1441","08","0","0","0","0","0","0","0","0","","0","0","0","14","1","0","00","0","40 04:11.325","","00","76 17:15.229","0","0","0","0","36101","0","0","0","N","0","0","0","2","36101","0","","1","09","N","N","0","","0","0","1","0","0","","1438","0","2","0","0","0","0","0","3","0","2","N","","","","","","","","","","","","07","  ","","",""
"0612","0","0","0","0","0","0","0","0","0","2","0","","36","11","2019","2019128345","2","40.1038","-76.0626","0606","08","0","0","0","0","0","0","0","0","","0","0","","06","6","0","00","0","40 06:13.810","","00","76 03:45.230","9","0","0","0","36209","0","0","0","N","0","0","0","1","36415","0","","2","01","N","N","0","","0","0","0","0","0","","0603","0","2","0","0","0","0","0","1","0","0","N","","","","","","","","","","","","03","  ","","",""
"1409","0","0","0","0","0","0","0","0","0","4","0","","36","11","2019","2019128346","5","40.0986","-76.1012","1416","08","0","0","0","0","0","0","0","0","","0","0","","14","1","1","02","2","40 05:55.117","6","00","76 06:04.352","9","0","0","0","36415","0","0","0","N","0","0","0","2","36415","0","","1","01","N","N","0","","0","0","0","3","2","Y","1400","0","2","0","0","0","0","0","1","0","0","N","","","","","","","","","","","1435","03","  ","","",""
"1528","1","0","0","0","0","0","0","0","0","7","0","","36","12","2019","2019128436","6","40.1672","-76.5865","1521","08","0","0","0","0","0","0","0","0","","0","0","0","15","1","1","00","1","40 10:01.757","3","00","76 35:11.475","3","0","0","0","36225","0","0","0","Y","0","0","0","1","36505","0","","3","09","N","N","0","","1","0","0","0","0","N","1519","1","1","0","0","0","0","0","2","0","1","N","","","","","","","","","","","1521","07","  ","","",""
"1442","2","0","0","0","0","0","0","0","0","5","0","","36","12","2019","2019128470","6","40.0394","-76.2933","1432","08","0","0","0","0","0","1","0","0","","0","0","0","14","8","1","01","0","40 02:21.963","","00","76 17:35.707","3","0","0","0","36301","0","0","0","N","0","0","0","3","36301","0","","1","09","N","N","0","","1","0","0","0","0","","1431","1","3","0","0","0","0","0","3","1","3","N","","","","","","","","","","","","07","  ","","",""
"1648","1","0","0","0","0","0","0","0","0","8","0","","36","12","2019","2019128481","4","40.049","-76.3057","1640","08","0","0","0","0","0","0","0","0","","0","0","0","16","4","1","10","0","40 02:56.518","","00","76 18:20.618","4","0","0","0","36301","1","0","0","N","1","0","0","1","36301","1","","1","01","N","N","0","","0","0","0","0","0","","1634","1","2","0","0","0","0","0","3","0","1","N","","","","","","","","","","","","03","  ","","",""
"1555","1","0","0","0","0","0","0","0","0","7","0","","36","12","2019","2019128493","6","40.1721","-76.242","1548","08","0","1","0","0","0","0","0","0","","0","0","0","15","1","1","00","2","40 10:19.400","5","03","76 14:31.200","3","0","0","0","36218","0","0","0","N","0","0","0","4","36408","0","","2","09","N","N","0","","1","0","0","0","0","Y","1547","1","1","0","0","0","0","0","1","0","1","N","","","","","","","","","","","1637","07","04","","",""
"0756","2","0","0","0","0","0","0","0","0","4","0","","36","12","2019","2019128504","7","40.0405","-76.3121","0751","08","0","0","0","0","0","0","0","0","","0","0","0","07","3","0","00","1","40 02:25.884","3","00","76 18:43.708","0","0","0","0","36301","0","0","0","N","0","0","0","2","36301","0","","1","09","N","N","0","","0","0","1","0","0","N","0751","0","3","0","0","0","0","0","3","0","3","N","","","","","","","","","","","0834","05","  ","","",""
"1441","2","0","0","0","0","0","0","0","0","5","0","","36","12","2019","2019128664","7","40.0339","-76.4996","1438","08","0","1","0","0","0","1","0","0","","0","0","0","14","1","1","00","2","40 02:01.920","6","00","76 29:58.502","3","0","0","0","36404","0","0","0","N","0","0","0","2","36404","0","","1","09","N","N","0","","1","0","2","3","2","Y","1435","1","4","0","0","0","0","0","3","0","4","N","","","","","","","","","","","1555","07","04","","",""
"1351","1","0","0","0","0","0","0","0","0","7","0","","36","12","2019","2019128687","6","40.0976","-76.2591","1343","08","0","0","0","0","0","0","0","0","1","0","0","0","13","1","1","00","1","40 05:51.494","1","00","76 15:32.635","3","0","0","0","36101","0","0","0","N","0","0","0","1","36101","0","","4","09","N","N","0","","1","0","0","0","0","N","1342","1","1","0","0","0","0","0","3","0","1","N","","","","","","","","","","","","07","  ","","",""
"1157","1","0","0","0","0","0","0","0","0","4","0","","36","12","2019","2019128704","2","40.145","-76.6011","1155","08","0","0","1","0","0","0","0","0","","0","0","0","11","1","0","02","2","40 08:42.146","6","00","76 36:03.911","0","0","0","0","36407","0","0","0","N","0","0","0","6","36407","0","","1","09","N","N","0","","0","0","1","3","2","N","1153","0","2","0","0","0","0","0","2","0","2","N","","","","","","","","","","","1230","07","04","","",""
"1424","1","0","0","0","0","0","0","0","0","7","0","","36","12","2019","2019128795","7","40.1239","-76.2291","1418","08","0","0","0","0","0","0","0","0","","0","0","0","14","1","0","00","0","40 07:25.952","","00","76 13:44.875","0","0","0","0","36238","0","0","0","N","0","0","0","1","36238","0","","5","01","N","N","0","","0","0","0","0","0","","1418","0","1","0","0","0","0","0","3","0","1","N","","","","","","","","","","","","03","  ","","",""
"2204","0","0","0","0","0","0","0","0","0","4","0","","36","12","2019","2019128802","3","40.1628","-76.1499","2158","08","0","0","0","0","0","0","0","0","","0","0","0","21","2","1","01","1","40 09:46.140","4","02","76 08:59.472","3","0","0","0","36218","0","0","0","N","0","0","0","2","36408","0","","1","01","N","N","0","","1","0","2","3","2","N","2154","1","2","0","0","0","0","0","1","0","2","N","","","","","","","","","","","2242","03","  ","","",""
"1035","1","0","0","0","0","0","0","0","0","2","0","","36","12","2019","2019128880","7","40.0388","-76.4217","1033","08","0","0","0","0","1","0","0","0","","0","0","0","10","1","0","09","2","40 02:19.774","5","00","76 25:17.967","0","0","0","0","36414","0","0","0","N","0","0","0","5","36239","0","","1","09","N","N","0","","0","0","1","3","3","N","1033","0","2","0","0","0","0","0","3","0","2","N","","","","","","","","","","","1100","07","  ","","",""
"1616","1","0","0","0","0","0","0","0","0","4","0","","36","12","2019","2019128888","7","40.0251","-76.3177","1607","08","0","0","0","0","0","0","2","0","","0","0","0","16","1","0","01","1","40 01:30.485","2","00","76 19:03.655","0","0","0","0","36301","0","0","0","N","0","0","0","3","36301","0","","1","09","N","N","0","","0","0","1","3","3","N","1607","0","2","0","0","0","0","0","3","0","2","N","","","","","","","","","","","1612","04","  ","","",""
"1422","1","0","0","0","0","0","0","0","0","2","0","","36","12","2019","2019128898","7","40.0757","-76.461","1416","08","0","0","0","0","0","2","0","0","","0","0","0","14","1","2","00","2","40 04:32.661","5","00","76 27:39.528","4","0","0","0","36239","0","0","0","N","0","0","0","4","36239","2","","1","09","N","N","0","","0","0","1","0","0","Y","1416","2","2","0","0","0","0","0","3","0","2","N","","","","","","","","","","","1630","07","07","","",""
"1703","0","0","0","0","0","0","0","0","0","8","0","","36","12","2019","2019128913","2","40.0395","-76.306","1647","08","0","0","0","0","0","0","0","0","","0","0","0","16","3","1","01","1","40 02:22.324","4","00","76 18:21.503","8","0","0","0","36301","1","0","0","N","1","0","0","2","36301","0","","1","09","N","N","1","","0","0","0","3","2","Y","1645","1","2","0","0","0","1","0","3","0","1","N","","","","","","","","","","","1715","07","  ","","",""
"1818","2","0","0","0","0","0","0","0","0","4","0","","36","12","2019","2019129026","3","40.0938","-76.2842","1812","08","0","0","0","0","0","1","0","0","2","0","0","0","18","2","0","02","1","40 05:37.800","3","00","76 17:03.220","0","0","0","0","36101","0","0","0","N","0","0","0","3","36101","0","","1","09","N","N","0","","0","0","0","3","3","N","1811","0","2","0","0","0","0","0","3","0","2","N","","","","","","","","","","","","07","  ","","",""
"0405","0","0","0","0","0","0","0","0","0","4","1","","36","12","2019","2019129027","4","40.0865","-76.2683","0358","08","0","0","0","0","0","0","0","0","2","0","1","0","03","2","0","00","2","40 05:11.315","1","00","76 16:05.994","0","0","0","0","36101","0","0","0","N","0","0","0","2","36101","0","","1","06","N","N","0","","0","0","0","0","0","N","0356","0","2","0","0","0","0","0","3","1","2","N","","","","","","","","","","","","10","  ","","",""
"2338","1","0","0","0","0","0","0","0","0","7","0","","36","12","2019","2019129028","6","40.0685","-76.3074","2335","08","0","0","0","0","0","1","0","0","","0","0","0","23","3","0","01","0","40 04:06.527","","00","76 18:26.750","0","0","0","0","36101","0","0","0","N","0","0","0","1","36101","0","","5","09","N","N","0","","0","0","0","3","2","","2332","0","1","0","0","0","0","0","3","0","1","N","","","","","","","","","","","","07","  ","","",""
"0906","0","0","0","0","0","0","0","0","0","4","0","","36","12","2019","2019129029","6","40.0728","-76.1055","0900","08","0","0","0","0","0","1","0","0","2","0","0","0","08","1","1","01","1","40 04:22.067","7","00","76 06:19.912","8","0","0","0","36209","0","0","0","N","0","0","0","2","36415","0","","1","01","N","N","1","","0","0","0","3","3","Y","0856","1","2","0","0","0","1","0","1","1","2","N","","","","","","","","","","","","03","  ","","",""
"1350","0","0","0","0","0","0","0","0","0","7","0","","36","12","2019","2019129030","7","40.1561","-76.11","1343","08","0","0","0","0","0","0","0","1","","0","0","0","13","1","0","00","1","40 09:22.130","6","00","76 06:36.171","0","0","0","0","36209","0","0","0","N","0","0","0","3","36415","0","","5","09","N","N","0","","0","0","0","0","0","N","1339","0","1","0","0","0","0","0","1","1","1","N","","","","","","","","","","","1425","07","04","","",""
"1626","1","0","0","0","0","0","0","0","0","7","0","","36","12","2019","2019129042","1","40.0407","-76.4553","1626","08","0","0","0","0","0","0","0","1","","0","0","0","16","1","0","00","0","40 02:26.377","","00","76 27:19.219","0","0","0","0","36239","0","0","0","N","0","0","0","1","36239","0","","2","01","N","N","0","","0","0","0","0","0","","1615","0","1","0","0","0","0","0","3","0","1","N","","","","","","","","","","","","03","03","","",""
"2055","3","0","0","0","0","0","0","0","0","4","0","","36","12","2019","2019129044","7","40.0429","-76.3087","2055","08","0","0","0","0","0","0","0","0","","0","0","0","20","3","0","00","0","40 02:34.326","","00","76 18:31.275","0","0","0","0","36301","0","0","0","N","0","0","0","1","36301","0","","4","01","N","N","0","","0","0","0","0","0","","2055","0","3","0","0","0","0","0","3","0","3","N","","","","","","","","","","","","03","03","","",""
"0528","1","0","0","0","0","0","0","0","0","98","0","","36","12","2019","2019129166","4","40.1409","-76.6766","0508","08","0","0","0","0","0","0","0","0","","0","0","0","05","2","0","00","0","40 08:27.324","","00","76 40:35.810","0","0","0","0","36207","0","0","0","N","0","0","0","1","36504","0","","1","09","N","N","0","","0","0","0","0","0","","0505","0","1","0","0","0","0","0","1","0","1","N","","","","","","","","","","","","98","  ","","",""
"2229","1","0","0","0","0","0","0","0","0","6","0","","36","12","2019","2019129171","6","40.0626","-76.5496","2223","08","0","0","0","0","0","1","0","0","","0","0","0","22","3","0","01","0","40 03:45.336","","00","76 32:58.470","0","0","0","0","36211","0","0","0","N","0","0","0","3","36504","0","","1","09","N","N","0","","0","0","1","3","2","","2221","0","2","0","0","0","0","0","1","0","2","N","","","","","","","","","","","","07","  ","","",""
"0523","1","0","0","0","0","0","0","0","0","7","0","","36","12","2019","2019129191","6","40.1287","-76.5957","0517","08","0","0","0","0","0","0","0","0","","0","0","0","05","2","0","02","0","40 07:43.204","","00","76 35:44.523","0","0","0","0","36237","0","0","0","N","0","0","0","1","36505","0","","5","01","N","N","0","","0","0","0","3","3","","0515","0","1","0","0","0","0","0","1","0","1","N","","","","","","","","","","","","03","03","","",""
"1054","2","0","0","0","0","0","0","0","0","1","0","","36","12","2019","2019129265","2","40.0608","-76.2772","1054","08","0","0","0","0","0","0","0","0","","0","0","0","10","1","1","00","0","40 03:38.967","","02","76 16:38.024","4","0","0","0","36101","0","0","0","N","0","0","0","2","36101","1","","1","09","N","N","0","","0","0","0","3","4","","1054","1","2","0","0","0","0","0","3","0","2","N","","","","","","","","","","","","07","  ","","",""
"1200","1","0","0","0","0","0","0","0","0","1","0","","36","12","2019","2019129266","2","40.077","-76.3377","1153","08","0","0","0","0","0","1","0","0","2","0","0","0","11","1","1","00","1","40 04:37.053","2","00","76 20:15.668","4","0","0","0","36101","0","0","0","N","0","0","0","2","36101","1","","1","09","N","N","1","","0","0","0","3","2","N","1151","1","2","0","0","0","0","0","3","0","2","N","","","","","","","","","","","","07","  ","","",""
"1243","0","0","0","0","0","0","0","0","0","1","0","","36","12","2019","2019129267","7","40.0732","-76.3083","1240","08","0","0","0","0","0","1","0","0","","0","0","0","12","1","0","00","0","40 04:23.492","","00","76 18:29.984","0","0","0","0","36101","0","0","0","N","0","0","0","4","36101","0","","1","09","N","N","0","","0","0","2","0","0","","1237","0","2","0","0","0","0","0","3","0","2","N","","","","","","","","","","","","07","  ","","",""
"1308","2","0","0","0","0","0","0","0","0","4","0","","36","12","2019","2019129268","7","40.0791","-76.3465","1253","08","0","0","1","0","0","0","0","0","","0","0","0","12","1","0","02","0","40 04:45.163","","00","76 20:47.435","0","0","0","0","36101","0","0","0","N","0","0","0","2","36101","0","","1","09","N","N","0","","0","0","0","3","3","","1247","0","2","0","0","0","0","0","3","0","2","N","","","","","","","","","","","","07","  ","","",""
"2301","1","0","0","0","0","0","0","0","0","7","0","","36","12","2019","2019129269","6","40.0921","-76.401","2248","08","0","0","0","0","0","0","0","0","","0","0","0","22","3","0","02","0","40 05:31.646","","00","76 24:03.470","0","0","0","0","36214","0","0","0","N","0","0","0","1","36214","0","","4","09","N","N","0","","0","0","0","0","0","","2245","0","1","0","0","0","0","0","3","0","1","N","","","","","","","","","","","","07","05","","",""
"1020","0","0","0","0","0","0","0","0","0","4","0","","36","12","2019","2019129300","7","40.2057","-76.1752","1010","08","0","0","0","0","0","2","0","0","","0","0","0","10","1","0","01","0","40 12:20.434","","00","76 10:30.803","0","0","0","0","36218","0","0","0","N","0","0","0","2","36408","0","","1","01","N","N","0","","0","0","2","3","3","N","1008","0","2","0","0","1","0","0","1","0","2","N","","","","","","","","","","","","03","03","","",""
"1501","1","0","0","0","0","0","0","0","0","4","0","","36","12","2019","2019129309","1","40.0324","-76.5005","1500","08","0","0","0","0","0","1","1","0","","0","0","0","14","1","0","01","1","40 01:56.499","6","00","76 30:01.771","0","0","0","0","36404","0","0","0","N","0","0","0","2","36404","0","","1","01","N","N","0","","0","0","1","0","0","Y","1456","0","2","0","0","0","0","0","3","0","2","N","","","","","","","","","","","1540","03","  ","","",""
"1940","2","0","0","0","0","0","0","0","0","2","0","","36","12","2019","2019129353","4","40.0265","-76.3046","1937","08","0","0","1","0","0","0","0","0","","0","0","0","19","3","0","01","0","40 01:35.540","","00","76 18:16.541","0","0","0","0","36301","0","0","0","N","0","0","0","2","36301","0","","1","01","N","N","0","","0","0","0","0","0","","1935","0","2","0","0","0","0","0","3","0","2","N","","","","","","","","","","","","03","  ","","",""
"2048","2","0","0","0","0","0","0","0","0","1","0","","36","12","2019","2019129463","1","40.0444","-76.3634","2045","08","0","0","0","0","0","0","0","0","2","0","0","0","20","3","0","01","1","40 02:39.964","2","00","76 21:48.087","0","0","0","0","36214","0","0","0","N","0","0","0","4","36214","0","","1","01","N","N","0","","0","0","0","3","2","N","2040","0","2","0","0","0","0","0","3","0","2","N","","","","","","","","","","","","03","  ","","",""
"1645","0","0","0","0","0","0","0","0","0","7","0","","36","12","2019","2019129578","2","40.2147","-76.0669","1639","08","0","0","0","0","0","0","0","0","","0","0","0","16","4","0","00","1","40 12:53.049","3","00","76 04:00.824","0","0","0","0","36202","0","0","0","N","0","0","0","1","68T06","0","","4","09","N","N","0","","0","0","1","0","0","N","1639","0","1","0","0","0","0","0","1","0","1","N","","","","","","","","","","","0030","07","  ","","",""
"1945","2","0","0","0","0","0","0","0","0","5","0","","36","12","2019","2019129640","2","40.0559","-76.5599","1941","08","0","0","0","1","0","0","0","0","","0","0","0","19","3","0","00","0","40 03:21.100","","00","76 33:35.600","0","0","0","0","36411","0","0","0","N","0","0","0","1","36504","0","","6","09","N","N","0","","0","0","0","0","0","","1941","0","2","0","0","0","0","0","1","0","2","N","","","","","","","","","","","","07","  ","","",""
"2018","2","0","0","0","0","0","0","0","0","4","0","","36","12","2019","2019129653","2","40.0915","-76.5197","2013","08","0","0","1","0","0","0","0","0","","0","0","0","20","3","1","01","1","40 05:29.310","7","00","76 31:11.085","4","0","0","0","36211","0","0","0","N","0","0","0","3","36504","1","","1","09","N","N","0","","0","0","0","3","2","Y","2010","1","2","0","0","0","0","0","1","0","2","N","","","","","","","","","","","2100","07","  ","","",""
"0933","1","0","0","0","0","0","0","0","0","7","0","","36","12","2019","2019129666","2","40.1981","-76.1218","0929","08","0","0","0","0","0","0","0","0","","0","0","0","09","1","1","00","0","40 11:53.020","","00","76 07:18.582","8","0","0","0","36210","0","0","0","N","0","0","0","1","36210","0","","5","09","N","N","0","","0","0","0","0","0","","0929","1","1","0","0","0","1","0","1","0","1","N","","","","","","","","","","","","07","  ","","",""
"1232","1","0","0","0","0","0","0","0","0","7","0","","36","12","2019","2019129668","4","40.1908","-76.1262","1222","08","0","0","1","0","0","0","0","0","","0","0","0","12","1","0","00","0","40 11:26.920","","00","76 07:34.290","0","0","0","0","36210","0","0","0","N","0","0","0","1","36210","0","","5","01","N","N","0","","0","0","0","0","0","","1221","0","1","0","0","0","0","0","1","0","1","N","","","","","","","","","","","","03","  ","","",""
"0540","1","0","0","0","0","0","0","0","0","7","0","","36","12","2019","2019129671","1","40.2445","-76.0913","0540","08","0","0","0","0","0","0","0","0","","0","0","0","05","2","0","00","0","40 14:40.306","","00","76 05:28.652","0","0","0","0","36210","0","0","0","N","0","0","0","1","36210","0","","5","09","N","N","0","","0","0","0","0","0","","0540","0","1","0","0","0","0","0","1","0","1","N","","","","","","","","","","","","07","  ","","",""
"0934","0","0","0","0","0","0","0","0","0","4","0","","36","12","2019","2019129718","1","40.1734","-76.1939","0931","08","0","0","1","0","0","0","0","0","","0","0","0","09","1","1","01","0","40 10:24.160","","00","76 11:38.086","3","0","0","0","36408","0","0","0","N","0","0","0","5","36408","0","","1","01","N","N","0","","1","0","2","3","3","","0931","1","2","0","0","1","0","0","2","0","2","N","","","","","","","","","","","","03","03","","",""
"1414","3","0","0","0","0","0","0","0","0","1","0","","36","12","2019","2019129753","1","39.9734","-76.247","1408","08","0","0","0","0","0","0","1","0","","0","0","0","14","1","0","00","1","39 58:24.218","1","00","76 14:49.124","0","0","0","0","36240","0","0","0","N","0","0","0","7","36240","0","","1","01","N","N","0","","0","0","0","0","0","N","1400","0","3","0","0","0","0","0","1","0","3","N","","","","","","","","","","","1459","03","03","","",""
"1533","1","0","0","0","0","0","0","0","0","4","0","","36","12","2019","2019129775","2","40.0421","-76.3134","1529","08","0","0","0","0","0","0","0","1","","0","0","0","15","1","2","01","1","40 02:31.437","4","00","76 18:48.380","4","0","0","0","36301","0","0","0","N","0","0","0","6","36301","2","","1","09","N","N","0","","0","0","1","3","2","Y","1526","2","2","0","0","0","0","0","3","0","2","N","","","","","","","","","","","1630","07","  ","","",""