"ARRIVAL_TM","AUTOMOBILE_COUNT","BELTED_DEATH_COUNT","BELTED_SUSP_SERIOUS_INJ_COUNT","BICYCLE_COUNT","BICYCLE_DEATH_COUNT","BICYCLE_SUSP_SERIOUS_INJ_COUNT","BUS_COUNT","CHLDPAS_DEATH_COUNT","CHLDPAS_SUSP_SERIOUS_INJ_COUNT","COLLISION_TYPE","COMM_VEH_COUNT","CONS_ZONE_SPD_LIM","COUNTY","CRASH_MONTH","CRASH_YEAR","CRN","DAY_OF_WEEK","DEC_LAT","DEC_LONG","DISPATCH_TM","DISTRICT","DRIVER_COUNT_16YR","DRIVER_COUNT_17YR","DRIVER_COUNT_18YR","DRIVER_COUNT_19YR","DRIVER_COUNT_20YR","DRIVER_COUNT_50_64YR","DRIVER_COUNT_65_74YR","DRIVER_COUNT_75PLUS","EST_HRS_CLOSED","FATAL_COUNT","HEAVY_TRUCK_COUNT","HORSE_BUGGY_COUNT","HOUR_OF_DAY","ILLUMINATION","INJURY_COUNT","INTERSECT_TYPE","LANE_CLOSED","LATITUDE","LN_CLOSE_DIR","LOCATION_TYPE","LONGITUDE","MAX_SEVERITY_LEVEL","MCYCLE_DEATH_COUNT","MCYCLE_SUSP_SERIOUS_INJ_COUNT","MOTORCYCLE_COUNT","MUNICIPALITY","NONMOTR_COUNT","NONMOTR_DEATH_COUNT","NONMOTR_SUSP_SERIOUS_INJ_COUNT","NTFY_HIWY_MAINT","PED_COUNT","PED_DEATH_COUNT","PED_SUSP_SERIOUS_INJ_COUNT","PERSON_COUNT","POLICE_AGCY","POSSIBLE_INJ_COUNT","RDWY_SURF_TYPE_CD","RELATION_TO_ROAD","ROAD_CONDITION","SCH_BUS_IND","SCH_ZONE_IND","SMALL_TRUCK_COUNT","SPEC_JURIS_CD","SUSP_MINOR_INJ_COUNT","SUSP_SERIOUS_INJ_COUNT","SUV_COUNT","TCD_FUNC_CD","TCD_TYPE","TFC_DETOUR_IND","TIME_OF_DAY","TOT_INJ_COUNT","TOTAL_UNITS","UNB_DEATH_COUNT","UNB_SUSP_SERIOUS_INJ_COUNT","UNBELTED_OCC_COUNT","UNK_INJ_DEG_COUNT","UNK_INJ_PER_COUNT","URBAN_RURAL","VAN_COUNT","VEHICLE_COUNT","WORK_ZONE_IND","WORK_ZONE_LOC","WORK_ZONE_TYPE","WORKERS_PRES","WZ_CLOSE_DETOUR","WZ_FLAGGER","WZ_LAW_OFFCR_IND","WZ_LN_CLOSURE","WZ_MOVING","WZ_OTHER","WZ_SHLDER_MDN","ROADWAY_CLEARED","WEATHER1","WEATHER2","WZ_WORKERS_INJ_KILLED","SECONDARY_CRASH","INTERSECTION_RELATED"
"1456","1","0","0","0","0","0","0","0","0","4","0","","36","12","2019","2019129985","4","40.0738","-76.3359","1454","08","0","0","0","0","0","1","0","0","2","0","0","0","14","1","2","00","2","40 04:25.762","1","07","76 20:09.343","4","0","0","0","36101","0","0","0","N","0","0","0","3","36101","2","","1","01","N","N","1","","0","0","0","3","2","N","1450","2","2","0","0","0","0","0","3","0","2","N","","","","","","","","","","","","03","  ","","",""
"1142","0","0","0","0","0","0","0","0","0","5","0","","36","12","2019","2019129987","5","40.0526","-76.3063","1136","08","0","0","0","0","0","0","1","0","3","0","0","0","11","1","0","00","1","40 03:09.434","1","00","76 18:22.801","0","0","0","0","36101","0","0","0","N","0","0","0","3","36101","0","","1","01","N","N","1","","0","0","1","0","0","N","1130","0","2","0","0","0","0","0","3","0","2","N","","","","","","","","","","","","03","  ","","",""
"1600","0","0","0","0","0","0","0","0","0","1","0","","36","12","2019","2019129988","5","40.0803","-76.2786","1551","08","0","0","0","0","1","0","0","0","","0","0","0","15","1","0","00","0","40 04:49.228","","00","76 16:43.106","0","0","0","0","36101","0","0","0","N","0","0","0","2","36101","0","","1","01","N","N","0","","0","0","2","0","0","","1547","0","2","0","0","0","0","0","3","0","2","N","","","","","","","","","","","","03","03","","",""
"1604","2","0","0","0","0","0","0","0","0","4","0","","36","12","2019","2019129989","2","40.0569","-76.3112","1601","08","0","0","0","0","0","1","0","0","","0","0","0","15","1","0","01","0","40 03:24.706","","00","76 18:40.172","0","0","0","0","36101","0","0","0","N","0","0","0","2","36101","0","","1","09","N","N","0","","0","0","0","3","2","","1556","0","2","0","0","0","0","0","3","0","2","N","","","","","","","","","","","","07","  ","","",""
"1828","1","0","0","0","0","0","0","0","0","1","0","","36","12","2019","2019129990","2","40.0397","-76.3335","1825","08","0","0","0","0","0","0","0","0","","0","0","0","17","2","0","00","0","40 02:22.978","","00","76 20:00.482","0","0","0","0","36220","0","0","0","N","0","0","0","1","36101","0","","6","09","N","N","1","","0","0","0","0","0","","1757","0","2","0","0","0","0","0","3","0","2","N","","","","","","","","","","","","07","  ","","",""
"1027","0","0","0","0","0","0","0","0","0","7","0","","36","12","2019","2019129991","3","40.0966","-76.3622","1015","08","0","0","0","0","0","1","0","0","","0","0","0","10","1","1","00","2","40 05:47.603","5","00","76 21:44.071","3","0","0","0","36214","0","0","0","N","0","0","0","1","36214","0","","5","09","N","N","1","","1","0","0","0","0","Y","1010","1","1","0","0","1","0","0","3","0","1","N","","","","","","","","","","","1221","07","04","","",""
"1926","0","0","0","0","0","0","0","0","0","1","0","","36","11","2019","2019129992","1","40.0341","-76.2505","1926","08","0","1","0","0","0","0","0","0","2","0","0","","19","3","0","02","1","40 02:02.929","4","00","76 15:01.795","0","0","0","0","36215","0","0","0","N","0","0","0","3","36215","0","","1","01","N","N","0","","0","0","0","3","2","N","1925","0","3","0","0","0","0","0","1","0","0","N","","","","","","","","","","","","03","  ","","",""
"0702","1","0","0","0","0","0","0","0","0","4","0","","36","12","2019","2019129993","5","40.1052","-76.2377","0702","08","0","0","0","0","0","0","0","0","2","0","0","0","06","5","2","00","2","40 06:18.817","6","03","76 14:15.844","3","0","0","0","36234","0","0","0","N","0","0","0","4","36215","1","","1","02","N","N","0","","1","0","1","0","0","N","0620","2","2","0","0","0","0","0","1","0","2","N","","","","","","","","","","","","03","  ","","",""
"1730","1","0","0","0","0","0","0","0","0","7","0","","36","12","2019","2019129994","2","40.0325","-76.4043","1724","08","0","1","0","0","0","0","0","0","2","0","0","0","17","2","0","02","1","40 01:56.885","4","00","76 24:15.413","0","0","0","0","36223","0","0","0","N","0","0","0","1","36223","0","","2","09","N","N","0","","0","0","0","0","0","Y","1717","0","1","0","0","0","0","0","1","0","1","N","","","","","","","","","","","","07","  ","","",""
"1247","0","0","0","0","0","0","0","0","0","4","0","","36","12","2019","2019129995","6","40.0382","-76.3543","1245","08","0","0","0","0","0","1","0","0","","0","0","0","12","1","1","00","1","40 02:17.656","4","07","76 21:15.354","3","0","0","1","36223","0","0","0","N","0","0","0","2","36223","0","","2","09","N","N","1","","1","0","0","0","0","Y","1244","1","2","0","0","0","0","0","1","0","2","N","","","","","","","","","","","1315","07","07","","",""
"2047","1","0","0","0","0","0","0","0","0","1","0","","36","12","2019","2019129996","1","40.0063","-76.4064","2042","08","0","0","0","0","0","0","0","0","","0","0","0","20","2","1","00","2","40 00:22.530","6","00","76 24:23.104","8","0","0","0","36223","0","0","0","N","0","0","0","3","36223","0","","1","01","N","N","0","","0","0","1","0","0","N","2040","1","2","0","0","0","1","0","1","0","2","N","","","","","","","","","","","2140","03","  ","","",""
"0851","0","0","0","0","0","0","0","0","0","7","0","","36","11","2019","2019129997","3","40.1623","-76.3872","0851","08","0","0","0","0","0","0","0","0","","0","0","","22","3","0","02","0","40 09:44.283","","00","76 23:13.876","9","0","0","0","36410","0","0","0","N","0","0","0","1","36410","0","","2","01","N","N","0","","0","0","0","0","0","","2200","0","1","0","0","0","0","0","2","0","0","N","","","","","","","","","","","","03","  ","","",""
"1302","1","0","0","0","0","0","0","0","0","7","0","","36","12","2019","2019129998","3","40.1938","-76.4162","1258","08","0","0","0","0","1","0","0","0","2","0","0","0","12","1","0","00","1","40 11:37.527","1","00","76 24:58.188","0","0","0","0","36230","0","0","0","N","0","0","0","1","36410","0","","5","01","N","N","0","","0","0","0","0","0","N","1256","0","1","0","0","0","0","0","1","0","1","N","","","","","","","","","","","","03","  ","","",""
"1747","1","0","0","0","0","0","0","0","0","8","0","","36","12","2019","2019129999","3","40.1619","-76.3931","1744","08","0","0","0","0","0","1","0","0","","0","0","0","17","3","1","01","0","40 09:42.680","","00","76 23:35.003","3","0","0","0","36410","2","0","0","N","2","0","0","4","36410","0","","1","01","N","N","0","","1","0","0","3","2","","1740","1","3","0","0","0","0","1","2","0","1","N","","","","","","","","","","","","03","  ","","",""
"1231","0","0","0","0","0","0","0","0","0","7","0","","36","12","2019","2019130000","6","40.2139","-76.4303","1224","08","0","0","0","0","0","0","0","0","","0","0","0","12","1","1","00","0","40 12:49.913","","00","76 25:49.189","4","0","0","0","36230","0","0","0","N","0","0","0","1","36410","1","","5","09","N","N","1","","0","0","0","0","0","","1221","1","1","0","0","0","0","0","1","0","1","N","","","","","","","","","","","","07","  ","","",""
"1703","1","0","0","0","0","0","0","0","0","4","0","","36","12","2019","2019130001","2","40.2203","-76.4404","1653","08","0","0","0","0","1","0","1","0","","0","0","0","16","4","0","01","1","40 13:12.958","2","00","76 26:25.539","0","0","0","0","36230","0","0","0","N","0","0","0","7","36410","0","","1","09","N","N","0","","0","0","0","3","3","N","1653","0","2","0","0","0","0","0","1","1","2","N","","","","","","","","","","","1730","07","  ","","",""
"2051","0","0","0","0","0","0","0","0","0","4","0","","36","12","2019","2019130257","2","40.1309","-76.2172","2050","08","0","0","0","0","0","0","1","0","","0","0","0","20","3","0","05","0","40 07:51.556","","00","76 13:01.609","0","0","0","0","36238","0","0","0","N","0","0","0","4","36238","0","","1","01","N","N","1","","0","0","1","3","2","","2050","0","2","0","0","0","0","0","3","0","2","N","","","","","","","","","","","","03","  ","","",""
"1427","3","0","0","0","0","0","0","0","0","1","0","","36","12","2019","2019130277","2","40.1779","-76.1763","1424","08","0","0","1","0","0","0","0","0","","0","0","0","14","1","0","00","0","40 10:40.465","","00","76 10:34.645","0","0","0","0","36408","0","0","0","N","0","0","0","4","36408","0","","1","01","N","N","0","","0","0","0","0","0","","1424","0","3","0","0","0","0","0","2","0","3","N","","","","","","","","","","","","03","03","","",""
"0130","1","0","0","0","0","0","0","0","0","7","0","","36","11","2019","2019130283","1","40.1716","-76.1731","0126","08","0","0","0","0","0","0","0","1","","0","0","0","01","3","0","00","2","40 10:17.677","5","00","76 10:23.320","9","0","0","0","36408","0","0","0","N","0","0","0","3","36408","0","","5","09","N","N","0","","0","0","0","0","0","Y","0126","0","1","0","0","0","0","1","2","0","1","N","","","","","","","","","","","0300","07","07","","",""
"0916","1","0","0","0","0","0","0","0","0","4","0","","36","12","2019","2019130334","4","40.0512","-76.2634","0908","08","0","0","0","0","0","0","0","1","","0","0","0","09","1","1","02","0","40 03:04.205","","00","76 15:48.497","4","0","0","0","36301","0","0","0","N","0","0","0","2","36301","1","","1","01","N","N","1","","0","0","0","3","3","","0906","1","2","0","0","0","0","0","3","0","2","N","","","","","","","","","","","","03","  ","","",""
"1801","0","0","0","0","0","0","0","0","0","1","0","","36","11","2019","2019130335","5","40.1342","-76.5431","1746","08","0","0","0","0","0","0","0","0","","0","0","","17","2","0","00","1","40 08:02.973","3","00","76 32:35.235","9","0","0","0","36225","0","0","0","N","0","0","0","3","36505","0","","1","01","N","N","0","","0","0","0","0","0","N","1726","0","3","0","0","0","0","0","2","0","0","N","","","","","","","","","","","1845","03","  ","","",""
"1628","1","0","0","0","0","0","0","0","0","7","0","","36","12","2019","2019130353","2","40.1859","-76.1514","1624","08","0","0","0","0","1","0","0","0","","0","0","0","16","2","0","00","0","40 11:09.325","","00","76 09:05.109","0","0","0","0","36218","0","0","0","N","0","0","0","1","36408","0","","5","09","N","N","0","","0","0","0","0","0","","1624","0","1","0","0","0","0","0","1","0","1","N","","","","","","","","","","","","07","  ","","",""
"0618","1","0","0","0","0","0","0","0","0","0","0","","36","12","2019","2019130381","3","40.1444","-76.6091","0610","08","0","0","0","0","0","0","0","0","","0","0","0","06","3","0","01","1","40 08:39.840","3","00","76 36:32.762","0","0","0","0","36407","0","0","0","N","0","0","0","1","36407","0","","1","09","N","N","0","","0","0","0","0","0","N","0610","0","1","0","0","0","0","0","2","0","1","N","","","","","","","","","","","0632","07","  ","","",""
"1353","1","0","0","0","0","0","0","0","0","5","1","","36","11","2019","2019130428","4","40.2418","-76.1455","1332","08","0","0","0","0","0","0","0","0","","0","1","0","13","1","0","00","0","40 14:30.618","","00","76 08:43.832","0","0","0","0","36236","0","0","0","N","0","0","0","4","68T06","0","","1","01","N","N","0","","0","0","0","0","0","","1331","0","2","0","0","1","0","0","1","0","2","N","","","","","","","","","","","","03","  ","","",""
"1323","1","0","0","0","0","0","0","0","0","4","0","","36","12","2019","2019130520","4","40.0654","-76.4577","1306","08","0","0","0","0","0","0","1","0","","0","0","0","13","1","0","01","0","40 03:55.424","","00","76 27:27.620","0","0","0","0","36239","0","0","0","N","0","0","0","2","36239","0","","1","01","N","N","0","","0","0","1","3","2","N","1304","0","2","0","0","0","0","0","3","0","2","N","","","","","","","","","","","","03","03","","",""
"1820","2","0","0","0","0","0","0","0","0","4","0","","36","12","2019","2019130569","3","40.0606","-76.2768","1815","08","0","0","0","0","0","1","0","0","","0","0","0","18","3","1","01","1","40 03:38.263","3","02","76 16:36.564","3","0","0","0","36101","0","0","0","N","0","0","0","4","36101","0","","1","09","N","N","0","","1","0","0","3","2","N","1810","1","2","0","0","0","0","0","3","0","2","N","","","","","","","","","","","0100","07","  ","","",""
"1933","1","0","0","0","0","0","0","0","0","7","0","","36","12","2019","2019130570","3","40.0352","-76.276","1922","08","0","0","0","0","0","1","0","0","","0","0","0","19","2","0","02","0","40 02:06.770","","00","76 16:33.718","0","0","0","0","36220","0","0","0","N","0","0","0","1","36101","0","","5","09","N","N","0","","0","0","0","3","3","","1912","0","1","0","0","0","0","0","3","0","1","N","","","","","","","","","","","","03","  ","","",""
"2055","1","0","0","0","0","0","0","0","0","5","0","","36","12","2019","2019130571","2","40.0561","-76.3684","2045","08","0","0","0","1","0","0","0","0","","0","0","0","20","2","0","00","0","40 03:21.922","","00","76 22:06.323","0","0","0","0","36214","0","0","0","N","0","0","0","2","36214","0","","1","09","N","N","0","","0","0","0","0","0","","2045","0","2","0","0","0","0","0","3","0","2","N","","","","","","","","","","","","07","  ","","",""
"2118","1","0","0","0","0","0","0","0","0","0","0","","36","12","2019","2019130572","7","40.0183","-76.2012","2113","08","0","0","1","0","0","0","0","0","1","0","0","0","21","2","0","00","1","40 01:05.840","2","00","76 12:04.310","0","0","0","0","36215","0","0","0","N","0","0","0","2","36215","0","","1","01","N","N","0","","0","0","0","0","0","N","2112","0","1","0","0","0","0","0","1","0","1","N","","","","","","","","","","","","03","  ","","",""
"0759","1","0","0","0","0","0","0","0","0","4","0","","36","12","2019","2019130573","1","40.0098","-76.1902","0749","08","0","0","0","0","1","0","0","0","","0","0","0","07","1","1","00","1","40 00:35.150","3","00","76 11:24.710","4","0","0","0","36215","0","0","0","N","0","0","0","2","36215","1","","1","01","N","N","1","","0","0","0","0","0","N","0748","1","2","0","0","0","0","0","1","0","2","N","","","","","","","","","","","0100","03","03","","",""
"0844","0","0","0","0","0","0","0","0","0","1","1","","36","12","2019","2019130574","6","40.0399","-76.2232","0843","08","0","0","0","0","0","1","0","0","","0","1","0","08","1","2","00","1","40 02:23.557","3","00","76 13:23.511","3","0","0","0","36215","0","0","0","N","0","0","0","3","36215","0","","1","01","N","N","0","","2","0","0","0","0","N","0841","2","3","0","0","0","0","0","1","2","3","N","","","","","","","","","","","0948","04","  ","","",""
"1321","1","0","0","0","0","0","0","0","0","1","0","","36","12","2019","2019130575","2","39.99","-76.2539","1312","08","0","0","0","0","0","0","0","1","","0","0","0","13","1","0","00","0","39 59:24.031","","00","76 15:13.868","0","0","0","0","36240","0","0","0","N","0","0","0","2","36240","0","","1","09","N","N","0","","0","0","1","0","0","","1312","0","2","0","0","0","0","0","1","0","2","N","","","","","","","","","","","","07","  ","","",""
"0643","2","0","0","0","0","0","0","0","0","1","0","","36","12","2019","2019130576","5","40.146","-76.118","0631","08","0","0","0","0","0","0","0","0","","0","0","0","06","2","0","00","0","40 08:45.700","","00","76 07:04.700","0","0","0","0","36209","0","0","0","N","0","0","0","2","36415","0","","1","01","N","N","0","","0","0","0","0","0","","0631","0","2","0","0","1","0","0","1","0","2","N","","","","","","","","","","","","03","03","","",""
"2130","0","0","0","0","0","0","0","0","0","7","0","","36","12","2019","2019130768","3","40.1993","-76.1742","2124","08","0","0","1","0","0","0","0","0","","0","0","0","21","2","0","00","0","40 11:57.377","","00","76 10:27.103","0","0","0","0","36218","0","0","0","N","0","0","0","1","36408","0","","2","09","N","N","0","","0","0","1","0","0","N","2120","0","1","0","0","0","0","0","1","0","1","N","","","","","","","","","","","","07","  ","","",""
"0114","1","0","0","0","0","0","0","0","0","7","0","","36","12","2019","2019130769","7","40.1161","-76.5276","0114","08","0","0","0","0","0","0","0","0","1","0","0","0","01","3","0","02","1","40 06:57.945","4","00","76 31:39.387","0","0","0","0","36413","0","0","0","Y","0","0","0","1","36413","0","","2","01","N","N","0","","0","0","0","0","0","N","0113","0","1","0","0","0","0","0","2","0","1","N","","","","","","","","","","","","03","  ","","",""
"1839","0","0","0","0","0","0","0","0","0","4","0","","36","12","2019","2019130791","4","40.0741","-76.5809","1835","08","0","1","0","0","0","0","0","0","","0","0","0","18","3","0","01","2","40 04:26.790","5","00","76 34:51.401","0","0","0","0","36211","0","0","0","N","0","0","0","2","36504","0","","1","01","N","N","0","","0","0","2","3","3","Y","1833","0","2","0","0","0","0","0","1","0","2","N","","","","","","","","","","","1900","03","  ","","",""
"2338","0","0","0","0","0","0","0","0","0","1","0","","36","12","2019","2019130793","4","40.0358","-76.5224","2338","08","0","0","0","0","0","0","0","0","","0","0","","23","2","0","00","1","40 02:08.915","3","03","76 31:20.713","9","0","0","0","36239","0","0","0","N","0","0","0","2","36239","0","","1","01","N","N","0","","0","0","0","0","0","N","2338","0","2","0","0","0","0","0","3","0","0","N","","","","","","","","","","","0010","03","08","","",""
"0155","1","0","0","0","0","0","0","0","0","2","0","","36","12","2019","2019130810","7","40.0384","-76.3013","0152","08","0","0","0","0","0","0","0","0","","0","0","0","01","3","0","01","1","40 02:18.358","1","00","76 18:04.767","0","0","0","0","36301","0","0","0","N","0","0","0","2","36301","0","","5","09","N","N","0","","0","0","0","3","2","N","0152","0","1","0","0","0","0","0","3","0","1","N","","","","","","","","","","","0222","07","05","","",""
"1511","0","0","0","0","0","0","0","0","0","4","0","","36","12","2019","2019131068","1","40.04","-76.3642","1508","08","0","0","0","0","0","1","0","0","","0","0","0","15","1","0","00","1","40 02:24.086","2","00","76 21:51.241","0","0","0","0","36214","0","0","0","N","0","0","0","2","36214","0","","1","01","N","N","1","","0","0","1","0","0","N","1507","0","2","0","0","1","0","0","3","0","2","N","","","","","","","","","","","1546","04","  ","","",""
"1702","1","0","0","0","0","0","0","0","0","1","0","","36","12","2019","2019131069","4","40.0541","-76.2189","1654","08","0","1","1","0","0","0","0","0","","0","0","0","16","3","0","02","0","40 03:14.737","","00","76 13:08.083","0","0","0","0","36215","0","0","0","N","0","0","0","2","36215","0","","1","09","N","N","1","","0","0","0","0","0","","1652","0","2","0","0","0","0","0","1","0","2","N","","","","","","","","","","","","07","  ","","",""
"0623","0","0","0","0","0","0","0","0","0","4","0","","36","12","2019","2019131070","3","39.9858","-76.2836","0613","08","0","0","0","0","0","1","0","0","","0","0","0","06","2","0","01","0","39 59:08.888","","00","76 17:01.092","0","0","0","0","36240","0","0","0","N","0","0","0","2","36240","0","","1","09","N","N","1","","0","0","1","3","2","","0613","0","2","0","0","1","0","0","1","0","2","N","","","","","","","","","","","","07","  ","","",""
"0256","1","0","0","0","0","0","0","0","0","7","0","","36","12","2019","2019131071","4","40.1612","-76.272","0252","08","0","0","0","0","0","0","0","0","","0","0","0","02","2","1","00","0","40 09:40.170","","00","76 16:19.030","8","0","0","0","36235","0","0","0","N","0","0","0","1","36506","0","","5","09","N","N","0","","0","0","0","0","0","","0250","1","1","0","0","0","1","0","1","0","1","N","","","","","","","","","","","","10","10","","",""
"1105","0","0","0","0","0","0","0","0","0","2","0","","36","12","2019","2019131072","4","40.1362","-76.3037","1045","08","0","0","0","0","0","1","0","0","","0","0","0","10","1","0","02","1","40 08:10.293","5","00","76 18:13.355","0","0","0","0","36235","0","0","0","N","0","0","0","2","36506","0","","1","01","N","N","0","","0","0","0","3","3","N","1037","0","2","0","0","2","0","0","1","2","2","N","","","","","","","","","","","0100","03","03","","",""
"1607","2","0","0","0","0","0","0","0","0","4","0","","36","12","2019","2019131073","5","40.1819","-76.3092","1602","08","0","0","0","1","1","0","0","0","","0","0","0","16","1","0","02","1","40 10:54.896","5","00","76 18:33.163","0","0","0","0","36235","0","0","0","N","0","0","0","2","36506","0","","1","01","N","N","0","","0","0","0","3","3","N","1600","0","2","0","0","0","0","0","1","0","2","N","","","","","","","","","","","0030","03","  ","","",""
"1755","2","0","0","0","0","0","0","0","0","4","0","","36","12","2019","2019131074","5","40.2341","-76.2377","1741","08","0","0","0","1","0","0","0","0","","0","0","0","17","2","0","01","0","40 14:02.705","","00","76 14:15.550","0","0","0","0","36204","0","0","0","N","0","0","0","2","36506","0","","1","01","N","N","0","","0","0","0","3","3","","1740","0","2","0","0","0","0","0","1","0","2","N","","","","","","","","","","","","03","03","","",""
"1730","1","0","0","0","0","0","0","0","0","4","0","","36","12","2019","2019131075","6","40.1885","-76.3253","1725","08","0","0","0","1","0","0","0","0","","0","0","0","17","3","2","01","1","40 11:18.768","7","00","76 19:30.989","3","0","0","0","36235","0","0","0","N","0","0","0","3","36506","1","","1","09","N","N","0","","1","0","1","3","3","Y","1723","2","2","0","0","0","0","0","1","0","2","N","","","","","","","","","","","0020","07","05","","",""
"2021","1","0","0","0","0","0","0","0","0","7","0","","36","12","2019","2019131076","6","40.142","-76.4083","2021","08","0","0","0","0","0","0","0","0","","0","0","0","20","2","0","00","0","40 08:31.370","","00","76 24:29.750","0","0","0","0","36227","0","0","0","N","0","0","0","1","36506","0","","5","09","N","N","0","","0","0","0","3","3","","2021","0","1","0","0","0","0","0","1","0","1","N","","","","","","","","","","","","07","05","","",""
"1606","0","0","0","0","0","0","0","0","0","7","0","","36","12","2019","2019131077","7","40.1478","-76.2816","1605","08","0","0","0","0","0","0","0","0","","0","0","0","16","1","0","00","0","40 08:52.064","","00","76 16:53.685","0","0","0","0","36235","0","0","0","N","0","0","0","1","36506","0","","5","09","N","N","1","","0","0","0","0","0","","1600","0","1","0","0","0","0","0","1","0","1","N","","","","","","","","","","","","07","04","","",""
"1210","0","0","0","0","0","0","0","0","0","4","0","","36","12","2019","2019131122","4","40.1059","-76.0254","1208","08","0","0","0","0","0","0","0","0","","0","0","0","12","1","3","01","2","40 06:21.120","5","00","76 01:31.461","3","0","0","0","36213","0","0","0","N","0","0","0","4","36213","1","","1","01","N","N","0","","2","0","2","3","3","Y","1206","3","2","0","0","0","0","0","1","0","2","N","","","","","","","","","","","1253","03","03","","",""
"0343","0","0","0","0","0","0","0","0","0","7","0","","36","12","2019","2019131160","3","40.1119","-75.9885","0327","08","0","0","0","0","0","0","0","0","","0","0","0","03","2","0","00","1","40 06:42.997","4","00","75 59:18.420","0","0","0","0","36213","0","0","0","N","0","0","0","1","68J01","0","","4","01","N","N","0","","0","0","1","0","0","N","0319","0","1","0","0","0","0","0","1","0","1","N","","","","","","","","","","","1610","03","03","","",""
"0642","1","0","0","0","0","0","0","0","0","1","0","","36","12","2019","2019131180","2","40.0015","-76.0852","0634","08","0","0","0","0","0","2","0","0","","0","0","0","06","3","0","00","0","40 00:05.245","","00","76 05:06.621","0","0","0","0","36226","0","0","0","N","0","0","0","2","68J01","0","","1","01","N","N","1","","0","0","0","0","0","","0631","0","2","0","0","0","0","0","1","0","2","N","","","","","","","","","","","","03","  ","","",""
"0757","0","0","0","0","0","0","0","0","0","4","0","","36","12","2019","2019131191","4","39.8664","-76.1517","0741","08","0","1","0","0","0","1","0","0","","0","0","0","07","1","0","00","0","39 51:59.130","","07","76 09:06.267","0","0","0","0","36212","0","0","0","N","0","0","0","3","68J01","0","","1","01","N","Y","2","","0","0","0","3","3","","0738","0","2","0","0","0","0","0","1","0","2","N","","","","","","","","","","","","03","  ","","",""
"1948","0","0","0","0","0","0","0","0","0","7","0","","36","12","2019","2019131209","4","40.1561","-76.0473","1948","08","0","0","0","0","0","1","0","0","","0","0","0","19","3","0","00","1","40 09:21.942","3","00","76 02:50.131","0","0","0","0","36418","0","0","0","N","0","0","0","1","68J01","0","","4","02","N","N","0","","0","0","0","0","0","N","1946","0","1","0","0","0","0","0","1","1","1","N","","","","","","","","","","","1952","06","10","","",""
"0507","1","0","0","0","0","0","0","0","0","98","0","","36","12","2019","2019131282","5","40.1424","-76.5545","0459","08","0","0","0","0","0","0","0","0","","0","0","0","04","2","0","00","1","40 08:32.782","3","00","76 33:16.335","0","0","0","0","36225","0","0","0","N","0","0","0","1","36505","0","","1","01","N","N","0","","0","0","0","0","0","N","0458","0","1","0","0","0","0","0","2","0","1","N","","","","","","","","","","","0600","03","03","","",""
"0255","1","0","0","0","0","0","0","0","0","7","0","","36","12","2019","2019131291","6","40.0105","-76.2658","0239","08","0","0","0","0","0","0","0","0","","0","0","0","02","2","1","00","0","40 00:37.672","","00","76 15:56.864","2","0","0","0","36240","0","0","0","N","0","0","0","1","36240","0","","5","01","N","N","0","","0","1","0","0","0","N","0200","1","1","0","0","0","0","0","1","0","1","N","","","","","","","","","","","","03","03","","",""
"0943","1","0","0","0","0","0","0","0","0","4","1","","36","12","2019","2019131365","6","40.0305","-76.2912","0940","08","0","0","1","0","0","0","0","0","","0","1","0","09","1","0","02","0","40 01:49.634","","00","76 17:28.240","0","0","0","0","36301","0","0","0","N","0","0","0","2","36301","0","","1","01","N","N","0","","0","0","0","3","3","","0939","0","2","0","0","0","0","0","3","0","2","N","","","","","","","","","","","","03","03","","",""
"0857","2","0","0","0","0","0","0","0","0","1","0","","36","12","2019","2019131385","5","40.1145","-76.6897","0857","08","0","0","0","0","0","0","0","0","","0","0","0","08","1","0","01","0","40 06:52.024","","00","76 41:22.901","0","0","0","0","36207","0","0","0","N","0","0","0","2","36504","0","","1","01","N","N","0","","0","0","0","0","0","N","0855","0","2","0","0","0","0","0","1","0","2","N","","","","","","","","","","","","03","  ","","",""
"0534","2","0","0","0","0","0","0","0","0","4","0","","36","12","2019","2019131408","5","40.0355","-76.3248","0529","08","0","0","0","0","1","0","0","0","","0","0","0","05","3","0","00","0","40 02:07.930","","00","76 19:29.300","0","0","0","0","36220","0","0","0","N","0","0","0","1","36101","0","","6","01","N","N","0","","0","0","0","0","0","","0519","0","2","0","0","0","0","0","3","0","2","N","","","","","","","","","","","","03","  ","","",""
"1244","1","0","0","0","0","0","0","0","0","1","0","","36","12","2019","2019131409","3","40.0694","-76.3165","1238","08","0","0","0","0","0","0","0","0","","0","0","0","12","1","0","01","0","40 04:09.954","","00","76 18:59.562","0","0","0","0","36101","0","0","0","N","0","0","0","3","36101","0","","1","09","N","N","0","","0","0","1","3","4","","1237","0","2","0","0","0","0","0","3","0","2","N","","","","","","","","","","","","07","04","","",""