"ARRIVAL_TM","AUTOMOBILE_COUNT","BELTED_DEATH_COUNT","BELTED_SUSP_SERIOUS_INJ_COUNT","BICYCLE_COUNT","BICYCLE_DEATH_COUNT","BICYCLE_SUSP_SERIOUS_INJ_COUNT","BUS_COUNT","CHLDPAS_DEATH_COUNT","CHLDPAS_SUSP_SERIOUS_INJ_COUNT","COLLISION_TYPE","COMM_VEH_COUNT","CONS_ZONE_SPD_LIM","COUNTY","CRASH_MONTH","CRASH_YEAR","CRN","DAY_OF_WEEK","DEC_LAT","DEC_LONG","DISPATCH_TM","DISTRICT","DRIVER_COUNT_16YR","DRIVER_COUNT_17YR","DRIVER_COUNT_18YR","DRIVER_COUNT_19YR","DRIVER_COUNT_20YR","DRIVER_COUNT_50_64YR","DRIVER_COUNT_65_74YR","DRIVER_COUNT_75PLUS","EST_HRS_CLOSED","FATAL_COUNT","HEAVY_TRUCK_COUNT","HORSE_BUGGY_COUNT","HOUR_OF_DAY","ILLUMINATION","INJURY_COUNT","INTERSECT_TYPE","LANE_CLOSED","LATITUDE","LN_CLOSE_DIR","LOCATION_TYPE","LONGITUDE","MAX_SEVERITY_LEVEL","MCYCLE_DEATH_COUNT","MCYCLE_SUSP_SERIOUS_INJ_COUNT","MOTORCYCLE_COUNT","MUNICIPALITY","NONMOTR_COUNT","NONMOTR_DEATH_COUNT","NONMOTR_SUSP_SERIOUS_INJ_COUNT","NTFY_HIWY_MAINT","PED_COUNT","PED_DEATH_COUNT","PED_SUSP_SERIOUS_INJ_COUNT","PERSON_COUNT","POLICE_AGCY","POSSIBLE_INJ_COUNT","RDWY_SURF_TYPE_CD","RELATION_TO_ROAD","ROAD_CONDITION","SCH_BUS_IND","SCH_ZONE_IND","SMALL_TRUCK_COUNT","SPEC_JURIS_CD","SUSP_MINOR_INJ_COUNT","SUSP_SERIOUS_INJ_COUNT","SUV_COUNT","TCD_FUNC_CD","TCD_TYPE","TFC_DETOUR_IND","TIME_OF_DAY","TOT_INJ_COUNT","TOTAL_UNITS","UNB_DEATH_COUNT","UNB_SUSP_SERIOUS_INJ_COUNT","UNBELTED_OCC_COUNT","UNK_INJ_DEG_COUNT","UNK_INJ_PER_COUNT","URBAN_RURAL","VAN_COUNT","VEHICLE_COUNT","WORK_ZONE_IND","WORK_ZONE_LOC","WORK_ZONE_TYPE","WORKERS_PRES","WZ_CLOSE_DETOUR","WZ_FLAGGER","WZ_LAW_OFFCR_IND","WZ_LN_CLOSURE","WZ_MOVING","WZ_OTHER","WZ_SHLDER_MDN","ROADWAY_CLEARED","WEATHER1","WEATHER2","WZ_WORKERS_INJ_KILLED","SECONDARY_CRASH","INTERSECTION_RELATED"
"1638","0","0","0","0","0","0","0","0","0","1","0","","36","12","2019","2019131410","3","40.094","-76.2617","1632","08","0","0","0","0","0","1","0","0","","0","0","0","16","2","0","00","1","40 05:38.566","2","00","76 15:42.266","0","0","0","0","36101","0","0","0","N","0","0","0","2","36101","0","","1","09","N","N","1","","0","0","1","0","0","N","1631","0","2","0","0","0","0","0","3","0","2","N","","","","","","","","","","","1644","07","04","","",""
"1303","0","0","0","0","0","0","0","0","0","7","0","","36","12","2019","2019131475","2","39.8494","-76.0688","1257","08","0","0","0","0","1","0","0","0","","0","0","0","12","1","0","00","2","39 50:57.742","5","00","76 04:07.623","0","0","0","0","36205","0","0","0","N","0","0","0","1","68J01","0","","4","09","N","N","1","","0","0","0","0","0","Y","1254","0","1","0","0","0","0","0","1","0","1","N","","","","","","","","","","","1340","07","  ","","",""
"1055","0","0","0","0","0","0","0","0","0","7","0","","36","12","2019","2019131479","4","39.9914","-76.0166","1040","08","0","0","0","0","0","0","1","0","","0","0","0","10","1","0","00","1","39 59:29.214","6","00","76 00:59.722","0","0","0","0","36232","0","0","0","Y","0","0","0","2","68J01","0","","4","01","N","N","0","","0","0","1","0","0","Y","1040","0","1","0","0","0","0","0","1","0","1","N","","","","","","","","","","","1215","04","  ","","",""
"1224","2","0","0","0","0","0","0","0","0","1","0","","36","12","2019","2019131480","4","39.977","-76.0124","1215","08","0","0","0","0","0","0","0","0","","0","0","0","12","1","1","00","1","39 58:37.288","1","00","76 00:44.611","3","0","0","0","36231","0","0","0","N","0","0","0","2","68J01","0","","1","01","N","N","0","","1","0","0","0","0","N","1213","1","2","0","0","0","0","0","1","0","2","N","","","","","","","","","","","1230","03","  ","","",""
"1432","1","0","0","0","0","0","0","0","0","1","0","","36","12","2019","2019131483","6","40.2261","-76.3024","1405","08","0","0","1","0","0","0","1","0","","0","0","0","13","1","1","01","0","40 13:34.012","","00","76 18:08.758","3","0","0","0","36217","0","0","0","N","0","0","0","2","68J01","0","","1","09","N","N","1","","1","0","0","3","2","","1356","1","2","0","0","0","0","0","1","0","2","N","","","","","","","","","","","","07","  ","","",""
"2011","1","0","0","0","0","0","0","0","0","4","0","","36","12","2019","2019131485","6","40.1895","-76.31","1957","08","0","0","0","0","0","0","1","0","","0","0","0","19","3","0","01","0","40 11:22.225","","00","76 18:36.138","0","0","0","0","36217","0","0","0","N","0","0","0","4","68J01","0","","1","09","N","N","0","","0","0","1","3","3","","1954","0","2","0","0","0","0","0","1","0","2","N","","","","","","","","","","","","05","  ","","",""
"2045","0","0","0","0","0","0","0","0","0","4","0","","36","12","2019","2019131486","6","40.2124","-76.0573","2025","08","0","0","1","0","0","0","0","0","","0","0","0","20","2","0","01","0","40 12:44.566","","00","76 03:26.169","9","0","0","0","36202","0","0","0","N","0","0","0","5","68J01","0","","1","09","N","N","1","","0","0","1","3","3","","2022","0","3","0","0","0","0","2","1","1","3","N","","","","","","","","","","","","05","07","","",""
"9999","1","0","0","0","0","0","0","0","0","5","1","","36","12","2019","2019131504","4","40.2382","-76.2658","1740","08","0","0","0","0","0","0","0","0","","0","1","0","17","2","0","00","0","40 14:17.416","","00","76 15:56.949","0","0","0","0","36204","0","0","0","N","0","0","0","2","68T06","0","","1","07","N","N","0","","0","0","0","0","0","","1758","0","2","0","0","0","0","0","1","0","2","N","","","","","","","","","","","","10","  ","","",""
"1403","1","0","0","0","0","0","0","0","0","4","0","","36","12","2019","2019131586","3","40.0681","-76.293","1355","08","0","0","0","0","0","1","0","0","","0","0","0","13","1","0","00","0","40 04:05.124","","00","76 17:34.682","0","0","0","0","36101","0","0","0","N","0","0","0","1","36101","0","","4","09","N","N","0","","0","0","0","0","0","","1350","0","1","0","0","0","0","0","3","0","1","N","","","","","","","","","","","","04","07","","",""
"0952","1","0","0","0","0","0","0","0","0","1","1","","36","12","2019","2019131588","5","40.0908","-76.1695","0938","08","0","0","0","0","0","1","1","0","","0","1","0","09","1","1","02","0","40 05:27.025","","00","76 10:10.335","8","0","0","0","36234","0","0","0","N","0","0","0","2","36215","0","","1","01","N","N","0","","0","0","0","0","0","","0935","1","2","0","0","0","1","0","1","0","2","N","","","","","","","","","","","","03","  ","","",""
"1344","1","0","1","0","0","0","0","0","0","4","0","","36","12","2019","2019131589","1","40.0781","-76.1848","1344","08","0","0","0","0","0","0","0","1","2","0","0","0","13","1","3","02","2","40 04:41.176","7","00","76 11:05.350","2","0","0","0","36234","0","0","0","N","0","0","0","4","36215","1","","1","01","N","N","0","","1","1","1","3","3","Y","1343","3","2","0","0","0","0","0","1","0","2","N","","","","","","","","","","","","03","  ","","",""
"1340","2","0","0","0","0","0","0","0","0","4","0","","36","12","2019","2019131590","2","40.0402","-76.2391","1326","08","0","0","0","0","0","1","0","1","","0","0","0","13","1","1","01","0","40 02:24.730","","00","76 14:20.844","8","0","0","0","36215","0","0","0","N","0","0","0","3","36215","0","","1","09","N","N","0","","0","0","0","3","2","","1324","1","2","0","0","0","1","0","1","0","2","N","","","","","","","","","","","","07","07","","",""
"1631","1","0","0","0","0","0","0","0","0","1","0","","36","12","2019","2019131591","5","40.0801","-76.2494","1601","08","0","0","0","0","0","2","0","0","","0","0","0","15","1","1","02","1","40 04:48.439","3","00","76 14:57.661","3","0","0","0","36215","0","0","0","N","0","0","0","3","36215","0","","1","01","N","N","0","","1","0","1","0","0","N","1559","1","2","0","0","1","0","0","1","0","2","N","","","","","","","","","","","0010","03","03","","",""
"2324","2","0","0","0","0","0","0","0","0","4","0","","36","12","2019","2019131592","5","40.0566","-76.215","2319","08","0","0","1","0","0","1","0","0","","0","0","0","23","3","1","01","1","40 03:23.868","7","00","76 12:53.887","3","0","0","0","36215","0","0","0","N","0","0","0","4","36215","0","","1","01","N","N","0","","1","0","0","3","2","N","2319","1","2","0","0","0","0","0","1","0","2","N","","","","","","","","","","","0019","03","03","","",""
"1108","0","0","0","0","0","0","0","0","0","7","0","","36","12","2019","2019131593","6","40.1517","-76.3072","1107","08","0","0","0","0","0","0","0","1","","0","0","0","11","1","0","01","0","40 09:06.012","","00","76 18:25.745","9","0","0","0","36409","0","0","0","N","0","0","0","1","36409","0","","4","01","N","N","0","","0","0","1","0","0","","1105","0","1","0","0","0","0","1","3","0","1","N","","","","","","","","","","","","03","  ","","",""
"1729","0","0","0","0","0","0","0","0","0","4","0","","36","11","2019","2019131650","4","39.9501","-76.1202","1726","08","0","0","0","1","0","0","1","0","1","0","0","0","17","2","0","01","1","39 57:00.187","2","00","76 07:12.579","0","0","0","0","36216","0","0","0","N","0","0","0","6","68J01","0","","1","01","N","N","1","","0","0","1","3","3","N","1721","0","2","0","0","0","0","0","1","0","2","N","","","","","","","","","","","","03","  ","","",""
"0657","2","0","0","0","0","0","0","0","0","4","0","","36","12","2019","2019131664","3","40.0392","-76.0644","0650","08","0","0","0","0","0","0","0","0","","0","0","0","06","2","1","01","1","40 02:21.008","6","00","76 03:51.801","3","0","0","0","36221","0","0","0","N","0","0","0","2","68J01","0","","1","09","N","N","0","","1","0","0","3","3","N","0643","1","2","0","0","0","0","0","1","0","2","N","","","","","","","","","","","0030","07","98","","",""
"1207","1","0","0","0","0","0","0","0","0","1","0","","36","12","2019","2019131672","4","39.8816","-76.1589","1204","08","0","0","0","0","0","0","0","1","","0","0","1","12","1","1","00","2","39 52:53.774","5","00","76 09:31.864","3","0","0","0","36212","1","0","0","N","0","0","0","2","68J01","0","","1","01","N","N","0","","1","0","0","0","0","Y","1201","1","2","0","0","0","0","0","1","0","1","N","","","","","","","","","","","0100","03","  ","","",""
"1622","1","0","2","0","0","0","0","0","0","4","0","","36","12","2019","2019131674","4","39.9593","-76.0996","1602","08","1","0","0","0","0","1","1","0","","0","0","0","15","1","4","01","2","39 57:33.444","7","00","76 05:58.443","2","0","0","0","36226","0","0","0","N","0","0","0","5","68J01","0","","1","01","N","N","1","","2","2","1","3","3","Y","1559","4","3","0","0","0","0","0","1","0","3","N","","","","","","","","","","","1630","03","03","","",""
"1516","1","0","0","0","0","0","0","0","0","7","0","","36","12","2019","2019131685","3","40.2459","-76.2136","1456","08","0","0","0","0","0","1","0","0","","0","0","0","14","1","1","00","0","40 14:45.357","","00","76 12:48.871","3","0","0","0","36204","0","0","0","N","0","0","0","1","68T06","0","","4","09","N","N","0","","1","0","0","0","0","","1455","1","1","0","0","0","0","0","1","0","1","N","","","","","","","","","","","","07","07","","",""
"1942","2","0","0","0","0","0","0","0","0","1","0","","36","12","2019","2019131733","6","40.1654","-76.1595","1937","08","0","0","1","0","1","1","0","0","","0","0","0","19","3","0","00","0","40 09:55.568","","00","76 09:34.198","0","0","0","0","36218","0","0","0","N","0","0","0","4","36408","0","","1","01","N","N","0","","0","0","1","0","0","","1937","0","3","0","0","0","0","0","1","0","3","N","","","","","","","","","","","","03","03","","",""
"1744","1","0","0","0","0","0","0","0","0","4","0","","36","12","2019","2019131761","6","40.2416","-76.1756","1735","08","0","0","0","0","0","2","0","0","","0","0","0","17","3","2","01","2","40 14:29.735","5","00","76 10:32.337","4","0","0","0","36236","0","0","0","N","0","0","0","2","36408","2","","1","01","N","N","0","","0","0","1","3","3","Y","1733","2","2","0","0","0","0","0","1","0","2","N","","","","","","","","","","","1820","03","03","","",""
"1717","2","0","0","0","0","0","0","0","0","4","0","","36","12","2019","2019131808","6","40.0288","-76.3077","1706","08","0","0","0","0","0","1","0","0","","0","0","0","17","3","1","00","1","40 01:43.721","2","00","76 18:27.846","8","0","0","0","36301","0","0","0","Y","0","0","0","3","36301","0","","1","01","N","N","0","","0","0","0","0","0","N","1704","1","2","0","0","0","1","0","3","0","2","N","","","","","","","","","","","1751","03","03","","",""
"0939","0","0","0","0","0","0","0","0","0","4","0","","36","12","2019","2019131851","6","40.033","-76.506","0936","08","0","0","0","0","0","0","1","0","","0","0","0","09","1","0","01","1","40 01:58.979","6","00","76 30:21.554","0","0","0","0","36404","0","0","0","N","0","0","0","2","36404","0","","1","01","N","N","1","","0","0","1","3","3","N","0935","0","2","0","0","0","0","0","3","0","2","N","","","","","","","","","","","1010","04","  ","","",""
"0856","1","0","0","0","0","0","0","0","0","2","0","","36","12","2019","2019131880","6","40.1941","-76.1522","0846","08","0","0","0","0","0","0","2","0","","0","0","0","08","1","0","02","1","40 11:38.918","5","00","76 09:07.840","0","0","0","0","36218","0","0","0","N","0","0","0","3","36408","0","","1","01","N","N","0","","0","0","1","3","3","Y","0846","0","2","0","0","0","0","0","1","0","2","N","","","","","","","","","","","0925","03","03","","",""
"0133","1","0","0","0","0","0","0","0","0","7","0","","36","10","2019","2019131908","4","39.8239","-76.0509","0124","08","0","0","0","0","0","0","0","0","","0","0","0","01","2","3","00","0","39 49:26.100","","00","76 03:03.370","3","0","0","0","36205","0","0","0","N","0","0","0","3","68J01","0","","4","01","N","N","0","","1","0","0","0","0","","0122","3","1","0","0","1","2","0","1","0","1","N","","","","","","","","","","","","03","  ","","",""
"1322","1","0","0","0","0","0","0","0","0","1","1","55","36","11","2019","2019131911","6","40.1481","-76.1815","1322","08","0","0","0","0","0","1","0","0","2","0","1","0","13","1","1","00","1","40 08:53.160","1","00","76 10:53.278","3","0","0","0","36238","0","0","0","N","0","0","0","2","68J01","0","","1","01","N","N","0","","1","0","0","0","0","N","1322","1","2","0","0","1","0","0","3","0","2","Y","2","1","Y","N","N","Y","Y","N","N","N","","03","  ","","",""
"1203","2","0","0","0","0","0","0","0","0","1","0","","36","12","2019","2019132024","3","40.0771","-76.3378","1157","08","0","0","0","0","0","0","0","0","","0","0","0","11","1","0","00","0","40 04:37.733","","00","76 20:16.009","0","0","0","0","36101","0","0","0","N","0","0","0","2","36101","0","","1","01","N","N","0","","0","0","0","0","0","","1154","0","2","0","0","0","0","0","3","0","2","N","","","","","","","","","","","","03","03","","",""
"1823","0","0","0","0","0","0","0","0","0","4","0","","36","12","2019","2019132025","3","40.0727","-76.3191","1814","08","0","0","0","0","0","0","0","0","","0","0","0","18","3","0","11","1","40 04:21.500","2","00","76 19:08.999","0","0","0","0","36101","0","0","0","N","0","0","0","2","36101","0","","1","09","N","N","0","","0","0","2","0","0","N","1810","0","2","0","0","0","0","0","3","0","2","N","","","","","","","","","","","1845","07","04","","",""
"1706","1","0","0","0","0","0","0","0","0","1","0","","36","12","2019","2019132026","5","40.0643","-76.3381","1702","08","0","0","0","0","0","2","0","0","2","0","0","0","17","3","1","00","1","40 03:51.479","4","00","76 20:17.339","3","0","0","0","36101","0","0","0","N","0","0","0","7","36101","0","","1","01","N","N","0","","1","0","3","0","0","N","1701","1","4","0","0","0","0","0","3","0","4","N","","","","","","","","","","","","03","  ","","",""
"1443","1","0","0","0","0","0","0","0","0","4","0","","36","12","2019","2019132027","6","40.1093","-76.2501","1434","08","0","0","0","0","0","0","1","0","","0","0","0","14","1","1","01","0","40 06:33.403","","00","76 15:00.444","3","0","0","0","36101","0","0","0","N","0","0","0","2","36101","0","","1","01","N","N","0","","1","0","0","3","3","","1431","1","2","0","0","0","0","0","3","1","2","N","","","","","","","","","","","","03","03","","",""
"1656","2","0","0","0","0","0","0","0","0","1","0","","36","12","2019","2019132028","6","40.0953","-76.2734","1654","08","0","0","0","0","0","0","0","0","","0","0","0","16","3","0","02","0","40 05:43.068","","00","76 16:24.143","0","0","0","0","36101","0","0","0","N","0","0","0","2","36101","0","","1","01","N","N","0","","0","0","0","0","0","","1652","0","2","0","0","0","0","0","3","0","2","N","","","","","","","","","","","","03","  ","","",""
"1345","1","0","0","0","0","0","0","0","0","4","0","","36","12","2019","2019132029","6","40.1233","-76.3753","1340","08","0","0","0","0","0","1","0","0","","0","0","0","13","1","0","01","2","40 07:23.702","3","00","76 22:31.147","0","0","0","0","36214","0","0","0","N","0","0","0","3","36214","0","","1","01","N","N","0","","0","0","1","3","3","N","1335","0","3","0","0","1","0","0","3","1","3","N","","","","","","","","","","","1435","03","03","","",""
"1157","1","0","0","0","0","0","0","0","0","4","0","","36","11","2019","2019132057","6","39.9508","-76.2379","1153","08","0","0","0","0","0","0","0","0","","0","0","0","11","1","0","00","0","39 57:02.903","","00","76 14:16.442","0","0","0","0","36233","0","0","0","N","0","0","0","2","68J01","0","","2","01","N","N","0","","0","0","0","0","0","","1149","0","2","0","0","0","0","0","1","1","2","N","","","","","","","","","","","","03","  ","","",""
"1034","0","0","0","0","0","0","0","0","0","7","0","","36","12","2019","2019132100","6","39.9437","-76.0525","1012","08","0","0","0","0","0","0","1","0","","0","0","0","10","1","1","00","1","39 56:37.363","3","00","76 03:08.913","3","0","0","0","36231","0","0","0","N","0","0","0","1","68J01","0","","4","01","N","N","0","","1","0","0","0","0","N","1010","1","1","0","0","0","0","0","1","1","1","N","","","","","","","","","","","0030","03","03","","",""
"1641","2","0","0","0","0","0","0","0","0","4","0","","36","12","2019","2019132104","6","40.0685","-76.3074","1611","08","0","0","0","0","0","1","0","0","","0","0","0","15","1","0","01","1","40 04:06.605","3","00","76 18:27.559","0","0","0","0","36101","0","0","0","Y","0","0","0","2","68J01","0","","1","01","N","N","0","","0","0","0","3","2","N","1550","0","2","0","0","0","0","0","3","0","2","N","","","","","","","","","","","1646","03","  ","","",""
"0521","2","0","0","0","0","0","0","0","0","5","0","","36","12","2019","2019132133","7","40.0337","-76.3113","0515","08","0","0","0","0","0","0","0","0","","0","0","0","05","3","0","00","2","40 02:01.332","4","00","76 18:40.670","0","0","0","0","36301","0","0","0","N","0","0","0","0","36301","0","","4","01","N","N","0","","0","0","0","0","0","N","0510","0","2","0","0","0","0","0","3","0","2","N","","","","","","","","","","","0603","98","03","","",""
"0139","2","0","0","0","0","0","0","0","0","5","0","","36","12","2019","2019132138","1","40.0392","-76.309","0132","08","0","0","0","0","0","0","0","0","","0","0","0","01","3","0","00","0","40 02:21.184","","00","76 18:32.294","0","0","0","0","36301","0","0","0","N","0","0","0","0","36301","0","","6","01","N","N","0","","0","0","0","0","0","","0132","0","2","0","0","0","0","0","3","0","2","N","","","","","","","","","","","","03","03","","",""
"2000","0","1","0","0","0","0","0","0","0","4","1","","36","12","2019","2019132181","3","40.149","-76.6121","1959","08","0","0","0","0","0","0","0","0","","1","1","0","19","3","0","00","2","40 08:56.572","6","07","76 36:43.510","1","0","0","0","36407","0","0","0","N","0","0","0","2","36407","0","2","1","01","N","N","0","0","0","0","1","0","0","Y","1956","0","2","0","0","0","0","0","2","0","2","N","","","","","","","","","","","0045","03","  ","","",""
"1319","2","0","0","0","0","0","0","0","0","4","0","","36","12","2019","2019132182","6","40.1528","-76.2062","1315","08","0","0","0","0","1","0","0","0","","0","0","0","13","1","0","02","0","40 09:10.011","","07","76 12:22.492","0","0","0","0","36402","0","0","0","N","0","0","0","2","36402","0","","1","01","N","N","0","","0","0","0","0","0","","1315","0","2","0","0","0","0","0","2","0","2","N","","","","","","","","","","","","03","  ","","",""
"1818","0","0","0","0","0","0","0","0","0","1","0","","36","12","2019","2019132185","1","40.0666","-76.5675","1815","08","0","0","0","0","0","0","0","0","","0","0","0","18","3","0","00","2","40 03:59.876","5","00","76 34:02.945","9","0","0","0","36211","0","0","0","N","0","0","0","1","36504","0","","1","01","N","N","0","","0","0","2","0","0","Y","1815","0","2","0","0","0","0","1","1","0","2","N","","","","","","","","","","","1924","03","03","","",""
"0901","0","0","0","0","0","0","0","0","0","1","0","","36","12","2019","2019132193","2","40.0632","-76.5416","0856","08","0","0","0","0","0","1","0","0","","0","0","0","08","1","0","00","0","40 03:47.600","","00","76 32:29.600","0","0","0","0","36211","0","0","0","N","0","0","0","2","36504","0","","1","01","N","N","0","","0","0","1","0","0","","0856","0","2","0","0","0","0","0","1","1","2","N","","","","","","","","","","","","03","03","","",""
"1239","2","0","0","0","0","0","0","0","0","1","0","","36","12","2019","2019132229","1","40.0218","-76.2721","1231","08","0","0","0","0","0","0","0","0","","0","0","0","12","1","1","02","1","40 01:18.494","3","00","76 16:19.617","4","0","0","0","36240","0","0","0","N","0","0","0","3","36240","1","","1","01","N","N","1","","0","0","0","3","3","Y","1231","1","3","0","0","0","0","0","1","0","3","N","","","","","","","","","","","1345","03","  ","","",""
"1545","2","0","0","0","0","0","0","0","0","1","0","","36","11","2019","2019132234","2","40.1867","-76.0952","1526","08","0","0","0","0","0","0","1","0","","0","0","0","15","1","0","00","2","40 11:12.250","4","07","76 05:42.716","0","0","0","0","36202","0","0","0","N","0","0","0","3","68J01","0","","1","01","N","N","0","","0","0","0","0","0","N","1507","0","2","0","0","0","0","0","1","0","2","N","","","","","","","","","","","1630","03","03","","",""
"1913","0","0","0","0","0","0","0","0","0","1","0","","36","12","2019","2019132245","4","39.8212","-76.1999","1858","08","0","0","0","0","0","0","0","0","","0","0","0","18","2","2","00","0","39 49:16.476","","00","76 11:59.559","3","0","0","0","36208","0","0","0","N","0","0","0","6","68J01","0","","1","01","N","N","0","","2","0","1","0","0","","1853","2","2","0","0","0","0","0","1","1","2","N","","","","","","","","","","","","03","03","","",""
"0848","2","0","0","0","0","0","0","0","0","5","0","","36","12","2019","2019132259","5","40.1137","-76.0313","0846","08","0","0","1","0","1","0","0","0","","0","0","0","08","1","1","00","1","40 06:49.153","4","00","76 01:52.663","3","0","0","0","36213","0","0","0","N","0","0","0","2","36213","0","","1","01","N","N","0","","1","0","0","0","0","N","0845","1","2","0","0","0","0","0","1","0","2","N","","","","","","","","","","","0930","03","03","","",""
"1716","1","0","0","0","0","0","0","0","0","2","0","","36","12","2019","2019132286","6","40.1755","-76.1779","1714","08","0","0","1","0","0","1","0","0","","0","0","0","17","3","1","01","1","40 10:31.641","6","00","76 10:40.267","3","0","0","0","36408","0","0","0","N","0","0","0","3","36408","0","","1","01","N","N","0","","1","0","0","3","3","Y","1714","1","2","0","0","0","0","0","2","1","2","N","","","","","","","","","","","1805","03","03","","",""
"1824","1","0","0","0","0","0","0","0","0","4","0","","36","12","2019","2019132302","7","40.0791","-76.3465","1819","08","0","0","0","0","0","0","0","0","","0","0","0","18","6","0","02","1","40 04:45.084","5","02","76 20:47.455","9","0","0","0","36101","0","0","0","N","0","0","0","2","36101","0","","1","01","N","N","1","","0","0","0","3","3","Y","1815","0","2","0","0","0","0","1","3","0","2","N","","","","","","","","","","","1909","03","03","","",""
"1159","1","0","0","0","0","0","0","0","0","4","0","","36","12","2019","2019132303","7","40.0613","-76.3049","1156","08","0","1","0","0","0","0","0","0","","0","0","0","11","1","0","00","2","40 03:40.560","7","00","76 18:17.770","9","0","0","0","36101","0","0","0","N","0","0","0","2","36101","0","","1","01","N","N","0","","0","0","0","0","0","Y","1153","0","2","0","0","0","0","1","3","1","2","N","","","","","","","","","","","1230","04","03","","",""
"1557","2","0","0","0","0","0","0","0","0","4","0","","36","12","2019","2019132304","7","40.07","-76.3182","1556","08","0","0","0","0","0","0","0","0","","0","0","0","15","1","1","00","0","40 04:11.835","","00","76 19:05.611","3","0","0","0","36101","0","0","0","N","0","0","0","5","36101","0","","1","01","N","N","0","","1","0","0","0","0","","1553","1","2","0","0","0","0","0","3","0","2","N","","","","","","","","","","","","03","  ","","",""
"1103","3","0","0","0","0","0","0","0","0","1","0","","36","11","2019","2019132305","6","40.0336","-76.3168","1054","08","0","0","1","0","0","1","0","0","3","0","0","0","10","1","1","02","2","40 02:01.049","3","00","76 19:00.348","4","0","0","0","36301","0","0","0","N","0","0","0","6","36301","1","","1","09","N","N","0","","0","0","1","0","0","Y","1054","1","4","0","0","1","0","0","3","0","4","N","","","","","","","","","","","","07","  ","","",""
"2237","0","0","0","0","0","0","0","0","0","1","0","","36","12","2019","2019132428","1","40.1577","-76.6094","2237","08","0","0","0","0","0","0","0","0","","0","0","0","22","3","0","00","1","40 09:27.845","4","00","76 36:33.721","0","0","0","0","36407","0","0","0","N","0","0","0","1","36407","0","","4","01","N","N","0","","0","0","1","0","0","N","2237","0","2","0","0","0","0","0","2","0","2","N","","","","","","","","","","","2324","03","  ","","",""
"1544","0","0","0","0","0","0","0","0","0","4","0","","36","11","2019","2019132486","6","40.0342","-76.3186","1542","08","0","0","0","0","0","0","0","0","","0","0","","15","1","0","01","0","40 02:03.062","","00","76 19:06.945","9","0","0","0","36301","0","0","0","N","0","0","0","2","36301","0","","1","01","N","N","0","","0","0","0","3","3","","1540","0","2","0","0","0","0","0","3","0","0","N","","","","","","","","","","","","03","03","","",""
"1754","0","0","0","0","0","0","0","0","0","4","0","","36","12","2019","2019132512","4","40.1652","-76.5778","1751","08","0","0","0","0","0","0","0","0","","0","0","0","17","2","0","02","2","40 09:54.723","4","00","76 34:40.236","0","0","0","0","36225","0","0","0","N","0","0","0","7","36505","0","","1","01","N","N","1","","0","0","1","3","3","N","1751","0","2","0","0","0","0","0","2","0","2","N","","","","","","","","","","","1859","03","03","","",""
"1738","1","0","0","0","0","0","0","0","0","1","0","","36","12","2019","2019132513","7","40.1655","-76.1596","1738","08","0","0","0","0","0","0","0","0","","0","0","0","17","1","0","01","0","40 09:55.667","","00","76 09:34.569","0","0","0","0","36218","0","0","0","N","0","0","0","3","36408","0","","1","01","N","N","0","","0","0","1","3","2","","1737","0","2","0","0","0","0","0","1","0","2","N","","","","","","","","","","","","03","03","","",""
"1630","1","0","0","0","0","0","0","0","0","4","0","","36","12","2019","2019132520","2","40.0382","-76.3414","1619","08","0","0","0","0","0","1","0","1","","0","0","0","16","3","0","01","0","40 02:17.361","","00","76 20:28.994","0","0","0","0","36220","0","0","0","N","0","0","0","5","36101","0","","1","09","N","N","0","","0","0","1","3","2","","1614","0","2","0","0","0","0","0","3","0","2","N","","","","","","","","","","","","07","  ","","",""
"1722","2","0","0","0","0","0","0","0","0","1","0","","36","12","2019","2019132521","6","40.0643","-76.3381","1715","08","0","0","1","0","0","1","0","0","","0","0","0","17","3","0","00","1","40 03:51.583","4","00","76 20:17.090","0","0","0","0","36101","0","0","0","N","0","0","0","2","36101","0","","1","01","N","N","0","","0","0","0","0","0","N","1710","0","2","0","0","0","0","0","3","0","2","N","","","","","","","","","","","0045","03","  ","","",""
"2256","2","0","0","0","0","0","0","0","0","1","0","","36","12","2019","2019132522","6","40.1041","-76.3054","2252","08","0","1","0","0","0","0","0","0","","0","0","0","22","2","1","00","1","40 06:14.881","2","00","76 18:19.491","3","0","0","0","36101","0","0","0","N","0","0","0","2","36101","0","","1","01","N","N","0","","1","0","0","0","0","N","2251","1","2","0","0","0","0","0","3","0","2","N","","","","","","","","","","","0030","03","03","","",""
"0304","1","0","0","0","0","0","0","0","0","7","0","","36","12","2019","2019132523","1","40.1036","-76.3543","0300","08","0","0","0","0","0","0","0","0","","0","0","0","02","3","0","00","1","40 06:12.952","1","00","76 21:15.429","0","0","0","0","36406","0","0","0","N","0","0","0","2","36101","0","","5","01","N","N","0","","0","0","0","0","0","N","0257","0","1","0","0","0","0","0","3","0","1","N","","","","","","","","","","","0400","03","03","","",""