"ARRIVAL_TM","AUTOMOBILE_COUNT","BELTED_DEATH_COUNT","BELTED_SUSP_SERIOUS_INJ_COUNT","BICYCLE_COUNT","BICYCLE_DEATH_COUNT","BICYCLE_SUSP_SERIOUS_INJ_COUNT","BUS_COUNT","CHLDPAS_DEATH_COUNT","CHLDPAS_SUSP_SERIOUS_INJ_COUNT","COLLISION_TYPE","COMM_VEH_COUNT","CONS_ZONE_SPD_LIM","COUNTY","CRASH_MONTH","CRASH_YEAR","CRN","DAY_OF_WEEK","DEC_LAT","DEC_LONG","DISPATCH_TM","DISTRICT","DRIVER_COUNT_16YR","DRIVER_COUNT_17YR","DRIVER_COUNT_18YR","DRIVER_COUNT_19YR","DRIVER_COUNT_20YR","DRIVER_COUNT_50_64YR","DRIVER_COUNT_65_74YR","DRIVER_COUNT_75PLUS","EST_HRS_CLOSED","FATAL_COUNT","HEAVY_TRUCK_COUNT","HORSE_BUGGY_COUNT","HOUR_OF_DAY","ILLUMINATION","INJURY_COUNT","INTERSECT_TYPE","LANE_CLOSED","LATITUDE","LN_CLOSE_DIR","LOCATION_TYPE","LONGITUDE","MAX_SEVERITY_LEVEL","MCYCLE_DEATH_COUNT","MCYCLE_SUSP_SERIOUS_INJ_COUNT","MOTORCYCLE_COUNT","MUNICIPALITY","NONMOTR_COUNT","NONMOTR_DEATH_COUNT","NONMOTR_SUSP_SERIOUS_INJ_COUNT","NTFY_HIWY_MAINT","PED_COUNT","PED_DEATH_COUNT","PED_SUSP_SERIOUS_INJ_COUNT","PERSON_COUNT","POLICE_AGCY","POSSIBLE_INJ_COUNT","RDWY_SURF_TYPE_CD","RELATION_TO_ROAD","ROAD_CONDITION","SCH_BUS_IND","SCH_ZONE_IND","SMALL_TRUCK_COUNT","SPEC_JURIS_CD","SUSP_MINOR_INJ_COUNT","SUSP_SERIOUS_INJ_COUNT","SUV_COUNT","TCD_FUNC_CD","TCD_TYPE","TFC_DETOUR_IND","TIME_OF_DAY","TOT_INJ_COUNT","TOTAL_UNITS","UNB_DEATH_COUNT","UNB_SUSP_SERIOUS_INJ_COUNT","UNBELTED_OCC_COUNT","UNK_INJ_DEG_COUNT","UNK_INJ_PER_COUNT","URBAN_RURAL","VAN_COUNT","VEHICLE_COUNT","WORK_ZONE_IND","WORK_ZONE_LOC","WORK_ZONE_TYPE","WORKERS_PRES","WZ_CLOSE_DETOUR","WZ_FLAGGER","WZ_LAW_OFFCR_IND","WZ_LN_CLOSURE","WZ_MOVING","WZ_OTHER","WZ_SHLDER_MDN","ROADWAY_CLEARED","WEATHER1","WEATHER2","WZ_WORKERS_INJ_KILLED","SECONDARY_CRASH","INTERSECTION_RELATED"
"0215","0","0","0","0","0","0","0","0","0","1","0","","36","12","2019","2019132524","2","40.1084","-76.4356","0206","08","0","0","0","0","0","1","0","0","","0","0","0","02","2","0","00","0","40 06:30.105","","00","76 26:08.218","0","0","0","0","36214","0","0","0","N","0","0","0","2","36214","0","","1","01","N","N","0","","0","0","2","0","0","","0206","0","2","0","0","0","0","0","3","0","2","N","","","","","","","","","","","","03","03","","",""
"1837","1","0","0","0","0","0","0","0","0","7","0","","36","12","2019","2019132525","1","40.0713","-76.3618","1832","08","0","0","0","0","0","0","0","0","","0","0","0","18","3","0","00","0","40 04:16.832","","00","76 21:42.638","0","0","0","0","36214","0","0","0","N","0","0","0","1","36214","0","","5","01","N","N","0","","0","0","0","3","3","","1826","0","1","0","0","0","0","0","3","0","1","N","","","","","","","","","","","","03","  ","","",""
"2043","1","0","0","0","0","0","0","0","0","4","0","","36","12","2019","2019132526","1","40.1233","-76.3753","2035","08","0","0","0","0","0","0","0","0","","0","0","0","20","3","0","01","0","40 07:23.702","","00","76 22:31.147","0","0","0","0","36214","0","0","0","N","0","0","0","2","36214","0","","1","01","N","N","0","","0","0","1","3","3","","2033","0","2","0","0","0","0","0","3","0","2","N","","","","","","","","","","","","03","03","","",""
"1330","0","0","0","0","0","0","0","0","0","1","0","","36","12","2019","2019132527","7","40.1399","-76.3827","1320","08","0","0","0","0","0","0","0","1","","0","0","0","13","1","0","02","0","40 08:23.771","","00","76 22:57.704","0","0","0","0","36227","0","0","0","N","0","0","0","2","36506","0","","1","01","N","N","0","","0","0","2","0","0","","1318","0","2","0","0","0","0","0","1","0","2","N","","","","","","","","","","","","04","03","","",""
"1232","0","0","0","0","0","0","0","0","0","1","0","","36","11","2019","2019132551","6","40.236","-76.0742","1217","08","0","0","0","0","0","0","0","0","","0","0","","12","1","0","00","0","40 14:09.631","","07","76 04:27.230","9","0","0","0","36210","0","0","0","N","0","0","0","3","36408","0","","1","01","N","N","0","","0","0","0","0","0","","1217","0","2","0","0","0","0","0","1","0","0","N","","","","","","","","","","","","03","03","","",""
"1355","1","0","0","0","0","0","0","0","0","8","0","","36","12","2019","2019132563","5","40.0425","-76.3086","1350","08","0","0","0","0","0","0","0","0","","0","0","0","13","1","1","01","0","40 02:33.012","","00","76 18:31.058","3","0","0","0","36301","1","0","0","N","1","0","0","2","36301","0","","1","01","N","N","0","","1","0","0","3","2","","1350","1","2","0","0","0","0","0","3","0","1","N","","","","","","","","","","","","03","03","","",""
"1201","1","0","0","0","0","0","0","0","0","4","0","","36","12","2019","2019132573","7","40.1557","-76.1172","1156","08","0","0","0","0","0","0","1","0","","0","0","1","11","1","1","02","1","40 09:20.586","1","00","76 07:01.931","3","0","0","0","36218","1","0","0","N","0","0","0","2","36408","0","","1","09","N","N","0","","1","0","0","0","0","N","1156","1","2","0","0","0","0","0","1","0","1","N","","","","","","","","","","","1220","07","  ","","",""
"1404","2","0","0","0","0","0","0","0","0","1","0","","36","12","2019","2019132700","5","40.0756","-76.3368","1403","08","0","0","0","0","0","0","0","2","","0","0","0","14","1","1","02","1","40 04:32.012","1","00","76 20:12.583","4","0","0","0","36101","0","0","0","N","0","0","0","4","36101","1","","1","01","N","N","0","","0","0","0","3","2","N","1401","1","2","0","0","0","0","0","3","0","2","N","","","","","","","","","","","1515","03","  ","","",""
"1702","2","0","0","0","0","0","0","0","0","4","0","","36","12","2019","2019132701","5","40.0798","-76.2944","1657","08","0","0","2","0","0","0","0","0","","0","0","0","16","3","1","01","2","40 04:47.179","6","00","76 17:39.985","3","0","0","0","36101","0","0","0","N","0","0","0","3","36101","0","","1","01","N","N","0","","1","0","0","0","0","Y","1656","1","2","0","0","0","0","0","3","0","2","N","","","","","","","","","","","1746","03","03","","",""
"0738","1","0","0","0","0","0","0","0","0","7","0","","36","12","2019","2019132702","5","40.0915","-76.13","0722","08","0","0","0","0","0","0","1","0","3","0","0","0","07","1","0","00","1","40 05:29.501","3","00","76 07:48.078","0","0","0","0","36234","0","0","0","N","0","0","0","1","36215","0","","4","01","N","N","0","","0","0","0","0","0","N","0717","0","1","0","0","0","0","0","1","0","1","N","","","","","","","","","","","","03","  ","","",""
"1442","1","0","0","0","0","0","0","0","0","2","0","","36","12","2019","2019132703","6","40.0302","-76.2326","1438","08","0","0","0","0","0","1","0","0","","0","0","0","14","1","2","00","2","40 01:48.891","3","00","76 13:57.201","3","0","0","0","36215","0","0","0","N","0","0","0","5","36215","1","","1","01","N","N","0","","1","0","1","0","0","N","1436","2","2","0","0","1","0","0","1","0","2","N","","","","","","","","","","","1500","03","  ","","",""
"2024","2","0","0","0","0","0","0","0","0","4","0","","36","12","2019","2019132704","7","40.0361","-76.2571","2020","08","0","0","0","0","0","2","0","0","","0","0","0","20","3","0","01","1","40 02:09.984","3","00","76 15:25.380","0","0","0","0","36215","0","0","0","N","0","0","0","3","36215","0","","1","01","N","N","0","","0","0","0","3","3","N","2018","0","2","0","0","0","0","0","1","0","2","N","","","","","","","","","","","2116","03","  ","","",""
"0804","0","0","0","0","0","0","0","0","0","7","0","","36","12","2019","2019132705","2","40.0819","-76.1159","0749","08","0","0","0","0","0","0","0","0","","0","0","","07","1","0","00","1","40 04:54.921","2","00","76 06:57.225","9","0","0","0","36234","0","0","0","N","0","0","0","1","36215","0","","4","01","N","N","0","","0","0","0","0","0","N","0746","0","1","0","0","0","0","0","1","0","0","N","","","","","","","","","","","0030","03","03","","",""
"0459","0","0","0","0","0","0","0","0","0","1","0","","36","11","2019","2019132744","7","39.7506","-76.2269","0432","08","0","0","0","0","0","0","0","0","","0","0","","04","2","0","09","0","39 45:01.980","","00","76 13:36.660","9","0","0","0","36219","0","0","0","N","0","0","0","1","68J01","0","","1","01","N","N","0","","0","0","0","3","6","","0432","0","2","0","0","0","0","0","1","0","0","N","","","","","","","","","","","","03","03","","",""
"1801","0","0","0","0","0","0","0","0","0","98","0","","36","12","2019","2019132833","6","40.0443","-76.1031","1746","08","0","0","0","0","0","1","0","0","","0","0","0","17","2","0","00","0","40 02:39.500","","00","76 06:10.980","0","0","0","0","36221","0","0","0","N","0","0","0","5","68J01","0","","1","01","N","N","0","","0","0","1","0","0","","1737","0","1","0","0","0","0","0","1","0","1","N","","","","","","","","","","","","03","03","","",""
"1311","1","0","0","0","0","0","0","0","0","1","0","","36","12","2019","2019132877","1","40.1642","-76.1543","1305","08","0","0","0","0","0","1","0","0","","0","0","0","13","1","0","00","0","40 09:51.150","","00","76 09:15.643","0","0","0","0","36218","0","0","0","N","0","0","0","2","36408","0","","1","01","N","N","1","","0","0","0","3","2","","1305","0","2","0","0","0","0","0","1","0","2","N","","","","","","","","","","","","03","  ","","",""
"2350","1","0","0","0","0","0","0","0","0","4","0","","36","12","2019","2019132929","2","40.0375","-76.4466","2350","08","0","0","0","0","0","1","0","0","","0","0","0","23","3","1","01","1","40 02:15.040","3","00","76 26:47.880","3","0","0","0","36239","0","0","0","N","0","0","0","2","36239","0","","1","01","N","N","0","","1","0","1","3","3","N","2350","1","2","0","0","1","0","0","3","0","2","N","","","","","","","","","","","0100","03","03","","",""
"1932","0","0","0","0","0","0","0","0","0","1","0","","36","12","2019","2019132935","5","40.0363","-76.3062","1935","08","0","0","0","0","0","0","0","0","","0","0","","19","3","2","00","1","40 02:10.700","3","00","76 18:22.400","9","0","0","0","36301","0","0","0","N","0","0","0","2","36301","0","","4","01","N","N","0","","0","0","0","0","0","Y","1932","0","4","0","0","0","0","0","3","0","0","N","","","","","","","","","","","2047","03","  ","","",""
"1410","0","0","0","0","0","0","0","0","0","1","0","","36","12","2019","2019132971","2","40.0643","-76.3251","1358","08","0","0","0","0","0","1","0","0","","0","0","0","13","1","0","00","0","40 03:51.367","","00","76 19:30.328","0","0","0","0","36301","0","0","0","N","0","0","0","3","36301","0","","1","01","N","N","0","","0","0","3","0","0","","1358","0","3","0","0","0","0","0","3","0","3","N","","","","","","","","","","","","03","03","","",""
"0915","0","0","0","0","0","0","0","0","0","7","0","","36","12","2019","2019132980","3","40.1333","-76.1401","0908","08","0","0","0","0","0","0","0","0","","0","0","0","09","1","1","00","2","40 07:59.728","6","00","76 08:24.399","3","0","0","0","36238","0","0","0","N","0","0","0","1","36238","0","","5","02","N","N","1","","1","0","0","0","0","Y","0905","1","1","0","0","1","0","0","3","0","1","N","","","","","","","","","","","0958","98","  ","","",""
"0709","1","0","0","0","0","0","0","0","0","4","0","","36","12","2019","2019133016","2","40.1309","-76.2172","0648","08","0","0","1","0","0","0","1","0","","0","0","0","06","5","0","01","0","40 07:51.556","","00","76 13:01.609","0","0","0","0","36238","0","0","0","N","0","0","0","2","36238","0","","1","01","N","N","1","","0","0","0","3","2","","0648","0","2","0","0","0","0","0","3","0","2","N","","","","","","","","","","","","03","  ","","",""
"1552","0","0","0","0","0","0","0","0","0","1","1","","36","12","2019","2019133059","3","39.8167","-76.0404","1539","08","0","0","0","0","0","1","0","0","","0","1","0","15","1","1","02","2","39 49:00.165","1","00","76 02:25.284","4","0","0","0","36205","0","0","0","N","0","0","0","2","68J01","1","","1","09","N","N","1","","0","0","0","0","0","N","1527","1","2","0","0","0","0","0","1","0","2","N","","","","","","","","","","","0030","07","04","","",""
"1324","1","0","0","0","0","0","0","0","0","5","0","","36","12","2019","2019133116","4","40.0194","-76.3413","1014","08","0","0","0","0","0","0","1","0","1","0","0","0","13","1","0","02","1","40 01:09.994","2","00","76 20:28.522","0","0","0","0","36412","0","0","0","N","0","0","0","2","36412","0","","2","01","N","N","0","","0","0","1","0","0","N","1357","0","2","0","0","2","0","0","3","0","2","N","","","","","","","","","","","","03","  ","","",""
"1729","1","0","0","0","0","0","0","0","0","1","0","","36","12","2019","2019133147","5","40.0905","-76.2641","1725","08","0","0","0","0","0","0","0","0","","0","0","0","17","2","0","00","0","40 05:25.792","","00","76 15:50.616","0","0","0","0","36101","0","0","0","N","0","0","0","4","36101","0","","1","01","N","N","0","","0","0","1","0","0","","1721","0","2","0","0","0","0","0","3","0","2","N","","","","","","","","","","","","03","03","","",""
"1025","1","0","0","0","0","0","0","0","0","1","0","","36","12","2019","2019133148","2","40.0787","-76.3464","1021","08","0","0","0","0","1","1","0","0","","0","0","0","10","1","1","06","0","40 04:41.635","","00","76 20:46.699","3","0","0","0","36101","0","0","0","N","0","0","0","3","36101","0","","1","01","N","N","0","","1","0","1","3","3","","1020","1","2","0","0","0","0","0","3","0","2","N","","","","","","","","","","","","03","  ","","",""
"2116","0","0","0","0","0","0","0","0","0","1","0","","36","12","2019","2019133149","2","40.047","-76.3267","2112","08","0","0","0","1","0","0","0","0","","0","0","0","21","2","2","00","2","40 02:49.040","2","00","76 19:36.070","4","0","0","0","36220","0","0","0","N","0","0","0","2","36101","2","","1","01","N","N","0","","0","0","2","0","0","Y","2111","2","2","0","0","0","0","0","3","0","2","N","","","","","","","","","","","2205","03","03","","",""
"1932","1","0","0","0","0","0","0","0","0","7","0","","36","12","2019","2019133150","6","40.0377","-76.2718","1924","08","0","0","0","0","0","1","1","0","","0","0","0","19","3","1","01","2","40 02:16.006","1","00","76 16:18.567","3","0","0","0","36215","0","0","0","N","0","0","0","5","36215","0","","4","09","N","N","0","","1","0","1","3","2","Y","1924","1","2","0","0","0","0","0","1","0","2","N","","","","","","","","","","","2012","07","  ","","",""
"1753","1","0","0","0","0","0","0","0","0","1","0","","36","12","2019","2019133151","5","40.0864","-76.1992","1744","08","0","0","0","0","0","0","0","0","","0","0","0","17","3","0","01","1","40 05:11.145","6","00","76 11:57.218","0","0","0","0","36234","0","0","0","N","0","0","0","2","36215","0","","1","01","N","N","1","","0","0","0","0","0","Y","1740","0","2","0","0","0","0","0","1","0","2","N","","","","","","","","","","","1822","03","03","","",""
"1336","1","0","0","0","0","0","0","0","0","0","0","","36","12","2019","2019133152","3","40.0018","-76.4753","1325","08","0","0","0","0","0","0","0","0","","0","0","0","13","1","0","00","2","40 00:06.531","5","00","76 28:31.016","0","0","0","0","36223","0","0","0","N","0","0","0","1","36223","0","","1","09","N","N","0","","0","0","0","0","0","Y","1321","0","1","0","0","0","0","0","1","0","1","N","","","","","","","","","","","1500","07","07","","",""
"2207","1","0","0","0","0","0","0","0","0","7","0","","36","12","2019","2019133153","4","40.1688","-76.2761","2204","08","0","0","0","0","0","1","0","0","","0","0","0","21","2","0","00","1","40 10:07.590","3","00","76 16:33.790","0","0","0","0","36235","0","0","0","N","0","0","0","1","36506","0","","5","01","N","N","0","","0","0","0","0","0","N","2158","0","1","0","0","0","0","0","1","0","1","N","","","","","","","","","","","0100","03","03","","",""
"2229","1","0","0","0","0","0","0","0","0","7","0","","36","12","2019","2019133181","4","40.0403","-76.3061","2229","08","0","0","0","0","0","0","0","0","","0","0","0","22","3","0","00","0","40 02:25.217","","00","76 18:22.060","0","0","0","0","36301","0","0","0","N","0","0","0","1","36301","0","","5","01","N","N","0","","0","0","0","0","0","","2229","0","1","0","0","0","0","0","3","0","1","Y","","","","","","","","","","","","03","  ","","",""
"1152","1","0","0","0","0","0","0","0","0","7","0","","36","11","2019","2019133195","1","40.1748","-75.9648","1135","08","0","0","0","0","0","0","0","0","","0","0","0","11","1","0","00","0","40 10:29.399","","00","75 57:53.269","0","0","0","0","36203","0","0","0","N","0","0","0","2","68T06","0","","4","09","N","N","0","","0","0","0","0","0","","1135","0","1","0","0","0","0","0","1","0","1","N","","","","","","","","","","","","06","  ","","",""
"1411","0","0","0","0","0","0","0","0","0","7","0","","36","12","2019","2019133222","7","40.2253","-76.4002","1353","08","0","0","0","0","0","0","0","0","","0","0","0","13","1","0","00","0","40 13:31.147","","00","76 24:00.743","0","0","0","0","36230","0","0","0","N","0","0","0","1","68T06","0","","3","09","N","N","1","","0","0","0","0","0","","1350","0","1","0","0","0","0","0","1","0","1","N","","","","","","","","","","","","07","  ","","",""
"0401","6","0","0","0","0","0","0","0","0","1","0","","36","12","2019","2019133264","3","40.0458","-76.2884","0356","08","0","0","0","0","0","0","0","0","","0","0","0","03","3","0","00","2","40 02:45.051","5","00","76 17:18.070","0","0","0","0","36301","0","0","0","N","0","0","0","1","36301","0","","4","01","N","N","0","","0","0","0","0","0","Y","0353","0","6","0","0","0","0","0","3","0","6","N","","","","","","","","","","","0422","03","03","","",""
"0430","0","0","0","0","0","0","0","0","0","7","0","","36","12","2019","2019133291","6","40.1286","-76.6254","0419","08","0","0","0","0","1","0","0","0","","0","0","0","04","2","0","02","1","40 07:42.850","1","00","76 37:31.404","0","0","0","0","36237","0","0","0","N","0","0","0","1","36505","0","","5","01","N","N","0","","0","0","1","0","0","N","0415","0","1","0","0","0","0","0","1","0","1","N","","","","","","","","","","","0445","03","03","","",""
"1518","0","0","0","0","0","0","0","0","0","4","0","","36","11","2019","2019133318","6","40.1382","-76.2112","1513","08","0","0","0","0","0","0","2","0","","0","0","0","15","1","1","02","1","40 08:17.395","5","00","76 12:40.247","2","0","1","1","36238","0","0","0","N","0","0","0","2","36238","0","","1","01","N","N","0","","0","1","0","3","3","Y","1513","1","2","0","0","0","0","0","3","1","2","N","","","","","","","","","","","1600","03","03","","",""
"2024","1","0","0","0","0","0","0","0","0","7","0","","36","12","2019","2019133321","3","40.1286","-76.6435","1950","08","0","0","0","0","0","0","0","1","","0","0","0","19","2","0","00","0","40 07:42.904","","00","76 38:36.737","0","0","0","0","36237","0","0","0","N","0","0","0","1","36505","0","","5","01","N","N","0","","0","0","0","0","0","N","1940","0","1","0","0","0","0","0","1","0","1","N","","","","","","","","","","","","03","03","","",""
"0903","2","0","0","0","0","0","0","0","0","4","0","","36","12","2019","2019133341","5","40.1797","-76.1788","0901","08","0","0","0","0","0","0","1","0","","0","0","0","08","1","0","01","0","40 10:46.795","","00","76 10:43.582","0","0","0","0","36408","0","0","0","N","0","0","0","2","36408","0","","1","01","N","N","0","","0","0","0","3","2","","0858","0","2","0","0","0","0","0","2","0","2","N","","","","","","","","","","","","03","03","","",""
"1311","1","0","0","1","0","0","0","0","0","4","0","","36","12","2019","2019133346","2","40.0326","-76.3123","1311","08","0","0","0","0","0","0","0","0","","0","0","0","13","1","1","01","1","40 01:57.478","2","00","76 18:44.412","3","0","0","0","36301","1","0","0","N","0","0","0","2","36301","0","","1","01","N","N","0","","1","0","0","3","3","Y","1311","1","2","0","0","0","0","0","3","0","1","N","","","","","","","","","","","1335","03","03","","",""
"1453","1","0","0","0","0","0","0","0","0","2","0","","36","12","2019","2019133353","2","40.0223","-76.3207","1448","08","0","0","0","0","0","0","0","0","","0","0","0","14","1","1","01","1","40 01:20.323","1","00","76 19:14.383","3","0","0","0","36301","0","0","0","N","0","0","0","1","36301","0","","5","01","N","N","0","","1","0","0","3","3","Y","1448","1","1","0","0","0","0","0","3","0","1","N","","","","","","","","","","","1540","03","03","","",""
"1547","2","0","0","0","0","0","0","0","0","1","0","","36","12","2019","2019133354","6","40.1299","-76.2166","1540","08","0","0","0","0","0","0","0","0","","0","0","0","15","1","2","00","0","40 07:47.557","","00","76 12:59.701","3","0","0","0","36238","0","0","0","N","0","0","0","3","36238","0","","1","01","N","N","0","","2","0","0","3","2","","1540","2","2","0","0","1","0","0","3","0","2","N","","","","","","","","","","","","03","03","","",""
"1841","2","0","0","0","0","0","0","0","0","1","0","","36","12","2019","2019133425","5","40.0679","-76.2996","1836","08","1","0","0","0","0","0","0","0","","0","0","0","17","3","0","00","0","40 04:04.618","","00","76 17:58.395","0","0","0","0","36101","0","0","0","N","0","0","0","4","36101","0","","1","01","N","N","0","","0","0","1","0","0","","1751","0","3","0","0","0","0","0","3","0","3","N","","","","","","","","","","","","03","03","","",""
"1407","1","0","0","0","0","0","0","0","0","7","0","","36","12","2019","2019133426","2","40.0999","-76.3053","1404","08","0","0","0","0","0","0","0","0","","0","0","0","14","1","0","00","1","40 05:59.485","2","00","76 18:19.195","0","0","0","0","36101","0","0","0","N","0","0","0","1","36101","0","","4","01","N","N","0","","0","0","0","0","0","N","1400","0","1","0","0","0","0","0","3","0","1","N","","","","","","","","","","","1436","03","03","","",""
"1423","1","0","0","0","0","0","0","0","0","1","0","","36","12","2019","2019133427","3","40.0606","-76.2768","1418","08","0","0","0","0","0","1","0","0","","0","0","0","14","1","1","06","2","40 03:36.043","3","02","76 16:39.816","3","0","0","0","36101","0","0","0","N","0","0","0","3","36101","0","","1","01","N","N","1","","1","0","0","3","4","Y","1415","1","2","0","0","0","0","0","3","0","2","N","","","","","","","","","","","1450","03","03","","",""
"0207","0","0","0","0","0","0","0","0","0","1","0","","36","12","2019","2019133428","4","40.1034","-76.4234","0156","08","0","0","0","0","0","0","0","0","","0","0","","01","2","0","00","2","40 06:12.356","3","00","76 25:24.112","9","0","0","0","36214","0","0","0","N","0","0","0","2","36214","0","","1","01","N","N","0","","0","0","0","0","0","N","0155","0","2","0","0","0","0","0","3","0","0","N","","","","","","","","","","","0240","03","  ","","",""
"0950","0","0","0","0","0","0","0","0","0","4","0","","36","12","2019","2019133429","2","40.0592","-76.069","0941","08","0","0","0","0","0","0","0","1","","0","0","0","09","1","1","01","1","40 03:33.201","7","00","76 04:08.417","3","0","0","0","36209","0","0","0","N","0","0","0","3","36415","0","","1","01","N","N","1","","1","0","1","3","3","N","0940","1","2","0","0","0","0","0","1","0","2","N","","","","","","","","","","","1030","03","03","","",""
"0923","1","0","0","0","0","0","0","0","0","7","0","","36","12","2019","2019133430","3","40.1331","-76.3078","0922","08","0","0","0","0","0","0","0","0","","0","0","0","09","1","0","00","0","40 07:59.100","","00","76 18:28.000","0","0","0","0","36235","0","0","0","N","0","0","0","1","36506","0","","2","02","N","N","0","","0","0","0","0","0","","0919","0","1","0","0","0","0","0","1","0","1","N","","","","","","","","","","","","03","03","","",""
"0350","0","0","0","0","0","0","0","0","0","7","0","","36","12","2019","2019133475","4","40.2458","-76.2059","0337","08","0","0","0","0","0","0","0","0","","0","0","0","99","2","0","00","0","40 14:44.969","","00","76 12:21.195","0","0","0","0","36236","0","0","0","N","0","0","0","1","68T06","0","","4","09","N","N","0","","0","0","1","0","0","","9999","0","1","0","0","0","0","0","1","0","1","N","","","","","","","","","","","","10","07","","",""
"1607","1","0","0","0","0","0","0","0","0","4","0","","36","12","2019","2019133530","3","40.1723","-76.1965","1602","08","0","0","0","1","0","0","0","0","","0","0","0","16","1","1","02","0","40 10:20.428","","00","76 11:47.578","4","0","0","0","36408","0","0","0","N","0","0","0","3","36408","1","","1","01","N","N","0","","0","0","1","3","3","","1602","1","2","0","0","0","0","0","2","0","2","N","","","","","","","","","","","","03","  ","","",""
"2017","0","0","0","0","0","0","0","0","0","8","0","","36","12","2019","2019133533","6","40.029","-76.3177","2013","08","0","0","0","0","0","0","0","0","","0","0","0","20","3","1","01","0","40 01:44.273","","00","76 19:03.590","3","0","0","0","36301","1","0","0","N","1","0","0","2","36301","0","","1","01","N","N","0","","1","0","0","3","3","","2010","1","2","0","0","0","0","1","3","0","1","N","","","","","","","","","","","","03","03","","",""
"2045","1","0","0","0","0","0","0","0","0","7","0","","36","12","2019","2019133534","4","40.2396","-76.144","2035","08","0","0","0","0","0","1","0","0","","0","0","0","20","2","2","02","1","40 14:22.439","4","00","76 08:38.422","4","0","0","0","36236","0","0","0","N","0","0","0","2","36408","2","","5","09","N","N","0","","0","0","0","3","3","Y","2030","2","1","0","0","0","0","0","1","0","1","N","","","","","","","","","","","2145","03","03","","",""
"1640","2","0","0","0","0","0","0","0","0","4","0","","36","12","2019","2019133596","1","40.0454","-76.3118","1637","08","0","0","0","0","0","0","0","0","","0","0","0","16","4","0","01","1","40 02:43.494","2","00","76 18:42.620","0","0","0","0","36301","0","0","0","N","0","0","0","2","36301","0","","1","01","N","N","0","","0","0","0","3","3","Y","1637","0","2","0","0","0","0","0","3","0","2","N","","","","","","","","","","","1714","03","03","","",""
"1214","2","0","0","0","0","0","0","0","0","4","0","","36","12","2019","2019133618","4","40.0374","-76.3168","1204","08","0","0","0","0","0","0","0","0","","0","0","0","12","1","0","00","0","40 02:14.617","","00","76 19:00.533","0","0","0","0","36301","0","0","0","N","0","0","0","1","36301","0","","1","01","N","N","0","","0","0","0","0","0","N","1204","0","2","0","0","0","0","0","3","0","2","N","","","","","","","","","","","","03","03","","",""
"1105","2","0","0","0","0","0","0","0","0","4","0","","36","12","2019","2019133635","4","40.0379","-76.2745","1101","08","0","0","0","0","0","0","1","0","1","0","0","0","11","1","1","02","1","40 02:16.860","4","00","76 16:28.467","3","0","0","0","36220","0","0","0","N","0","0","0","2","36101","0","","1","01","N","N","0","","1","0","0","3","2","N","1100","1","2","0","0","0","0","0","3","0","2","N","","","","","","","","","","","","03","  ","","",""
"1642","0","0","1","0","0","0","0","0","0","1","1","","36","12","2019","2019133636","2","40.1163","-76.3617","1633","08","0","0","0","0","0","0","0","0","","0","1","0","16","4","1","03","2","40 06:58.599","5","00","76 21:42.204","2","0","0","0","36214","0","0","0","N","0","0","0","2","36214","0","","1","09","N","N","0","","0","1","0","0","0","Y","1631","1","2","0","0","0","0","0","3","1","2","N","","","","","","","","","","","1715","07","  ","","",""
"1523","0","0","0","0","0","0","0","0","0","8","0","","36","12","2019","2019133752","5","40.1789","-76.1775","1522","08","0","0","0","0","0","0","1","0","","0","0","0","15","1","1","01","1","40 10:43.860","6","00","76 10:38.979","2","0","0","0","36408","1","0","1","N","1","0","1","2","36408","0","","1","01","N","N","0","","0","1","1","3","2","N","1521","1","2","0","0","0","0","0","2","0","1","N","","","","","","","","","","","1540","03","  ","","",""
"1729","1","0","0","0","0","0","0","0","0","7","0","","36","12","2019","2019133789","1","40.1007","-76.3054","1720","08","0","0","0","0","0","0","1","0","","0","0","0","17","3","0","00","0","40 06:02.611","","00","76 18:19.299","0","0","0","0","36101","0","0","0","N","0","0","0","1","36101","0","","4","01","N","N","0","","0","0","0","0","0","","1718","0","1","0","0","0","0","0","3","0","1","N","","","","","","","","","","","","03","  ","","",""
"0751","1","0","0","0","0","0","0","0","0","4","1","","36","12","2019","2019133790","5","40.1118","-76.2441","0740","08","0","0","0","0","0","1","0","0","","0","1","0","07","1","0","00","0","40 06:42.643","","00","76 14:38.839","0","0","0","0","36101","0","0","0","N","0","0","0","2","36101","0","","1","01","N","N","0","","0","0","0","0","0","","0739","0","2","0","0","2","0","0","3","0","2","N","","","","","","","","","","","","03","  ","","",""
"1727","3","0","0","0","0","0","0","0","0","1","0","","36","12","2019","2019133791","2","40.0817","-76.3542","1725","08","0","0","0","0","0","0","0","0","1","0","0","0","17","2","1","00","1","40 04:54.013","4","00","76 21:15.230","4","0","0","0","36214","0","0","0","N","0","0","0","3","36214","1","","1","01","N","N","0","","0","0","0","0","0","N","1723","1","3","0","0","0","0","0","3","0","3","N","","","","","","","","","","","","03","  ","","",""
"1503","1","0","0","0","0","0","0","0","0","1","0","","36","12","2019","2019133792","6","40.0437","-76.3913","1457","08","0","0","0","0","0","1","0","0","","0","0","0","14","1","0","01","0","40 02:37.464","","00","76 23:28.546","0","0","0","0","36214","0","0","0","N","0","0","0","2","36214","0","","1","01","N","N","0","","0","0","0","3","2","","1452","0","2","0","0","0","0","0","3","1","2","N","","","","","","","","","","","","03","  ","","",""