"ARRIVAL_TM","AUTOMOBILE_COUNT","BELTED_DEATH_COUNT","BELTED_SUSP_SERIOUS_INJ_COUNT","BICYCLE_COUNT","BICYCLE_DEATH_COUNT","BICYCLE_SUSP_SERIOUS_INJ_COUNT","BUS_COUNT","CHLDPAS_DEATH_COUNT","CHLDPAS_SUSP_SERIOUS_INJ_COUNT","COLLISION_TYPE","COMM_VEH_COUNT","CONS_ZONE_SPD_LIM","COUNTY","CRASH_MONTH","CRASH_YEAR","CRN","DAY_OF_WEEK","DEC_LAT","DEC_LONG","DISPATCH_TM","DISTRICT","DRIVER_COUNT_16YR","DRIVER_COUNT_17YR","DRIVER_COUNT_18YR","DRIVER_COUNT_19YR","DRIVER_COUNT_20YR","DRIVER_COUNT_50_64YR","DRIVER_COUNT_65_74YR","DRIVER_COUNT_75PLUS","EST_HRS_CLOSED","FATAL_COUNT","HEAVY_TRUCK_COUNT","HORSE_BUGGY_COUNT","HOUR_OF_DAY","ILLUMINATION","INJURY_COUNT","INTERSECT_TYPE","LANE_CLOSED","LATITUDE","LN_CLOSE_DIR","LOCATION_TYPE","LONGITUDE","MAX_SEVERITY_LEVEL","MCYCLE_DEATH_COUNT","MCYCLE_SUSP_SERIOUS_INJ_COUNT","MOTORCYCLE_COUNT","MUNICIPALITY","NONMOTR_COUNT","NONMOTR_DEATH_COUNT","NONMOTR_SUSP_SERIOUS_INJ_COUNT","NTFY_HIWY_MAINT","PED_COUNT","PED_DEATH_COUNT","PED_SUSP_SERIOUS_INJ_COUNT","PERSON_COUNT","POLICE_AGCY","POSSIBLE_INJ_COUNT","RDWY_SURF_TYPE_CD","RELATION_TO_ROAD","ROAD_CONDITION","SCH_BUS_IND","SCH_ZONE_IND","SMALL_TRUCK_COUNT","SPEC_JURIS_CD","SUSP_MINOR_INJ_COUNT","SUSP_SERIOUS_INJ_COUNT","SUV_COUNT","TCD_FUNC_CD","TCD_TYPE","TFC_DETOUR_IND","TIME_OF_DAY","TOT_INJ_COUNT","TOTAL_UNITS","UNB_DEATH_COUNT","UNB_SUSP_SERIOUS_INJ_COUNT","UNBELTED_OCC_COUNT","UNK_INJ_DEG_COUNT","UNK_INJ_PER_COUNT","URBAN_RURAL","VAN_COUNT","VEHICLE_COUNT","WORK_ZONE_IND","WORK_ZONE_LOC","WORK_ZONE_TYPE","WORKERS_PRES","WZ_CLOSE_DETOUR","WZ_FLAGGER","WZ_LAW_OFFCR_IND","WZ_LN_CLOSURE","WZ_MOVING","WZ_OTHER","WZ_SHLDER_MDN","ROADWAY_CLEARED","WEATHER1","WEATHER2","WZ_WORKERS_INJ_KILLED","SECONDARY_CRASH","INTERSECTION_RELATED"
"1316","0","0","0","0","0","0","0","0","0","4","0","","36","12","2019","2019133793","3","40.1438","-76.3049","1313","08","0","0","0","0","0","1","0","0","","0","0","0","12","1","0","00","0","40 08:37.787","","00","76 18:17.545","0","0","0","0","36409","0","0","0","N","0","0","0","2","36409","0","","1","01","N","N","0","","0","0","2","0","0","","1231","0","2","0","0","0","0","0","3","0","2","N","","","","","","","","","","","","03","03","","",""
"1236","1","0","0","0","0","0","0","0","0","4","0","","36","12","2019","2019133794","3","40.1578","-76.3074","1235","08","0","0","0","0","0","0","0","1","","0","0","0","12","1","1","02","1","40 09:28.239","2","00","76 18:26.466","8","0","0","0","36409","0","0","0","N","0","0","0","1","36409","0","","1","01","N","N","0","","0","0","1","0","0","N","1233","1","2","0","0","0","1","0","3","0","2","N","","","","","","","","","","","1317","03","  ","","",""
"1259","2","0","0","0","0","0","0","0","0","4","0","","36","12","2019","2019133795","1","40.1326","-76.347","1253","08","0","0","1","0","0","0","0","0","","0","0","0","12","1","2","01","0","40 07:57.364","","00","76 20:49.148","3","0","0","0","36227","0","0","0","N","0","0","0","3","36506","0","","1","01","N","N","0","","2","0","0","3","3","","1253","2","2","0","0","0","0","0","1","0","2","N","","","","","","","","","","","","03","  ","","",""
"1647","2","0","0","0","0","0","0","0","0","4","0","","36","12","2019","2019133804","5","40.0091","-76.2513","1641","08","0","0","0","0","0","1","0","0","","0","0","0","16","1","2","02","2","40 00:32.914","5","00","76 15:04.625","8","0","0","0","36240","0","0","0","N","0","0","0","2","36240","0","","1","01","N","N","0","","0","0","0","3","3","Y","1640","2","2","0","0","0","2","0","1","0","2","N","","","","","","","","","","","1742","03","  ","","",""
"1528","1","0","0","0","0","0","0","0","0","7","0","","36","12","2019","2019133860","2","39.8856","-76.1763","1528","08","0","0","1","0","0","0","0","0","","0","0","0","15","1","1","00","1","39 53:08.220","5","00","76 10:34.710","3","0","0","0","36212","0","0","0","N","0","0","0","4","68J01","0","","4","01","N","N","0","","1","0","0","0","0","N","1509","1","1","0","0","0","0","0","1","0","1","N","","","","","","","","","","","0030","03","03","","",""
"1656","2","0","0","0","0","0","0","0","0","4","0","","36","12","2019","2019133862","2","39.7965","-76.1655","1655","08","0","0","0","0","0","1","0","0","","0","0","0","16","2","2","01","2","39 47:47.401","7","00","76 09:55.753","3","0","0","0","36219","0","0","0","N","0","0","0","3","68J01","0","","1","01","N","N","0","","2","0","0","3","3","Y","1650","2","2","0","0","0","0","0","1","0","2","N","","","","","","","","","","","1736","03","03","","",""
"1950","2","0","0","0","0","0","0","0","0","2","0","","36","12","2019","2019133910","5","40.0687","-76.3429","1945","08","0","0","1","0","0","1","0","0","","0","0","0","19","3","0","01","2","40 04:07.251","3","00","76 20:34.310","0","0","0","0","36301","0","0","0","N","0","0","0","2","36301","0","","1","01","N","N","0","","0","0","0","3","2","Y","1945","0","2","0","0","0","0","0","3","0","2","N","","","","","","","","","","","2006","03","  ","","",""
"1955","0","0","0","0","0","0","0","0","0","7","0","","36","12","2019","2019133919","4","40.2172","-76.091","1955","08","0","0","0","0","0","0","0","0","","0","0","","19","3","0","00","0","40 13:02.882","","00","76 05:28.536","9","0","0","0","36210","0","0","0","N","0","0","0","1","36210","0","","3","02","N","N","0","","0","0","0","0","0","","1955","0","1","0","0","0","0","0","1","0","0","N","","","","","","","","","","","","09","  ","","",""
"2150","1","0","0","0","0","0","0","0","0","0","0","","36","12","2019","2019133920","4","40.1976","-76.1104","2145","08","0","0","0","0","0","1","0","0","","0","0","0","21","3","0","02","0","40 11:51.467","","00","76 06:37.246","0","0","0","0","36210","0","0","0","N","0","0","0","1","36210","0","","5","02","N","N","0","","0","0","0","0","0","","2144","0","1","0","0","0","0","0","1","0","1","N","","","","","","","","","","","","10","  ","","",""
"2115","1","0","0","0","0","0","0","0","0","7","0","","36","12","2019","2019133921","5","40.214","-76.0968","2107","08","0","0","0","0","0","0","0","0","","0","0","0","21","2","0","00","0","40 12:50.364","","00","76 05:48.403","0","0","0","0","36210","0","0","0","N","0","0","0","1","36210","0","","2","01","N","N","0","","0","0","0","0","0","","2106","0","1","0","0","0","0","0","1","0","1","N","","","","","","","","","","","","03","  ","","",""
"1023","2","0","0","0","0","0","0","0","0","4","0","","36","12","2019","2019133922","5","40.2208","-76.076","1019","08","0","0","0","0","0","0","0","0","1","0","0","0","10","1","1","00","1","40 13:14.831","1","00","76 04:33.446","3","0","0","0","36210","0","0","0","N","0","0","0","3","36210","0","","1","01","N","N","0","","1","0","0","0","0","N","1017","1","2","0","0","0","0","0","1","0","2","N","","","","","","","","","","","","03","  ","","",""
"2221","0","0","0","0","0","0","0","0","0","7","0","","36","12","2019","2019133923","7","40.2421","-76.083","2216","08","0","0","0","0","0","0","0","0","3","0","0","0","22","2","0","00","2","40 14:31.712","7","00","76 04:58.657","0","0","0","0","36210","0","0","0","N","0","0","0","1","36210","0","","5","01","N","N","0","","0","0","1","0","0","Y","2216","0","1","0","0","1","0","0","1","0","1","N","","","","","","","","","","","","03","  ","","",""
"2310","0","0","0","0","0","0","0","0","0","7","0","","36","12","2019","2019133941","5","40.0247","-76.2571","2309","08","0","0","0","0","0","0","0","0","","0","0","","23","2","1","00","0","40 01:28.800","","00","76 15:25.600","9","0","0","0","36240","0","0","0","N","0","0","0","1","36240","0","","5","01","N","N","0","","0","0","0","0","0","","2300","0","1","0","0","0","0","0","1","0","0","N","","","","","","","","","","","","03","03","","",""
"1129","1","0","0","0","0","0","0","0","0","0","0","","36","12","2019","2019134120","6","40.0686","-76.3087","1129","08","0","0","0","0","0","1","0","0","","0","0","0","11","1","0","00","1","40 04:07.094","3","00","76 18:31.196","0","0","0","0","36101","0","0","0","N","0","0","0","1","36101","0","","1","01","N","N","0","","0","0","0","0","0","N","1129","0","1","0","0","0","0","0","3","0","1","N","","","","","","","","","","","1150","04","04","","",""
"1134","1","0","0","0","0","0","0","0","0","1","0","","36","12","2019","2019134121","2","40.0577","-76.3544","1129","08","0","0","0","0","0","0","0","1","","0","0","0","11","1","1","01","1","40 03:27.716","1","00","76 21:15.753","3","0","0","0","36214","0","0","0","N","0","0","0","3","36214","0","","1","01","N","N","0","","1","0","0","0","0","N","1124","1","2","0","0","0","0","0","3","1","2","N","","","","","","","","","","","1150","03","03","","",""
"0834","2","0","0","0","0","0","0","0","0","4","0","","36","12","2019","2019134122","3","40.049","-76.3458","0828","08","0","0","0","0","0","0","1","0","","0","0","0","08","1","0","01","2","40 02:56.227","4","00","76 20:44.818","0","0","0","0","36214","0","0","0","N","0","0","0","2","36214","0","","1","01","N","N","0","","0","0","0","3","3","N","0820","0","2","0","0","0","0","0","3","0","2","N","","","","","","","","","","","0909","03","  ","","",""
"1733","0","0","0","0","0","0","0","0","0","7","0","","36","12","2019","2019134123","5","40.049","-76.3735","1733","08","0","0","0","0","0","0","0","0","","0","0","","17","3","0","01","0","40 02:56.563","","00","76 22:24.660","9","0","0","0","36214","0","0","0","N","0","0","0","1","36214","0","","4","01","N","N","0","","0","0","0","0","0","","1730","0","1","0","0","0","0","0","3","0","0","N","","","","","","","","","","","","03","03","","",""
"1609","2","0","0","0","0","0","0","0","0","4","0","","36","12","2019","2019134124","4","40.1107","-76.0667","1605","08","0","0","0","0","0","0","2","0","","0","0","0","16","1","0","02","0","40 06:38.461","","00","76 04:00.204","0","0","0","0","36415","0","0","0","N","0","0","0","2","36415","0","","1","01","N","N","0","","0","0","0","3","2","","1602","0","2","0","0","0","0","0","1","0","2","N","","","","","","","","","","","","03","  ","","",""
"1435","2","0","0","0","0","0","0","0","0","1","0","","36","12","2019","2019134125","6","40.1535","-76.0865","1430","08","0","0","0","0","0","1","0","0","","0","0","0","14","1","1","00","0","40 09:12.556","","00","76 05:11.527","4","0","0","0","36209","0","0","0","N","0","0","0","5","36415","1","","1","01","N","N","0","","0","0","0","0","0","","1430","1","2","0","0","0","0","0","1","0","2","N","","","","","","","","","","","","03","  ","","",""
"0246","1","0","0","0","0","0","0","0","0","4","0","","36","12","2019","2019134272","1","40.0444","-76.3097","0240","08","0","0","0","0","0","0","0","0","","0","0","0","02","3","0","00","0","40 02:39.882","","00","76 18:34.799","9","0","0","0","36301","0","0","0","N","0","0","0","1","36301","0","","1","01","N","N","1","","0","0","0","0","0","","0238","0","2","0","0","0","0","1","3","0","2","N","","","","","","","","","","","","03","  ","","",""
"1618","0","0","0","0","0","0","0","0","0","4","0","","36","12","2019","2019134283","6","40.2609","-76.1141","1613","08","0","0","0","0","0","0","0","0","","0","0","0","16","1","1","01","0","40 15:39.299","","00","76 06:50.884","3","0","0","0","36236","0","0","0","N","0","0","0","2","36408","0","","1","01","N","N","2","","1","0","0","3","3","","1612","1","2","0","0","0","0","0","1","0","2","N","","","","","","","","","","","","03","  ","","",""
"2248","1","0","0","0","0","0","0","0","0","7","0","","36","12","2019","2019134286","6","40.0006","-76.2375","2241","08","0","0","0","0","0","0","0","1","","0","0","0","22","2","0","00","0","40 00:02.039","","00","76 14:15.154","0","0","0","0","36240","0","0","0","N","0","0","0","1","36240","0","","4","01","N","N","0","","0","0","0","0","0","","2245","0","1","0","0","0","0","0","1","0","1","N","","","","","","","","","","","","05","  ","","",""
"0629","0","0","0","0","0","0","0","0","0","1","1","","36","12","2019","2019134330","6","40.1537","-76.1592","0624","08","0","0","0","0","0","0","0","0","","0","1","0","06","5","2","00","2","40 09:13.397","1","00","76 09:33.111","3","0","0","0","36238","1","0","0","Y","0","0","0","2","36238","0","","2","01","N","N","1","","2","0","0","0","0","Y","0624","2","2","0","0","0","0","0","3","0","2","N","","","","","","","","","","","0757","03","  ","","",""
"0959","2","0","0","0","0","0","0","0","0","4","0","","36","12","2019","2019134387","7","40.0508","-76.4575","0953","08","0","0","0","0","0","1","0","1","","0","0","0","09","1","2","02","2","40 03:02.964","7","00","76 27:26.839","3","0","0","0","36239","0","0","0","N","0","0","0","2","36239","0","","1","01","N","N","0","","2","0","0","3","3","Y","0952","2","2","0","0","0","0","0","3","0","2","N","","","","","","","","","","","1044","03","03","","",""
"1401","1","0","0","0","0","0","0","0","0","1","0","","36","12","2019","2019134427","1","40.2443","-76.2304","1352","08","0","0","0","0","0","0","0","0","","0","0","0","13","1","0","00","0","40 14:39.417","","00","76 13:49.399","0","0","0","0","36204","0","0","0","N","0","0","0","6","68T06","0","","1","01","N","N","0","","0","0","1","0","0","","1352","0","2","0","0","0","0","0","1","0","2","N","","","","","","","","","","","","03","  ","","",""
"0138","1","0","0","0","0","0","0","0","0","98","0","","36","12","2019","2019134436","4","40.2237","-76.0959","0125","08","0","0","0","0","0","0","0","0","","0","0","0","01","3","0","00","0","40 13:25.242","","00","76 05:45.068","0","0","0","0","36210","0","0","0","N","0","0","0","1","68T06","0","","3","01","N","N","0","","0","0","0","0","0","","0123","0","1","0","0","0","0","0","1","0","1","N","","","","","","","","","","","","03","  ","","",""
"1830","1","0","0","0","0","0","0","0","0","4","0","","36","12","2019","2019134487","3","40.0059","-76.3229","1819","08","0","0","0","0","0","0","0","0","","0","0","0","18","2","0","00","1","40 00:21.260","2","00","76 19:22.490","0","0","0","0","36220","0","0","0","N","0","0","0","1","36101","0","","1","01","N","N","0","","0","0","1","0","0","N","1817","0","2","0","0","0","0","0","3","0","2","N","","","","","","","","","","","1845","03","  ","","",""
"0926","2","0","0","0","0","0","0","0","0","4","0","","36","12","2019","2019134488","6","40.0383","-76.2765","0918","08","0","0","0","0","0","0","0","1","","0","0","0","09","1","1","00","2","40 02:17.802","3","00","76 16:35.202","4","0","0","0","36220","0","0","0","N","0","0","0","2","36101","1","","1","09","N","N","0","","0","0","0","0","0","N","0915","1","2","0","0","0","0","0","3","0","2","N","","","","","","","","","","","0955","04","07","","",""
"1448","0","0","1","0","0","0","0","0","0","4","0","","36","10","2019","2019134489","1","40.0931","-76.1127","1445","08","0","0","0","0","0","0","0","0","3","0","0","0","14","1","1","09","2","40 05:35.145","5","00","76 06:45.784","2","0","0","0","36209","0","0","0","N","0","0","0","1","36415","0","","1","09","N","N","0","","0","1","1","3","6","Y","1443","1","2","0","0","0","0","0","1","0","1","N","","","","","","","","","","","","07","  ","","",""
"2103","0","0","0","0","0","0","0","0","0","1","0","","36","12","2019","2019134511","6","40.1279","-76.5106","2056","08","0","0","0","0","0","0","0","0","","0","0","","20","2","0","00","1","40 07:40.535","3","00","76 30:37.989","9","0","0","0","36225","0","0","0","N","0","0","0","10","36505","0","","1","01","N","N","0","","0","0","0","0","0","N","2054","0","3","0","0","0","0","0","2","0","0","N","","","","","","","","","","","2234","05","05","","",""
"0619","0","0","0","0","0","0","0","0","0","1","0","","36","12","2019","2019134512","3","40.1385","-76.5492","0613","08","0","0","0","0","0","0","0","0","","0","0","","06","2","1","00","1","40 08:18.654","3","00","76 32:57.285","9","0","0","0","36225","0","0","0","N","0","0","0","3","36505","0","","1","01","N","N","0","","0","0","0","0","0","N","0611","0","4","0","0","0","0","0","2","0","0","N","","","","","","","","","","","0720","03","03","","",""
"0321","2","0","0","0","0","0","0","0","0","4","0","","36","12","2019","2019134570","6","40.0417","-76.3092","0318","08","0","0","0","0","0","0","0","0","","0","0","0","03","3","0","00","1","40 02:30.124","2","00","76 18:33.212","9","0","0","0","36301","0","0","0","N","0","0","0","2","36301","0","","1","01","N","N","0","","0","0","1","0","0","N","0316","0","3","0","0","0","0","1","3","0","3","N","","","","","","","","","","","0354","03","  ","","",""
"2105","0","0","0","0","0","0","0","0","0","7","0","","36","12","2019","2019134634","6","40.1278","-76.5122","2055","08","0","0","0","0","0","0","0","0","","0","0","","20","2","0","00","1","40 07:39.953","3","00","76 30:43.932","9","0","0","0","36225","0","0","0","N","0","0","0","2","36505","0","","1","09","N","N","0","","0","0","0","0","0","N","2052","0","1","0","0","0","0","0","2","0","0","N","","","","","","","","","","","2234","05","  ","","",""
"1930","0","0","0","0","0","0","0","0","0","7","0","","36","12","2019","2019134719","6","40.0819","-76.351","1925","08","0","0","0","0","0","0","0","0","","0","0","","19","3","1","00","1","40 04:54.700","4","00","76 21:03.459","9","0","0","0","36214","0","0","0","N","0","0","0","1","36214","0","","2","01","N","N","0","","0","0","0","0","0","N","1923","0","1","0","0","0","0","0","3","0","0","N","","","","","","","","","","","1950","03","  ","","",""
"1728","1","0","0","0","0","0","0","0","0","7","0","","36","12","2019","2019134720","7","40.0616","-76.3836","1720","08","0","0","0","1","0","0","0","0","","0","0","0","17","2","0","00","0","40 03:41.700","","00","76 23:00.950","0","0","0","0","36214","0","0","0","N","0","0","0","3","36214","0","","5","01","N","N","0","","0","0","0","0","0","","1720","0","1","0","0","1","0","0","3","0","1","N","","","","","","","","","","","","04","  ","","",""
"1755","1","0","0","0","0","0","0","0","0","1","0","","36","12","2019","2019134721","7","40.0402","-76.3594","1737","08","0","0","0","0","0","1","0","1","","0","0","0","17","3","0","00","2","40 02:24.770","1","00","76 21:33.880","0","0","0","0","36214","0","0","0","N","0","0","0","2","36214","0","","1","01","N","N","0","","0","0","0","0","0","Y","1730","0","2","0","0","0","0","0","3","1","2","N","","","","","","","","","","","1845","03","03","","",""
"2020","1","0","0","0","0","0","0","0","0","7","0","","36","12","2019","2019134722","7","40.0412","-76.3902","2020","08","0","0","0","0","0","0","1","0","","0","0","0","20","3","0","01","0","40 02:28.220","","00","76 23:24.681","0","0","0","0","36214","0","0","0","N","0","0","0","2","36214","0","","4","01","N","N","0","","0","0","0","3","2","","2020","0","1","0","0","0","0","0","3","0","1","N","","","","","","","","","","","","04","  ","","",""
"1152","2","0","0","0","0","0","0","0","0","4","0","","36","12","2019","2019134723","5","40.133","-76.1129","1146","08","0","0","0","0","0","0","0","1","","0","0","0","11","1","2","02","2","40 07:58.926","5","00","76 06:46.330","8","0","0","0","36209","0","0","0","N","0","0","0","3","36415","0","","1","01","N","N","0","","0","0","0","3","3","Y","1144","2","2","0","0","0","2","0","1","0","2","N","","","","","","","","","","","1220","03","03","","",""
"0443","2","0","0","0","0","0","0","0","0","4","0","","36","12","2019","2019134727","1","40.0395","-76.306","0440","08","0","0","1","0","0","0","0","0","","0","0","0","04","3","0","01","1","40 02:22.325","1","00","76 18:21.503","0","0","0","0","36301","0","0","0","N","0","0","0","3","36301","0","","1","01","N","N","0","","0","0","0","3","2","Y","0440","0","2","0","0","0","0","0","3","0","2","N","","","","","","","","","","","0513","03","03","","",""
"1810","1","0","0","0","0","0","0","0","0","8","0","","36","12","2019","2019134809","1","40.0414","-76.3204","1807","08","0","0","0","0","0","0","0","0","","0","0","0","18","3","1","01","0","40 02:29.072","","00","76 19:13.339","3","0","0","0","36301","1","0","0","N","1","0","0","2","36301","0","","1","09","N","N","0","","1","0","0","3","2","","1806","1","2","0","0","0","0","0","3","0","1","N","","","","","","","","","","","","07","07","","",""
"0128","3","0","0","0","0","0","0","0","0","4","0","","36","12","2019","2019134813","1","40.0307","-76.3147","0121","08","0","0","0","0","0","0","0","0","","0","0","0","01","3","0","00","2","40 01:50.500","3","00","76 18:53.000","0","0","0","0","36301","0","0","0","N","0","0","0","1","36301","0","","6","01","N","N","0","","0","0","1","0","0","Y","0120","0","4","0","0","1","0","0","3","0","4","N","","","","","","","","","","","0140","03","03","","",""
"1457","1","0","0","0","0","0","0","0","0","4","0","","36","12","2019","2019134906","5","40.049","-76.3057","1450","08","0","0","0","0","0","0","0","0","","0","0","0","14","1","0","01","1","40 02:56.518","2","00","76 18:20.618","0","0","0","0","36301","0","0","0","N","0","0","0","3","36301","0","","1","01","N","N","1","","0","0","0","3","3","N","1448","0","2","0","0","0","0","0","3","0","2","N","","","","","","","","","","","1606","03","03","","",""
"0645","1","0","0","0","0","0","0","0","0","6","0","","36","12","2019","2019134909","2","40.0591","-76.4629","0636","08","0","0","1","0","0","1","0","0","","0","0","0","06","3","0","02","1","40 03:32.814","5","00","76 27:46.398","0","0","0","0","36239","0","0","0","N","0","0","0","5","36239","0","","1","09","N","N","0","","0","0","1","0","0","N","0630","0","2","0","0","0","0","0","3","0","2","N","","","","","","","","","","","0729","07","  ","","",""
"1235","0","0","0","0","0","0","0","0","0","7","0","","36","12","2019","2019134976","2","40.1592","-76.6254","1227","08","0","0","0","0","0","0","0","0","","0","0","","12","1","0","02","0","40 09:33.052","","00","76 37:31.498","9","0","0","0","36237","0","0","0","Y","0","0","0","1","36505","0","","2","09","N","N","0","","0","0","0","0","0","N","1225","0","1","0","0","0","0","0","1","0","0","N","","","","","","","","","","","","07","  ","","",""
"1743","1","0","0","0","0","0","0","0","0","1","1","","36","12","2019","2019135034","5","40.0825","-76.3884","1738","08","1","0","0","0","0","0","0","0","","0","1","0","17","2","0","00","0","40 04:57.000","","00","76 23:18.200","0","0","0","0","36214","0","0","0","N","0","0","0","1","36214","0","","6","01","N","N","0","","0","0","0","0","0","","1737","0","2","0","0","0","0","0","3","0","2","N","","","","","","","","","","","","03","  ","","",""
"2158","0","0","0","0","0","0","0","0","0","2","0","","36","12","2019","2019135035","7","40.0612","-76.3539","2135","08","0","0","0","0","0","0","0","0","","0","0","0","21","3","0","10","0","40 03:40.165","","07","76 21:14.020","0","0","0","0","36214","0","0","0","N","0","0","0","2","36214","0","","1","01","N","N","0","","0","0","1","3","3","","2130","0","2","0","0","0","0","0","3","1","2","N","","","","","","","","","","","","03","  ","","",""
"1825","0","0","0","0","0","0","0","0","0","1","0","","36","12","2019","2019135036","3","40.0203","-76.3569","1821","08","0","0","0","0","0","0","0","0","","0","0","0","17","3","1","02","0","40 01:13.015","","00","76 21:24.873","3","0","0","0","36223","0","0","0","N","0","0","0","2","36223","0","","1","01","N","N","0","","1","0","2","0","0","","1754","1","2","0","0","0","0","0","1","0","2","N","","","","","","","","","","","","03","  ","","",""
"1342","2","0","0","0","0","0","0","0","0","4","0","","36","12","2019","2019135037","7","40.0228","-76.3671","1332","08","0","0","0","0","0","1","1","0","","0","0","0","13","1","1","01","0","40 01:21.946","","00","76 22:01.509","3","0","0","0","36223","0","0","0","N","0","0","0","4","36223","0","","1","01","N","N","0","","1","0","1","3","3","","1331","1","3","0","0","0","0","0","1","0","3","N","","","","","","","","","","","","04","04","","",""
"1614","3","0","0","0","0","0","0","0","0","4","0","","36","12","2019","2019135038","7","40.1619","-76.3985","1609","08","0","0","0","0","0","0","0","0","","0","0","0","16","1","0","00","1","40 09:42.970","2","00","76 23:54.750","0","0","0","0","36410","0","0","0","N","0","0","0","1","36410","0","","4","01","N","N","0","","0","0","0","0","0","N","1603","0","3","0","0","1","0","0","2","0","3","N","","","","","","","","","","","1655","03","  ","","",""
"1510","2","0","0","0","0","0","0","0","0","4","0","","36","12","2019","2019135039","3","40.1696","-76.3995","1509","08","0","1","0","0","0","1","0","0","","0","0","0","15","1","0","02","1","40 10:10.681","2","00","76 23:58.147","0","0","0","0","36230","0","0","0","N","0","0","0","3","36410","0","","1","09","N","N","0","","0","0","0","3","3","N","1500","0","2","0","0","0","0","0","1","0","2","N","","","","","","","","","","","1529","03","03","","",""
"1356","0","0","0","0","0","0","0","0","0","6","0","","36","12","2019","2019135040","7","40.1657","-76.3972","1354","08","0","0","0","0","0","0","0","0","","0","0","","13","1","0","01","2","40 09:56.653","5","00","76 23:50.032","9","0","0","0","36410","0","0","0","N","0","0","0","2","36410","0","","1","01","N","N","0","","0","0","0","3","2","Y","1352","0","2","0","0","0","0","0","2","0","0","N","","","","","","","","","","","1445","03","03","","",""
"1426","1","0","0","0","0","0","0","0","0","7","0","","36","12","2019","2019135041","1","40.1578","-76.4441","1420","08","0","1","0","0","0","0","0","0","","0","0","0","14","1","0","00","0","40 09:28.120","","00","76 26:38.720","0","0","0","0","36230","0","0","0","N","0","0","0","1","36410","0","","5","09","N","N","0","","0","0","0","0","0","","1418","0","1","0","0","0","0","0","1","0","1","N","","","","","","","","","","","","07","  ","","",""
"2049","0","0","0","0","0","0","0","0","0","4","0","","36","12","2019","2019135042","1","40.1033","-76.0871","2047","08","0","0","0","0","0","0","0","0","","0","0","","20","3","0","01","0","40 06:11.878","","00","76 05:13.467","9","0","0","0","36415","0","0","0","N","0","0","0","3","36415","0","","1","09","N","N","0","","0","0","0","3","2","","2047","0","2","0","0","0","0","0","1","0","0","N","","","","","","","","","","","","07","07","","",""
"2135","3","0","0","0","0","0","0","0","0","2","0","","36","12","2019","2019135371","2","40.0435","-76.298","2131","08","0","0","0","0","0","0","0","0","","0","0","0","21","3","1","01","2","40 02:36.541","1","00","76 17:52.639","4","0","0","0","36301","0","0","0","N","0","0","0","5","36301","1","","1","01","N","N","0","","0","0","0","2","2","Y","2127","1","3","0","0","0","0","0","3","0","3","N","","","","","","","","","","","2231","03","  ","","",""
"1943","1","0","0","0","0","0","0","0","0","4","1","","36","12","2019","2019135386","2","39.9751","-76.2473","1943","08","0","0","0","0","0","0","0","0","","0","1","0","09","1","1","01","1","39 58:30.378","6","00","76 14:50.447","4","0","0","0","36240","0","0","0","N","0","0","0","2","36240","1","","1","09","N","N","0","","0","0","0","3","2","Y","0942","1","2","0","0","0","0","0","1","0","2","N","","","","","","","","","","","1022","07","07","","",""
"1438","1","0","0","0","0","0","0","0","0","4","0","","36","12","2019","2019135414","7","40.1687","-76.6057","1432","08","0","0","0","0","0","1","0","0","","0","0","0","14","1","0","01","0","40 10:07.177","","00","76 36:20.687","0","0","0","0","36225","0","0","0","N","0","0","0","4","36505","0","","1","09","N","N","0","","0","0","1","3","2","N","1428","0","2","0","0","0","0","0","2","0","2","N","","","","","","","","","","","","07","  ","","",""
"1445","0","0","0","0","0","0","0","0","0","1","0","","36","12","2019","2019135562","7","39.9712","-76.2734","1439","08","0","0","0","1","0","0","1","0","","0","0","0","14","1","0","00","2","39 58:16.423","1","00","76 16:24.333","0","0","0","0","36240","0","0","0","N","0","0","0","3","36240","0","","1","01","N","N","0","","0","0","2","0","0","Y","1438","0","2","0","0","0","0","0","1","0","2","N","","","","","","","","","","","1515","03","  ","","",""
"1305","1","0","0","0","0","0","0","0","0","1","0","","36","12","2019","2019135606","2","40.085","-76.2711","1256","08","0","0","0","0","0","0","0","1","","0","0","0","12","1","1","00","1","40 05:06.036","2","00","76 16:16.139","3","0","0","0","36101","0","0","0","N","0","0","0","3","36101","0","","1","09","N","N","0","","1","0","1","0","0","N","1253","1","2","0","0","0","0","0","3","0","2","N","","","","","","","","","","","1400","07","  ","","",""
"1525","0","0","0","0","0","0","0","0","0","1","0","","36","12","2019","2019135607","3","40.0319","-76.343","1516","08","0","0","0","0","0","0","0","0","","0","0","0","15","1","0","03","1","40 01:54.714","5","00","76 20:34.918","0","0","0","0","36223","0","0","0","N","0","0","0","2","36223","0","","1","09","N","N","0","","0","0","1","0","0","N","1514","0","2","0","0","0","0","0","1","1","2","N","","","","","","","","","","","1532","03","03","","",""