"ARRIVAL_TM","AUTOMOBILE_COUNT","BELTED_DEATH_COUNT","BELTED_SUSP_SERIOUS_INJ_COUNT","BICYCLE_COUNT","BICYCLE_DEATH_COUNT","BICYCLE_SUSP_SERIOUS_INJ_COUNT","BUS_COUNT","CHLDPAS_DEATH_COUNT","CHLDPAS_SUSP_SERIOUS_INJ_COUNT","COLLISION_TYPE","COMM_VEH_COUNT","CONS_ZONE_SPD_LIM","COUNTY","CRASH_MONTH","CRASH_YEAR","CRN","DAY_OF_WEEK","DEC_LAT","DEC_LONG","DISPATCH_TM","DISTRICT","DRIVER_COUNT_16YR","DRIVER_COUNT_17YR","DRIVER_COUNT_18YR","DRIVER_COUNT_19YR","DRIVER_COUNT_20YR","DRIVER_COUNT_50_64YR","DRIVER_COUNT_65_74YR","DRIVER_COUNT_75PLUS","EST_HRS_CLOSED","FATAL_COUNT","HEAVY_TRUCK_COUNT","HORSE_BUGGY_COUNT","HOUR_OF_DAY","ILLUMINATION","INJURY_COUNT","INTERSECT_TYPE","LANE_CLOSED","LATITUDE","LN_CLOSE_DIR","LOCATION_TYPE","LONGITUDE","MAX_SEVERITY_LEVEL","MCYCLE_DEATH_COUNT","MCYCLE_SUSP_SERIOUS_INJ_COUNT","MOTORCYCLE_COUNT","MUNICIPALITY","NONMOTR_COUNT","NONMOTR_DEATH_COUNT","NONMOTR_SUSP_SERIOUS_INJ_COUNT","NTFY_HIWY_MAINT","PED_COUNT","PED_DEATH_COUNT","PED_SUSP_SERIOUS_INJ_COUNT","PERSON_COUNT","POLICE_AGCY","POSSIBLE_INJ_COUNT","RDWY_SURF_TYPE_CD","RELATION_TO_ROAD","ROAD_CONDITION","SCH_BUS_IND","SCH_ZONE_IND","SMALL_TRUCK_COUNT","SPEC_JURIS_CD","SUSP_MINOR_INJ_COUNT","SUSP_SERIOUS_INJ_COUNT","SUV_COUNT","TCD_FUNC_CD","TCD_TYPE","TFC_DETOUR_IND","TIME_OF_DAY","TOT_INJ_COUNT","TOTAL_UNITS","UNB_DEATH_COUNT","UNB_SUSP_SERIOUS_INJ_COUNT","UNBELTED_OCC_COUNT","UNK_INJ_DEG_COUNT","UNK_INJ_PER_COUNT","URBAN_RURAL","VAN_COUNT","VEHICLE_COUNT","WORK_ZONE_IND","WORK_ZONE_LOC","WORK_ZONE_TYPE","WORKERS_PRES","WZ_CLOSE_DETOUR","WZ_FLAGGER","WZ_LAW_OFFCR_IND","WZ_LN_CLOSURE","WZ_MOVING","WZ_OTHER","WZ_SHLDER_MDN","ROADWAY_CLEARED","WEATHER1","WEATHER2","WZ_WORKERS_INJ_KILLED","SECONDARY_CRASH","INTERSECTION_RELATED"
"2009","1","0","0","0","0","0","0","0","0","6","0","","36","12","2019","2019135732","3","40.0366","-76.3033","2005","08","0","0","0","0","0","0","1","0","","0","0","0","20","3","0","01","0","40 02:11.595","","00","76 18:11.727","0","0","0","0","36301","0","0","0","N","0","0","0","3","36301","0","","1","01","N","N","0","","0","0","1","3","2","","2005","0","2","0","0","0","0","0","3","0","2","N","","","","","","","","","","","","99","98","","",""
"2307","0","0","0","0","0","0","0","0","0","7","0","","36","12","2019","2020000029","7","40.1106","-76.4684","2307","08","0","0","0","0","0","0","0","0","1","0","0","0","23","3","0","00","2","40 06:38.247","3","00","76 28:06.330","0","0","0","0","36413","0","0","0","Y","0","0","0","1","36413","0","","4","01","N","N","0","","0","0","1","0","0","N","2300","0","1","0","0","1","0","0","2","0","1","N","","","","","","","","","","","","03","  ","","",""
"1620","1","0","0","0","0","0","0","0","0","8","0","","36","12","2019","2020000045","3","40.0314","-76.2951","1617","08","0","0","0","0","0","0","0","0","","0","0","0","16","1","1","00","2","40 01:53.152","4","00","76 17:42.530","2","0","0","0","36301","1","0","1","N","1","0","1","2","36301","0","","1","01","N","N","0","","0","1","0","0","0","N","1617","1","2","0","0","0","0","0","3","0","1","N","","","","","","","","","","","1700","03","03","","",""
"0015","2","0","0","0","0","0","0","0","0","1","0","","36","12","2019","2020000049","1","39.9801","-76.3104","0001","08","1","1","0","0","0","0","0","0","","0","0","0","22","2","0","00","0","39 58:48.428","","00","76 18:37.480","0","0","0","0","36228","0","0","0","N","0","0","0","2","36228","0","","1","09","N","N","0","","0","0","0","0","0","","2200","0","2","0","0","0","0","0","1","0","2","N","","","","","","","","","","","","07","  ","","",""
"1100","0","0","0","0","0","0","0","0","0","4","0","","36","12","2019","2020000070","2","40.0296","-76.3231","1051","08","0","0","0","0","0","0","0","0","","0","0","","10","1","0","01","1","40 01:46.727","6","00","76 19:23.150","9","0","0","0","36301","0","0","0","N","0","0","0","3","36301","0","","1","09","N","N","0","","0","0","0","3","2","Y","1051","0","3","0","0","0","0","0","3","0","0","N","","","","","","","","","","","1130","07","  ","","",""
"0558","1","0","0","0","0","0","0","0","0","8","0","","36","11","2019","2020000092","4","39.9959","-76.0461","0549","08","0","0","0","0","0","0","0","0","","0","0","0","05","2","1","00","1","39 59:45.319","4","00","76 02:45.999","2","0","0","0","36232","1","0","1","N","1","0","1","2","68J01","0","","2","01","N","N","0","","0","1","0","0","0","N","0545","1","2","0","0","0","0","0","1","0","1","N","","","","","","","","","","","1003","03","03","","",""
"1810","0","0","0","0","0","0","0","0","0","1","0","","36","12","2019","2020000138","4","40.1751","-76.1425","1759","08","0","0","0","0","0","0","0","0","","0","0","","17","2","0","00","0","40 10:30.308","","00","76 08:32.909","9","0","0","0","36218","0","0","0","Y","0","0","0","2","36408","0","","1","02","N","N","0","","0","0","0","0","0","","1750","0","2","0","0","0","0","0","1","0","0","N","","","","","","","","","","","","10","06","","",""
"1647","2","0","0","0","0","0","0","0","0","4","0","","36","12","2019","2020000169","2","40.0598","-76.3197","1641","08","0","0","0","0","0","0","0","0","","0","0","0","16","1","0","00","0","40 03:35.221","","00","76 19:10.768","0","0","0","0","36101","0","0","0","N","0","0","0","4","36101","0","","1","01","N","N","0","","0","0","0","0","0","","1618","0","2","0","0","0","0","0","3","0","2","N","","","","","","","","","","","","03","  ","","",""
"0700","1","0","0","0","0","0","0","0","0","1","0","","36","12","2019","2020000170","2","40.1171","-76.2329","0654","08","0","0","0","0","0","0","0","0","","0","0","0","03","2","0","00","0","40 07:01.574","","00","76 13:58.619","9","0","0","0","36101","0","0","0","N","0","0","0","1","36101","0","","2","08","N","N","0","","0","0","0","0","0","","0300","0","2","0","0","0","0","1","3","0","2","N","","","","","","","","","","","","07","  ","","",""
"1717","2","0","0","0","0","0","0","0","0","4","0","","36","12","2019","2020000171","5","40.0203","-76.3569","1712","08","0","1","0","0","0","0","0","0","","0","0","0","17","3","0","11","2","40 01:13.015","1","00","76 21:24.873","0","0","0","0","36223","0","0","0","N","0","0","0","2","36223","0","","1","01","N","N","0","","0","0","0","3","3","Y","1705","0","2","0","0","0","0","0","1","0","2","N","","","","","","","","","","","1804","03","03","","",""
"1848","0","0","0","0","0","0","0","0","0","7","0","","36","12","2019","2020000172","5","40.1709","-76.2947","1824","08","0","0","0","0","0","0","0","0","","0","0","","18","2","0","00","2","40 10:15.100","5","00","76 17:40.780","9","0","0","0","36235","0","0","0","N","0","0","0","1","36506","0","","5","01","N","N","0","","0","0","0","0","0","Y","1822","0","1","0","0","0","0","0","1","0","0","N","","","","","","","","","","","0100","03","03","","",""
"1429","0","0","0","0","0","0","0","0","0","6","0","","36","12","2019","2020000173","6","40.1297","-76.3113","1429","08","0","0","0","0","0","0","0","0","","0","0","","14","1","0","01","1","40 07:46.855","2","00","76 18:40.680","9","0","0","0","36235","0","0","0","N","0","0","0","3","36506","0","","1","01","N","N","0","","0","0","0","3","3","Y","1429","0","3","0","0","0","0","0","1","0","0","N","","","","","","","","","","","0030","03","03","","",""
"0709","1","0","0","0","0","0","0","0","0","1","1","","36","10","2019","2020000196","7","40.2337","-76.3187","0709","08","0","0","0","0","0","0","0","0","","0","1","0","06","5","0","00","1","40 14:01.292","3","00","76 19:07.404","9","0","0","0","36217","0","0","0","N","0","0","0","4","68T06","0","","1","01","N","N","0","","0","0","0","0","0","N","0652","0","2","0","0","2","0","1","1","0","2","N","","","","","","","","","","","0100","03","  ","","",""
"1605","1","0","0","0","0","0","0","0","0","7","0","","36","12","2019","2020000233","7","40.233","-76.1279","1600","08","0","0","0","0","0","0","0","0","","0","0","0","16","1","0","00","0","40 13:58.623","","00","76 07:40.392","0","0","0","0","36405","0","0","0","N","0","0","0","1","68T06","0","","3","01","N","N","0","","0","0","0","0","0","","1600","0","1","0","0","1","0","0","1","0","1","N","","","","","","","","","","","","03","  ","","",""
"1558","0","0","0","0","0","0","0","0","0","2","0","","36","12","2019","2020000271","7","40.037","-76.5083","1553","08","0","0","0","0","0","1","0","0","","0","0","0","15","1","0","00","1","40 02:13.148","3","00","76 30:29.869","0","0","0","0","36404","0","0","0","N","0","0","0","2","36404","0","","1","01","N","N","1","","0","0","1","0","0","Y","1550","0","2","0","0","0","0","0","3","0","2","N","","","","","","","","","","","1647","03","03","","",""
"1718","3","0","0","0","0","0","0","0","0","1","0","","36","12","2019","2020000297","3","40.13","-76.2165","1712","08","0","0","0","0","0","1","0","0","","0","0","0","17","1","0","00","0","40 07:54.644","","02","76 12:50.486","0","0","0","0","36238","0","0","0","N","0","0","0","3","36238","0","","1","01","N","N","0","","0","0","0","3","2","N","1712","0","3","0","0","0","0","0","3","0","3","N","","","","","","","","","","","","03","  ","","",""
"1820","2","0","0","0","0","0","0","0","0","4","0","","36","12","2019","2020000300","6","40.0273","-76.4909","1815","08","0","0","0","0","0","0","0","0","","0","0","0","18","3","0","01","0","40 01:38.114","","00","76 29:27.391","0","0","0","0","36404","0","0","0","N","0","0","0","2","36404","0","","1","01","N","N","0","","0","0","0","0","0","","1815","0","2","0","0","0","0","0","3","0","2","N","","","","","","","","","","","","03","03","","",""
"1751","2","0","0","0","0","0","0","0","0","1","0","","36","11","2019","2020000390","2","40.0616","-76.0294","1742","08","0","1","0","0","1","0","0","0","","0","0","0","17","2","0","00","1","40 03:41.890","4","00","76 01:45.910","0","0","0","0","36232","0","0","0","N","0","0","0","2","68J01","0","","1","01","N","N","0","","0","0","0","0","0","N","1701","0","2","0","0","0","0","0","1","0","2","N","","","","","","","","","","","1830","03","03","","",""
"2046","0","0","1","0","0","0","0","0","0","2","0","","36","12","2019","2020000407","4","39.9838","-76.1169","1936","08","0","0","0","0","0","0","0","0","","0","0","0","19","2","2","00","2","39 59:01.727","6","00","76 07:00.731","2","0","0","0","36226","0","0","0","N","0","0","0","2","68J01","0","","1","02","N","N","1","","1","1","1","0","0","Y","1932","2","2","0","0","0","0","0","1","0","2","N","","","","","","","","","","","2232","10","02","","",""
"1034","0","0","0","0","0","0","0","0","0","7","0","","36","12","2019","2020000411","7","39.9855","-76.0178","1002","08","0","0","0","0","0","0","0","0","","0","0","0","02","6","0","01","0","39 59:07.866","","00","76 01:04.009","9","0","0","0","36232","0","0","0","N","0","0","0","1","68J01","0","","5","98","N","N","0","","0","0","1","9","2","","0200","0","1","0","0","0","0","1","1","0","1","N","","","","","","","","","","","","99","  ","","",""
"1755","0","0","0","0","0","0","0","0","0","98","0","","36","12","2019","2020000420","5","39.8519","-76.2928","1722","08","0","0","0","0","0","0","0","0","","0","0","0","17","2","0","00","0","39 51:06.897","","00","76 17:34.155","0","0","0","0","36224","0","0","0","N","0","0","0","1","68J01","0","","1","01","N","N","0","","0","0","1","0","0","","1707","0","1","0","0","0","0","0","1","0","1","N","","","","","","","","","","","","03","  ","","",""
"1759","1","0","0","0","0","0","0","0","0","4","1","","36","12","2019","2020000424","6","39.9631","-75.9974","1752","08","0","0","0","0","0","0","0","0","","0","1","0","17","2","0","01","0","39 57:47.302","","00","75 59:50.526","0","0","0","0","36231","0","0","0","N","0","0","0","2","68J01","0","","1","01","N","N","0","","0","0","0","3","3","","1749","0","2","0","0","0","0","0","1","0","2","N","","","","","","","","","","","","03","  ","","",""
"0120","0","0","0","0","0","0","0","0","0","7","0","","36","12","2019","2020000425","7","40.0148","-75.9909","0100","08","0","0","1","0","0","0","0","0","","0","0","0","00","2","0","02","0","40 00:53.390","","00","75 59:27.393","0","0","0","0","36232","0","0","0","N","0","0","0","1","68J01","0","","4","01","N","N","0","","0","0","1","0","0","","0056","0","1","0","0","0","0","0","1","0","1","N","","","","","","","","","","","","05","  ","","",""
"1944","1","0","0","0","0","0","0","0","0","7","0","","36","12","2019","2020000426","1","40.2153","-76.2738","1919","08","0","0","1","0","0","0","0","0","","0","0","0","19","2","0","00","0","40 12:54.932","","00","76 16:25.541","0","0","0","0","36217","0","0","0","N","0","0","0","2","68J01","0","","4","09","N","N","0","","0","0","0","0","0","","1904","0","1","0","0","0","0","0","1","0","1","N","","","","","","","","","","","","07","  ","","",""
"0652","1","0","0","0","0","0","0","0","0","7","0","","36","12","2019","2020000428","2","40.179","-76.087","0629","08","0","0","0","0","0","0","0","0","","0","0","0","06","2","1","00","0","40 10:44.449","","00","76 05:13.300","3","0","0","0","36202","0","0","0","N","0","0","0","1","68J01","0","","5","09","N","N","0","","1","0","0","0","0","","0614","1","1","0","0","0","0","0","1","0","1","N","","","","","","","","","","","","07","  ","","",""
"1034","1","0","0","0","0","0","0","0","0","4","0","","36","12","2019","2020000479","1","40.097","-76.2711","1031","08","0","0","0","0","0","0","0","1","","0","0","0","10","1","0","00","1","40 05:49.040","6","00","76 16:16.070","0","0","0","0","36101","0","0","0","N","0","0","0","1","36101","0","","6","01","N","N","0","","0","0","1","0","0","N","1024","0","2","0","0","0","0","0","3","0","2","N","","","","","","","","","","","1058","04","  ","","",""
"1429","1","0","0","0","0","0","0","0","0","7","0","","36","11","2019","2020000480","1","40.0523","-76.2445","1421","08","0","0","0","0","1","0","0","0","","0","0","0","14","1","1","00","0","40 03:08.400","","00","76 14:40.330","3","0","0","0","36215","0","0","0","N","0","0","0","1","36215","0","","5","01","N","N","0","","1","0","0","0","0","","1418","1","1","0","0","1","0","0","1","0","1","N","","","","","","","","","","","","03","03","","",""
"0403","1","0","0","0","0","0","0","0","0","7","0","","36","12","2019","2020000541","1","40.1046","-76.5474","0326","08","0","0","0","0","0","0","0","0","","0","0","0","03","2","0","00","0","40 06:16.419","","00","76 32:50.552","0","0","0","0","36211","0","0","0","Y","0","0","0","2","68J01","0","","5","01","N","N","0","","0","0","0","0","0","","0310","0","1","0","0","0","0","0","1","0","1","N","","","","","","","","","","","","03","03","","",""
"0436","1","0","0","0","0","0","0","0","0","7","0","","36","12","2019","2020000564","6","40.1251","-75.9109","0426","08","0","0","1","0","0","0","0","0","","0","0","0","04","2","0","00","0","40 07:30.527","","00","75 54:39.107","0","0","0","0","36203","0","0","0","N","0","0","0","1","68J01","0","","4","01","N","N","0","","0","0","0","0","0","","0419","0","1","0","0","1","0","0","1","0","1","N","","","","","","","","","","","","03","03","","",""
"0706","1","0","0","0","0","0","0","0","0","7","0","","36","12","2019","2020000568","7","40.0188","-75.9659","0642","08","0","0","0","0","0","0","0","0","","0","0","0","06","5","0","00","0","40 01:07.650","","00","75 57:57.360","0","0","0","0","36232","0","0","0","N","0","0","0","1","68J01","0","","4","09","N","N","0","","0","0","0","0","0","","0638","0","1","0","0","0","0","0","1","0","1","N","","","","","","","","","","","","05","  ","","",""
"1811","0","0","0","0","0","0","0","0","0","4","1","","36","12","2019","2020000571","7","39.779","-76.1169","1759","08","0","0","0","0","0","0","0","0","","0","1","0","17","2","4","03","2","39 46:44.312","6","00","76 07:00.667","3","0","0","0","36222","0","0","0","Y","0","0","0","5","68J01","2","","1","01","N","N","0","","2","0","0","3","3","N","1756","4","2","0","0","0","0","0","1","1","2","N","","","","","","","","","","","0030","03","03","","",""
"0215","2","0","0","0","0","0","0","0","0","4","0","","36","12","2019","2020000639","3","40.1328","-76.2181","0213","08","0","0","0","1","0","0","0","0","","0","0","0","02","3","0","00","1","40 07:58.019","2","00","76 13:05.243","0","0","0","0","36238","0","0","0","N","0","0","0","3","36238","0","","1","09","N","N","0","","0","0","0","0","0","N","0213","0","2","0","0","0","0","0","3","0","2","N","","","","","","","","","","","0329","07","  ","","",""
"1914","2","0","0","0","0","0","0","0","0","2","0","","36","12","2019","2020000645","1","40.1309","-76.2172","1913","08","0","0","0","0","0","0","0","0","","0","0","0","19","3","2","01","1","40 07:51.556","7","00","76 13:01.609","4","0","0","0","36238","0","0","0","N","0","0","0","5","36238","2","","1","01","N","N","0","","0","0","0","3","2","N","1913","2","2","0","0","1","0","0","3","0","2","N","","","","","","","","","","","2001","03","  ","","",""
"2005","2","0","0","0","0","0","0","0","0","4","0","","36","12","2019","2020000649","5","40.0447","-76.309","1926","08","0","0","0","0","0","1","0","0","","0","0","0","19","3","4","00","0","40 02:40.993","","00","76 18:32.359","3","0","0","0","36301","1","0","0","N","0","0","0","4","36301","0","","6","01","N","N","0","","4","0","0","0","0","","1925","4","2","0","0","0","0","0","3","0","2","N","","","","","","","","","","","","03","03","","",""
"0355","0","0","0","0","0","0","0","0","0","7","0","","36","12","2019","2020000653","1","40.0784","-76.1339","0342","08","0","0","0","0","0","0","0","0","","0","0","0","03","2","0","00","1","40 04:42.400","1","00","76 08:01.953","0","0","0","0","36238","0","0","0","N","0","0","0","1","36238","0","","2","01","N","N","0","","0","0","1","0","0","N","0342","0","1","0","0","0","0","0","3","0","1","N","","","","","","","","","","","0430","03","  ","","",""
"1829","1","0","0","0","0","0","0","0","0","1","0","","36","12","2019","2020000818","7","40.0701","-76.3131","1824","08","0","0","0","0","0","0","0","0","","0","0","0","18","3","0","00","2","40 04:12.513","4","00","76 18:47.247","0","0","0","0","36101","0","0","0","N","0","0","0","5","36101","0","","1","01","N","N","0","","0","0","1","0","0","N","1820","0","2","0","0","0","0","0","3","0","2","N","","","","","","","","","","","0100","03","03","","",""
"1016","1","0","0","0","0","0","0","0","0","7","0","","36","12","2019","2020000819","2","40.06","-76.2775","1008","08","0","0","0","0","0","0","0","0","","0","0","0","10","1","0","06","0","40 03:36.043","","02","76 16:39.816","0","0","0","0","36101","0","0","0","N","0","0","0","1","36101","0","","5","09","N","N","0","","0","0","0","3","2","","1005","0","1","0","0","0","0","0","3","0","1","N","","","","","","","","","","","","07","  ","","",""
"1344","1","0","0","0","0","0","0","0","0","4","0","","36","12","2019","2020000820","2","40.0703","-76.3013","1344","08","0","0","0","0","0","1","0","1","","0","0","0","13","1","1","01","1","40 04:13.010","7","00","76 18:04.714","3","0","0","0","36101","0","0","0","N","0","0","0","4","36101","0","","1","09","N","N","0","","1","0","2","3","2","N","1341","1","3","0","0","0","0","0","3","0","3","N","","","","","","","","","","","1420","07","07","","",""
"1720","0","0","0","0","0","0","0","0","0","4","0","","36","12","2019","2020000821","2","40.0889","-76.305","1717","08","0","0","0","0","0","0","0","0","","0","0","","17","3","1","02","1","40 05:19.907","2","00","76 18:18.172","9","0","0","0","36101","0","0","0","N","0","0","0","2","36101","0","","1","09","N","N","0","","0","0","0","3","2","N","1715","0","2","0","0","0","0","0","3","0","0","N","","","","","","","","","","","1730","07","07","","",""
"2040","1","0","0","0","0","0","0","0","0","7","0","","36","12","2019","2020000824","4","40.0735","-76.3572","2035","08","0","0","0","0","0","0","0","0","","0","0","0","20","2","0","02","0","40 04:24.762","","00","76 21:25.963","0","0","0","0","36214","0","0","0","N","0","0","0","1","36214","0","","4","01","N","N","0","","0","0","0","0","0","","2023","0","1","0","0","0","0","0","3","0","1","N","","","","","","","","","","","","03","  ","","",""
"0229","1","0","0","0","0","0","0","0","0","7","0","","36","11","2019","2020000825","5","40.0779","-76.2563","0224","08","0","0","0","0","0","0","0","0","","0","0","0","02","2","1","00","1","40 04:40.459","3","00","76 15:22.553","8","0","0","0","36215","0","0","0","N","0","0","0","1","36215","0","","5","01","N","N","0","","0","0","0","0","0","N","0223","1","1","0","0","1","1","0","1","0","1","N","","","","","","","","","","","0100","03","03","","",""
"0628","0","0","0","0","0","0","0","0","0","1","0","","36","12","2019","2020000826","3","40.0915","-76.1308","0604","08","0","0","0","0","0","1","1","0","","0","0","0","05","2","0","00","0","40 05:29.350","","00","76 07:50.728","0","0","0","0","36234","0","0","0","N","0","0","0","2","36215","0","","1","01","N","N","0","","0","0","2","0","0","","0548","0","2","0","0","0","0","0","1","0","2","N","","","","","","","","","","","","03","  ","","",""
"1630","1","0","0","0","0","0","0","0","0","7","0","","36","12","2019","2020000827","4","40.0292","-76.2467","1624","08","0","0","0","0","0","0","0","0","","0","0","0","16","4","0","00","2","40 01:45.120","3","00","76 14:47.960","0","0","0","0","36215","0","0","0","N","0","0","0","1","36215","0","","4","09","N","N","0","","0","0","0","0","0","N","1619","0","1","0","0","0","0","0","1","0","1","N","","","","","","","","","","","1650","07","07","","",""
"1730","2","0","0","0","0","0","0","0","0","1","0","","36","12","2019","2020000828","4","40.0843","-76.2239","1720","08","0","0","0","0","0","0","0","0","","0","0","0","17","3","1","02","2","40 05:03.562","4","00","76 13:25.981","4","0","0","0","36234","0","0","0","N","0","0","0","4","36215","1","","1","09","N","N","0","","0","0","2","3","2","N","1717","1","4","0","0","0","0","0","1","0","4","N","","","","","","","","","","","1809","07","07","","",""
"1516","1","0","0","0","0","0","0","0","0","1","0","","36","12","2019","2020000829","6","40.0384","-76.2102","1514","08","0","0","0","1","0","0","0","1","","0","0","0","15","1","1","00","1","40 02:18.310","1","00","76 12:36.580","3","0","0","0","36215","0","0","0","N","0","0","0","4","36215","0","","1","09","N","N","1","","1","0","1","0","0","N","1513","1","3","0","0","1","0","0","1","0","3","N","","","","","","","","","","","1540","07","  ","","",""
"1823","2","0","0","0","0","0","0","0","0","1","0","","36","12","2019","2020000830","6","40.0403","-76.2421","1821","08","0","0","1","0","0","1","0","1","","0","0","0","18","4","1","02","0","40 02:24.970","","00","76 14:31.731","3","0","0","0","36215","0","0","0","N","0","0","0","3","36215","0","","1","01","N","N","0","","1","0","1","0","0","","1806","1","3","0","0","0","0","0","1","0","3","N","","","","","","","","","","","","03","  ","","",""
"1617","1","0","0","0","0","0","0","0","0","1","0","","36","12","2019","2020000831","1","40.0141","-76.164","1612","08","0","0","0","0","0","0","0","0","","0","0","0","16","1","1","02","2","40 00:50.760","1","00","76 09:50.457","2","0","1","1","36215","0","0","0","N","0","0","0","2","36215","0","","1","01","N","N","0","","0","1","0","0","0","N","1609","1","2","0","0","0","0","0","1","0","2","N","","","","","","","","","","","1704","03","  ","","",""
"1714","1","0","0","0","0","0","0","0","0","1","0","","36","12","2019","2020000832","6","40.0818","-76.2342","1714","08","0","0","0","0","0","0","0","0","","0","0","0","17","3","1","00","0","40 04:54.642","","00","76 14:03.258","3","0","0","0","36234","0","0","0","N","0","0","0","2","36215","0","","1","01","N","N","0","","1","0","1","3","2","","1714","1","2","0","0","0","0","0","1","0","2","N","","","","","","","","","","","","03","  ","","",""
"1455","1","0","0","0","0","0","0","0","0","1","0","","36","12","2019","2020000833","7","40.0287","-76.1953","1451","08","0","0","0","0","0","2","0","0","","0","0","0","14","1","2","02","2","40 01:43.344","1","00","76 11:42.999","3","0","0","0","36215","0","0","0","N","0","0","0","4","36215","1","","1","01","N","N","0","","1","0","1","0","0","Y","1447","2","2","0","0","0","0","0","1","0","2","N","","","","","","","","","","","1537","03","  ","","",""
"2050","2","0","0","0","0","0","0","0","0","4","0","","36","12","2019","2020000858","3","40.0382","-76.3036","2044","08","0","0","0","0","0","0","0","0","","0","0","0","20","3","0","01","2","40 02:17.489","2","00","76 18:12.922","0","0","0","0","36301","0","0","0","N","0","0","0","3","36301","0","","1","01","N","N","0","","0","0","0","3","2","Y","2042","0","2","0","0","0","0","0","3","0","2","N","","","","","","","","","","","2124","03","03","","",""
"0621","0","0","0","0","0","0","0","0","0","4","0","","36","12","2019","2020001116","3","39.9615","-76.1028","0605","08","0","0","0","0","0","0","0","0","","0","0","0","05","2","1","01","1","39 57:41.266","5","00","76 06:10.058","8","0","0","0","36226","0","0","0","N","0","0","0","2","68J01","0","","1","01","N","N","1","","0","0","1","3","3","N","0552","1","2","0","0","1","1","0","1","0","2","N","","","","","","","","","","","0622","04","  ","","",""
"1557","2","0","0","0","0","0","0","0","0","1","0","","36","12","2019","2020001120","3","39.818","-76.1342","1543","08","0","1","0","0","0","0","0","0","","0","0","0","15","1","1","00","0","39 49:04.623","","00","76 08:03.136","3","0","0","0","36222","0","0","0","N","0","0","0","2","68J01","0","","1","01","N","N","0","","1","0","0","0","0","","1540","1","2","0","0","1","0","0","1","0","2","N","","","","","","","","","","","","03","03","","",""
"1759","0","0","0","0","0","0","0","0","0","4","0","","36","12","2019","2020001121","3","39.8649","-76.1022","1753","08","0","0","0","0","0","2","0","0","","0","0","0","17","2","0","01","0","39 51:53.611","","00","76 06:07.830","0","0","0","0","36205","0","0","0","N","0","0","0","7","68J01","0","","1","01","N","N","0","","0","0","1","3","3","","1751","0","2","0","0","0","0","0","1","1","2","N","","","","","","","","","","","","03","03","","",""
"2245","0","0","0","0","0","0","0","0","0","7","0","","36","12","2019","2020001173","3","40.052","-76.322","2238","08","0","0","0","0","0","0","0","0","","0","0","","22","3","0","00","1","40 03:07.274","4","00","76 19:19.105","9","0","0","0","36101","0","0","0","N","0","0","0","1","36101","0","","5","01","N","N","0","","0","0","0","0","0","N","2237","0","1","0","0","0","0","0","3","0","0","N","","","","","","","","","","","2300","03","  ","","",""
"1706","2","0","0","0","0","0","0","0","0","1","0","","36","12","2019","2020001453","2","40.0686","-76.3049","1659","08","0","0","0","0","0","0","0","0","","0","0","0","16","3","0","00","0","40 04:06.878","","00","76 18:17.660","0","0","0","0","36101","0","0","0","N","0","0","0","2","36101","0","","1","01","N","N","0","","0","0","0","0","0","","1655","0","2","0","0","0","0","0","3","0","2","N","","","","","","","","","","","","03","  ","","",""
"1740","2","0","0","0","0","0","0","0","0","2","0","","36","12","2019","2020001454","2","40.0536","-76.3235","1735","08","0","0","0","0","0","1","0","0","","0","0","0","17","3","0","03","1","40 03:13.005","1","00","76 19:24.683","0","0","0","0","36101","0","0","0","N","0","0","0","2","36101","0","","1","09","N","N","0","","0","0","0","0","0","N","1723","0","2","0","0","0","0","0","3","0","2","N","","","","","","","","","","","1745","03","  ","","",""
"1728","1","0","0","0","0","0","0","0","0","7","0","","36","12","2019","2020001522","3","40.2111","-76.1312","1716","08","0","0","0","0","0","1","0","0","","0","0","0","17","2","2","00","0","40 12:39.913","","00","76 07:52.157","3","0","0","0","36210","0","0","0","N","0","0","0","2","36210","0","","5","01","N","N","0","","2","0","0","0","0","","1716","2","1","0","0","0","0","0","1","0","1","N","","","","","","","","","","","","03","  ","","",""
"1727","1","0","0","0","0","0","0","0","0","7","0","","36","12","2019","2020001523","6","40.2353","-76.1007","1725","08","0","0","0","0","0","0","0","0","","0","0","0","17","4","0","00","0","40 14:06.910","","00","76 06:02.500","0","0","0","0","36210","0","0","0","N","0","0","0","1","36210","0","","2","09","N","N","0","","0","0","0","0","0","","1724","0","1","0","0","0","0","0","1","0","1","N","","","","","","","","","","","","03","  ","","",""
"1735","2","0","0","0","0","0","0","0","0","4","0","","36","11","2019","2020001624","4","40.1437","-76.213","1725","08","0","0","0","0","0","0","0","0","","0","0","0","17","4","0","02","0","40 08:37.485","","00","76 12:46.825","0","0","0","0","36238","0","0","0","N","0","0","0","2","36238","0","","1","09","N","N","0","","0","0","0","3","3","N","1725","0","2","0","0","0","0","0","3","0","2","N","","","","","","","","","","","","03","  ","","",""
"2053","0","0","0","0","0","0","0","0","0","7","0","","36","12","2019","2020001769","1","40.0905","-76.1289","2049","08","0","0","0","0","0","1","0","0","","0","0","0","20","3","1","00","1","40 05:25.906","5","00","76 07:44.070","3","0","0","0","36234","0","0","0","N","0","0","0","1","36215","0","","5","01","N","N","0","","1","0","1","0","0","N","2047","1","1","0","0","0","0","0","1","0","1","N","","","","","","","","","","","2330","03","03","","",""