"ARRIVAL_TM","AUTOMOBILE_COUNT","BELTED_DEATH_COUNT","BELTED_SUSP_SERIOUS_INJ_COUNT","BICYCLE_COUNT","BICYCLE_DEATH_COUNT","BICYCLE_SUSP_SERIOUS_INJ_COUNT","BUS_COUNT","CHLDPAS_DEATH_COUNT","CHLDPAS_SUSP_SERIOUS_INJ_COUNT","COLLISION_TYPE","COMM_VEH_COUNT","CONS_ZONE_SPD_LIM","COUNTY","CRASH_MONTH","CRASH_YEAR","CRN","DAY_OF_WEEK","DEC_LAT","DEC_LONG","DISPATCH_TM","DISTRICT","DRIVER_COUNT_16YR","DRIVER_COUNT_17YR","DRIVER_COUNT_18YR","DRIVER_COUNT_19YR","DRIVER_COUNT_20YR","DRIVER_COUNT_50_64YR","DRIVER_COUNT_65_74YR","DRIVER_COUNT_75PLUS","EST_HRS_CLOSED","FATAL_COUNT","HEAVY_TRUCK_COUNT","HORSE_BUGGY_COUNT","HOUR_OF_DAY","ILLUMINATION","INJURY_COUNT","INTERSECT_TYPE","LANE_CLOSED","LATITUDE","LN_CLOSE_DIR","LOCATION_TYPE","LONGITUDE","MAX_SEVERITY_LEVEL","MCYCLE_DEATH_COUNT","MCYCLE_SUSP_SERIOUS_INJ_COUNT","MOTORCYCLE_COUNT","MUNICIPALITY","NONMOTR_COUNT","NONMOTR_DEATH_COUNT","NONMOTR_SUSP_SERIOUS_INJ_COUNT","NTFY_HIWY_MAINT","PED_COUNT","PED_DEATH_COUNT","PED_SUSP_SERIOUS_INJ_COUNT","PERSON_COUNT","POLICE_AGCY","POSSIBLE_INJ_COUNT","RDWY_SURF_TYPE_CD","RELATION_TO_ROAD","ROAD_CONDITION","SCH_BUS_IND","SCH_ZONE_IND","SMALL_TRUCK_COUNT","SPEC_JURIS_CD","SUSP_MINOR_INJ_COUNT","SUSP_SERIOUS_INJ_COUNT","SUV_COUNT","TCD_FUNC_CD","TCD_TYPE","TFC_DETOUR_IND","TIME_OF_DAY","TOT_INJ_COUNT","TOTAL_UNITS","UNB_DEATH_COUNT","UNB_SUSP_SERIOUS_INJ_COUNT","UNBELTED_OCC_COUNT","UNK_INJ_DEG_COUNT","UNK_INJ_PER_COUNT","URBAN_RURAL","VAN_COUNT","VEHICLE_COUNT","WORK_ZONE_IND","WORK_ZONE_LOC","WORK_ZONE_TYPE","WORKERS_PRES","WZ_CLOSE_DETOUR","WZ_FLAGGER","WZ_LAW_OFFCR_IND","WZ_LN_CLOSURE","WZ_MOVING","WZ_OTHER","WZ_SHLDER_MDN","ROADWAY_CLEARED","WEATHER1","WEATHER2","WZ_WORKERS_INJ_KILLED","SECONDARY_CRASH","INTERSECTION_RELATED"
"1520","0","0","0","0","0","0","0","0","0","1","0","","36","12","2019","2020001770","1","40.0172","-76.1664","1514","08","0","0","0","0","0","0","0","0","","0","0","","15","1","1","00","1","40 01:02.041","6","00","76 09:59.072","9","0","0","0","36215","0","0","0","N","0","0","0","6","36215","0","","1","09","N","N","0","","0","0","0","0","0","N","1512","0","4","0","0","0","0","0","1","0","0","N","","","","","","","","","","","1606","07","  ","","",""
"0432","1","0","0","0","0","0","0","0","0","7","0","","36","12","2019","2020002115","1","39.9069","-76.3052","0412","08","0","0","0","0","0","0","0","0","","0","0","0","03","2","1","00","0","39 54:24.879","","00","76 18:18.600","3","0","0","0","36224","0","0","0","N","0","0","0","1","68J01","0","","4","01","N","N","0","","1","0","0","0","0","","0357","1","1","0","0","0","0","0","1","0","1","N","","","","","","","","","","","","03","03","","",""
"0849","1","0","0","0","0","0","0","0","0","7","0","","36","12","2019","2020002124","4","39.9777","-76.095","0820","08","1","0","0","0","0","0","0","0","","0","0","0","21","2","1","00","0","39 58:39.782","","00","76 05:42.030","3","0","0","0","36226","0","0","0","N","0","0","0","1","68J01","0","","5","02","N","N","0","","1","0","0","0","0","","2157","1","1","0","0","0","0","0","1","0","1","N","","","","","","","","","","","","99","  ","","",""
"1410","2","0","0","0","0","0","0","0","0","4","0","","36","12","2019","2020002274","5","40.2216","-76.2224","1400","08","0","0","0","1","0","1","0","0","","0","0","0","13","1","1","02","1","40 13:17.885","7","00","76 13:20.560","3","0","0","0","36204","0","0","0","N","0","0","0","2","36506","0","","1","01","N","N","0","","1","0","0","3","3","N","1359","1","2","0","0","0","0","0","1","0","2","N","","","","","","","","","","","1443","03","03","","",""
"1422","1","0","0","0","0","0","0","0","0","7","0","","36","12","2019","2020002275","5","40.1295","-76.2832","1416","08","0","0","0","0","0","1","0","0","","0","0","0","14","1","0","00","1","40 07:46.375","1","00","76 16:59.539","0","0","0","0","36235","0","0","0","N","0","0","0","1","36506","0","","4","01","N","N","0","","0","0","0","0","0","N","1416","0","1","0","0","0","0","0","1","0","1","N","","","","","","","","","","","0100","03","  ","","",""
"1546","0","0","0","0","0","0","0","0","0","7","0","","36","12","2019","2020002446","4","40.0371","-76.5107","1543","08","0","0","0","0","0","0","0","0","","0","0","","15","1","0","00","1","40 02:13.500","4","00","76 30:38.400","9","0","0","0","36404","0","0","0","Y","0","0","0","1","36404","0","","5","01","N","N","0","","0","0","0","0","0","N","1543","0","1","0","0","0","0","0","3","0","0","N","","","","","","","","","","","0000","03","  ","","",""
"1559","1","0","0","0","0","0","0","0","0","7","0","","36","12","2019","2020002733","4","40.0456","-76.2481","1559","08","0","0","0","0","0","0","0","0","","0","0","0","15","1","0","00","0","40 02:44.100","","00","76 14:53.300","0","0","0","0","36215","0","0","0","N","0","0","0","1","36215","0","","4","01","N","N","0","","0","0","0","0","0","","1545","0","1","0","0","0","0","0","1","0","1","N","","","","","","","","","","","","03","03","","",""
"1755","2","0","0","0","0","0","0","0","0","4","0","","36","08","2019","2020002747","7","40.0391","-76.5025","1751","08","0","0","0","0","0","0","1","1","","0","0","0","17","1","2","01","1","40 02:20.598","6","00","76 30:08.884","4","0","0","0","36404","0","0","0","N","0","0","0","3","36404","2","","1","09","N","N","0","","0","0","0","3","3","N","1751","2","2","0","0","0","0","0","3","0","2","N","","","","","","","","","","","1832","07","  ","","",""
"0014","1","0","0","0","0","0","0","0","0","7","0","","36","12","2019","2020002900","6","40.0065","-76.267","0014","08","0","0","0","0","0","0","0","0","","0","0","0","18","6","0","00","0","40 00:23.470","","00","76 16:01.348","9","0","0","0","36240","0","0","0","Y","0","0","0","1","36240","0","","4","99","N","N","0","","0","0","0","0","0","","1800","0","1","0","0","0","0","1","1","0","1","N","","","","","","","","","","","","99","  ","","",""
"0745","1","0","0","0","0","0","0","0","0","1","0","","36","12","2019","2020003549","5","40.0263","-76.213","0700","08","0","0","0","0","0","0","0","0","","0","0","0","07","1","0","00","1","40 01:34.698","3","00","76 12:46.669","0","0","0","0","36215","0","0","0","N","0","0","0","2","36215","0","","1","01","N","N","1","","0","0","0","0","0","N","0700","0","2","0","0","0","0","0","1","0","2","N","","","","","","","","","","","0025","03","03","","",""
"1716","2","0","0","0","0","0","0","0","0","4","0","","36","12","2019","2020003550","3","40.0761","-76.2032","1710","08","0","0","0","0","0","0","0","0","","0","0","0","17","2","0","01","1","40 04:33.868","3","00","76 12:11.547","0","0","0","0","36234","0","0","0","N","0","0","0","4","36215","0","","1","09","N","N","0","","0","0","0","3","3","N","1708","0","2","0","0","0","0","0","1","0","2","N","","","","","","","","","","","0000","07","  ","","",""
"1311","2","0","0","0","0","0","0","0","0","2","0","","36","12","2019","2020003551","5","40.0839","-76.2291","1307","08","0","0","0","0","0","0","0","1","","0","0","0","13","1","2","00","0","40 05:02.068","","00","76 13:44.742","3","0","0","0","36234","0","0","0","N","0","0","0","2","36215","1","","1","01","N","N","0","","1","0","0","0","0","","1304","2","2","0","0","0","0","0","1","0","2","N","","","","","","","","","","","","03","03","","",""
"0147","0","0","0","0","0","0","0","0","0","7","0","","36","11","2019","2020004073","7","39.9199","-76.3062","0121","08","0","0","0","0","0","0","1","0","","0","0","0","01","2","0","00","0","39 55:11.512","","00","76 18:22.209","0","0","0","0","36224","0","0","0","N","0","0","0","1","68J01","0","","4","01","N","N","0","","0","0","1","0","0","","0119","0","1","0","0","0","0","0","1","0","1","N","","","","","","","","","","","","03","03","","",""
"2037","1","0","0","0","0","0","0","0","0","7","0","","36","12","2019","2020004075","3","39.9652","-76.1725","2033","08","0","0","0","0","0","0","0","0","","0","0","0","20","2","1","00","2","39 57:54.810","5","00","76 10:20.873","4","0","0","0","36233","0","0","0","N","0","0","0","1","68J01","1","","5","01","N","N","0","","0","0","0","0","0","Y","2023","1","1","0","0","0","0","0","1","0","1","N","","","","","","","","","","","2110","03","  ","","",""
"1422","0","0","0","0","0","0","0","0","0","7","0","","36","12","2019","2020004134","1","40.1401","-76.2936","1418","08","0","0","0","0","0","0","0","0","","0","0","","14","1","0","00","0","40 08:24.400","","07","76 17:37.000","9","0","0","0","36409","0","0","0","N","0","0","0","2","36409","0","","9","09","N","N","0","","0","0","0","0","0","","1418","0","1","0","0","0","0","0","3","0","0","N","","","","","","","","","","","","07","  ","","",""
"0752","2","0","0","0","0","0","0","0","0","7","0","","36","12","2019","2020004285","6","40.1911","-76.1952","0747","08","0","0","1","0","0","1","0","0","1","0","0","0","07","1","0","00","1","40 11:27.893","3","00","76 11:42.828","0","0","0","0","36408","0","0","0","N","0","0","0","2","36408","0","","2","01","N","N","0","","0","0","0","0","0","N","0747","0","2","0","0","2","0","0","2","0","2","N","","","","","","","","","","","","03","  ","","",""
"0032","0","0","0","0","0","0","0","0","0","7","0","","36","11","2019","2020004390","1","39.985","-76.0481","0022","08","0","0","0","0","0","0","0","0","","0","0","0","00","2","1","00","2","39 59:06.116","6","00","76 02:53.165","2","0","0","0","36232","0","0","0","N","0","0","0","1","68J01","0","","4","08","N","N","0","","0","1","1","0","0","Y","0021","1","1","0","1","1","0","0","1","0","1","N","","","","","","","","","","","0110","07","  ","","",""
"2057","1","0","0","0","0","0","0","0","0","7","0","","36","12","2019","2020004511","2","40.1623","-76.3872","2051","08","0","0","0","0","0","0","0","0","","0","0","0","20","3","0","02","0","40 09:44.283","","00","76 23:13.876","0","0","0","0","36410","0","0","0","N","0","0","0","1","36410","0","","2","09","N","N","0","","0","0","0","0","0","","2049","0","1","0","0","0","0","0","2","0","1","N","","","","","","","","","","","","07","  ","","",""
"1008","1","0","0","0","0","0","0","0","0","3","0","","36","12","2019","2020004512","6","40.1645","-76.3932","1002","08","0","0","0","0","0","0","1","0","","0","0","0","10","1","0","00","0","40 09:52.179","","00","76 23:35.545","0","0","0","0","36410","0","0","0","N","0","0","0","1","36410","0","","1","01","N","N","0","","0","0","1","0","0","","1001","0","2","0","0","0","0","0","2","0","2","N","","","","","","","","","","","","03","  ","","",""
"0819","2","0","0","0","0","0","0","0","0","4","0","","36","12","2019","2020004513","3","40.1654","-76.3917","0814","08","0","0","0","0","0","0","0","0","","0","0","0","08","1","0","00","0","40 09:55.440","","00","76 23:29.960","0","0","0","0","36410","0","0","0","N","0","0","0","1","36410","0","","1","01","N","N","0","","0","0","0","0","0","","0812","0","2","0","0","0","0","0","2","0","2","N","","","","","","","","","","","","03","03","","",""
"0620","1","0","0","0","0","0","0","0","0","4","0","","36","01","2019","2020004514","6","40.1838","-76.4071","0617","08","0","0","0","0","0","1","0","0","","0","0","0","06","2","2","00","1","40 11:01.603","5","00","76 24:25.414","8","0","0","0","36230","0","0","0","N","0","0","0","2","36410","0","","1","09","N","N","0","","0","0","1","0","0","N","0615","2","2","0","0","0","2","0","1","0","2","N","","","","","","","","","","","0700","05","07","","",""
"0939","0","0","0","0","0","0","0","0","0","7","0","","36","12","2019","2020004711","4","40.0783","-76.5371","0932","08","0","0","0","0","0","0","0","0","","0","0","","09","1","0","03","0","40 04:41.888","","00","76 32:13.682","9","0","0","0","36211","0","0","0","N","0","0","0","1","36504","0","","4","01","N","N","0","","0","0","0","0","0","","0932","0","1","0","0","0","0","0","1","0","0","N","","","","","","","","","","","","03","  ","","",""
"0607","1","0","0","0","0","0","0","0","0","4","0","","36","01","2019","2020004963","3","40.0513","-76.3955","0556","08","0","0","0","0","0","0","0","0","","0","0","0","05","3","0","02","1","40 03:04.551","3","02","76 23:43.937","0","0","0","0","36214","0","0","0","N","0","0","0","2","36214","0","","1","02","N","N","1","","0","0","0","3","2","Y","0556","0","2","0","0","0","0","0","3","0","2","N","","","","","","","","","","","0630","10","  ","","",""
"0054","1","0","0","0","0","0","0","0","0","7","0","","36","12","2019","2020004971","1","40.2688","-76.2402","0048","08","0","0","0","0","0","0","0","0","","1","0","0","00","2","0","00","2","40 16:07.821","5","00","76 14:24.750","1","0","0","0","36204","0","0","0","N","0","0","0","1","36506","0","2","4","01","N","N","0","0","0","0","0","0","0","N","0044","0","1","1","0","1","0","0","1","0","1","N","","","","","","","","","","","0530","03","03","","",""
"0100","0","0","0","0","0","0","0","0","0","7","0","","36","11","2019","2020005012","7","39.9494","-76.3042","0026","08","0","0","0","0","0","0","0","0","","0","0","0","00","2","1","00","0","39 56:57.745","","00","76 18:14.966","8","0","0","0","36228","0","0","0","N","0","0","0","1","68J01","0","","5","01","N","N","1","","0","0","0","0","0","","0018","1","1","0","0","0","1","0","1","0","1","N","","","","","","","","","","","","99","  ","","",""
"0448","1","0","0","0","0","0","0","0","0","1","0","","36","12","2019","2020005425","5","40.0248","-76.2048","0442","08","0","0","0","0","0","0","0","0","","0","0","0","04","3","0","01","1","40 01:29.695","4","00","76 12:17.002","0","0","0","0","36215","0","0","0","N","0","0","0","2","36215","0","","1","09","N","N","0","","0","0","1","3","2","N","0440","0","2","0","0","0","0","0","1","0","2","N","","","","","","","","","","","0030","03","  ","","",""
"1257","1","0","0","0","0","0","0","0","0","1","0","","36","12","2019","2020005426","1","40.0331","-76.2452","1253","08","0","0","0","0","0","0","0","0","","0","0","0","12","1","3","01","1","40 01:59.353","3","00","76 14:42.859","3","0","0","0","36215","0","0","0","N","0","0","0","3","36215","0","","1","01","N","N","0","","3","0","1","3","2","N","1251","3","2","0","0","0","0","0","1","0","2","N","","","","","","","","","","","1330","03","  ","","",""
"1336","1","0","0","0","0","0","0","0","0","7","0","","36","12","2019","2020005534","3","40.0383","-76.5096","1329","08","0","0","0","0","0","0","1","0","","0","0","0","13","1","0","00","2","40 02:17.868","3","00","76 30:34.483","0","0","0","0","36404","0","0","0","Y","0","0","0","2","36404","0","","3","09","N","N","0","","0","0","0","0","0","N","1327","0","1","0","0","0","0","0","3","0","1","N","","","","","","","","","","","1407","07","  ","","",""
"1051","1","0","0","0","0","0","0","0","0","5","0","","36","12","2019","2020006049","1","39.9865","-76.1925","1050","08","0","0","0","0","1","0","0","0","","0","0","0","10","1","0","00","0","39 59:11.500","","00","76 11:33.100","0","0","0","0","36417","0","0","0","N","0","0","0","1","36417","0","","1","01","N","N","0","","0","0","1","0","0","","1050","0","2","0","0","0","0","0","1","0","2","N","","","","","","","","","","","","07","  ","","",""
"2106","0","0","0","0","0","0","0","0","0","5","0","","36","11","2019","2020006073","6","39.9811","-76.1932","2106","08","0","0","0","0","0","0","0","0","","0","0","","21","3","0","00","0","39 58:52.096","","00","76 11:35.647","9","0","0","0","36417","0","0","0","N","0","0","0","2","36417","0","","6","01","N","N","0","","0","0","0","0","0","","2106","0","3","0","0","0","0","0","1","0","0","N","","","","","","","","","","","","03","  ","","",""
"1754","0","0","0","0","0","0","0","0","0","7","0","","36","12","2019","2020006141","1","40.1295","-76.2774","1744","08","0","0","0","0","0","0","1","0","","0","0","0","17","2","3","00","2","40 07:46.240","5","00","76 16:38.460","4","0","0","0","36235","0","0","0","N","0","0","0","3","36506","3","","2","01","N","N","0","","0","0","1","0","0","Y","1744","3","1","0","0","0","0","0","1","0","1","N","","","","","","","","","","","1900","03","03","","",""
"1404","0","0","0","0","0","0","0","0","0","7","0","","36","12","2019","2020006142","7","40.1327","-76.2623","1342","08","0","0","0","0","0","0","0","0","","0","0","","13","1","1","02","0","40 07:57.781","","00","76 15:44.402","9","0","0","0","36235","0","0","0","N","0","0","0","1","36506","0","","5","01","N","N","0","","0","0","0","3","3","","1342","0","1","0","0","0","0","0","1","0","0","N","","","","","","","","","","","","03","03","","",""
"2203","1","0","0","0","0","0","0","0","0","7","0","","36","12","2019","2020006143","1","40.1615","-76.2729","2201","08","0","0","0","0","0","0","0","0","","0","0","0","22","2","0","00","1","40 09:41.410","4","00","76 16:22.260","0","0","0","0","36235","0","0","0","N","0","0","0","2","36506","0","","5","09","N","N","0","","0","0","0","0","0","N","2200","0","1","0","0","0","0","0","1","0","1","N","","","","","","","","","","","2215","07","  ","","",""
"0837","0","0","0","0","0","0","0","0","0","6","0","","36","12","2019","2020006144","2","40.1333","-76.3992","0821","08","0","0","0","0","0","0","0","0","","0","0","","08","1","1","01","0","40 07:59.880","","00","76 23:57.080","9","0","0","0","36227","0","0","0","N","0","0","0","2","36506","0","","1","09","N","N","0","","0","0","0","9","3","","0821","0","2","0","0","0","0","0","1","0","0","N","","","","","","","","","","","","07","04","","",""
"1735","1","0","0","0","0","0","0","0","0","7","0","","36","12","2019","2020006145","2","40.1266","-76.3052","1728","08","0","0","1","0","0","0","0","0","","0","0","0","17","3","0","00","1","40 07:35.610","3","00","76 18:18.580","0","0","0","0","36235","0","0","0","N","0","0","0","1","36506","0","","4","09","N","N","0","","0","0","0","0","0","N","1728","0","1","0","0","0","0","0","1","0","1","N","","","","","","","","","","","0100","03","  ","","",""
"0855","2","0","0","0","0","0","0","0","0","4","0","","36","12","2019","2020006312","3","40.0483","-76.3023","0853","08","0","0","0","0","0","1","0","0","","0","0","0","08","1","1","01","0","40 02:54.013","","06","76 18:08.125","8","0","0","0","36301","0","0","0","N","0","0","0","3","36301","0","","1","01","N","N","0","","0","0","0","9","3","","0852","1","2","0","0","0","1","0","3","0","2","N","","","","","","","","","","","","03","03","","",""
"0228","1","0","0","0","0","0","0","0","0","7","0","","36","12","2019","2020007523","7","40.0394","-76.2024","0220","08","0","0","0","0","0","0","0","0","","0","0","0","02","2","1","00","0","40 02:21.853","","00","76 12:08.722","4","0","0","0","36215","0","0","0","N","0","0","0","1","36215","1","","5","01","N","N","0","","0","0","0","0","0","","0219","1","1","0","0","0","0","0","1","0","1","N","","","","","","","","","","","","03","  ","","",""
"1651","2","0","0","0","0","0","0","0","0","2","0","","36","12","2019","2020008311","7","40.2018","-76.2038","1648","08","0","0","0","0","0","0","0","1","","0","0","0","16","4","0","00","2","40 12:06.605","7","00","76 12:13.575","0","0","0","0","36218","0","0","0","N","0","0","0","1","36408","0","","6","01","N","N","0","","0","0","0","0","0","N","1646","0","2","0","0","0","0","0","1","0","2","N","","","","","","","","","","","1755","03","  ","","",""
"1229","1","0","0","0","0","0","0","0","0","4","0","","36","12","2019","2020008584","1","40.1713","-76.1238","1222","08","0","1","0","0","0","0","0","0","","0","0","0","12","1","0","01","1","40 10:16.682","4","00","76 07:25.649","0","0","0","0","36218","0","0","0","N","0","0","0","2","36408","0","","1","01","N","N","0","","0","0","1","3","3","N","1221","0","2","0","0","0","0","0","1","0","2","N","","","","","","","","","","","1304","03","03","","",""
"0450","0","0","0","0","0","0","0","0","0","2","1","","36","12","2019","2020008599","7","39.8844","-76.2","0439","08","0","0","0","0","0","1","0","0","","0","1","0","04","2","1","00","0","39 53:03.961","","00","76 11:59.888","3","0","0","0","36212","0","0","0","N","0","0","0","2","68J01","0","","1","09","N","N","1","","1","0","0","0","0","","0439","1","2","0","0","0","0","0","1","0","2","N","","","","","","","","","","","","05","07","","",""
"1001","0","0","0","0","0","0","0","0","0","1","0","","36","12","2019","2020008609","7","40.191","-76.0172","0925","08","0","1","0","0","0","0","0","0","","0","0","0","09","1","1","00","1","40 11:27.766","1","00","76 01:01.890","3","0","0","0","36202","0","0","0","N","0","0","0","5","68J01","0","","1","01","N","N","1","","1","0","1","0","0","N","0924","1","2","0","0","0","0","0","1","0","2","N","","","","","","","","","","","1045","03","03","","",""
"0226","1","0","0","0","0","0","0","0","0","7","0","","36","12","2019","2020008622","1","39.997","-76.0506","0218","08","0","0","0","1","0","0","0","0","","0","0","0","02","2","0","00","0","39 59:49.272","","00","76 03:02.145","0","0","0","0","36232","0","0","0","N","0","0","0","1","68J01","0","","4","01","N","N","0","","0","0","0","0","0","","0211","0","1","0","0","0","0","0","1","0","1","N","","","","","","","","","","","","98","98","","",""
"1256","0","0","0","0","0","0","0","0","0","4","0","","36","10","2019","2020008759","4","40.1636","-76.1524","1248","08","0","0","0","0","0","0","0","0","","0","0","","12","1","0","01","1","40 09:49.309","4","02","76 09:08.375","9","0","0","0","36218","0","0","0","N","0","0","0","2","36408","0","","1","01","N","N","0","","0","0","0","3","2","N","1245","0","2","0","0","0","0","0","1","0","0","N","","","","","","","","","","","1330","03","  ","","",""
"1716","0","0","0","0","0","0","0","0","0","7","0","","36","11","2019","2020008855","4","40.1691","-76.1668","1715","08","0","0","0","0","0","0","0","1","","0","0","0","17","2","1","00","1","40 10:08.599","1","00","76 10:00.409","4","0","0","0","36218","0","0","0","N","0","0","0","1","36408","1","","5","01","N","N","1","","0","0","0","0","0","N","1713","1","1","0","0","0","0","0","1","0","1","N","","","","","","","","","","","1807","03","03","","",""
"1102","1","0","0","0","0","0","0","0","0","7","1","","36","12","2019","2020009006","2","40.2438","-76.104","1057","08","0","0","0","0","0","1","0","0","","0","1","0","10","1","0","00","0","40 14:37.520","","00","76 06:14.230","0","0","0","0","36210","0","0","0","N","0","0","0","1","36210","0","","5","09","N","N","0","","0","0","0","0","0","","1053","0","2","0","0","0","0","0","1","0","2","N","","","","","","","","","","","","07","  ","","",""
"0812","2","0","0","0","0","0","0","0","0","1","0","","36","12","2019","2020009101","1","39.9115","-76.1868","0754","08","0","0","0","0","0","1","1","0","","0","0","0","07","1","1","00","0","39 54:41.251","","00","76 11:12.628","3","0","0","0","36229","0","0","0","N","0","0","0","2","68J01","0","","1","01","N","N","0","","1","0","0","0","0","","0751","1","2","0","0","0","0","0","1","0","2","N","","","","","","","","","","","","03","  ","","",""
"1737","0","0","0","0","0","0","0","0","0","1","0","","36","12","2019","2020009107","2","40.0384","-76.0787","1730","08","0","0","0","0","0","0","0","1","","0","0","0","17","2","0","02","0","40 02:18.260","","00","76 04:43.421","0","0","0","0","36221","0","0","0","N","0","0","0","3","68J01","0","","1","01","N","N","0","","0","0","1","0","0","","1717","0","2","0","0","0","0","0","1","1","2","N","","","","","","","","","","","","03","03","","",""
"1503","0","0","0","0","0","0","0","0","0","7","0","","36","12","2019","2020009238","3","40.1571","-76.2049","1502","08","0","0","0","0","0","0","0","0","","0","0","","15","1","1","02","0","40 09:25.626","","00","76 12:17.654","9","0","0","0","36402","0","0","0","N","0","0","0","1","36402","0","","5","01","N","N","0","","0","0","0","0","0","","1502","0","1","0","0","0","0","0","2","0","0","N","","","","","","","","","","","","03","  ","","",""
"1636","1","0","0","0","0","0","0","0","0","7","0","","36","12","2019","2020009394","6","40.04","-76.3679","1632","08","0","0","0","0","0","0","0","0","1","0","0","0","16","1","1","00","1","40 02:23.856","3","00","76 22:04.294","3","0","0","0","36223","0","0","0","N","0","0","0","1","36223","0","","5","01","N","N","0","","1","0","0","0","0","N","1631","1","1","0","0","0","0","0","1","0","1","N","","","","","","","","","","","","03","  ","","",""
"0310","2","0","0","0","0","0","0","0","0","7","0","","36","12","2019","2020009992","1","40.1046","-76.5474","0310","08","0","0","0","0","0","0","0","0","","0","0","0","03","3","1","02","0","40 06:16.434","","00","76 32:50.491","8","0","0","0","36211","0","0","0","N","0","0","0","3","68H01","0","","4","01","N","N","0","","0","0","0","0","0","","0310","1","2","0","0","2","1","1","1","0","2","N","","","","","","","","","","","","03","  ","","",""
"1231","0","0","0","0","0","0","0","0","0","4","0","","36","11","2019","2020012467","7","40.1852","-76.0582","1159","08","0","0","0","0","0","0","0","0","","0","0","","23","2","2","00","0","40 11:06.840","","00","76 03:29.699","9","0","0","0","36202","0","0","0","N","0","0","0","3","68J01","0","","1","01","N","N","0","","0","0","0","0","0","","2345","0","3","0","0","0","0","0","1","0","0","N","","","","","","","","","","","","03","  ","","",""
"0102","0","0","0","0","0","0","0","0","0","8","0","","36","12","2019","2020012921","7","40.0227","-76.3047","0059","08","0","0","0","0","0","0","0","0","","1","0","0","00","2","0","00","2","40 01:21.713","2","00","76 18:16.827","1","0","0","0","36220","1","1","0","N","1","1","0","2","36101","0","2","1","01","N","N","0","0","0","0","0","0","0","Y","0058","0","2","0","0","0","0","0","3","1","1","N","","","","","","","","","","","0450","05","  ","","",""
"2044","1","0","0","0","0","0","0","0","0","7","0","","36","11","2019","2020012968","4","39.777","-76.138","2037","08","0","0","0","0","0","0","0","0","","0","0","0","20","2","0","00","1","39 46:37.196","4","00","76 08:16.794","0","0","0","0","36222","0","0","0","N","0","0","0","1","68J01","0","","4","01","N","N","0","","0","0","0","0","0","N","2035","0","1","0","0","0","0","0","1","0","1","N","","","","","","","","","","","2200","03","  ","","",""
"0604","0","0","0","0","0","0","0","0","0","4","0","","36","12","2019","2020013390","2","40.1117","-76.4517","0552","08","0","0","0","0","0","0","0","0","","0","0","","05","3","0","01","1","40 06:42.025","2","00","76 27:06.017","9","0","0","0","36230","0","0","0","N","0","0","0","2","36410","0","","1","09","N","N","0","","0","0","0","3","2","N","0550","0","2","0","0","0","0","0","1","0","0","N","","","","","","","","","","","0639","03","03","","",""
"0315","0","0","0","0","0","0","0","0","0","7","0","","36","12","2019","2020016639","4","40.1137","-76.6884","0306","08","0","0","0","0","0","0","0","0","","0","0","","03","2","0","02","0","40 06:49.188","","00","76 41:18.115","9","0","0","0","36207","0","0","0","N","0","0","0","1","36504","0","","2","01","N","N","0","","0","0","0","0","0","N","0305","0","1","0","0","0","0","0","1","0","0","N","","","","","","","","","","","","03","  ","","",""
"0003","0","0","0","0","0","0","0","0","0","7","0","","36","12","2019","2020017223","3","39.9576","-76.1277","2352","08","0","0","0","0","0","0","0","0","","0","0","0","23","2","1","00","1","39 57:27.520","2","00","76 07:39.550","8","0","0","0","36226","0","0","0","N","0","0","0","1","68J01","0","","2","01","N","N","0","","0","0","0","0","0","N","2349","1","1","0","0","1","1","0","1","1","1","N","","","","","","","","","","","0100","03","  ","","",""
"1553","1","0","0","0","0","0","0","0","0","7","0","","36","12","2019","2020018891","4","39.9147","-76.3112","1537","08","0","0","0","0","0","0","0","0","","0","0","0","15","1","0","00","0","39 54:52.914","","00","76 18:40.198","0","0","0","0","36224","0","0","0","N","0","0","0","1","68J01","0","","4","01","N","N","0","","0","0","0","0","0","","1532","0","1","0","0","0","0","0","1","0","1","N","","","","","","","","","","","","03","  ","","",""
"0651","1","0","2","0","0","0","0","0","0","4","0","","36","12","2019","2020019757","6","40.1818","-76.4945","0643","08","0","0","0","0","0","0","0","0","","1","0","0","06","2","2","01","2","40 10:54.338","7","00","76 29:40.023","1","0","0","0","36230","0","0","0","N","0","0","0","3","36410","0","2","1","01","N","N","0","0","0","2","1","3","3","Y","0642","2","2","1","0","1","0","0","1","0","2","N","","","","","","","","","","","0900","03","  ","","",""
"1038","1","0","0","0","0","0","0","0","0","0","0","","36","09","2019","2020032142","2","40.0073","-76.3785","1030","08","0","0","0","0","0","1","0","0","3","0","0","0","10","1","0","00","2","40 00:26.354","6","00","76 22:42.645","0","0","0","0","36223","0","0","0","N","0","0","0","1","36223","0","","1","01","N","N","0","","0","0","0","0","0","Y","1028","0","1","0","0","0","0","0","1","0","1","N","","","","","","","","","","","","03","  ","","",""